case_uid,event,anotator,dimenze,poradi,hodnota
exp3011,k3_final_26,A12,kvalita,1,Plná
exp3011,k3_final_26,A12,dopad,1,Dlouhodobý úspěch
exp3011,k3_final_26,A12,vhodnost,1,3
exp3010,k3_final_26,A12,kvalita,1,Plná
exp3010,k3_final_26,A12,dopad,1,Krátkodobý úspěch
exp3010,k3_final_26,A12,vhodnost,1,3
exp3009,k3_final_26,A12,kvalita,1,Plná
exp3009,k3_final_26,A12,dopad,1,Krátkodobý úspěch
exp3009,k3_final_26,A12,vhodnost,1,4
exp3008,k3_final_26,A12,kvalita,1,Plná
exp3008,k3_final_26,A12,dopad,1,Krátkodobý úspěch
exp3008,k3_final_26,A12,vhodnost,1,3
exp3007,k3_final_26,A12,kvalita,1,Plná
exp3007,k3_final_26,A12,dopad,1,Neúspěch
exp3007,k3_final_26,A12,vhodnost,1,2
exp3006,k3_final_26,A12,kvalita,1,Plná
exp3006,k3_final_26,A12,dopad,1,Dlouhodobý úspěch
exp3006,k3_final_26,A12,vhodnost,1,3
exp3005,k3_final_26,A12,kvalita,1,Plná
exp3005,k3_final_26,A12,dopad,1,Dlouhodobý úspěch
exp3005,k3_final_26,A12,vhodnost,1,3
exp3004,k3_final_26,A12,kvalita,1,Plná
exp3004,k3_final_26,A12,dopad,1,Krátkodobý úspěch
exp3004,k3_final_26,A12,vhodnost,1,3
exp3003,k3_final_26,A12,kvalita,1,Plná
exp3003,k3_final_26,A12,dopad,1,Dlouhodobý úspěch
exp3003,k3_final_26,A12,vhodnost,1,2
exp3002,k3_final_26,A12,kvalita,1,Plná
exp3002,k3_final_26,A12,dopad,1,Krátkodobý úspěch
exp3002,k3_final_26,A12,vhodnost,1,3
exp3001,k3_final_26,A12,kvalita,1,Plochá
exp3001,k3_final_26,A12,dopad,1,Krátkodobý úspěch
exp3001,k3_final_26,A12,vhodnost,1,2
exp3000,k3_final_26,A12,kvalita,1,Plná
exp3000,k3_final_26,A12,dopad,1,Krátkodobý úspěch
exp3000,k3_final_26,A12,vhodnost,1,2
exp2999,k3_final_26,A12,kvalita,1,Plná
exp2999,k3_final_26,A12,dopad,1,Krátkodobý úspěch
exp2999,k3_final_26,A12,vhodnost,1,4
exp2998,k3_final_26,A12,kvalita,1,Plná
exp2998,k3_final_26,A12,dopad,1,Dlouhodobý úspěch
exp2998,k3_final_26,A12,vhodnost,1,4
exp2997,k3_final_26,A12,kvalita,1,Plná
exp2997,k3_final_26,A12,dopad,1,Neúspěch
exp2997,k3_final_26,A12,vhodnost,1,3
exp2996,k3_final_26,A12,kvalita,1,Plná
exp2996,k3_final_26,A12,dopad,1,Dlouhodobý úspěch
exp2996,k3_final_26,A12,vhodnost,1,3
exp2995,k3_final_26,A12,kvalita,1,Plná
exp2995,k3_final_26,A12,dopad,1,Dlouhodobý úspěch
exp2995,k3_final_26,A12,vhodnost,1,4
exp2994,k3_final_26,A12,kvalita,1,Plná
exp2994,k3_final_26,A12,dopad,1,Krátkodobý úspěch
exp2994,k3_final_26,A12,vhodnost,1,3
exp2993,k3_final_26,A12,kvalita,1,Plná
exp2993,k3_final_26,A12,dopad,1,Neúspěch
exp2993,k3_final_26,A12,vhodnost,1,2
exp2992,k3_final_26,A12,kvalita,1,Plná
exp2992,k3_final_26,A12,dopad,1,Dlouhodobý úspěch
exp2992,k3_final_26,A12,vhodnost,1,3
exp2991,k3_final_26,A12,kvalita,1,Plná
exp2991,k3_final_26,A12,dopad,1,Neúspěch
exp2991,k3_final_26,A12,vhodnost,1,3
exp2990,k3_final_26,A12,kvalita,1,Plná
exp2990,k3_final_26,A12,dopad,1,Dlouhodobý úspěch
exp2990,k3_final_26,A12,vhodnost,1,4
exp2989,k3_final_26,A12,kvalita,1,Plná
exp2989,k3_final_26,A12,dopad,1,Neúspěch
exp2989,k3_final_26,A12,vhodnost,1,3
exp2988,k3_final_26,A12,kvalita,1,Plná
exp2988,k3_final_26,A12,dopad,1,Dlouhodobý úspěch
exp2988,k3_final_26,A12,vhodnost,1,3
exp2987,k3_final_26,A12,kvalita,1,Plná
exp2987,k3_final_26,A12,dopad,1,Krátkodobý úspěch
exp2987,k3_final_26,A12,vhodnost,1,3
exp2986,k3_final_26,A12,kvalita,1,Plná
exp2986,k3_final_26,A12,dopad,1,Dlouhodobý úspěch
exp2986,k3_final_26,A12,vhodnost,1,4
exp2985,k3_final_26,A12,kvalita,1,Plná
exp2985,k3_final_26,A12,dopad,1,Krátkodobý úspěch
exp2985,k3_final_26,A12,vhodnost,1,3
exp2984,k3_final_26,A12,kvalita,1,Plná
exp2984,k3_final_26,A12,dopad,1,Dlouhodobý úspěch
exp2984,k3_final_26,A12,vhodnost,1,3
exp2983,k3_final_26,A12,kvalita,1,Plná
exp2983,k3_final_26,A12,dopad,1,Krátkodobý úspěch
exp2983,k3_final_26,A12,vhodnost,1,4
exp2982,k3_final_26,A12,kvalita,1,Plná
exp2982,k3_final_26,A12,dopad,1,Krátkodobý úspěch
exp2982,k3_final_26,A12,vhodnost,1,2
exp2981,k3_final_26,A12,kvalita,1,Plná
exp2981,k3_final_26,A12,dopad,1,Krátkodobý úspěch
exp2981,k3_final_26,A12,vhodnost,1,3
exp2980,k3_final_26,A12,kvalita,1,Plná
exp2980,k3_final_26,A12,dopad,1,Krátkodobý úspěch
exp2980,k3_final_26,A12,vhodnost,1,3
exp2979,k3_final_26,A12,kvalita,1,Plná
exp2979,k3_final_26,A12,dopad,1,Dlouhodobý úspěch
exp2979,k3_final_26,A12,vhodnost,1,4
exp2978,k3_final_26,A12,kvalita,1,Plná
exp2978,k3_final_26,A12,dopad,1,Neúspěch
exp2978,k3_final_26,A12,vhodnost,1,4
exp2977,k3_final_26,A12,kvalita,1,Plná
exp2977,k3_final_26,A12,dopad,1,Krátkodobý úspěch
exp2977,k3_final_26,A12,vhodnost,1,3
exp2976,k3_final_26,A12,kvalita,1,Plná
exp2976,k3_final_26,A12,dopad,1,Dlouhodobý úspěch
exp2976,k3_final_26,A12,vhodnost,1,3
exp2975,k3_final_26,A12,kvalita,1,Plná
exp2975,k3_final_26,A12,dopad,1,Dlouhodobý úspěch
exp2975,k3_final_26,A12,vhodnost,1,3
exp2974,k3_final_26,A12,kvalita,1,Plná
exp2974,k3_final_26,A12,dopad,1,Krátkodobý úspěch
exp2974,k3_final_26,A12,vhodnost,1,3
exp2973,k3_final_26,A12,kvalita,1,Plná
exp2973,k3_final_26,A12,dopad,1,Dlouhodobý úspěch
exp2973,k3_final_26,A12,vhodnost,1,4
exp2972,k3_final_26,A12,kvalita,1,Plochá
exp2972,k3_final_26,A12,dopad,1,Neúspěch
exp2972,k3_final_26,A12,vhodnost,1,1
exp2971,k3_final_26,A12,kvalita,1,Plná
exp2971,k3_final_26,A12,dopad,1,Dlouhodobý úspěch
exp2971,k3_final_26,A12,vhodnost,1,4
exp2970,k3_final_26,A12,kvalita,1,Plná
exp2970,k3_final_26,A12,dopad,1,Neúspěch
exp2970,k3_final_26,A12,vhodnost,1,3
exp2969,k3_final_26,A12,kvalita,1,Plná
exp2969,k3_final_26,A12,dopad,1,Dlouhodobý úspěch
exp2969,k3_final_26,A12,vhodnost,1,3
exp2968,k3_final_26,A12,kvalita,1,Plná
exp2968,k3_final_26,A12,dopad,1,Dlouhodobý úspěch
exp2968,k3_final_26,A12,vhodnost,1,4
exp2967,k3_final_26,A12,kvalita,1,Plná
exp2967,k3_final_26,A12,dopad,1,Dlouhodobý úspěch
exp2967,k3_final_26,A12,vhodnost,1,4
exp2966,k3_final_26,A12,kvalita,1,Plná
exp2966,k3_final_26,A12,dopad,1,Krátkodobý úspěch
exp2966,k3_final_26,A12,vhodnost,1,3
exp2965,k3_final_26,A12,kvalita,1,Plná
exp2965,k3_final_26,A12,dopad,1,Krátkodobý úspěch
exp2965,k3_final_26,A12,vhodnost,1,2
exp2964,k3_final_26,A12,kvalita,1,Plná
exp2964,k3_final_26,A12,dopad,1,Krátkodobý úspěch
exp2964,k3_final_26,A12,vhodnost,1,2
exp2963,k3_final_26,A12,kvalita,1,Plná
exp2963,k3_final_26,A12,dopad,1,Krátkodobý úspěch
exp2963,k3_final_26,A12,vhodnost,1,3
exp2962,k3_final_26,A12,kvalita,1,Plná
exp2962,k3_final_26,A12,dopad,1,Krátkodobý úspěch
exp2962,k3_final_26,A12,vhodnost,1,3
exp2961,k3_final_26,A12,kvalita,1,Plná
exp2961,k3_final_26,A12,dopad,1,Neúspěch
exp2961,k3_final_26,A12,vhodnost,1,1
exp2960,k3_final_26,A12,kvalita,1,Plná
exp2960,k3_final_26,A12,dopad,1,Krátkodobý úspěch
exp2960,k3_final_26,A12,vhodnost,1,4
exp2959,k3_final_26,A12,kvalita,1,Plná
exp2959,k3_final_26,A12,dopad,1,Krátkodobý úspěch
exp2959,k3_final_26,A12,vhodnost,1,3
exp2958,k3_final_26,A12,kvalita,1,Plná
exp2958,k3_final_26,A12,dopad,1,Dlouhodobý úspěch
exp2958,k3_final_26,A12,vhodnost,1,2
exp2957,k3_final_26,A12,kvalita,1,Plná
exp2957,k3_final_26,A12,dopad,1,Dlouhodobý úspěch
exp2957,k3_final_26,A12,vhodnost,1,3
exp2956,k3_final_26,A12,kvalita,1,Plná
exp2956,k3_final_26,A12,dopad,1,Neúspěch
exp2956,k3_final_26,A12,vhodnost,1,2
exp2955,k3_final_26,A12,kvalita,1,Plná
exp2955,k3_final_26,A12,dopad,1,Dlouhodobý úspěch
exp2955,k3_final_26,A12,vhodnost,1,3
exp2954,k3_final_26,A12,kvalita,1,Plná
exp2954,k3_final_26,A12,dopad,1,Dlouhodobý úspěch
exp2954,k3_final_26,A12,vhodnost,1,4
exp2953,k3_final_26,A12,kvalita,1,Plochá
exp2953,k3_final_26,A12,dopad,1,Krátkodobý úspěch
exp2953,k3_final_26,A12,vhodnost,1,2
exp2952,k3_final_26,A12,kvalita,1,Plná
exp2952,k3_final_26,A12,dopad,1,Dlouhodobý úspěch
exp2952,k3_final_26,A12,vhodnost,1,4
exp2951,k3_final_26,A12,kvalita,1,Plná
exp2951,k3_final_26,A12,dopad,1,Dlouhodobý úspěch
exp2951,k3_final_26,A12,vhodnost,1,3
exp2950,k3_final_26,A12,kvalita,1,Plná
exp2950,k3_final_26,A12,dopad,1,Dlouhodobý úspěch
exp2950,k3_final_26,A12,vhodnost,1,4
exp2949,k3_final_26,A12,kvalita,1,Plná
exp2949,k3_final_26,A12,dopad,1,Krátkodobý úspěch
exp2949,k3_final_26,A12,vhodnost,1,2
exp2948,k3_final_26,A12,kvalita,1,Plná
exp2948,k3_final_26,A12,dopad,1,Dlouhodobý úspěch
exp2948,k3_final_26,A12,vhodnost,1,3
exp2947,k3_final_26,A12,kvalita,1,Plná
exp2947,k3_final_26,A12,dopad,1,Krátkodobý úspěch
exp2947,k3_final_26,A12,vhodnost,1,3
exp2946,k3_final_26,A12,kvalita,1,Plná
exp2946,k3_final_26,A12,dopad,1,Krátkodobý úspěch
exp2946,k3_final_26,A12,vhodnost,1,3
exp2945,k3_final_26,A12,kvalita,1,Plná
exp2945,k3_final_26,A12,dopad,1,Dlouhodobý úspěch
exp2945,k3_final_26,A12,vhodnost,1,4
exp2944,k3_final_26,A12,kvalita,1,Plná
exp2944,k3_final_26,A12,dopad,1,Krátkodobý úspěch
exp2944,k3_final_26,A12,vhodnost,1,3
exp2943,k3_final_26,A12,kvalita,1,Plná
exp2943,k3_final_26,A12,dopad,1,Krátkodobý úspěch
exp2943,k3_final_26,A12,vhodnost,1,3
exp2942,k3_final_26,A12,kvalita,1,Plná
exp2942,k3_final_26,A12,dopad,1,Dlouhodobý úspěch
exp2942,k3_final_26,A12,vhodnost,1,4
exp2941,k3_final_26,A12,kvalita,1,Plná
exp2941,k3_final_26,A12,dopad,1,Krátkodobý úspěch
exp2941,k3_final_26,A12,vhodnost,1,3
exp2940,k3_final_26,A12,kvalita,1,Plná
exp2940,k3_final_26,A12,dopad,1,Krátkodobý úspěch
exp2940,k3_final_26,A12,vhodnost,1,3
exp2939,k3_final_26,A12,kvalita,1,Plná
exp2939,k3_final_26,A12,dopad,1,Dlouhodobý úspěch
exp2939,k3_final_26,A12,vhodnost,1,3
exp2938,k3_final_26,A12,kvalita,1,Plná
exp2938,k3_final_26,A12,dopad,1,Dlouhodobý úspěch
exp2938,k3_final_26,A12,vhodnost,1,2
exp2937,k3_final_26,A12,kvalita,1,Plná
exp2937,k3_final_26,A12,dopad,1,Dlouhodobý úspěch
exp2937,k3_final_26,A12,vhodnost,1,3
exp2936,k3_final_26,A12,kvalita,1,Plná
exp2936,k3_final_26,A12,dopad,1,Dlouhodobý úspěch
exp2936,k3_final_26,A12,vhodnost,1,3
exp2935,k3_final_26,A12,kvalita,1,Plná
exp2935,k3_final_26,A12,dopad,1,Dlouhodobý úspěch
exp2935,k3_final_26,A12,vhodnost,1,2
exp2934,k3_final_26,A12,kvalita,1,Plná
exp2934,k3_final_26,A12,dopad,1,Dlouhodobý úspěch
exp2934,k3_final_26,A12,vhodnost,1,4
exp2933,k3_final_26,A12,kvalita,1,Plná
exp2933,k3_final_26,A12,dopad,1,Dlouhodobý úspěch
exp2933,k3_final_26,A12,vhodnost,1,3
exp2932,k3_final_26,A12,kvalita,1,Plná
exp2932,k3_final_26,A12,dopad,1,Krátkodobý úspěch
exp2932,k3_final_26,A12,vhodnost,1,2
exp2931,k3_final_26,A12,kvalita,1,Plná
exp2931,k3_final_26,A12,dopad,1,Krátkodobý úspěch
exp2931,k3_final_26,A12,vhodnost,1,3
exp2930,k3_final_26,A12,kvalita,1,Plná
exp2930,k3_final_26,A12,dopad,1,Krátkodobý úspěch
exp2930,k3_final_26,A12,vhodnost,1,4
exp2929,k3_final_26,A12,kvalita,1,Plná
exp2929,k3_final_26,A12,dopad,1,Dlouhodobý úspěch
exp2929,k3_final_26,A12,vhodnost,1,3
exp2928,k3_final_26,A12,kvalita,1,Plná
exp2928,k3_final_26,A12,dopad,1,Dlouhodobý úspěch
exp2928,k3_final_26,A12,vhodnost,1,3
exp2927,k3_final_26,A12,kvalita,1,Plná
exp2927,k3_final_26,A12,dopad,1,Neúspěch
exp2927,k3_final_26,A12,vhodnost,1,2
exp2926,k3_final_26,A12,kvalita,1,Plná
exp2926,k3_final_26,A12,dopad,1,Neúspěch
exp2926,k3_final_26,A12,vhodnost,1,2
exp2925,k3_final_26,A12,kvalita,1,Plochá
exp2924,k3_final_26,A12,kvalita,1,Plná
exp2924,k3_final_26,A12,dopad,1,Dlouhodobý úspěch
exp2924,k3_final_26,A12,vhodnost,1,4
exp2923,k3_final_26,A12,kvalita,1,Plná
exp2923,k3_final_26,A12,dopad,1,Krátkodobý úspěch
exp2923,k3_final_26,A12,vhodnost,1,4
exp2922,k3_final_26,A12,kvalita,1,Plná
exp2922,k3_final_26,A12,dopad,1,Dlouhodobý úspěch
exp2922,k3_final_26,A12,vhodnost,1,4
exp2921,k3_final_26,A12,kvalita,1,Plná
exp2921,k3_final_26,A12,dopad,1,Krátkodobý úspěch
exp2921,k3_final_26,A12,vhodnost,1,3
exp2920,k3_final_26,A12,kvalita,1,Plná
exp2920,k3_final_26,A12,dopad,1,Krátkodobý úspěch
exp2920,k3_final_26,A12,vhodnost,1,4
exp2919,k3_final_26,A12,kvalita,1,Plná
exp2919,k3_final_26,A12,dopad,1,Krátkodobý úspěch
exp2919,k3_final_26,A12,vhodnost,1,3
exp2918,k3_final_26,A12,kvalita,1,Plná
exp2918,k3_final_26,A12,dopad,1,Dlouhodobý úspěch
exp2918,k3_final_26,A12,vhodnost,1,2
exp2917,k3_final_26,A12,kvalita,1,Plochá
exp2916,k3_final_26,A12,kvalita,1,Plná
exp2916,k3_final_26,A12,dopad,1,Krátkodobý úspěch
exp2916,k3_final_26,A12,vhodnost,1,3
exp2915,k3_final_26,A12,kvalita,1,Plná
exp2915,k3_final_26,A12,dopad,1,Krátkodobý úspěch
exp2915,k3_final_26,A12,vhodnost,1,4
exp2914,k3_final_26,A12,kvalita,1,Plná
exp2914,k3_final_26,A12,dopad,1,Dlouhodobý úspěch
exp2914,k3_final_26,A12,vhodnost,1,3
exp2913,k3_final_26,A12,kvalita,1,Plná
exp2913,k3_final_26,A12,dopad,1,Krátkodobý úspěch
exp2913,k3_final_26,A12,vhodnost,1,3
exp2912,k3_final_26,A12,kvalita,1,Plná
exp2912,k3_final_26,A12,dopad,1,Krátkodobý úspěch
exp2912,k3_final_26,A12,vhodnost,1,3
exp2911,k3_final_26,A12,kvalita,1,Plná
exp2911,k3_final_26,A12,dopad,1,Dlouhodobý úspěch
exp2911,k3_final_26,A12,vhodnost,1,3
exp2910,k3_final_26,A12,kvalita,1,Plná
exp2910,k3_final_26,A12,dopad,1,Dlouhodobý úspěch
exp2910,k3_final_26,A12,vhodnost,1,4
exp2909,k3_final_26,A12,kvalita,1,Plná
exp2909,k3_final_26,A12,dopad,1,Dlouhodobý úspěch
exp2909,k3_final_26,A12,vhodnost,1,3
exp2908,k3_final_26,A12,kvalita,1,Plná
exp2908,k3_final_26,A12,dopad,1,Dlouhodobý úspěch
exp2908,k3_final_26,A12,vhodnost,1,3
exp2907,k3_final_26,A12,kvalita,1,Plná
exp2907,k3_final_26,A12,dopad,1,Neúspěch
exp2907,k3_final_26,A12,vhodnost,1,2
exp2906,k3_final_26,A12,kvalita,1,Plná
exp2906,k3_final_26,A12,dopad,1,Neúspěch
exp2906,k3_final_26,A12,vhodnost,1,2
exp2905,k3_final_26,A12,kvalita,1,Plná
exp2905,k3_final_26,A12,dopad,1,Dlouhodobý úspěch
exp2905,k3_final_26,A12,vhodnost,1,4
exp2904,k3_final_26,A12,kvalita,1,Plná
exp2904,k3_final_26,A12,dopad,1,Dlouhodobý úspěch
exp2904,k3_final_26,A12,vhodnost,1,4
exp2903,k3_final_26,A12,kvalita,1,Plná
exp2903,k3_final_26,A12,dopad,1,Krátkodobý úspěch
exp2903,k3_final_26,A12,vhodnost,1,3
exp2902,k3_final_26,A12,kvalita,1,Plná
exp2902,k3_final_26,A12,dopad,1,Krátkodobý úspěch
exp2902,k3_final_26,A12,vhodnost,1,2
exp2901,k3_final_26,A12,kvalita,1,Plná
exp2901,k3_final_26,A12,dopad,1,Dlouhodobý úspěch
exp2901,k3_final_26,A12,vhodnost,1,4
exp2900,k3_final_26,A12,kvalita,1,Plná
exp2900,k3_final_26,A12,dopad,1,Dlouhodobý úspěch
exp2900,k3_final_26,A12,vhodnost,1,4
exp2899,k3_final_26,A12,kvalita,1,Plná
exp2899,k3_final_26,A12,dopad,1,Dlouhodobý úspěch
exp2899,k3_final_26,A12,vhodnost,1,3
exp2898,k3_final_26,A12,kvalita,1,Plná
exp2898,k3_final_26,A12,dopad,1,Dlouhodobý úspěch
exp2898,k3_final_26,A12,vhodnost,1,4
exp2897,k3_final_26,A12,kvalita,1,Plná
exp2897,k3_final_26,A12,dopad,1,Krátkodobý úspěch
exp2897,k3_final_26,A12,vhodnost,1,3
exp2896,k3_final_26,A12,kvalita,1,Plná
exp2896,k3_final_26,A12,dopad,1,Dlouhodobý úspěch
exp2896,k3_final_26,A12,vhodnost,1,4
exp2895,k3_final_26,A12,kvalita,1,Plná
exp2895,k3_final_26,A12,dopad,1,Krátkodobý úspěch
exp2895,k3_final_26,A12,vhodnost,1,3
exp2894,k3_final_26,A12,kvalita,1,Plná
exp2894,k3_final_26,A12,dopad,1,Dlouhodobý úspěch
exp2894,k3_final_26,A12,vhodnost,1,2
exp2893,k3_final_26,A12,kvalita,1,Plná
exp2893,k3_final_26,A12,dopad,1,Krátkodobý úspěch
exp2893,k3_final_26,A12,vhodnost,1,3
exp2892,k3_final_26,A12,kvalita,1,Plná
exp2892,k3_final_26,A12,dopad,1,Krátkodobý úspěch
exp2892,k3_final_26,A12,vhodnost,1,4
exp2891,k3_final_26,A12,kvalita,1,Plná
exp2891,k3_final_26,A12,dopad,1,Dlouhodobý úspěch
exp2891,k3_final_26,A12,vhodnost,1,3
exp2890,k3_final_26,A12,kvalita,1,Plná
exp2890,k3_final_26,A12,dopad,1,Krátkodobý úspěch
exp2890,k3_final_26,A12,vhodnost,1,3
exp2889,k3_final_26,A12,kvalita,1,Plná
exp2889,k3_final_26,A12,dopad,1,Neúspěch
exp2889,k3_final_26,A12,vhodnost,1,2
exp2888,k3_final_26,A12,kvalita,1,Plná
exp2888,k3_final_26,A12,dopad,1,Neúspěch
exp2888,k3_final_26,A12,vhodnost,1,2
exp2887,k3_final_26,A12,kvalita,1,Plná
exp2887,k3_final_26,A12,dopad,1,Krátkodobý úspěch
exp2887,k3_final_26,A12,vhodnost,1,2
exp2886,k3_final_26,A12,kvalita,1,Plná
exp2886,k3_final_26,A12,dopad,1,Dlouhodobý úspěch
exp2886,k3_final_26,A12,vhodnost,1,3
exp2885,k3_final_26,A12,kvalita,1,Plná
exp2885,k3_final_26,A12,dopad,1,Neúspěch
exp2885,k3_final_26,A12,vhodnost,1,2
exp2884,k3_final_26,A12,kvalita,1,Plná
exp2884,k3_final_26,A12,dopad,1,Krátkodobý úspěch
exp2884,k3_final_26,A12,vhodnost,1,4
exp2883,k3_final_26,A12,kvalita,1,Plná
exp2883,k3_final_26,A12,dopad,1,Krátkodobý úspěch
exp2883,k3_final_26,A12,vhodnost,1,2
exp2882,k3_final_26,A12,kvalita,1,Plná
exp2882,k3_final_26,A12,dopad,1,Neúspěch
exp2882,k3_final_26,A12,vhodnost,1,2
exp2881,k3_final_26,A12,kvalita,1,Plná
exp2881,k3_final_26,A12,dopad,1,Krátkodobý úspěch
exp2881,k3_final_26,A12,vhodnost,1,3
exp2880,k3_final_26,A12,kvalita,1,Plná
exp2880,k3_final_26,A12,dopad,1,Krátkodobý úspěch
exp2880,k3_final_26,A12,vhodnost,1,3
exp2879,k3_final_26,A12,kvalita,1,Plná
exp2879,k3_final_26,A12,dopad,1,Krátkodobý úspěch
exp2879,k3_final_26,A12,vhodnost,1,3
exp2878,k3_final_26,A12,kvalita,1,Plná
exp2878,k3_final_26,A12,dopad,1,Krátkodobý úspěch
exp2878,k3_final_26,A12,vhodnost,1,3
exp2877,k3_final_26,A12,kvalita,1,Plná
exp2877,k3_final_26,A12,dopad,1,Krátkodobý úspěch
exp2877,k3_final_26,A12,vhodnost,1,3
exp2876,k3_final_26,A12,kvalita,1,Plná
exp2876,k3_final_26,A12,dopad,1,Dlouhodobý úspěch
exp2876,k3_final_26,A12,vhodnost,1,2
exp2875,k3_final_26,A12,kvalita,1,Plná
exp2875,k3_final_26,A12,dopad,1,Krátkodobý úspěch
exp2875,k3_final_26,A12,vhodnost,1,3
exp2874,k3_final_26,A12,kvalita,1,Plná
exp2874,k3_final_26,A12,dopad,1,Dlouhodobý úspěch
exp2874,k3_final_26,A12,vhodnost,1,2
exp2873,k3_final_26,A12,kvalita,1,Plná
exp2873,k3_final_26,A12,dopad,1,Dlouhodobý úspěch
exp2873,k3_final_26,A12,vhodnost,1,3
exp2872,k3_final_26,A12,kvalita,1,Plná
exp2872,k3_final_26,A12,dopad,1,Krátkodobý úspěch
exp2872,k3_final_26,A12,vhodnost,1,3
exp2871,k3_final_26,A12,kvalita,1,Plná
exp2871,k3_final_26,A12,dopad,1,Krátkodobý úspěch
exp2871,k3_final_26,A12,vhodnost,1,2
exp2870,k3_final_26,A12,kvalita,1,Plná
exp2870,k3_final_26,A12,dopad,1,Krátkodobý úspěch
exp2870,k3_final_26,A12,vhodnost,1,2
exp2869,k3_final_26,A12,kvalita,1,Plochá
exp2869,k3_final_26,A12,dopad,1,Dlouhodobý úspěch
exp2869,k3_final_26,A12,vhodnost,1,4
exp2868,k3_final_26,A12,kvalita,1,Plná
exp2868,k3_final_26,A12,dopad,1,Neúspěch
exp2868,k3_final_26,A12,vhodnost,1,3
exp2867,k3_final_26,A12,kvalita,1,Plná
exp2867,k3_final_26,A12,dopad,1,Dlouhodobý úspěch
exp2867,k3_final_26,A12,vhodnost,1,3
exp2866,k3_final_26,A12,kvalita,1,Plná
exp2866,k3_final_26,A12,dopad,1,Dlouhodobý úspěch
exp2866,k3_final_26,A12,vhodnost,1,3
exp2865,k3_final_26,A12,kvalita,1,Plná
exp2865,k3_final_26,A12,dopad,1,Neúspěch
exp2865,k3_final_26,A12,vhodnost,1,3
exp2864,k3_final_26,A12,kvalita,1,Plná
exp2864,k3_final_26,A12,dopad,1,Neúspěch
exp2864,k3_final_26,A12,vhodnost,1,2
exp2863,k3_final_26,A12,kvalita,1,Plná
exp2863,k3_final_26,A12,dopad,1,Krátkodobý úspěch
exp2863,k3_final_26,A12,vhodnost,1,4
exp2862,k3_final_26,A12,kvalita,1,Plná
exp2862,k3_final_26,A12,dopad,1,Neúspěch
exp2862,k3_final_26,A12,vhodnost,1,3
exp2861,k3_final_26,A12,kvalita,1,Plná
exp2861,k3_final_26,A12,dopad,1,Dlouhodobý úspěch
exp2861,k3_final_26,A12,vhodnost,1,3
exp2860,k3_final_26,A12,kvalita,1,Plná
exp2860,k3_final_26,A12,dopad,1,Krátkodobý úspěch
exp2860,k3_final_26,A12,vhodnost,1,2
exp2859,k3_final_26,A12,kvalita,1,Plná
exp2859,k3_final_26,A12,dopad,1,Dlouhodobý úspěch
exp2859,k3_final_26,A12,vhodnost,1,4
exp2858,k3_final_26,A12,kvalita,1,Plná
exp2858,k3_final_26,A12,dopad,1,Dlouhodobý úspěch
exp2858,k3_final_26,A12,vhodnost,1,4
exp2857,k3_final_26,A12,kvalita,1,Plná
exp2857,k3_final_26,A12,dopad,1,Krátkodobý úspěch
exp2857,k3_final_26,A12,vhodnost,1,3
exp2856,k3_final_26,A12,kvalita,1,Plochá
exp2856,k3_final_26,A12,dopad,1,Dlouhodobý úspěch
exp2856,k3_final_26,A12,vhodnost,1,4
exp2855,k3_final_26,A12,kvalita,1,Plná
exp2855,k3_final_26,A12,dopad,1,Dlouhodobý úspěch
exp2855,k3_final_26,A12,vhodnost,1,4
exp2854,k3_final_26,A12,kvalita,1,Plná
exp2854,k3_final_26,A12,dopad,1,Krátkodobý úspěch
exp2854,k3_final_26,A12,vhodnost,1,2
exp2853,k3_final_26,A12,kvalita,1,Plná
exp2853,k3_final_26,A12,dopad,1,Dlouhodobý úspěch
exp2853,k3_final_26,A12,vhodnost,1,3
exp2852,k3_final_26,A12,kvalita,1,Plná
exp2852,k3_final_26,A12,dopad,1,Dlouhodobý úspěch
exp2852,k3_final_26,A12,vhodnost,1,3
exp2851,k3_final_26,A12,kvalita,1,Plná
exp2851,k3_final_26,A12,dopad,1,Neúspěch
exp2851,k3_final_26,A12,vhodnost,1,3
exp2850,k3_final_26,A12,kvalita,1,Plochá
exp2850,k3_final_26,A12,dopad,1,Neúspěch
exp2850,k3_final_26,A12,vhodnost,1,1
exp2849,k3_final_26,A12,kvalita,1,Plná
exp2849,k3_final_26,A12,dopad,1,Dlouhodobý úspěch
exp2849,k3_final_26,A12,vhodnost,1,2
exp2848,k3_final_26,A12,kvalita,1,Plná
exp2848,k3_final_26,A12,dopad,1,Krátkodobý úspěch
exp2848,k3_final_26,A12,vhodnost,1,3
exp2847,k3_final_26,A12,kvalita,1,Plná
exp2847,k3_final_26,A12,dopad,1,Dlouhodobý úspěch
exp2847,k3_final_26,A12,vhodnost,1,3
exp2846,k3_final_26,A12,kvalita,1,Plná
exp2846,k3_final_26,A12,dopad,1,Dlouhodobý úspěch
exp2846,k3_final_26,A12,vhodnost,1,3
exp2845,k3_final_26,A12,kvalita,1,Plná
exp2845,k3_final_26,A12,dopad,1,Neúspěch
exp2845,k3_final_26,A12,vhodnost,1,3
exp2844,k3_final_26,A12,kvalita,1,Plná
exp2844,k3_final_26,A12,dopad,1,Dlouhodobý úspěch
exp2844,k3_final_26,A12,vhodnost,1,4
exp2843,k3_final_26,A12,kvalita,1,Plná
exp2843,k3_final_26,A12,dopad,1,Krátkodobý úspěch
exp2843,k3_final_26,A12,vhodnost,1,3
exp2842,k3_final_26,A12,kvalita,1,Plná
exp2842,k3_final_26,A12,dopad,1,Krátkodobý úspěch
exp2842,k3_final_26,A12,vhodnost,1,3
exp2841,k3_final_26,A12,kvalita,1,Plná
exp2841,k3_final_26,A12,dopad,1,Dlouhodobý úspěch
exp2841,k3_final_26,A12,vhodnost,1,4
exp2840,k3_final_26,A12,kvalita,1,Plná
exp2840,k3_final_26,A12,dopad,1,Krátkodobý úspěch
exp2840,k3_final_26,A12,vhodnost,1,2
exp2839,k3_final_26,A12,kvalita,1,Plná
exp2839,k3_final_26,A12,dopad,1,Dlouhodobý úspěch
exp2839,k3_final_26,A12,vhodnost,1,4
exp2838,k3_final_26,A12,kvalita,1,Plná
exp2838,k3_final_26,A12,dopad,1,Dlouhodobý úspěch
exp2838,k3_final_26,A12,vhodnost,1,4
exp2837,k3_final_26,A12,kvalita,1,Plná
exp2837,k3_final_26,A12,dopad,1,Krátkodobý úspěch
exp2837,k3_final_26,A12,vhodnost,1,3
exp2836,k3_final_26,A12,kvalita,1,Plná
exp2836,k3_final_26,A12,dopad,1,Dlouhodobý úspěch
exp2836,k3_final_26,A12,vhodnost,1,4
exp2835,k3_final_26,A12,kvalita,1,Plná
exp2835,k3_final_26,A12,dopad,1,Dlouhodobý úspěch
exp2835,k3_final_26,A12,vhodnost,1,4
exp2834,k3_final_26,A12,kvalita,1,Plná
exp2834,k3_final_26,A12,dopad,1,Neúspěch
exp2834,k3_final_26,A12,vhodnost,1,4
exp2833,k3_final_26,A12,kvalita,1,Plná
exp2833,k3_final_26,A12,dopad,1,Krátkodobý úspěch
exp2833,k3_final_26,A12,vhodnost,1,3
exp2832,k3_final_26,A12,kvalita,1,Plná
exp2832,k3_final_26,A12,dopad,1,Dlouhodobý úspěch
exp2832,k3_final_26,A12,vhodnost,1,4
exp2831,k3_final_26,A12,kvalita,1,Plná
exp2831,k3_final_26,A12,dopad,1,Dlouhodobý úspěch
exp2831,k3_final_26,A12,vhodnost,1,4
exp2830,k3_final_26,A12,kvalita,1,Plochá
exp2830,k3_final_26,A12,dopad,1,Krátkodobý úspěch
exp2830,k3_final_26,A12,vhodnost,1,3
exp2829,k3_final_26,A12,kvalita,1,Plná
exp2829,k3_final_26,A12,dopad,1,Krátkodobý úspěch
exp2829,k3_final_26,A12,vhodnost,1,2
exp2828,k3_final_26,A12,kvalita,1,Plná
exp2828,k3_final_26,A12,dopad,1,Dlouhodobý úspěch
exp2828,k3_final_26,A12,vhodnost,1,3
exp2827,k3_final_26,A12,kvalita,1,Plná
exp2827,k3_final_26,A12,dopad,1,Dlouhodobý úspěch
exp2827,k3_final_26,A12,vhodnost,1,3
exp2825,k3_final_26,A12,kvalita,1,Plná
exp2825,k3_final_26,A12,dopad,1,Dlouhodobý úspěch
exp2825,k3_final_26,A12,vhodnost,1,4
exp2824,k3_final_26,A12,kvalita,1,Plná
exp2824,k3_final_26,A12,dopad,1,Dlouhodobý úspěch
exp2824,k3_final_26,A12,vhodnost,1,3
exp2823,k3_final_26,A12,kvalita,1,Plná
exp2823,k3_final_26,A12,dopad,1,Krátkodobý úspěch
exp2823,k3_final_26,A12,vhodnost,1,3
exp2822,k3_final_26,A12,kvalita,1,Plná
exp2822,k3_final_26,A12,dopad,1,Krátkodobý úspěch
exp2822,k3_final_26,A12,vhodnost,1,2
exp2821,k3_final_26,A12,kvalita,1,Plná
exp2821,k3_final_26,A12,dopad,1,Dlouhodobý úspěch
exp2821,k3_final_26,A12,vhodnost,1,3
exp2820,k3_final_26,A12,kvalita,1,Plná
exp2820,k3_final_26,A12,dopad,1,Dlouhodobý úspěch
exp2820,k3_final_26,A12,vhodnost,1,4
exp2818,k3_final_26,A12,kvalita,1,Plná
exp2818,k3_final_26,A12,dopad,1,Krátkodobý úspěch
exp2818,k3_final_26,A12,vhodnost,1,3
exp2817,k3_final_26,A12,kvalita,1,Plná
exp2817,k3_final_26,A12,dopad,1,Krátkodobý úspěch
exp2817,k3_final_26,A12,vhodnost,1,2
exp2816,k3_final_26,A12,kvalita,1,Plná
exp2816,k3_final_26,A12,dopad,1,Dlouhodobý úspěch
exp2816,k3_final_26,A12,vhodnost,1,4
exp2815,k3_final_26,A12,kvalita,1,Plná
exp2815,k3_final_26,A12,dopad,1,Dlouhodobý úspěch
exp2815,k3_final_26,A12,vhodnost,1,2
exp2814,k3_final_26,A12,kvalita,1,Plná
exp2814,k3_final_26,A12,dopad,1,Dlouhodobý úspěch
exp2814,k3_final_26,A12,vhodnost,1,3
exp2813,k3_final_26,A12,kvalita,1,Plná
exp2813,k3_final_26,A12,dopad,1,Dlouhodobý úspěch
exp2813,k3_final_26,A12,vhodnost,1,3
exp2812,k3_final_26,A12,kvalita,1,Plná
exp2812,k3_final_26,A12,dopad,1,Krátkodobý úspěch
exp2812,k3_final_26,A12,vhodnost,1,4
exp2811,k3_final_26,A12,kvalita,1,Plná
exp2811,k3_final_26,A12,dopad,1,Krátkodobý úspěch
exp2811,k3_final_26,A12,vhodnost,1,2
exp2810,k3_final_26,A12,kvalita,1,Plná
exp2810,k3_final_26,A12,dopad,1,Krátkodobý úspěch
exp2810,k3_final_26,A12,vhodnost,1,4
exp2809,k3_final_26,A12,kvalita,1,Plná
exp2809,k3_final_26,A12,dopad,1,Krátkodobý úspěch
exp2809,k3_final_26,A12,vhodnost,1,3
exp2808,k3_final_26,A12,kvalita,1,Plná
exp2808,k3_final_26,A12,dopad,1,Dlouhodobý úspěch
exp2808,k3_final_26,A12,vhodnost,1,4
exp2807,k3_final_26,A12,kvalita,1,Plochá
exp2807,k3_final_26,A12,dopad,1,Krátkodobý úspěch
exp2807,k3_final_26,A12,vhodnost,1,3
exp2806,k3_final_26,A12,kvalita,1,Plná
exp2806,k3_final_26,A12,dopad,1,Dlouhodobý úspěch
exp2806,k3_final_26,A12,vhodnost,1,3
exp2805,k3_final_26,A12,kvalita,1,Plná
exp2805,k3_final_26,A12,dopad,1,Krátkodobý úspěch
exp2805,k3_final_26,A12,vhodnost,1,3
exp2804,k3_final_26,A12,kvalita,1,Plná
exp2804,k3_final_26,A12,dopad,1,Dlouhodobý úspěch
exp2804,k3_final_26,A12,vhodnost,1,4
exp2803,k3_final_26,A12,kvalita,1,Plná
exp2803,k3_final_26,A12,dopad,1,Krátkodobý úspěch
exp2803,k3_final_26,A12,vhodnost,1,4
exp2802,k3_final_26,A12,kvalita,1,Plná
exp2802,k3_final_26,A12,dopad,1,Krátkodobý úspěch
exp2802,k3_final_26,A12,vhodnost,1,3
exp2801,k3_final_26,A12,kvalita,1,Plochá
exp2801,k3_final_26,A12,dopad,1,Dlouhodobý úspěch
exp2801,k3_final_26,A12,vhodnost,1,3
exp2800,k3_final_26,A12,kvalita,1,Plná
exp2800,k3_final_26,A12,dopad,1,Dlouhodobý úspěch
exp2800,k3_final_26,A12,vhodnost,1,2
exp2799,k3_final_26,A12,kvalita,1,Plná
exp2799,k3_final_26,A12,dopad,1,Krátkodobý úspěch
exp2799,k3_final_26,A12,vhodnost,1,4
exp2798,k3_final_26,A12,kvalita,1,Plná
exp2798,k3_final_26,A12,dopad,1,Krátkodobý úspěch
exp2798,k3_final_26,A12,vhodnost,1,4
exp2797,k3_final_26,A12,kvalita,1,Plná
exp2797,k3_final_26,A12,dopad,1,Krátkodobý úspěch
exp2797,k3_final_26,A12,vhodnost,1,3
exp2796,k3_final_26,A12,kvalita,1,Plná
exp2796,k3_final_26,A12,dopad,1,Dlouhodobý úspěch
exp2796,k3_final_26,A12,vhodnost,1,4
exp2795,k3_final_26,A12,kvalita,1,Plná
exp2795,k3_final_26,A12,dopad,1,Neúspěch
exp2795,k3_final_26,A12,vhodnost,1,2
exp2794,k3_final_26,A12,kvalita,1,Plná
exp2794,k3_final_26,A12,dopad,1,Krátkodobý úspěch
exp2794,k3_final_26,A12,vhodnost,1,4
exp2793,k3_final_26,A12,kvalita,1,Plná
exp2793,k3_final_26,A12,dopad,1,Krátkodobý úspěch
exp2793,k3_final_26,A12,vhodnost,1,2
exp2792,k3_final_26,A12,kvalita,1,Plná
exp2792,k3_final_26,A12,dopad,1,Dlouhodobý úspěch
exp2792,k3_final_26,A12,vhodnost,1,4
exp2791,k3_final_26,A12,kvalita,1,Plná
exp2791,k3_final_26,A12,dopad,1,Krátkodobý úspěch
exp2791,k3_final_26,A12,vhodnost,1,3
exp2790,k3_final_26,A12,kvalita,1,Plná
exp2790,k3_final_26,A12,dopad,1,Dlouhodobý úspěch
exp2790,k3_final_26,A12,vhodnost,1,3
exp2789,k3_final_26,A12,kvalita,1,Plná
exp2789,k3_final_26,A12,dopad,1,Neúspěch
exp2789,k3_final_26,A12,vhodnost,1,4
exp2788,k3_final_26,A12,kvalita,1,Plná
exp2788,k3_final_26,A12,dopad,1,Dlouhodobý úspěch
exp2788,k3_final_26,A12,vhodnost,1,4
exp2787,k3_final_26,A12,kvalita,1,Plná
exp2787,k3_final_26,A12,dopad,1,Krátkodobý úspěch
exp2787,k3_final_26,A12,vhodnost,1,3
exp2786,k3_final_26,A12,kvalita,1,Plná
exp2786,k3_final_26,A12,dopad,1,Dlouhodobý úspěch
exp2786,k3_final_26,A12,vhodnost,1,3
exp2785,k3_final_26,A12,kvalita,1,Plná
exp2785,k3_final_26,A12,dopad,1,Krátkodobý úspěch
exp2785,k3_final_26,A12,vhodnost,1,3
exp2784,k3_final_26,A12,kvalita,1,Plochá
exp2784,k3_final_26,A12,vhodnost,1,1
exp2783,k3_final_26,A12,kvalita,1,Plná
exp2783,k3_final_26,A12,dopad,1,Dlouhodobý úspěch
exp2783,k3_final_26,A12,vhodnost,1,3
exp2782,k3_final_26,A12,kvalita,1,Plná
exp2782,k3_final_26,A12,dopad,1,Krátkodobý úspěch
exp2782,k3_final_26,A12,vhodnost,1,4
exp2781,k3_final_26,A12,kvalita,1,Plná
exp2781,k3_final_26,A12,dopad,1,Dlouhodobý úspěch
exp2781,k3_final_26,A12,vhodnost,1,4
exp2780,k3_final_26,A12,kvalita,1,Plná
exp2780,k3_final_26,A12,dopad,1,Dlouhodobý úspěch
exp2780,k3_final_26,A12,vhodnost,1,4
exp2779,k3_final_26,A12,kvalita,1,Plná
exp2779,k3_final_26,A12,dopad,1,Dlouhodobý úspěch
exp2779,k3_final_26,A12,vhodnost,1,4
exp2778,k3_final_26,A12,kvalita,1,Plná
exp2778,k3_final_26,A12,dopad,1,Dlouhodobý úspěch
exp2778,k3_final_26,A12,vhodnost,1,3
exp2777,k3_final_26,A12,kvalita,1,Plná
exp2777,k3_final_26,A12,dopad,1,Krátkodobý úspěch
exp2777,k3_final_26,A12,vhodnost,1,4
exp2776,k3_final_26,A12,kvalita,1,Plná
exp2776,k3_final_26,A12,dopad,1,Dlouhodobý úspěch
exp2776,k3_final_26,A12,vhodnost,1,3
exp2775,k3_final_26,A12,kvalita,1,Plná
exp2775,k3_final_26,A12,dopad,1,Dlouhodobý úspěch
exp2775,k3_final_26,A12,vhodnost,1,4
exp2774,k3_final_26,A12,kvalita,1,Plná
exp2774,k3_final_26,A12,dopad,1,Krátkodobý úspěch
exp2774,k3_final_26,A12,vhodnost,1,3
exp2773,k3_final_26,A12,kvalita,1,Plná
exp2773,k3_final_26,A12,dopad,1,Neúspěch
exp2773,k3_final_26,A12,vhodnost,1,2
exp2772,k3_final_26,A12,kvalita,1,Plná
exp2772,k3_final_26,A12,dopad,1,Dlouhodobý úspěch
exp2772,k3_final_26,A12,vhodnost,1,4
exp2771,k3_final_26,A12,kvalita,1,Plná
exp2771,k3_final_26,A12,dopad,1,Neúspěch
exp2771,k3_final_26,A12,vhodnost,1,2
exp2770,k3_final_26,A12,kvalita,1,Plná
exp2770,k3_final_26,A12,dopad,1,Dlouhodobý úspěch
exp2770,k3_final_26,A12,vhodnost,1,3
exp2769,k3_final_26,A12,kvalita,1,Plná
exp2769,k3_final_26,A12,dopad,1,Krátkodobý úspěch
exp2769,k3_final_26,A12,vhodnost,1,2
exp2768,k3_final_26,A12,kvalita,1,Plná
exp2768,k3_final_26,A12,dopad,1,Dlouhodobý úspěch
exp2768,k3_final_26,A12,vhodnost,1,4
exp2767,k3_final_26,A12,kvalita,1,Plná
exp2767,k3_final_26,A12,dopad,1,Krátkodobý úspěch
exp2767,k3_final_26,A12,vhodnost,1,2
exp2766,k3_final_26,A12,kvalita,1,Plná
exp2766,k3_final_26,A12,dopad,1,Dlouhodobý úspěch
exp2766,k3_final_26,A12,vhodnost,1,3
exp2765,k3_final_26,A12,kvalita,1,Plná
exp2765,k3_final_26,A12,dopad,1,Dlouhodobý úspěch
exp2765,k3_final_26,A12,vhodnost,1,2
exp2764,k3_final_26,A12,kvalita,1,Plná
exp2764,k3_final_26,A12,dopad,1,Neúspěch
exp2764,k3_final_26,A12,vhodnost,1,2
exp2763,k3_final_26,A12,kvalita,1,Plná
exp2763,k3_final_26,A12,dopad,1,Krátkodobý úspěch
exp2763,k3_final_26,A12,vhodnost,1,3
exp2762,k3_final_26,A12,kvalita,1,Plná
exp2762,k3_final_26,A12,dopad,1,Krátkodobý úspěch
exp2762,k3_final_26,A12,vhodnost,1,4
exp2761,k3_final_26,A12,kvalita,1,Plná
exp2761,k3_final_26,A12,dopad,1,Dlouhodobý úspěch
exp2761,k3_final_26,A12,vhodnost,1,4
exp2760,k3_final_26,A12,kvalita,1,Plná
exp2760,k3_final_26,A12,dopad,1,Dlouhodobý úspěch
exp2760,k3_final_26,A12,vhodnost,1,3
exp2759,k3_final_26,A12,kvalita,1,Plná
exp2759,k3_final_26,A12,dopad,1,Dlouhodobý úspěch
exp2759,k3_final_26,A12,vhodnost,1,4
exp2758,k3_final_26,A12,kvalita,1,Plná
exp2758,k3_final_26,A12,dopad,1,Dlouhodobý úspěch
exp2758,k3_final_26,A12,vhodnost,1,4
exp2757,k3_final_26,A12,kvalita,1,Plná
exp2757,k3_final_26,A12,dopad,1,Neúspěch
exp2757,k3_final_26,A12,vhodnost,1,3
exp2756,k3_final_26,A12,kvalita,1,Plná
exp2756,k3_final_26,A12,dopad,1,Dlouhodobý úspěch
exp2756,k3_final_26,A12,vhodnost,1,3
exp2755,k3_final_26,A12,kvalita,1,Plná
exp2755,k3_final_26,A12,dopad,1,Krátkodobý úspěch
exp2755,k3_final_26,A12,vhodnost,1,2
exp2754,k3_final_26,A12,kvalita,1,Plná
exp2754,k3_final_26,A12,dopad,1,Dlouhodobý úspěch
exp2754,k3_final_26,A12,vhodnost,1,3
exp2753,k3_final_26,A12,kvalita,1,Plná
exp2753,k3_final_26,A12,dopad,1,Neúspěch
exp2753,k3_final_26,A12,vhodnost,1,3
exp2752,k3_final_26,A12,kvalita,1,Plochá
exp2752,k3_final_26,A12,dopad,1,Neúspěch
exp2752,k3_final_26,A12,vhodnost,1,3
exp2751,k3_final_26,A12,kvalita,1,Plná
exp2751,k3_final_26,A12,dopad,1,Krátkodobý úspěch
exp2751,k3_final_26,A12,vhodnost,1,2
exp2750,k3_final_26,A12,kvalita,1,Plná
exp2750,k3_final_26,A12,dopad,1,Dlouhodobý úspěch
exp2750,k3_final_26,A12,vhodnost,1,4
exp2749,k3_final_26,A12,kvalita,1,Plná
exp2749,k3_final_26,A12,dopad,1,Neúspěch
exp2749,k3_final_26,A12,vhodnost,1,2
exp2748,k3_final_26,A12,kvalita,1,Plná
exp2748,k3_final_26,A12,dopad,1,Dlouhodobý úspěch
exp2748,k3_final_26,A12,vhodnost,1,3
exp2747,k3_final_26,A12,kvalita,1,Plná
exp2747,k3_final_26,A12,dopad,1,Neúspěch
exp2747,k3_final_26,A12,vhodnost,1,2
exp2746,k3_final_26,A12,kvalita,1,Plná
exp2746,k3_final_26,A12,dopad,1,Dlouhodobý úspěch
exp2746,k3_final_26,A12,vhodnost,1,1
exp2745,k3_final_26,A12,kvalita,1,Plná
exp2745,k3_final_26,A12,dopad,1,Dlouhodobý úspěch
exp2745,k3_final_26,A12,vhodnost,1,3
exp2744,k3_final_26,A12,kvalita,1,Plná
exp2744,k3_final_26,A12,dopad,1,Krátkodobý úspěch
exp2744,k3_final_26,A12,vhodnost,1,3
exp2743,k3_final_26,A12,kvalita,1,Plná
exp2743,k3_final_26,A12,dopad,1,Krátkodobý úspěch
exp2743,k3_final_26,A12,vhodnost,1,3
exp2742,k3_final_26,A12,kvalita,1,Plná
exp2742,k3_final_26,A12,dopad,1,Krátkodobý úspěch
exp2742,k3_final_26,A12,vhodnost,1,3
exp2741,k3_final_26,A12,kvalita,1,Plná
exp2741,k3_final_26,A12,dopad,1,Krátkodobý úspěch
exp2741,k3_final_26,A12,vhodnost,1,3
exp2740,k3_final_26,A12,kvalita,1,Plná
exp2740,k3_final_26,A12,dopad,1,Dlouhodobý úspěch
exp2740,k3_final_26,A12,vhodnost,1,2
exp2739,k3_final_26,A12,kvalita,1,Plná
exp2739,k3_final_26,A12,dopad,1,Neúspěch
exp2739,k3_final_26,A12,vhodnost,1,3
exp2738,k3_final_26,A12,kvalita,1,Plná
exp2738,k3_final_26,A12,dopad,1,Neúspěch
exp2738,k3_final_26,A12,vhodnost,1,2
exp2737,k3_final_26,A12,kvalita,1,Plná
exp2737,k3_final_26,A12,dopad,1,Neúspěch
exp2737,k3_final_26,A12,vhodnost,1,3
exp2736,k3_final_26,A12,kvalita,1,Plná
exp2736,k3_final_26,A12,dopad,1,Krátkodobý úspěch
exp2736,k3_final_26,A12,vhodnost,1,3
exp2735,k3_final_26,A12,kvalita,1,Plná
exp2735,k3_final_26,A12,dopad,1,Krátkodobý úspěch
exp2735,k3_final_26,A12,vhodnost,1,4
exp2734,k3_final_26,A12,kvalita,1,Plná
exp2734,k3_final_26,A12,dopad,1,Neúspěch
exp2734,k3_final_26,A12,vhodnost,1,3
exp2733,k3_final_26,A12,kvalita,1,Plná
exp2733,k3_final_26,A12,dopad,1,Krátkodobý úspěch
exp2733,k3_final_26,A12,vhodnost,1,3
exp2732,k3_final_26,A12,kvalita,1,Plná
exp2732,k3_final_26,A12,dopad,1,Dlouhodobý úspěch
exp2732,k3_final_26,A12,vhodnost,1,4
exp2731,k3_final_26,A12,kvalita,1,Plná
exp2731,k3_final_26,A12,dopad,1,Dlouhodobý úspěch
exp2731,k3_final_26,A12,vhodnost,1,4
exp2730,k3_final_26,A12,kvalita,1,Plná
exp2730,k3_final_26,A12,dopad,1,Dlouhodobý úspěch
exp2730,k3_final_26,A12,vhodnost,1,4
exp2729,k3_final_26,A12,kvalita,1,Plná
exp2729,k3_final_26,A12,dopad,1,Krátkodobý úspěch
exp2729,k3_final_26,A12,vhodnost,1,4
exp2728,k3_final_26,A12,kvalita,1,Plná
exp2728,k3_final_26,A12,dopad,1,Dlouhodobý úspěch
exp2728,k3_final_26,A12,vhodnost,1,4
exp2727,k3_final_26,A12,kvalita,1,Plná
exp2727,k3_final_26,A12,dopad,1,Dlouhodobý úspěch
exp2727,k3_final_26,A12,vhodnost,1,3
exp2726,k3_final_26,A12,kvalita,1,Plná
exp2726,k3_final_26,A12,dopad,1,Krátkodobý úspěch
exp2726,k3_final_26,A12,vhodnost,1,3
exp2725,k3_final_26,A12,kvalita,1,Plná
exp2725,k3_final_26,A12,dopad,1,Krátkodobý úspěch
exp2725,k3_final_26,A12,vhodnost,1,3
exp2724,k3_final_26,A12,kvalita,1,Plná
exp2724,k3_final_26,A12,dopad,1,Krátkodobý úspěch
exp2724,k3_final_26,A12,vhodnost,1,3
exp2723,k3_final_26,A12,kvalita,1,Plná
exp2723,k3_final_26,A12,dopad,1,Dlouhodobý úspěch
exp2723,k3_final_26,A12,vhodnost,1,4
exp2722,k3_final_26,A12,kvalita,1,Plná
exp2722,k3_final_26,A12,dopad,1,Krátkodobý úspěch
exp2722,k3_final_26,A12,vhodnost,1,3
exp2721,k3_final_26,A12,kvalita,1,Plná
exp2721,k3_final_26,A12,dopad,1,Dlouhodobý úspěch
exp2721,k3_final_26,A12,vhodnost,1,4
exp2720,k3_final_26,A12,kvalita,1,Plná
exp2720,k3_final_26,A12,dopad,1,Neúspěch
exp2720,k3_final_26,A12,vhodnost,1,3
exp2719,k3_final_26,A12,kvalita,1,Plná
exp2719,k3_final_26,A12,dopad,1,Krátkodobý úspěch
exp2719,k3_final_26,A12,vhodnost,1,2
exp2718,k3_final_26,A12,kvalita,1,Plná
exp2718,k3_final_26,A12,dopad,1,Krátkodobý úspěch
exp2718,k3_final_26,A12,vhodnost,1,3
exp2717,k3_final_26,A12,kvalita,1,Plná
exp2717,k3_final_26,A12,dopad,1,Dlouhodobý úspěch
exp2717,k3_final_26,A12,vhodnost,1,4
exp2716,k3_final_26,A12,kvalita,1,Plná
exp2716,k3_final_26,A12,dopad,1,Dlouhodobý úspěch
exp2716,k3_final_26,A12,vhodnost,1,3
exp2715,k3_final_26,A12,kvalita,1,Plná
exp2715,k3_final_26,A12,dopad,1,Krátkodobý úspěch
exp2715,k3_final_26,A12,vhodnost,1,3
exp2714,k3_final_26,A12,kvalita,1,Plná
exp2714,k3_final_26,A12,dopad,1,Krátkodobý úspěch
exp2714,k3_final_26,A12,vhodnost,1,3
exp2713,k3_final_26,A12,kvalita,1,Plná
exp2713,k3_final_26,A12,dopad,1,Dlouhodobý úspěch
exp2713,k3_final_26,A12,vhodnost,1,4
exp2712,k3_final_26,A12,kvalita,1,Plná
exp2712,k3_final_26,A12,dopad,1,Krátkodobý úspěch
exp2712,k3_final_26,A12,vhodnost,1,2
exp2711,k3_final_26,A12,kvalita,1,Plná
exp2711,k3_final_26,A12,dopad,1,Dlouhodobý úspěch
exp2711,k3_final_26,A12,vhodnost,1,4
exp2710,k3_final_26,A12,kvalita,1,Plná
exp2710,k3_final_26,A12,dopad,1,Dlouhodobý úspěch
exp2710,k3_final_26,A12,vhodnost,1,4
exp2709,k3_final_26,A12,kvalita,1,Plná
exp2709,k3_final_26,A12,dopad,1,Krátkodobý úspěch
exp2709,k3_final_26,A12,vhodnost,1,3
exp2708,k3_final_26,A12,kvalita,1,Plná
exp2708,k3_final_26,A12,dopad,1,Dlouhodobý úspěch
exp2708,k3_final_26,A12,vhodnost,1,4
exp2707,k3_final_26,A12,kvalita,1,Plná
exp2707,k3_final_26,A12,dopad,1,Neúspěch
exp2707,k3_final_26,A12,vhodnost,1,4
exp2706,k3_final_26,A12,kvalita,1,Plná
exp2706,k3_final_26,A12,dopad,1,Krátkodobý úspěch
exp2706,k3_final_26,A12,vhodnost,1,3
exp2705,k3_final_26,A12,kvalita,1,Plochá
exp2705,k3_final_26,A12,dopad,1,Krátkodobý úspěch
exp2705,k3_final_26,A12,vhodnost,1,2
exp2704,k3_final_26,A12,kvalita,1,Plná
exp2704,k3_final_26,A12,dopad,1,Dlouhodobý úspěch
exp2704,k3_final_26,A12,vhodnost,1,3
exp2703,k3_final_26,A12,kvalita,1,Plná
exp2703,k3_final_26,A12,dopad,1,Dlouhodobý úspěch
exp2703,k3_final_26,A12,vhodnost,1,4
exp2702,k3_final_26,A12,kvalita,1,Plná
exp2702,k3_final_26,A12,dopad,1,Dlouhodobý úspěch
exp2702,k3_final_26,A12,vhodnost,1,4
exp2701,k3_final_26,A12,kvalita,1,Plná
exp2701,k3_final_26,A12,dopad,1,Krátkodobý úspěch
exp2701,k3_final_26,A12,vhodnost,1,3
exp2700,k3_final_26,A12,kvalita,1,Plná
exp2700,k3_final_26,A12,dopad,1,Neúspěch
exp2700,k3_final_26,A12,vhodnost,1,4
exp2699,k3_final_26,A12,kvalita,1,Plná
exp2699,k3_final_26,A12,dopad,1,Dlouhodobý úspěch
exp2699,k3_final_26,A12,vhodnost,1,4
exp2698,k3_final_26,A12,kvalita,1,Plná
exp2698,k3_final_26,A12,dopad,1,Neúspěch
exp2698,k3_final_26,A12,vhodnost,1,4
exp2697,k3_final_26,A12,kvalita,1,Plná
exp2697,k3_final_26,A12,dopad,1,Krátkodobý úspěch
exp2697,k3_final_26,A12,vhodnost,1,2
exp2696,k3_final_26,A12,kvalita,1,Plná
exp2696,k3_final_26,A12,dopad,1,Dlouhodobý úspěch
exp2696,k3_final_26,A12,vhodnost,1,4
exp2695,k3_final_26,A12,kvalita,1,Plná
exp2695,k3_final_26,A12,dopad,1,Krátkodobý úspěch
exp2695,k3_final_26,A12,vhodnost,1,3
exp2694,k3_final_26,A12,kvalita,1,Plná
exp2694,k3_final_26,A12,dopad,1,Dlouhodobý úspěch
exp2694,k3_final_26,A12,vhodnost,1,4
exp2693,k3_final_26,A12,kvalita,1,Plná
exp2693,k3_final_26,A12,dopad,1,Krátkodobý úspěch
exp2693,k3_final_26,A12,vhodnost,1,3
exp2692,k3_final_26,A12,kvalita,1,Plná
exp2692,k3_final_26,A12,dopad,1,Krátkodobý úspěch
exp2692,k3_final_26,A12,vhodnost,1,3
exp2691,k3_final_26,A12,kvalita,1,Plochá
exp2691,k3_final_26,A12,dopad,1,Dlouhodobý úspěch
exp2691,k3_final_26,A12,vhodnost,1,4
exp2690,k3_final_26,A12,kvalita,1,Plná
exp2690,k3_final_26,A12,dopad,1,Krátkodobý úspěch
exp2690,k3_final_26,A12,vhodnost,1,3
exp2689,k3_final_26,A12,kvalita,1,Plná
exp2689,k3_final_26,A12,dopad,1,Krátkodobý úspěch
exp2689,k3_final_26,A12,vhodnost,1,4
exp2688,k3_final_26,A12,kvalita,1,Plná
exp2688,k3_final_26,A12,dopad,1,Krátkodobý úspěch
exp2688,k3_final_26,A12,vhodnost,1,3
exp2687,k3_final_26,A12,kvalita,1,Plná
exp2687,k3_final_26,A12,dopad,1,Krátkodobý úspěch
exp2687,k3_final_26,A12,vhodnost,1,3
exp2686,k3_final_26,A12,kvalita,1,Plná
exp2686,k3_final_26,A12,dopad,1,Dlouhodobý úspěch
exp2686,k3_final_26,A12,vhodnost,1,4
exp2685,k3_final_26,A12,kvalita,1,Plochá
exp2684,k3_final_26,A12,kvalita,1,Plná
exp2684,k3_final_26,A12,dopad,1,Dlouhodobý úspěch
exp2684,k3_final_26,A12,vhodnost,1,3
exp2683,k3_final_26,A12,kvalita,1,Plná
exp2683,k3_final_26,A12,dopad,1,Dlouhodobý úspěch
exp2683,k3_final_26,A12,vhodnost,1,4
exp2682,k3_final_26,A12,kvalita,1,Plná
exp2682,k3_final_26,A12,dopad,1,Dlouhodobý úspěch
exp2682,k3_final_26,A12,vhodnost,1,4
exp2681,k3_final_26,A12,kvalita,1,Plná
exp2681,k3_final_26,A12,dopad,1,Krátkodobý úspěch
exp2681,k3_final_26,A12,vhodnost,1,2
exp2680,k3_final_26,A12,kvalita,1,Plná
exp2680,k3_final_26,A12,dopad,1,Krátkodobý úspěch
exp2680,k3_final_26,A12,vhodnost,1,3
exp2679,k3_final_26,A12,kvalita,1,Plná
exp2679,k3_final_26,A12,dopad,1,Neúspěch
exp2679,k3_final_26,A12,vhodnost,1,1
exp2678,k3_final_26,A12,kvalita,1,Plná
exp2678,k3_final_26,A12,dopad,1,Dlouhodobý úspěch
exp2678,k3_final_26,A12,vhodnost,1,4
exp2677,k3_final_26,A12,kvalita,1,Plná
exp2677,k3_final_26,A12,dopad,1,Krátkodobý úspěch
exp2677,k3_final_26,A12,vhodnost,1,4
exp2676,k3_final_26,A12,kvalita,1,Plná
exp2676,k3_final_26,A12,dopad,1,Krátkodobý úspěch
exp2676,k3_final_26,A12,vhodnost,1,4
exp2675,k3_final_26,A12,kvalita,1,Plná
exp2675,k3_final_26,A12,dopad,1,Krátkodobý úspěch
exp2675,k3_final_26,A12,vhodnost,1,3
exp2674,k3_final_26,A12,kvalita,1,Plná
exp2674,k3_final_26,A12,dopad,1,Dlouhodobý úspěch
exp2674,k3_final_26,A12,vhodnost,1,4
exp2673,k3_final_26,A12,kvalita,1,Plná
exp2673,k3_final_26,A12,dopad,1,Krátkodobý úspěch
exp2673,k3_final_26,A12,vhodnost,1,4
exp2672,k3_final_26,A12,kvalita,1,Plná
exp2672,k3_final_26,A12,dopad,1,Dlouhodobý úspěch
exp2672,k3_final_26,A12,vhodnost,1,4
exp2671,k3_final_26,A12,kvalita,1,Plná
exp2671,k3_final_26,A12,dopad,1,Dlouhodobý úspěch
exp2671,k3_final_26,A12,vhodnost,1,4
exp2670,k3_final_26,A12,kvalita,1,Plná
exp2670,k3_final_26,A12,dopad,1,Krátkodobý úspěch
exp2670,k3_final_26,A12,vhodnost,1,3
exp2669,k3_final_26,A12,kvalita,1,Plná
exp2669,k3_final_26,A12,dopad,1,Krátkodobý úspěch
exp2669,k3_final_26,A12,vhodnost,1,4
exp2668,k3_final_26,A12,kvalita,1,Plná
exp2668,k3_final_26,A12,dopad,1,Krátkodobý úspěch
exp2668,k3_final_26,A12,vhodnost,1,3
exp2667,k3_final_26,A12,kvalita,1,Plná
exp2667,k3_final_26,A12,dopad,1,Dlouhodobý úspěch
exp2667,k3_final_26,A12,vhodnost,1,4
exp2666,k3_final_26,A12,kvalita,1,Plná
exp2666,k3_final_26,A12,dopad,1,Dlouhodobý úspěch
exp2666,k3_final_26,A12,vhodnost,1,4
exp2665,k3_final_26,A12,kvalita,1,Plná
exp2665,k3_final_26,A12,dopad,1,Dlouhodobý úspěch
exp2665,k3_final_26,A12,vhodnost,1,4
exp2664,k3_final_26,A12,kvalita,1,Plná
exp2664,k3_final_26,A12,dopad,1,Dlouhodobý úspěch
exp2664,k3_final_26,A12,vhodnost,1,3
exp2663,k3_final_26,A12,kvalita,1,Plná
exp2663,k3_final_26,A12,dopad,1,Krátkodobý úspěch
exp2663,k3_final_26,A12,vhodnost,1,3
exp2662,k3_final_26,A12,kvalita,1,Plná
exp2662,k3_final_26,A12,dopad,1,Krátkodobý úspěch
exp2662,k3_final_26,A12,vhodnost,1,4
exp2661,k3_final_26,A12,kvalita,1,Plná
exp2661,k3_final_26,A12,dopad,1,Neúspěch
exp2661,k3_final_26,A12,vhodnost,1,4
exp2659,k3_final_26,A12,kvalita,1,Plná
exp2659,k3_final_26,A12,dopad,1,Dlouhodobý úspěch
exp2659,k3_final_26,A12,vhodnost,1,4
exp2658,k3_final_26,A12,kvalita,1,Plná
exp2658,k3_final_26,A12,dopad,1,Dlouhodobý úspěch
exp2658,k3_final_26,A12,vhodnost,1,4
exp2657,k3_final_26,A12,kvalita,1,Plná
exp2657,k3_final_26,A12,dopad,1,Krátkodobý úspěch
exp2657,k3_final_26,A12,vhodnost,1,4
exp2656,k3_final_26,A12,kvalita,1,Plná
exp2656,k3_final_26,A12,dopad,1,Krátkodobý úspěch
exp2656,k3_final_26,A12,vhodnost,1,3
exp2655,k3_final_26,A12,kvalita,1,Plná
exp2655,k3_final_26,A12,dopad,1,Krátkodobý úspěch
exp2655,k3_final_26,A12,vhodnost,1,3
exp2654,k3_final_26,A12,kvalita,1,Plná
exp2654,k3_final_26,A12,dopad,1,Dlouhodobý úspěch
exp2654,k3_final_26,A12,vhodnost,1,4
exp2653,k3_final_26,A12,kvalita,1,Plná
exp2653,k3_final_26,A12,dopad,1,Krátkodobý úspěch
exp2653,k3_final_26,A12,vhodnost,1,2
exp2652,k3_final_26,A12,kvalita,1,Plná
exp2652,k3_final_26,A12,dopad,1,Krátkodobý úspěch
exp2652,k3_final_26,A12,vhodnost,1,2
exp2651,k3_final_26,A12,kvalita,1,Plná
exp2651,k3_final_26,A12,dopad,1,Dlouhodobý úspěch
exp2651,k3_final_26,A12,vhodnost,1,4
exp2650,k3_final_26,A12,kvalita,1,Plná
exp2650,k3_final_26,A12,dopad,1,Krátkodobý úspěch
exp2650,k3_final_26,A12,vhodnost,1,4
exp2649,k3_final_26,A12,kvalita,1,Plochá
exp2648,k3_final_26,A12,kvalita,1,Plná
exp2648,k3_final_26,A12,dopad,1,Krátkodobý úspěch
exp2648,k3_final_26,A12,vhodnost,1,3
exp2647,k3_final_26,A12,kvalita,1,Plná
exp2647,k3_final_26,A12,dopad,1,Dlouhodobý úspěch
exp2647,k3_final_26,A12,vhodnost,1,4
exp2646,k3_final_26,A12,kvalita,1,Plná
exp2646,k3_final_26,A12,dopad,1,Krátkodobý úspěch
exp2646,k3_final_26,A12,vhodnost,1,4
exp2645,k3_final_26,A12,kvalita,1,Plná
exp2645,k3_final_26,A12,dopad,1,Dlouhodobý úspěch
exp2645,k3_final_26,A12,vhodnost,1,4
exp2644,k3_final_26,A12,kvalita,1,Plná
exp2644,k3_final_26,A12,dopad,1,Dlouhodobý úspěch
exp2644,k3_final_26,A12,vhodnost,1,4
exp2643,k3_final_26,A12,kvalita,1,Plná
exp2643,k3_final_26,A12,dopad,1,Krátkodobý úspěch
exp2643,k3_final_26,A12,vhodnost,1,4
exp2642,k3_final_26,A12,kvalita,1,Plná
exp2642,k3_final_26,A12,dopad,1,Krátkodobý úspěch
exp2642,k3_final_26,A12,vhodnost,1,4
exp2641,k3_final_26,A12,kvalita,1,Plná
exp2641,k3_final_26,A12,dopad,1,Krátkodobý úspěch
exp2641,k3_final_26,A12,vhodnost,1,4
exp2640,k3_final_26,A12,kvalita,1,Plná
exp2640,k3_final_26,A12,dopad,1,Dlouhodobý úspěch
exp2640,k3_final_26,A12,vhodnost,1,3
exp2639,k3_final_26,A12,kvalita,1,Plná
exp2639,k3_final_26,A12,dopad,1,Neúspěch
exp2639,k3_final_26,A12,vhodnost,1,3
exp2637,k3_final_26,A12,kvalita,1,Plná
exp2637,k3_final_26,A12,dopad,1,Dlouhodobý úspěch
exp2637,k3_final_26,A12,vhodnost,1,4
exp2636,k3_final_26,A12,kvalita,1,Plná
exp2636,k3_final_26,A12,dopad,1,Dlouhodobý úspěch
exp2636,k3_final_26,A12,vhodnost,1,3
exp2635,k3_final_26,A12,kvalita,1,Plná
exp2635,k3_final_26,A12,dopad,1,Neúspěch
exp2635,k3_final_26,A12,vhodnost,1,3
exp2634,k3_final_26,A12,kvalita,1,Plná
exp2634,k3_final_26,A12,dopad,1,Krátkodobý úspěch
exp2634,k3_final_26,A12,vhodnost,1,3
exp2633,k3_final_26,A12,kvalita,1,Plná
exp2633,k3_final_26,A12,dopad,1,Krátkodobý úspěch
exp2633,k3_final_26,A12,vhodnost,1,4
exp2632,k3_final_26,A12,kvalita,1,Plná
exp2632,k3_final_26,A12,dopad,1,Krátkodobý úspěch
exp2632,k3_final_26,A12,vhodnost,1,4
exp2631,k3_final_26,A12,kvalita,1,Plná
exp2631,k3_final_26,A12,dopad,1,Krátkodobý úspěch
exp2631,k3_final_26,A12,vhodnost,1,3
exp2630,k3_final_26,A12,kvalita,1,Plná
exp2630,k3_final_26,A12,dopad,1,Dlouhodobý úspěch
exp2630,k3_final_26,A12,vhodnost,1,4
exp2629,k3_final_26,A12,kvalita,1,Plná
exp2629,k3_final_26,A12,dopad,1,Krátkodobý úspěch
exp2629,k3_final_26,A12,vhodnost,1,3
exp2628,k3_final_26,A12,kvalita,1,Plná
exp2628,k3_final_26,A12,dopad,1,Dlouhodobý úspěch
exp2628,k3_final_26,A12,vhodnost,1,3
exp2627,k3_final_26,A12,kvalita,1,Plná
exp2627,k3_final_26,A12,dopad,1,Krátkodobý úspěch
exp2627,k3_final_26,A12,vhodnost,1,2
exp2626,k3_final_26,A12,kvalita,1,Plná
exp2626,k3_final_26,A12,dopad,1,Neúspěch
exp2626,k3_final_26,A12,vhodnost,1,2
exp2625,k3_final_26,A12,kvalita,1,Plochá
exp2625,k3_final_26,A12,dopad,1,Neúspěch
exp2625,k3_final_26,A12,vhodnost,1,2
exp2624,k3_final_26,A12,kvalita,1,Plná
exp2624,k3_final_26,A12,dopad,1,Dlouhodobý úspěch
exp2624,k3_final_26,A12,vhodnost,1,4
exp2623,k3_final_26,A12,kvalita,1,Plná
exp2623,k3_final_26,A12,dopad,1,Neúspěch
exp2623,k3_final_26,A12,vhodnost,1,3
exp2622,k3_final_26,A12,kvalita,1,Plná
exp2622,k3_final_26,A12,dopad,1,Krátkodobý úspěch
exp2622,k3_final_26,A12,vhodnost,1,3
exp2621,k3_final_26,A12,kvalita,1,Plná
exp2621,k3_final_26,A12,dopad,1,Krátkodobý úspěch
exp2621,k3_final_26,A12,vhodnost,1,4
exp2620,k3_final_26,A12,kvalita,1,Plná
exp2620,k3_final_26,A12,dopad,1,Neúspěch
exp2620,k3_final_26,A12,vhodnost,1,2
exp2619,k3_final_26,A12,kvalita,1,Plná
exp2619,k3_final_26,A12,dopad,1,Dlouhodobý úspěch
exp2619,k3_final_26,A12,vhodnost,1,4
exp2618,k3_final_26,A12,kvalita,1,Plná
exp2618,k3_final_26,A12,dopad,1,Krátkodobý úspěch
exp2618,k3_final_26,A12,vhodnost,1,3
exp2617,k3_final_26,A12,kvalita,1,Plochá
exp2616,k3_final_26,A12,kvalita,1,Plná
exp2616,k3_final_26,A12,dopad,1,Neúspěch
exp2616,k3_final_26,A12,vhodnost,1,2
exp2615,k3_final_26,A12,kvalita,1,Plná
exp2615,k3_final_26,A12,dopad,1,Neúspěch
exp2615,k3_final_26,A12,vhodnost,1,3
exp2614,k3_final_26,A12,kvalita,1,Plná
exp2614,k3_final_26,A12,dopad,1,Krátkodobý úspěch
exp2614,k3_final_26,A12,vhodnost,1,3
exp2613,k3_final_26,A12,kvalita,1,Plná
exp2613,k3_final_26,A12,dopad,1,Dlouhodobý úspěch
exp2613,k3_final_26,A12,vhodnost,1,3
exp2612,k3_final_26,A12,kvalita,1,Plná
exp2612,k3_final_26,A12,dopad,1,Dlouhodobý úspěch
exp2612,k3_final_26,A12,vhodnost,1,4
exp2611,k3_final_26,A12,kvalita,1,Plná
exp2611,k3_final_26,A12,dopad,1,Dlouhodobý úspěch
exp2611,k3_final_26,A12,vhodnost,1,4
exp2610,k3_final_26,A12,kvalita,1,Plná
exp2610,k3_final_26,A12,dopad,1,Krátkodobý úspěch
exp2610,k3_final_26,A12,vhodnost,1,3
exp2609,k3_final_26,A12,kvalita,1,Plná
exp2609,k3_final_26,A12,dopad,1,Dlouhodobý úspěch
exp2609,k3_final_26,A12,vhodnost,1,4
exp2608,k3_final_26,A12,kvalita,1,Plná
exp2608,k3_final_26,A12,dopad,1,Dlouhodobý úspěch
exp2608,k3_final_26,A12,vhodnost,1,4
exp2607,k3_final_26,A12,kvalita,1,Plná
exp2607,k3_final_26,A12,dopad,1,Dlouhodobý úspěch
exp2607,k3_final_26,A12,vhodnost,1,4
exp2606,k3_final_26,A12,kvalita,1,Plná
exp2606,k3_final_26,A12,dopad,1,Krátkodobý úspěch
exp2606,k3_final_26,A12,vhodnost,1,3
exp2605,k3_final_26,A12,kvalita,1,Plná
exp2605,k3_final_26,A12,dopad,1,Dlouhodobý úspěch
exp2605,k3_final_26,A12,vhodnost,1,4
exp2604,k3_final_26,A12,kvalita,1,Plná
exp2604,k3_final_26,A12,dopad,1,Dlouhodobý úspěch
exp2604,k3_final_26,A12,vhodnost,1,4
exp2603,k3_final_26,A12,kvalita,1,Plná
exp2603,k3_final_26,A12,dopad,1,Neúspěch
exp2603,k3_final_26,A12,vhodnost,1,3
exp2602,k3_final_26,A12,kvalita,1,Plná
exp2602,k3_final_26,A12,dopad,1,Dlouhodobý úspěch
exp2602,k3_final_26,A12,vhodnost,1,4
exp2601,k3_final_26,A12,kvalita,1,Plná
exp2601,k3_final_26,A12,dopad,1,Krátkodobý úspěch
exp2601,k3_final_26,A12,vhodnost,1,3
exp2600,k3_final_26,A12,kvalita,1,Plná
exp2600,k3_final_26,A12,dopad,1,Dlouhodobý úspěch
exp2600,k3_final_26,A12,vhodnost,1,4
exp2599,k3_final_26,A12,kvalita,1,Plná
exp2599,k3_final_26,A12,dopad,1,Krátkodobý úspěch
exp2599,k3_final_26,A12,vhodnost,1,3
exp2598,k3_final_26,A12,kvalita,1,Plná
exp2598,k3_final_26,A12,dopad,1,Dlouhodobý úspěch
exp2598,k3_final_26,A12,vhodnost,1,4
exp2597,k3_final_26,A12,kvalita,1,Plná
exp2597,k3_final_26,A12,dopad,1,Krátkodobý úspěch
exp2597,k3_final_26,A12,vhodnost,1,3
exp2596,k3_final_26,A12,kvalita,1,Plná
exp2596,k3_final_26,A12,dopad,1,Dlouhodobý úspěch
exp2596,k3_final_26,A12,vhodnost,1,4
exp2595,k3_final_26,A12,kvalita,1,Plná
exp2595,k3_final_26,A12,dopad,1,Neúspěch
exp2595,k3_final_26,A12,vhodnost,1,3
exp2594,k3_final_26,A12,kvalita,1,Plná
exp2594,k3_final_26,A12,dopad,1,Krátkodobý úspěch
exp2594,k3_final_26,A12,vhodnost,1,4
exp2593,k3_final_26,A12,kvalita,1,Plná
exp2593,k3_final_26,A12,dopad,1,Dlouhodobý úspěch
exp2593,k3_final_26,A12,vhodnost,1,4
exp2592,k3_final_26,A12,kvalita,1,Plná
exp2592,k3_final_26,A12,dopad,1,Dlouhodobý úspěch
exp2592,k3_final_26,A12,vhodnost,1,4
exp2590,k3_final_26,A12,kvalita,1,Plná
exp2590,k3_final_26,A12,dopad,1,Dlouhodobý úspěch
exp2590,k3_final_26,A12,vhodnost,1,4
exp2589,k3_final_26,A12,kvalita,1,Plná
exp2589,k3_final_26,A12,dopad,1,Dlouhodobý úspěch
exp2589,k3_final_26,A12,vhodnost,1,4
exp2588,k3_final_26,A12,kvalita,1,Plná
exp2588,k3_final_26,A12,dopad,1,Krátkodobý úspěch
exp2588,k3_final_26,A12,vhodnost,1,3
exp2587,k3_final_26,A12,kvalita,1,Plná
exp2587,k3_final_26,A12,dopad,1,Dlouhodobý úspěch
exp2587,k3_final_26,A12,vhodnost,1,4
exp2586,k3_final_26,A12,kvalita,1,Plná
exp2586,k3_final_26,A12,dopad,1,Krátkodobý úspěch
exp2586,k3_final_26,A12,vhodnost,1,4
exp2585,k3_final_26,A12,kvalita,1,Plná
exp2585,k3_final_26,A12,dopad,1,Dlouhodobý úspěch
exp2585,k3_final_26,A12,vhodnost,1,3
exp2584,k3_final_26,A12,kvalita,1,Plná
exp2584,k3_final_26,A12,dopad,1,Dlouhodobý úspěch
exp2584,k3_final_26,A12,vhodnost,1,4
exp2583,k3_final_26,A12,kvalita,1,Plná
exp2583,k3_final_26,A12,dopad,1,Dlouhodobý úspěch
exp2583,k3_final_26,A12,vhodnost,1,4
exp2582,k3_final_26,A12,kvalita,1,Plná
exp2582,k3_final_26,A12,dopad,1,Dlouhodobý úspěch
exp2582,k3_final_26,A12,vhodnost,1,4
exp2581,k3_final_26,A12,kvalita,1,Plná
exp2581,k3_final_26,A12,dopad,1,Krátkodobý úspěch
exp2581,k3_final_26,A12,vhodnost,1,3
exp2580,k3_final_26,A12,kvalita,1,Plná
exp2580,k3_final_26,A12,dopad,1,Dlouhodobý úspěch
exp2580,k3_final_26,A12,vhodnost,1,4
exp2579,k3_final_26,A12,kvalita,1,Plná
exp2579,k3_final_26,A12,dopad,1,Krátkodobý úspěch
exp2579,k3_final_26,A12,vhodnost,1,3
exp2578,k3_final_26,A12,kvalita,1,Plná
exp2578,k3_final_26,A12,dopad,1,Dlouhodobý úspěch
exp2578,k3_final_26,A12,vhodnost,1,4
exp2577,k3_final_26,A12,kvalita,1,Plná
exp2577,k3_final_26,A12,dopad,1,Krátkodobý úspěch
exp2577,k3_final_26,A12,vhodnost,1,4
exp2576,k3_final_26,A12,kvalita,1,Plná
exp2576,k3_final_26,A12,dopad,1,Dlouhodobý úspěch
exp2576,k3_final_26,A12,vhodnost,1,4
exp2575,k3_final_26,A12,kvalita,1,Plná
exp2575,k3_final_26,A12,dopad,1,Dlouhodobý úspěch
exp2575,k3_final_26,A12,vhodnost,1,3
exp2574,k3_final_26,A12,kvalita,1,Plná
exp2574,k3_final_26,A12,dopad,1,Krátkodobý úspěch
exp2574,k3_final_26,A12,vhodnost,1,3
exp2573,k3_final_26,A12,kvalita,1,Plná
exp2573,k3_final_26,A12,dopad,1,Krátkodobý úspěch
exp2573,k3_final_26,A12,vhodnost,1,3
exp2572,k3_final_26,A12,kvalita,1,Plná
exp2572,k3_final_26,A12,dopad,1,Neúspěch
exp2572,k3_final_26,A12,vhodnost,1,3
exp2571,k3_final_26,A12,kvalita,1,Plná
exp2571,k3_final_26,A12,dopad,1,Krátkodobý úspěch
exp2571,k3_final_26,A12,vhodnost,1,3
exp2570,k3_final_26,A12,kvalita,1,Plná
exp2570,k3_final_26,A12,dopad,1,Dlouhodobý úspěch
exp2570,k3_final_26,A12,vhodnost,1,4
exp2569,k3_final_26,A12,kvalita,1,Plná
exp2569,k3_final_26,A12,dopad,1,Dlouhodobý úspěch
exp2569,k3_final_26,A12,vhodnost,1,4
exp2568,k3_final_26,A12,kvalita,1,Plná
exp2568,k3_final_26,A12,dopad,1,Dlouhodobý úspěch
exp2568,k3_final_26,A12,vhodnost,1,4
exp2567,k3_final_26,A12,kvalita,1,Plná
exp2567,k3_final_26,A12,dopad,1,Krátkodobý úspěch
exp2567,k3_final_26,A12,vhodnost,1,3
exp2566,k3_final_26,A12,kvalita,1,Plná
exp2566,k3_final_26,A12,dopad,1,Dlouhodobý úspěch
exp2566,k3_final_26,A12,vhodnost,1,4
exp2565,k3_final_26,A12,kvalita,1,Plná
exp2565,k3_final_26,A12,dopad,1,Krátkodobý úspěch
exp2565,k3_final_26,A12,vhodnost,1,3
exp2564,k3_final_26,A12,kvalita,1,Plná
exp2564,k3_final_26,A12,dopad,1,Krátkodobý úspěch
exp2564,k3_final_26,A12,vhodnost,1,3
exp2563,k3_final_26,A12,kvalita,1,Plná
exp2563,k3_final_26,A12,dopad,1,Dlouhodobý úspěch
exp2563,k3_final_26,A12,vhodnost,1,4
exp2562,k3_final_26,A12,kvalita,1,Plná
exp2562,k3_final_26,A12,dopad,1,Dlouhodobý úspěch
exp2562,k3_final_26,A12,vhodnost,1,4
exp2561,k3_final_26,A12,kvalita,1,Plná
exp2561,k3_final_26,A12,dopad,1,Neúspěch
exp2561,k3_final_26,A12,vhodnost,1,3
exp2560,k3_final_26,A12,kvalita,1,Plná
exp2560,k3_final_26,A12,dopad,1,Dlouhodobý úspěch
exp2560,k3_final_26,A12,vhodnost,1,3
exp2559,k3_final_26,A12,kvalita,1,Plná
exp2559,k3_final_26,A12,dopad,1,Krátkodobý úspěch
exp2559,k3_final_26,A12,vhodnost,1,3
exp2558,k3_final_26,A12,kvalita,1,Plná
exp2558,k3_final_26,A12,dopad,1,Krátkodobý úspěch
exp2558,k3_final_26,A12,vhodnost,1,2
exp2557,k3_final_26,A12,kvalita,1,Plná
exp2557,k3_final_26,A12,dopad,1,Neúspěch
exp2557,k3_final_26,A12,vhodnost,1,3
exp2556,k3_final_26,A12,kvalita,1,Plná
exp2556,k3_final_26,A12,dopad,1,Neúspěch
exp2556,k3_final_26,A12,vhodnost,1,4
exp2555,k3_final_26,A12,kvalita,1,Plná
exp2555,k3_final_26,A12,dopad,1,Dlouhodobý úspěch
exp2555,k3_final_26,A12,vhodnost,1,4
exp2554,k3_final_26,A12,kvalita,1,Plná
exp2554,k3_final_26,A12,dopad,1,Dlouhodobý úspěch
exp2554,k3_final_26,A12,vhodnost,1,4
exp2553,k3_final_26,A12,kvalita,1,Plná
exp2553,k3_final_26,A12,dopad,1,Krátkodobý úspěch
exp2553,k3_final_26,A12,vhodnost,1,3
exp2552,k3_final_26,A12,kvalita,1,Plná
exp2552,k3_final_26,A12,dopad,1,Krátkodobý úspěch
exp2552,k3_final_26,A12,vhodnost,1,3
exp2551,k3_final_26,A12,kvalita,1,Plná
exp2551,k3_final_26,A12,dopad,1,Dlouhodobý úspěch
exp2551,k3_final_26,A12,vhodnost,1,4
exp2550,k3_final_26,A12,kvalita,1,Plná
exp2550,k3_final_26,A12,dopad,1,Dlouhodobý úspěch
exp2550,k3_final_26,A12,vhodnost,1,2
exp2549,k3_final_26,A12,kvalita,1,Plná
exp2549,k3_final_26,A12,dopad,1,Krátkodobý úspěch
exp2549,k3_final_26,A12,vhodnost,1,4
exp2548,k3_final_26,A12,kvalita,1,Plná
exp2548,k3_final_26,A12,dopad,1,Krátkodobý úspěch
exp2548,k3_final_26,A12,vhodnost,1,4
exp2547,k3_final_26,A12,kvalita,1,Plná
exp2547,k3_final_26,A12,dopad,1,Neúspěch
exp2547,k3_final_26,A12,vhodnost,1,2
exp2546,k3_final_26,A12,kvalita,1,Plná
exp2546,k3_final_26,A12,dopad,1,Krátkodobý úspěch
exp2546,k3_final_26,A12,vhodnost,1,2
exp2545,k3_final_26,A12,kvalita,1,Plná
exp2545,k3_final_26,A12,dopad,1,Dlouhodobý úspěch
exp2545,k3_final_26,A12,vhodnost,1,4
exp2544,k3_final_26,A12,kvalita,1,Plná
exp2544,k3_final_26,A12,dopad,1,Krátkodobý úspěch
exp2544,k3_final_26,A12,vhodnost,1,3
exp2543,k3_final_26,A12,kvalita,1,Plná
exp2543,k3_final_26,A12,dopad,1,Neúspěch
exp2543,k3_final_26,A12,vhodnost,1,4
exp2542,k3_final_26,A12,kvalita,1,Plná
exp2542,k3_final_26,A12,dopad,1,Krátkodobý úspěch
exp2542,k3_final_26,A12,vhodnost,1,4
exp2541,k3_final_26,A12,kvalita,1,Plná
exp2541,k3_final_26,A12,dopad,1,Dlouhodobý úspěch
exp2541,k3_final_26,A12,vhodnost,1,2
exp2540,k3_final_26,A12,kvalita,1,Plná
exp2540,k3_final_26,A12,dopad,1,Krátkodobý úspěch
exp2540,k3_final_26,A12,vhodnost,1,4
exp2539,k3_final_26,A12,kvalita,1,Plná
exp2539,k3_final_26,A12,dopad,1,Dlouhodobý úspěch
exp2539,k3_final_26,A12,vhodnost,1,4
exp2538,k3_final_26,A12,kvalita,1,Plná
exp2538,k3_final_26,A12,dopad,1,Krátkodobý úspěch
exp2538,k3_final_26,A12,vhodnost,1,4
exp2537,k3_final_26,A12,kvalita,1,Plná
exp2537,k3_final_26,A12,dopad,1,Dlouhodobý úspěch
exp2537,k3_final_26,A12,vhodnost,1,4
exp2536,k3_final_26,A12,kvalita,1,Plná
exp2536,k3_final_26,A12,dopad,1,Neúspěch
exp2536,k3_final_26,A12,vhodnost,1,2
exp2535,k3_final_26,A12,kvalita,1,Plná
exp2535,k3_final_26,A12,dopad,1,Dlouhodobý úspěch
exp2535,k3_final_26,A12,vhodnost,1,4
exp2534,k3_final_26,A12,kvalita,1,Plná
exp2534,k3_final_26,A12,dopad,1,Krátkodobý úspěch
exp2534,k3_final_26,A12,vhodnost,1,3
exp2533,k3_final_26,A12,kvalita,1,Plná
exp2533,k3_final_26,A12,dopad,1,Dlouhodobý úspěch
exp2533,k3_final_26,A12,vhodnost,1,4
exp2532,k3_final_26,A12,kvalita,1,Plná
exp2532,k3_final_26,A12,dopad,1,Dlouhodobý úspěch
exp2532,k3_final_26,A12,vhodnost,1,4
exp2531,k3_final_26,A12,kvalita,1,Plná
exp2531,k3_final_26,A12,dopad,1,Neúspěch
exp2531,k3_final_26,A12,vhodnost,1,3
exp2530,k3_final_26,A12,kvalita,1,Plochá
exp2529,k3_final_26,A12,kvalita,1,Plochá
exp2528,k3_final_26,A12,kvalita,1,Plochá
exp2528,k3_final_26,A12,dopad,1,Dlouhodobý úspěch
exp2528,k3_final_26,A12,vhodnost,1,3
exp2524,k3_final_26,A12,kvalita,1,Plochá
exp2524,k3_final_26,A12,dopad,1,Neúspěch
exp2524,k3_final_26,A12,vhodnost,1,1
exp2523,k3_final_26,A12,kvalita,1,Plná
exp2523,k3_final_26,A12,dopad,1,Krátkodobý úspěch
exp2523,k3_final_26,A12,vhodnost,1,4
exp2522,k3_final_26,A12,kvalita,1,Plná
exp2522,k3_final_26,A12,dopad,1,Krátkodobý úspěch
exp2522,k3_final_26,A12,vhodnost,1,3
exp2519,k3_final_26,A12,kvalita,1,Plochá
exp2513,k3_final_26,A12,kvalita,1,Plná
exp2513,k3_final_26,A12,dopad,1,Krátkodobý úspěch
exp2513,k3_final_26,A12,vhodnost,1,4
exp2512,k3_final_26,A12,kvalita,1,Plná
exp2512,k3_final_26,A12,dopad,1,Dlouhodobý úspěch
exp2512,k3_final_26,A12,vhodnost,1,4
exp2511,k3_final_26,A12,kvalita,1,Plochá
exp2510,k3_final_26,A12,kvalita,1,Plná
exp2510,k3_final_26,A12,dopad,1,Krátkodobý úspěch
exp2510,k3_final_26,A12,vhodnost,1,4
exp2501,k3_final_26,A12,kvalita,1,Plná
exp2501,k3_final_26,A12,dopad,1,Dlouhodobý úspěch
exp2501,k3_final_26,A12,vhodnost,1,4
exp2500,k3_final_26,A12,kvalita,1,Plná
exp2500,k3_final_26,A12,dopad,1,Krátkodobý úspěch
exp2500,k3_final_26,A12,vhodnost,1,3
exp2495,k3_final_26,A12,kvalita,1,Plochá
exp2493,k3_final_26,A12,kvalita,1,Plná
exp2493,k3_final_26,A12,dopad,1,Dlouhodobý úspěch
exp2493,k3_final_26,A12,vhodnost,1,4
exp2492,k3_final_26,A12,kvalita,1,Plná
exp2492,k3_final_26,A12,dopad,1,Dlouhodobý úspěch
exp2492,k3_final_26,A12,vhodnost,1,4
exp2491,k3_final_26,A12,kvalita,1,Plná
exp2491,k3_final_26,A12,dopad,1,Dlouhodobý úspěch
exp2491,k3_final_26,A12,vhodnost,1,4
exp2488,k3_final_26,A12,kvalita,1,Plná
exp2488,k3_final_26,A12,dopad,1,Dlouhodobý úspěch
exp2488,k3_final_26,A12,vhodnost,1,4
exp2476,k3_final_26,A12,kvalita,1,Plochá
exp2475,k3_final_26,A12,kvalita,1,Plná
exp2475,k3_final_26,A12,dopad,1,Dlouhodobý úspěch
exp2475,k3_final_26,A12,vhodnost,1,4
exp2472,k3_final_26,A12,kvalita,1,Plochá
exp2471,k3_final_26,A12,kvalita,1,Plochá
exp2471,k3_final_26,A12,dopad,1,Neúspěch
exp2471,k3_final_26,A12,vhodnost,1,2
exp2465,k3_final_26,A12,kvalita,1,Plná
exp2465,k3_final_26,A12,dopad,1,Dlouhodobý úspěch
exp2465,k3_final_26,A12,vhodnost,1,4
exp2464,k3_final_26,A12,kvalita,1,Plná
exp2464,k3_final_26,A12,dopad,1,Dlouhodobý úspěch
exp2464,k3_final_26,A12,vhodnost,1,4
exp2463,k3_final_26,A12,kvalita,1,Plochá
exp2463,k3_final_26,A12,dopad,1,Krátkodobý úspěch
exp2463,k3_final_26,A12,vhodnost,1,3
exp2462,k3_final_26,A12,kvalita,1,Plochá
,k3_final_26,A12,kvalita,1,Plochá
exp2449,k3_final_26,A12,kvalita,1,Plochá
exp2448,k3_final_26,A12,kvalita,1,Plochá
exp2435,k3_final_26,A12,kvalita,1,Plná
exp2435,k3_final_26,A12,dopad,1,Krátkodobý úspěch
exp2435,k3_final_26,A12,vhodnost,1,3
exp2432,k3_final_26,A12,kvalita,1,Plná
exp2432,k3_final_26,A12,dopad,1,Neúspěch
exp2432,k3_final_26,A12,vhodnost,1,2
exp2431,k3_final_26,A12,kvalita,1,Plochá
exp2431,k3_final_26,A12,dopad,1,Neúspěch
exp2426,k3_final_26,A12,kvalita,1,Plochá
exp2421,k3_final_26,A12,kvalita,1,Plochá
exp2380,k3_final_26,A12,kvalita,1,Plochá
exp2378,k3_final_26,A12,kvalita,1,Plná
exp2378,k3_final_26,A12,dopad,1,Neúspěch
exp2378,k3_final_26,A12,vhodnost,1,3
exp2375,k3_final_26,A12,kvalita,1,Plochá
exp2360,k3_final_26,A12,kvalita,1,Plochá
exp2347,k3_final_26,A12,kvalita,1,Plná
exp2347,k3_final_26,A12,dopad,1,Neúspěch
exp2347,k3_final_26,A12,vhodnost,1,2
exp2306,k3_final_26,A12,kvalita,1,Plochá
exp2296,k3_final_26,A12,kvalita,1,Plná
exp2296,k3_final_26,A12,dopad,1,Krátkodobý úspěch
exp2296,k3_final_26,A12,vhodnost,1,4
exp1523,k3_final_26,A12,kvalita,1,Plná
exp1523,k3_final_26,A12,dopad,1,Dlouhodobý úspěch
exp1523,k3_final_26,A12,vhodnost,1,4
exp1525,k3_final_26,A12,kvalita,1,Plná
exp1525,k3_final_26,A12,dopad,1,Dlouhodobý úspěch
exp1525,k3_final_26,A12,vhodnost,1,4
exp1526,k3_final_26,A12,kvalita,1,Plná
exp1526,k3_final_26,A12,dopad,1,Dlouhodobý úspěch
exp1526,k3_final_26,A12,vhodnost,1,3
exp1528,k3_final_26,A12,kvalita,1,Plná
exp1528,k3_final_26,A12,dopad,1,Dlouhodobý úspěch
exp1528,k3_final_26,A12,vhodnost,1,3
exp1529,k3_final_26,A12,kvalita,1,Plná
exp1529,k3_final_26,A12,dopad,1,Krátkodobý úspěch
exp1529,k3_final_26,A12,vhodnost,1,3
exp1530,k3_final_26,A12,kvalita,1,Plná
exp1530,k3_final_26,A12,dopad,1,Krátkodobý úspěch
exp1530,k3_final_26,A12,vhodnost,1,2
exp1531,k3_final_26,A12,kvalita,1,Plná
exp1531,k3_final_26,A12,dopad,1,Neúspěch
exp1531,k3_final_26,A12,vhodnost,1,3
exp1532,k3_final_26,A12,kvalita,1,Plná
exp1532,k3_final_26,A12,dopad,1,Dlouhodobý úspěch
exp1532,k3_final_26,A12,vhodnost,1,4
exp1536,k3_final_26,A12,kvalita,1,Plná
exp1536,k3_final_26,A12,dopad,1,Krátkodobý úspěch
exp1536,k3_final_26,A12,vhodnost,1,4
exp1537,k3_final_26,A12,kvalita,1,Plná
exp1537,k3_final_26,A12,dopad,1,Krátkodobý úspěch
exp1537,k3_final_26,A12,vhodnost,1,3
exp1541,k3_final_26,A12,kvalita,1,Plná
exp1541,k3_final_26,A12,dopad,1,Dlouhodobý úspěch
exp1541,k3_final_26,A12,vhodnost,1,4
exp1544,k3_final_26,A12,kvalita,1,Plná
exp1544,k3_final_26,A12,dopad,1,Neúspěch
exp1544,k3_final_26,A12,vhodnost,1,3
exp1547,k3_final_26,A12,kvalita,1,Plná
exp1547,k3_final_26,A12,dopad,1,Dlouhodobý úspěch
exp1547,k3_final_26,A12,vhodnost,1,4
exp1549,k3_final_26,A12,kvalita,1,Plná
exp1549,k3_final_26,A12,dopad,1,Dlouhodobý úspěch
exp1549,k3_final_26,A12,vhodnost,1,4
exp1554,k3_final_26,A12,kvalita,1,Plná
exp1554,k3_final_26,A12,dopad,1,Neúspěch
exp1554,k3_final_26,A12,vhodnost,1,3
exp1555,k3_final_26,A12,kvalita,1,Plná
exp1555,k3_final_26,A12,dopad,1,Dlouhodobý úspěch
exp1555,k3_final_26,A12,vhodnost,1,4
exp1556,k3_final_26,A12,kvalita,1,Plná
exp1556,k3_final_26,A12,dopad,1,Neúspěch
exp1556,k3_final_26,A12,vhodnost,1,2
exp1557,k3_final_26,A12,kvalita,1,Plná
exp1557,k3_final_26,A12,dopad,1,Krátkodobý úspěch
exp1557,k3_final_26,A12,vhodnost,1,2
exp1559,k3_final_26,A12,kvalita,1,Plná
exp1559,k3_final_26,A12,dopad,1,Dlouhodobý úspěch
exp1559,k3_final_26,A12,vhodnost,1,4
exp1561,k3_final_26,A12,kvalita,1,Plná
exp1561,k3_final_26,A12,dopad,1,Dlouhodobý úspěch
exp1561,k3_final_26,A12,vhodnost,1,3
exp1562,k3_final_26,A12,kvalita,1,Plná
exp1562,k3_final_26,A12,dopad,1,Dlouhodobý úspěch
exp1562,k3_final_26,A12,vhodnost,1,4
exp1565,k3_final_26,A12,kvalita,1,Plná
exp1565,k3_final_26,A12,dopad,1,Dlouhodobý úspěch
exp1565,k3_final_26,A12,vhodnost,1,4
exp1567,k3_final_26,A12,kvalita,1,Plná
exp1567,k3_final_26,A12,dopad,1,Dlouhodobý úspěch
exp1567,k3_final_26,A12,vhodnost,1,2
exp1568,k3_final_26,A12,kvalita,1,Plná
exp1568,k3_final_26,A12,dopad,1,Dlouhodobý úspěch
exp1568,k3_final_26,A12,vhodnost,1,4
exp1569,k3_final_26,A12,kvalita,1,Plná
exp1569,k3_final_26,A12,dopad,1,Neúspěch
exp1569,k3_final_26,A12,vhodnost,1,3
exp1570,k3_final_26,A12,kvalita,1,Plná
exp1570,k3_final_26,A12,dopad,1,Dlouhodobý úspěch
exp1570,k3_final_26,A12,vhodnost,1,4
exp1571,k3_final_26,A12,kvalita,1,Plná
exp1571,k3_final_26,A12,dopad,1,Krátkodobý úspěch
exp1571,k3_final_26,A12,vhodnost,1,3
exp1572,k3_final_26,A12,kvalita,1,Plná
exp1572,k3_final_26,A12,dopad,1,Neúspěch
exp1572,k3_final_26,A12,vhodnost,1,3
exp1573,k3_final_26,A12,kvalita,1,Plná
exp1573,k3_final_26,A12,dopad,1,Krátkodobý úspěch
exp1573,k3_final_26,A12,vhodnost,1,4
exp1574,k3_final_26,A12,kvalita,1,Plná
exp1574,k3_final_26,A12,dopad,1,Krátkodobý úspěch
exp1574,k3_final_26,A12,vhodnost,1,3
exp1576,k3_final_26,A12,kvalita,1,Plná
exp1576,k3_final_26,A12,dopad,1,Krátkodobý úspěch
exp1576,k3_final_26,A12,vhodnost,1,3
exp1577,k3_final_26,A12,kvalita,1,Plná
exp1577,k3_final_26,A12,dopad,1,Neúspěch
exp1577,k3_final_26,A12,vhodnost,1,4
exp1583,k3_final_26,A12,kvalita,1,Plná
exp1583,k3_final_26,A12,dopad,1,Krátkodobý úspěch
exp1583,k3_final_26,A12,vhodnost,1,2
exp1586,k3_final_26,A12,kvalita,1,Plná
exp1586,k3_final_26,A12,dopad,1,Krátkodobý úspěch
exp1586,k3_final_26,A12,vhodnost,1,3
exp1588,k3_final_26,A12,kvalita,1,Plná
exp1588,k3_final_26,A12,dopad,1,Neúspěch
exp1588,k3_final_26,A12,vhodnost,1,3
exp1589,k3_final_26,A12,kvalita,1,Plná
exp1589,k3_final_26,A12,dopad,1,Dlouhodobý úspěch
exp1589,k3_final_26,A12,vhodnost,1,4
exp1591,k3_final_26,A12,kvalita,1,Plná
exp1591,k3_final_26,A12,dopad,1,Krátkodobý úspěch
exp1591,k3_final_26,A12,vhodnost,1,4
exp1593,k3_final_26,A12,kvalita,1,Plná
exp1593,k3_final_26,A12,dopad,1,Dlouhodobý úspěch
exp1593,k3_final_26,A12,vhodnost,1,4
exp1594,k3_final_26,A12,kvalita,1,Plná
exp1594,k3_final_26,A12,dopad,1,Krátkodobý úspěch
exp1594,k3_final_26,A12,vhodnost,1,4
exp1595,k3_final_26,A12,kvalita,1,Plná
exp1595,k3_final_26,A12,dopad,1,Neúspěch
exp1595,k3_final_26,A12,vhodnost,1,3
exp1596,k3_final_26,A12,kvalita,1,Plná
exp1596,k3_final_26,A12,dopad,1,Neúspěch
exp1596,k3_final_26,A12,vhodnost,1,3
exp1598,k3_final_26,A12,kvalita,1,Plná
exp1598,k3_final_26,A12,dopad,1,Krátkodobý úspěch
exp1598,k3_final_26,A12,vhodnost,1,3
exp1601,k3_final_26,A12,kvalita,1,Plná
exp1601,k3_final_26,A12,dopad,1,Neúspěch
exp1601,k3_final_26,A12,vhodnost,1,2
exp1602,k3_final_26,A12,kvalita,1,Plná
exp1602,k3_final_26,A12,dopad,1,Krátkodobý úspěch
exp1602,k3_final_26,A12,vhodnost,1,4
exp1605,k3_final_26,A12,kvalita,1,Plná
exp1605,k3_final_26,A12,dopad,1,Dlouhodobý úspěch
exp1605,k3_final_26,A12,vhodnost,1,4
exp1606,k3_final_26,A12,kvalita,1,Plná
exp1606,k3_final_26,A12,dopad,1,Dlouhodobý úspěch
exp1606,k3_final_26,A12,vhodnost,1,4
exp1607,k3_final_26,A12,kvalita,1,Plná
exp1607,k3_final_26,A12,dopad,1,Krátkodobý úspěch
exp1607,k3_final_26,A12,vhodnost,1,3
exp1608,k3_final_26,A12,kvalita,1,Plná
exp1608,k3_final_26,A12,dopad,1,Krátkodobý úspěch
exp1608,k3_final_26,A12,vhodnost,1,3
exp1610,k3_final_26,A12,kvalita,1,Plná
exp1610,k3_final_26,A12,dopad,1,Krátkodobý úspěch
exp1610,k3_final_26,A12,vhodnost,1,2
exp1611,k3_final_26,A12,kvalita,1,Plná
exp1611,k3_final_26,A12,dopad,1,Dlouhodobý úspěch
exp1611,k3_final_26,A12,vhodnost,1,4
exp1613,k3_final_26,A12,kvalita,1,Plná
exp1613,k3_final_26,A12,dopad,1,Krátkodobý úspěch
exp1613,k3_final_26,A12,vhodnost,1,3
exp1614,k3_final_26,A12,kvalita,1,Plná
exp1614,k3_final_26,A12,dopad,1,Krátkodobý úspěch
exp1614,k3_final_26,A12,vhodnost,1,2
exp1616,k3_final_26,A12,kvalita,1,Plná
exp1616,k3_final_26,A12,dopad,1,Dlouhodobý úspěch
exp1616,k3_final_26,A12,vhodnost,1,4
exp1617,k3_final_26,A12,kvalita,1,Plná
exp1617,k3_final_26,A12,dopad,1,Dlouhodobý úspěch
exp1617,k3_final_26,A12,vhodnost,1,4
exp1618,k3_final_26,A12,kvalita,1,Plná
exp1618,k3_final_26,A12,dopad,1,Neúspěch
exp1618,k3_final_26,A12,vhodnost,1,3
exp1619,k3_final_26,A12,kvalita,1,Plná
exp1619,k3_final_26,A12,dopad,1,Krátkodobý úspěch
exp1619,k3_final_26,A12,vhodnost,1,2
exp1622,k3_final_26,A12,kvalita,1,Plná
exp1622,k3_final_26,A12,dopad,1,Neúspěch
exp1622,k3_final_26,A12,vhodnost,1,1
exp1623,k3_final_26,A12,kvalita,1,Plná
exp1623,k3_final_26,A12,dopad,1,Dlouhodobý úspěch
exp1623,k3_final_26,A12,vhodnost,1,4
exp1624,k3_final_26,A12,kvalita,1,Plná
exp1624,k3_final_26,A12,dopad,1,Dlouhodobý úspěch
exp1624,k3_final_26,A12,vhodnost,1,4
exp1626,k3_final_26,A12,kvalita,1,Plná
exp1626,k3_final_26,A12,dopad,1,Dlouhodobý úspěch
exp1626,k3_final_26,A12,vhodnost,1,4
exp1627,k3_final_26,A12,kvalita,1,Plná
exp1627,k3_final_26,A12,dopad,1,Krátkodobý úspěch
exp1627,k3_final_26,A12,vhodnost,1,3
exp1628,k3_final_26,A12,kvalita,1,Plná
exp1628,k3_final_26,A12,dopad,1,Dlouhodobý úspěch
exp1628,k3_final_26,A12,vhodnost,1,4
exp1631,k3_final_26,A12,kvalita,1,Plná
exp1631,k3_final_26,A12,dopad,1,Dlouhodobý úspěch
exp1631,k3_final_26,A12,vhodnost,1,4
exp1632,k3_final_26,A12,kvalita,1,Plná
exp1632,k3_final_26,A12,dopad,1,Dlouhodobý úspěch
exp1632,k3_final_26,A12,vhodnost,1,3
exp1633,k3_final_26,A12,kvalita,1,Plná
exp1633,k3_final_26,A12,dopad,1,Dlouhodobý úspěch
exp1633,k3_final_26,A12,vhodnost,1,4
exp1635,k3_final_26,A12,kvalita,1,Plná
exp1635,k3_final_26,A12,dopad,1,Dlouhodobý úspěch
exp1635,k3_final_26,A12,vhodnost,1,4
exp1637,k3_final_26,A12,kvalita,1,Plná
exp1637,k3_final_26,A12,dopad,1,Krátkodobý úspěch
exp1637,k3_final_26,A12,vhodnost,1,3
exp1638,k3_final_26,A12,kvalita,1,Plná
exp1638,k3_final_26,A12,dopad,1,Dlouhodobý úspěch
exp1638,k3_final_26,A12,vhodnost,1,4
exp1639,k3_final_26,A12,kvalita,1,Plná
exp1639,k3_final_26,A12,dopad,1,Neúspěch
exp1639,k3_final_26,A12,vhodnost,1,3
exp1641,k3_final_26,A12,kvalita,1,Plná
exp1641,k3_final_26,A12,dopad,1,Dlouhodobý úspěch
exp1641,k3_final_26,A12,vhodnost,1,4
exp1642,k3_final_26,A12,kvalita,1,Plná
exp1642,k3_final_26,A12,dopad,1,Dlouhodobý úspěch
exp1642,k3_final_26,A12,vhodnost,1,4
exp1643,k3_final_26,A12,kvalita,1,Plná
exp1643,k3_final_26,A12,dopad,1,Krátkodobý úspěch
exp1643,k3_final_26,A12,vhodnost,1,3
exp1646,k3_final_26,A12,kvalita,1,Plná
exp1646,k3_final_26,A12,dopad,1,Dlouhodobý úspěch
exp1646,k3_final_26,A12,vhodnost,1,4
exp1649,k3_final_26,A12,kvalita,1,Plná
exp1649,k3_final_26,A12,dopad,1,Dlouhodobý úspěch
exp1649,k3_final_26,A12,vhodnost,1,4
exp1651,k3_final_26,A12,kvalita,1,Plná
exp1651,k3_final_26,A12,dopad,1,Krátkodobý úspěch
exp1651,k3_final_26,A12,vhodnost,1,3
exp1652,k3_final_26,A12,kvalita,1,Plná
exp1652,k3_final_26,A12,dopad,1,Neúspěch
exp1652,k3_final_26,A12,vhodnost,1,2
exp1653,k3_final_26,A12,kvalita,1,Plná
exp1653,k3_final_26,A12,dopad,1,Dlouhodobý úspěch
exp1653,k3_final_26,A12,vhodnost,1,4
exp1654,k3_final_26,A12,kvalita,1,Plná
exp1654,k3_final_26,A12,dopad,1,Dlouhodobý úspěch
exp1654,k3_final_26,A12,vhodnost,1,4
exp1656,k3_final_26,A12,kvalita,1,Plná
exp1656,k3_final_26,A12,dopad,1,Dlouhodobý úspěch
exp1656,k3_final_26,A12,vhodnost,1,4
exp1658,k3_final_26,A12,kvalita,1,Plná
exp1658,k3_final_26,A12,dopad,1,Neúspěch
exp1658,k3_final_26,A12,vhodnost,1,2
exp1659,k3_final_26,A12,kvalita,1,Plná
exp1659,k3_final_26,A12,dopad,1,Krátkodobý úspěch
exp1659,k3_final_26,A12,vhodnost,1,3
exp1660,k3_final_26,A12,kvalita,1,Plná
exp1660,k3_final_26,A12,dopad,1,Dlouhodobý úspěch
exp1660,k3_final_26,A12,vhodnost,1,4
exp1661,k3_final_26,A12,kvalita,1,Plná
exp1661,k3_final_26,A12,dopad,1,Krátkodobý úspěch
exp1661,k3_final_26,A12,vhodnost,1,2
exp1663,k3_final_26,A12,kvalita,1,Plná
exp1663,k3_final_26,A12,dopad,1,Dlouhodobý úspěch
exp1663,k3_final_26,A12,vhodnost,1,4
exp1665,k3_final_26,A12,kvalita,1,Plná
exp1665,k3_final_26,A12,dopad,1,Dlouhodobý úspěch
exp1665,k3_final_26,A12,vhodnost,1,4
exp1667,k3_final_26,A12,kvalita,1,Plná
exp1667,k3_final_26,A12,dopad,1,Krátkodobý úspěch
exp1667,k3_final_26,A12,vhodnost,1,4
exp1668,k3_final_26,A12,kvalita,1,Plná
exp1668,k3_final_26,A12,dopad,1,Neúspěch
exp1668,k3_final_26,A12,vhodnost,1,3
exp1670,k3_final_26,A12,kvalita,1,Plná
exp1670,k3_final_26,A12,dopad,1,Krátkodobý úspěch
exp1670,k3_final_26,A12,vhodnost,1,4
exp1671,k3_final_26,A12,kvalita,1,Plná
exp1671,k3_final_26,A12,dopad,1,Dlouhodobý úspěch
exp1671,k3_final_26,A12,vhodnost,1,4
exp1672,k3_final_26,A12,kvalita,1,Plná
exp1672,k3_final_26,A12,dopad,1,Dlouhodobý úspěch
exp1672,k3_final_26,A12,vhodnost,1,4
exp1673,k3_final_26,A12,kvalita,1,Plná
exp1673,k3_final_26,A12,dopad,1,Krátkodobý úspěch
exp1673,k3_final_26,A12,vhodnost,1,4
exp1674,k3_final_26,A12,kvalita,1,Plná
exp1674,k3_final_26,A12,dopad,1,Krátkodobý úspěch
exp1674,k3_final_26,A12,vhodnost,1,3
exp1676,k3_final_26,A12,kvalita,1,Plná
exp1676,k3_final_26,A12,dopad,1,Neúspěch
exp1676,k3_final_26,A12,vhodnost,1,3
exp1681,k3_final_26,A12,kvalita,1,Plná
exp1681,k3_final_26,A12,dopad,1,Dlouhodobý úspěch
exp1681,k3_final_26,A12,vhodnost,1,4
exp1683,k3_final_26,A12,kvalita,1,Plná
exp1683,k3_final_26,A12,dopad,1,Dlouhodobý úspěch
exp1683,k3_final_26,A12,vhodnost,1,4
exp1685,k3_final_26,A12,kvalita,1,Plná
exp1685,k3_final_26,A12,dopad,1,Dlouhodobý úspěch
exp1685,k3_final_26,A12,vhodnost,1,3
exp1693,k3_final_26,A12,kvalita,1,Plná
exp1693,k3_final_26,A12,dopad,1,Neúspěch
exp1693,k3_final_26,A12,vhodnost,1,3
exp1694,k3_final_26,A12,kvalita,1,Plná
exp1694,k3_final_26,A12,dopad,1,Neúspěch
exp1694,k3_final_26,A12,vhodnost,1,2
exp1695,k3_final_26,A12,kvalita,1,Plná
exp1695,k3_final_26,A12,dopad,1,Dlouhodobý úspěch
exp1695,k3_final_26,A12,vhodnost,1,4
exp1696,k3_final_26,A12,kvalita,1,Plná
exp1696,k3_final_26,A12,dopad,1,Krátkodobý úspěch
exp1696,k3_final_26,A12,vhodnost,1,3
exp1697,k3_final_26,A12,kvalita,1,Plná
exp1697,k3_final_26,A12,dopad,1,Neúspěch
exp1697,k3_final_26,A12,vhodnost,1,2
exp1699,k3_final_26,A12,kvalita,1,Plná
exp1699,k3_final_26,A12,dopad,1,Neúspěch
exp1699,k3_final_26,A12,vhodnost,1,4
exp1700,k3_final_26,A12,kvalita,1,Plná
exp1700,k3_final_26,A12,dopad,1,Neúspěch
exp1700,k3_final_26,A12,vhodnost,1,3
exp1701,k3_final_26,A12,kvalita,1,Plná
exp1701,k3_final_26,A12,dopad,1,Dlouhodobý úspěch
exp1701,k3_final_26,A12,vhodnost,1,4
exp1702,k3_final_26,A12,kvalita,1,Plná
exp1702,k3_final_26,A12,dopad,1,Neúspěch
exp1702,k3_final_26,A12,vhodnost,1,3
exp1704,k3_final_26,A12,kvalita,1,Plná
exp1704,k3_final_26,A12,dopad,1,Dlouhodobý úspěch
exp1704,k3_final_26,A12,vhodnost,1,4
exp1705,k3_final_26,A12,kvalita,1,Plná
exp1705,k3_final_26,A12,dopad,1,Dlouhodobý úspěch
exp1705,k3_final_26,A12,vhodnost,1,4
exp1706,k3_final_26,A12,kvalita,1,Plná
exp1706,k3_final_26,A12,dopad,1,Dlouhodobý úspěch
exp1706,k3_final_26,A12,vhodnost,1,3
exp1709,k3_final_26,A12,kvalita,1,Plná
exp1709,k3_final_26,A12,dopad,1,Dlouhodobý úspěch
exp1709,k3_final_26,A12,vhodnost,1,4
exp1711,k3_final_26,A12,kvalita,1,Plná
exp1711,k3_final_26,A12,dopad,1,Krátkodobý úspěch
exp1711,k3_final_26,A12,vhodnost,1,3
exp1713,k3_final_26,A12,kvalita,1,Plná
exp1713,k3_final_26,A12,dopad,1,Dlouhodobý úspěch
exp1713,k3_final_26,A12,vhodnost,1,4
exp1718,k3_final_26,A12,kvalita,1,Plná
exp1718,k3_final_26,A12,dopad,1,Neúspěch
exp1718,k3_final_26,A12,vhodnost,1,1
exp1719,k3_final_26,A12,kvalita,1,Plná
exp1719,k3_final_26,A12,dopad,1,Dlouhodobý úspěch
exp1719,k3_final_26,A12,vhodnost,1,4
exp1723,k3_final_26,A12,kvalita,1,Plná
exp1723,k3_final_26,A12,dopad,1,Neúspěch
exp1723,k3_final_26,A12,vhodnost,1,2
exp1724,k3_final_26,A12,kvalita,1,Plná
exp1724,k3_final_26,A12,dopad,1,Dlouhodobý úspěch
exp1724,k3_final_26,A12,vhodnost,1,2
exp1725,k3_final_26,A12,kvalita,1,Plná
exp1725,k3_final_26,A12,dopad,1,Neúspěch
exp1725,k3_final_26,A12,vhodnost,1,4
exp1726,k3_final_26,A12,kvalita,1,Plná
exp1726,k3_final_26,A12,dopad,1,Krátkodobý úspěch
exp1726,k3_final_26,A12,vhodnost,1,4
exp1729,k3_final_26,A12,kvalita,1,Plná
exp1729,k3_final_26,A12,dopad,1,Dlouhodobý úspěch
exp1729,k3_final_26,A12,vhodnost,1,4
exp1730,k3_final_26,A12,kvalita,1,Plná
exp1730,k3_final_26,A12,dopad,1,Neúspěch
exp1730,k3_final_26,A12,vhodnost,1,2
exp1731,k3_final_26,A12,kvalita,1,Plná
exp1731,k3_final_26,A12,dopad,1,Dlouhodobý úspěch
exp1731,k3_final_26,A12,vhodnost,1,3
exp1733,k3_final_26,A12,kvalita,1,Plná
exp1733,k3_final_26,A12,dopad,1,Krátkodobý úspěch
exp1733,k3_final_26,A12,vhodnost,1,2
exp1734,k3_final_26,A12,kvalita,1,Plná
exp1734,k3_final_26,A12,dopad,1,Krátkodobý úspěch
exp1734,k3_final_26,A12,vhodnost,1,3
exp1735,k3_final_26,A12,kvalita,1,Plná
exp1735,k3_final_26,A12,dopad,1,Dlouhodobý úspěch
exp1735,k3_final_26,A12,vhodnost,1,4
exp1736,k3_final_26,A12,kvalita,1,Plná
exp1736,k3_final_26,A12,dopad,1,Krátkodobý úspěch
exp1736,k3_final_26,A12,vhodnost,1,3
exp1737,k3_final_26,A12,kvalita,1,Plná
exp1737,k3_final_26,A12,dopad,1,Neúspěch
exp1737,k3_final_26,A12,vhodnost,1,4
exp1738,k3_final_26,A12,kvalita,1,Plná
exp1738,k3_final_26,A12,dopad,1,Dlouhodobý úspěch
exp1738,k3_final_26,A12,vhodnost,1,4
exp1739,k3_final_26,A12,kvalita,1,Plná
exp1739,k3_final_26,A12,dopad,1,Dlouhodobý úspěch
exp1739,k3_final_26,A12,vhodnost,1,4
exp1740,k3_final_26,A12,kvalita,1,Plná
exp1740,k3_final_26,A12,dopad,1,Krátkodobý úspěch
exp1740,k3_final_26,A12,vhodnost,1,4
exp1741,k3_final_26,A12,kvalita,1,Plná
exp1741,k3_final_26,A12,dopad,1,Dlouhodobý úspěch
exp1741,k3_final_26,A12,vhodnost,1,4
exp1742,k3_final_26,A12,kvalita,1,Plná
exp1742,k3_final_26,A12,dopad,1,Krátkodobý úspěch
exp1742,k3_final_26,A12,vhodnost,1,3
exp1745,k3_final_26,A12,kvalita,1,Plná
exp1745,k3_final_26,A12,dopad,1,Dlouhodobý úspěch
exp1745,k3_final_26,A12,vhodnost,1,4
exp1746,k3_final_26,A12,kvalita,1,Plná
exp1746,k3_final_26,A12,dopad,1,Krátkodobý úspěch
exp1746,k3_final_26,A12,vhodnost,1,4
exp1747,k3_final_26,A12,kvalita,1,Plná
exp1747,k3_final_26,A12,dopad,1,Dlouhodobý úspěch
exp1747,k3_final_26,A12,vhodnost,1,4
exp1752,k3_final_26,A12,kvalita,1,Plná
exp1752,k3_final_26,A12,dopad,1,Neúspěch
exp1752,k3_final_26,A12,vhodnost,1,3
exp1753,k3_final_26,A12,kvalita,1,Plná
exp1753,k3_final_26,A12,dopad,1,Krátkodobý úspěch
exp1753,k3_final_26,A12,vhodnost,1,4
exp1754,k3_final_26,A12,kvalita,1,Plná
exp1754,k3_final_26,A12,dopad,1,Krátkodobý úspěch
exp1754,k3_final_26,A12,vhodnost,1,3
exp1756,k3_final_26,A12,kvalita,1,Plná
exp1756,k3_final_26,A12,dopad,1,Neúspěch
exp1756,k3_final_26,A12,vhodnost,1,3
exp1759,k3_final_26,A12,kvalita,1,Plná
exp1759,k3_final_26,A12,dopad,1,Dlouhodobý úspěch
exp1759,k3_final_26,A12,vhodnost,1,4
exp1761,k3_final_26,A12,kvalita,1,Plná
exp1761,k3_final_26,A12,dopad,1,Dlouhodobý úspěch
exp1761,k3_final_26,A12,vhodnost,1,4
exp1762,k3_final_26,A12,kvalita,1,Plná
exp1762,k3_final_26,A12,dopad,1,Dlouhodobý úspěch
exp1762,k3_final_26,A12,vhodnost,1,4
exp1768,k3_final_26,A12,kvalita,1,Plná
exp1768,k3_final_26,A12,dopad,1,Neúspěch
exp1768,k3_final_26,A12,vhodnost,1,3
exp1769,k3_final_26,A12,kvalita,1,Plná
exp1769,k3_final_26,A12,dopad,1,Dlouhodobý úspěch
exp1769,k3_final_26,A12,vhodnost,1,4
exp1770,k3_final_26,A12,kvalita,1,Plná
exp1770,k3_final_26,A12,dopad,1,Dlouhodobý úspěch
exp1770,k3_final_26,A12,vhodnost,1,4
exp1772,k3_final_26,A12,kvalita,1,Plná
exp1772,k3_final_26,A12,dopad,1,Dlouhodobý úspěch
exp1772,k3_final_26,A12,vhodnost,1,4
exp1774,k3_final_26,A12,kvalita,1,Plná
exp1774,k3_final_26,A12,dopad,1,Dlouhodobý úspěch
exp1774,k3_final_26,A12,vhodnost,1,4
exp1776,k3_final_26,A12,kvalita,1,Plná
exp1776,k3_final_26,A12,dopad,1,Neúspěch
exp1776,k3_final_26,A12,vhodnost,1,3
exp1777,k3_final_26,A12,kvalita,1,Plná
exp1777,k3_final_26,A12,dopad,1,Dlouhodobý úspěch
exp1777,k3_final_26,A12,vhodnost,1,4
exp1778,k3_final_26,A12,kvalita,1,Plná
exp1778,k3_final_26,A12,dopad,1,Dlouhodobý úspěch
exp1778,k3_final_26,A12,vhodnost,1,4
exp1780,k3_final_26,A12,kvalita,1,Plná
exp1780,k3_final_26,A12,dopad,1,Neúspěch
exp1780,k3_final_26,A12,vhodnost,1,3
exp1782,k3_final_26,A12,kvalita,1,Plná
exp1782,k3_final_26,A12,dopad,1,Dlouhodobý úspěch
exp1782,k3_final_26,A12,vhodnost,1,4
exp1784,k3_final_26,A12,kvalita,1,Plná
exp1784,k3_final_26,A12,dopad,1,Dlouhodobý úspěch
exp1784,k3_final_26,A12,vhodnost,1,4
exp1785,k3_final_26,A12,kvalita,1,Plná
exp1785,k3_final_26,A12,dopad,1,Dlouhodobý úspěch
exp1785,k3_final_26,A12,vhodnost,1,4
exp1787,k3_final_26,A12,kvalita,1,Plná
exp1787,k3_final_26,A12,dopad,1,Neúspěch
exp1787,k3_final_26,A12,vhodnost,1,3
exp1788,k3_final_26,A12,kvalita,1,Plná
exp1788,k3_final_26,A12,dopad,1,Dlouhodobý úspěch
exp1788,k3_final_26,A12,vhodnost,1,4
exp1789,k3_final_26,A12,kvalita,1,Plná
exp1789,k3_final_26,A12,dopad,1,Dlouhodobý úspěch
exp1789,k3_final_26,A12,vhodnost,1,4
exp1792,k3_final_26,A12,kvalita,1,Plná
exp1792,k3_final_26,A12,dopad,1,Neúspěch
exp1792,k3_final_26,A12,vhodnost,1,3
exp1794,k3_final_26,A12,kvalita,1,Plná
exp1794,k3_final_26,A12,dopad,1,Krátkodobý úspěch
exp1794,k3_final_26,A12,vhodnost,1,3
exp1795,k3_final_26,A12,kvalita,1,Plná
exp1795,k3_final_26,A12,dopad,1,Dlouhodobý úspěch
exp1795,k3_final_26,A12,vhodnost,1,4
exp1796,k3_final_26,A12,kvalita,1,Plná
exp1796,k3_final_26,A12,dopad,1,Neúspěch
exp1796,k3_final_26,A12,vhodnost,1,3
exp1799,k3_final_26,A12,kvalita,1,Plná
exp1799,k3_final_26,A12,dopad,1,Dlouhodobý úspěch
exp1799,k3_final_26,A12,vhodnost,1,4
exp1800,k3_final_26,A12,kvalita,1,Plná
exp1800,k3_final_26,A12,dopad,1,Dlouhodobý úspěch
exp1800,k3_final_26,A12,vhodnost,1,4
exp1801,k3_final_26,A12,kvalita,1,Plná
exp1801,k3_final_26,A12,dopad,1,Krátkodobý úspěch
exp1801,k3_final_26,A12,vhodnost,1,3
exp1802,k3_final_26,A12,kvalita,1,Plná
exp1802,k3_final_26,A12,dopad,1,Dlouhodobý úspěch
exp1802,k3_final_26,A12,vhodnost,1,4
exp1803,k3_final_26,A12,kvalita,1,Plná
exp1803,k3_final_26,A12,dopad,1,Dlouhodobý úspěch
exp1803,k3_final_26,A12,vhodnost,1,4
exp1805,k3_final_26,A12,kvalita,1,Plná
exp1805,k3_final_26,A12,dopad,1,Dlouhodobý úspěch
exp1805,k3_final_26,A12,vhodnost,1,4
exp1808,k3_final_26,A12,kvalita,1,Plochá
exp1808,k3_final_26,A12,dopad,1,Neúspěch
exp1808,k3_final_26,A12,vhodnost,1,2
exp1811,k3_final_26,A12,kvalita,1,Plná
exp1811,k3_final_26,A12,dopad,1,Dlouhodobý úspěch
exp1811,k3_final_26,A12,vhodnost,1,4
exp1817,k3_final_26,A12,kvalita,1,Plná
exp1817,k3_final_26,A12,dopad,1,Krátkodobý úspěch
exp1817,k3_final_26,A12,vhodnost,1,4
exp1818,k3_final_26,A12,kvalita,1,Plná
exp1818,k3_final_26,A12,dopad,1,Dlouhodobý úspěch
exp1818,k3_final_26,A12,vhodnost,1,4
exp1819,k3_final_26,A12,kvalita,1,Plná
exp1819,k3_final_26,A12,dopad,1,Neúspěch
exp1819,k3_final_26,A12,vhodnost,1,3
exp1822,k3_final_26,A12,kvalita,1,Plná
exp1822,k3_final_26,A12,dopad,1,Dlouhodobý úspěch
exp1822,k3_final_26,A12,vhodnost,1,4
exp1824,k3_final_26,A12,kvalita,1,Plná
exp1824,k3_final_26,A12,dopad,1,Dlouhodobý úspěch
exp1824,k3_final_26,A12,vhodnost,1,4
exp1826,k3_final_26,A12,kvalita,1,Plná
exp1826,k3_final_26,A12,dopad,1,Dlouhodobý úspěch
exp1826,k3_final_26,A12,vhodnost,1,4
exp1827,k3_final_26,A12,kvalita,1,Plná
exp1827,k3_final_26,A12,dopad,1,Neúspěch
exp1827,k3_final_26,A12,vhodnost,1,3
exp1829,k3_final_26,A12,kvalita,1,Plná
exp1829,k3_final_26,A12,dopad,1,Neúspěch
exp1829,k3_final_26,A12,vhodnost,1,3
exp1835,k3_final_26,A12,kvalita,1,Plná
exp1835,k3_final_26,A12,dopad,1,Dlouhodobý úspěch
exp1835,k3_final_26,A12,vhodnost,1,4
exp1836,k3_final_26,A12,kvalita,1,Plná
exp1836,k3_final_26,A12,dopad,1,Dlouhodobý úspěch
exp1836,k3_final_26,A12,vhodnost,1,4
exp1837,k3_final_26,A12,kvalita,1,Plná
exp1837,k3_final_26,A12,dopad,1,Krátkodobý úspěch
exp1837,k3_final_26,A12,vhodnost,1,3
exp1841,k3_final_26,A12,kvalita,1,Plná
exp1841,k3_final_26,A12,dopad,1,Neúspěch
exp1841,k3_final_26,A12,vhodnost,1,3
exp1844,k3_final_26,A12,kvalita,1,Plná
exp1844,k3_final_26,A12,dopad,1,Krátkodobý úspěch
exp1844,k3_final_26,A12,vhodnost,1,3
exp1845,k3_final_26,A12,kvalita,1,Plná
exp1845,k3_final_26,A12,dopad,1,Neúspěch
exp1845,k3_final_26,A12,vhodnost,1,4
exp1847,k3_final_26,A12,kvalita,1,Plná
exp1847,k3_final_26,A12,dopad,1,Dlouhodobý úspěch
exp1847,k3_final_26,A12,vhodnost,1,3
exp1850,k3_final_26,A12,kvalita,1,Plná
exp1850,k3_final_26,A12,dopad,1,Dlouhodobý úspěch
exp1850,k3_final_26,A12,vhodnost,1,3
exp1851,k3_final_26,A12,kvalita,1,Plná
exp1851,k3_final_26,A12,dopad,1,Dlouhodobý úspěch
exp1851,k3_final_26,A12,vhodnost,1,4
exp1852,k3_final_26,A12,kvalita,1,Plná
exp1852,k3_final_26,A12,dopad,1,Krátkodobý úspěch
exp1852,k3_final_26,A12,vhodnost,1,3
exp1854,k3_final_26,A12,kvalita,1,Plná
exp1854,k3_final_26,A12,dopad,1,Dlouhodobý úspěch
exp1854,k3_final_26,A12,vhodnost,1,3
exp1856,k3_final_26,A12,kvalita,1,Plná
exp1856,k3_final_26,A12,dopad,1,Dlouhodobý úspěch
exp1856,k3_final_26,A12,vhodnost,1,3
exp1857,k3_final_26,A12,kvalita,1,Plná
exp1857,k3_final_26,A12,dopad,1,Krátkodobý úspěch
exp1857,k3_final_26,A12,vhodnost,1,1
exp1859,k3_final_26,A12,kvalita,1,Plná
exp1859,k3_final_26,A12,dopad,1,Krátkodobý úspěch
exp1859,k3_final_26,A12,vhodnost,1,3
exp1860,k3_final_26,A12,kvalita,1,Plná
exp1860,k3_final_26,A12,dopad,1,Krátkodobý úspěch
exp1860,k3_final_26,A12,vhodnost,1,2
exp1861,k3_final_26,A12,kvalita,1,Plná
exp1861,k3_final_26,A12,dopad,1,Dlouhodobý úspěch
exp1861,k3_final_26,A12,vhodnost,1,4
exp1863,k3_final_26,A12,kvalita,1,Plná
exp1863,k3_final_26,A12,dopad,1,Krátkodobý úspěch
exp1863,k3_final_26,A12,vhodnost,1,3
exp1864,k3_final_26,A12,kvalita,1,Plná
exp1864,k3_final_26,A12,dopad,1,Krátkodobý úspěch
exp1864,k3_final_26,A12,vhodnost,1,3
exp1866,k3_final_26,A12,kvalita,1,Plná
exp1866,k3_final_26,A12,dopad,1,Dlouhodobý úspěch
exp1866,k3_final_26,A12,vhodnost,1,3
exp1867,k3_final_26,A12,kvalita,1,Plná
exp1867,k3_final_26,A12,dopad,1,Dlouhodobý úspěch
exp1867,k3_final_26,A12,vhodnost,1,4
exp1868,k3_final_26,A12,kvalita,1,Plná
exp1868,k3_final_26,A12,dopad,1,Dlouhodobý úspěch
exp1868,k3_final_26,A12,vhodnost,1,3
exp1870,k3_final_26,A12,kvalita,1,Plná
exp1870,k3_final_26,A12,dopad,1,Neúspěch
exp1870,k3_final_26,A12,vhodnost,1,3
exp1873,k3_final_26,A12,kvalita,1,Plná
exp1873,k3_final_26,A12,dopad,1,Dlouhodobý úspěch
exp1873,k3_final_26,A12,vhodnost,1,4
exp1875,k3_final_26,A12,kvalita,1,Plná
exp1875,k3_final_26,A12,dopad,1,Krátkodobý úspěch
exp1875,k3_final_26,A12,vhodnost,1,3
exp1878,k3_final_26,A12,kvalita,1,Plná
exp1878,k3_final_26,A12,dopad,1,Neúspěch
exp1878,k3_final_26,A12,vhodnost,1,3
exp1879,k3_final_26,A12,kvalita,1,Plná
exp1879,k3_final_26,A12,dopad,1,Krátkodobý úspěch
exp1879,k3_final_26,A12,vhodnost,1,4
exp1882,k3_final_26,A12,kvalita,1,Plná
exp1882,k3_final_26,A12,dopad,1,Neúspěch
exp1882,k3_final_26,A12,vhodnost,1,2
exp1883,k3_final_26,A12,kvalita,1,Plná
exp1883,k3_final_26,A12,dopad,1,Dlouhodobý úspěch
exp1883,k3_final_26,A12,vhodnost,1,4
exp1884,k3_final_26,A12,kvalita,1,Plná
exp1884,k3_final_26,A12,dopad,1,Dlouhodobý úspěch
exp1884,k3_final_26,A12,vhodnost,1,4
exp1885,k3_final_26,A12,kvalita,1,Plná
exp1885,k3_final_26,A12,dopad,1,Dlouhodobý úspěch
exp1885,k3_final_26,A12,vhodnost,1,3
exp1886,k3_final_26,A12,kvalita,1,Plná
exp1886,k3_final_26,A12,dopad,1,Neúspěch
exp1886,k3_final_26,A12,vhodnost,1,2
exp1887,k3_final_26,A12,kvalita,1,Plná
exp1887,k3_final_26,A12,dopad,1,Dlouhodobý úspěch
exp1887,k3_final_26,A12,vhodnost,1,3
exp1888,k3_final_26,A12,kvalita,1,Plná
exp1888,k3_final_26,A12,dopad,1,Dlouhodobý úspěch
exp1888,k3_final_26,A12,vhodnost,1,4
exp1890,k3_final_26,A12,kvalita,1,Plná
exp1890,k3_final_26,A12,dopad,1,Neúspěch
exp1890,k3_final_26,A12,vhodnost,1,4
exp1891,k3_final_26,A12,kvalita,1,Plná
exp1891,k3_final_26,A12,dopad,1,Neúspěch
exp1891,k3_final_26,A12,vhodnost,1,4
exp1892,k3_final_26,A12,kvalita,1,Plná
exp1892,k3_final_26,A12,dopad,1,Krátkodobý úspěch
exp1892,k3_final_26,A12,vhodnost,1,2
exp1894,k3_final_26,A12,kvalita,1,Plná
exp1894,k3_final_26,A12,dopad,1,Dlouhodobý úspěch
exp1894,k3_final_26,A12,vhodnost,1,2
exp1895,k3_final_26,A12,kvalita,1,Plná
exp1895,k3_final_26,A12,dopad,1,Dlouhodobý úspěch
exp1895,k3_final_26,A12,vhodnost,1,3
exp1896,k3_final_26,A12,kvalita,1,Plná
exp1896,k3_final_26,A12,dopad,1,Dlouhodobý úspěch
exp1896,k3_final_26,A12,vhodnost,1,4
exp1898,k3_final_26,A12,kvalita,1,Plná
exp1898,k3_final_26,A12,dopad,1,Dlouhodobý úspěch
exp1898,k3_final_26,A12,vhodnost,1,4
exp1899,k3_final_26,A12,kvalita,1,Plná
exp1899,k3_final_26,A12,dopad,1,Dlouhodobý úspěch
exp1899,k3_final_26,A12,vhodnost,1,3
exp1901,k3_final_26,A12,kvalita,1,Plná
exp1901,k3_final_26,A12,dopad,1,Dlouhodobý úspěch
exp1901,k3_final_26,A12,vhodnost,1,3
exp1903,k3_final_26,A12,kvalita,1,Plná
exp1903,k3_final_26,A12,dopad,1,Krátkodobý úspěch
exp1903,k3_final_26,A12,vhodnost,1,4
exp1904,k3_final_26,A12,kvalita,1,Plná
exp1904,k3_final_26,A12,dopad,1,Dlouhodobý úspěch
exp1904,k3_final_26,A12,vhodnost,1,4
exp1906,k3_final_26,A12,kvalita,1,Plná
exp1906,k3_final_26,A12,dopad,1,Neúspěch
exp1906,k3_final_26,A12,vhodnost,1,3
exp1908,k3_final_26,A12,kvalita,1,Plná
exp1908,k3_final_26,A12,dopad,1,Krátkodobý úspěch
exp1908,k3_final_26,A12,vhodnost,1,3
exp1910,k3_final_26,A12,kvalita,1,Plná
exp1910,k3_final_26,A12,dopad,1,Dlouhodobý úspěch
exp1910,k3_final_26,A12,vhodnost,1,2
exp1911,k3_final_26,A12,kvalita,1,Plná
exp1911,k3_final_26,A12,dopad,1,Dlouhodobý úspěch
exp1911,k3_final_26,A12,vhodnost,1,4
exp1915,k3_final_26,A12,kvalita,1,Plná
exp1915,k3_final_26,A12,dopad,1,Dlouhodobý úspěch
exp1915,k3_final_26,A12,vhodnost,1,4
exp1918,k3_final_26,A12,kvalita,1,Plná
exp1918,k3_final_26,A12,dopad,1,Dlouhodobý úspěch
exp1918,k3_final_26,A12,vhodnost,1,4
exp1919,k3_final_26,A12,kvalita,1,Plná
exp1919,k3_final_26,A12,dopad,1,Krátkodobý úspěch
exp1919,k3_final_26,A12,vhodnost,1,2
exp1920,k3_final_26,A12,kvalita,1,Plná
exp1920,k3_final_26,A12,dopad,1,Krátkodobý úspěch
exp1920,k3_final_26,A12,vhodnost,1,3
exp1921,k3_final_26,A12,kvalita,1,Plná
exp1921,k3_final_26,A12,dopad,1,Dlouhodobý úspěch
exp1921,k3_final_26,A12,vhodnost,1,3
exp1922,k3_final_26,A12,kvalita,1,Plná
exp1922,k3_final_26,A12,dopad,1,Neúspěch
exp1922,k3_final_26,A12,vhodnost,1,2
exp1924,k3_final_26,A12,kvalita,1,Plná
exp1924,k3_final_26,A12,dopad,1,Dlouhodobý úspěch
exp1924,k3_final_26,A12,vhodnost,1,4
exp1926,k3_final_26,A12,kvalita,1,Plná
exp1926,k3_final_26,A12,dopad,1,Krátkodobý úspěch
exp1926,k3_final_26,A12,vhodnost,1,2
exp1930,k3_final_26,A12,kvalita,1,Plná
exp1930,k3_final_26,A12,dopad,1,Neúspěch
exp1930,k3_final_26,A12,vhodnost,1,3
exp1932,k3_final_26,A12,kvalita,1,Plná
exp1932,k3_final_26,A12,dopad,1,Dlouhodobý úspěch
exp1932,k3_final_26,A12,vhodnost,1,3
exp1933,k3_final_26,A12,kvalita,1,Plná
exp1933,k3_final_26,A12,dopad,1,Krátkodobý úspěch
exp1933,k3_final_26,A12,vhodnost,1,3
exp1934,k3_final_26,A12,kvalita,1,Plná
exp1934,k3_final_26,A12,dopad,1,Dlouhodobý úspěch
exp1934,k3_final_26,A12,vhodnost,1,4
exp1936,k3_final_26,A12,kvalita,1,Plná
exp1936,k3_final_26,A12,dopad,1,Neúspěch
exp1936,k3_final_26,A12,vhodnost,1,3
exp1939,k3_final_26,A12,kvalita,1,Plná
exp1939,k3_final_26,A12,dopad,1,Krátkodobý úspěch
exp1939,k3_final_26,A12,vhodnost,1,3
exp1940,k3_final_26,A12,kvalita,1,Plná
exp1940,k3_final_26,A12,dopad,1,Dlouhodobý úspěch
exp1940,k3_final_26,A12,vhodnost,1,4
exp1941,k3_final_26,A12,kvalita,1,Plná
exp1941,k3_final_26,A12,dopad,1,Neúspěch
exp1941,k3_final_26,A12,vhodnost,1,3
exp1942,k3_final_26,A12,kvalita,1,Plná
exp1942,k3_final_26,A12,dopad,1,Krátkodobý úspěch
exp1942,k3_final_26,A12,vhodnost,1,2
exp1945,k3_final_26,A12,kvalita,1,Plná
exp1945,k3_final_26,A12,dopad,1,Krátkodobý úspěch
exp1945,k3_final_26,A12,vhodnost,1,3
exp1946,k3_final_26,A12,kvalita,1,Plná
exp1946,k3_final_26,A12,dopad,1,Krátkodobý úspěch
exp1946,k3_final_26,A12,vhodnost,1,2
exp1947,k3_final_26,A12,kvalita,1,Plná
exp1947,k3_final_26,A12,dopad,1,Neúspěch
exp1947,k3_final_26,A12,vhodnost,1,2
exp1948,k3_final_26,A12,kvalita,1,Plná
exp1948,k3_final_26,A12,dopad,1,Dlouhodobý úspěch
exp1948,k3_final_26,A12,vhodnost,1,4
exp1949,k3_final_26,A12,kvalita,1,Plná
exp1949,k3_final_26,A12,dopad,1,Krátkodobý úspěch
exp1949,k3_final_26,A12,vhodnost,1,3
exp1950,k3_final_26,A12,kvalita,1,Plná
exp1950,k3_final_26,A12,dopad,1,Dlouhodobý úspěch
exp1950,k3_final_26,A12,vhodnost,1,3
exp1955,k3_final_26,A12,kvalita,1,Plná
exp1955,k3_final_26,A12,dopad,1,Neúspěch
exp1955,k3_final_26,A12,vhodnost,1,3
exp1956,k3_final_26,A12,kvalita,1,Plná
exp1956,k3_final_26,A12,dopad,1,Krátkodobý úspěch
exp1956,k3_final_26,A12,vhodnost,1,4
exp1957,k3_final_26,A12,kvalita,1,Plná
exp1957,k3_final_26,A12,dopad,1,Dlouhodobý úspěch
exp1957,k3_final_26,A12,vhodnost,1,4
exp1958,k3_final_26,A12,kvalita,1,Plná
exp1958,k3_final_26,A12,dopad,1,Neúspěch
exp1958,k3_final_26,A12,vhodnost,1,3
exp1961,k3_final_26,A12,kvalita,1,Plná
exp1961,k3_final_26,A12,dopad,1,Neúspěch
exp1961,k3_final_26,A12,vhodnost,1,2
exp1962,k3_final_26,A12,kvalita,1,Plná
exp1962,k3_final_26,A12,dopad,1,Dlouhodobý úspěch
exp1962,k3_final_26,A12,vhodnost,1,3
exp1964,k3_final_26,A12,kvalita,1,Plná
exp1964,k3_final_26,A12,dopad,1,Krátkodobý úspěch
exp1964,k3_final_26,A12,vhodnost,1,3
exp1967,k3_final_26,A12,kvalita,1,Plná
exp1967,k3_final_26,A12,dopad,1,Dlouhodobý úspěch
exp1967,k3_final_26,A12,vhodnost,1,4
exp1970,k3_final_26,A12,kvalita,1,Plná
exp1970,k3_final_26,A12,dopad,1,Dlouhodobý úspěch
exp1970,k3_final_26,A12,vhodnost,1,4
exp1971,k3_final_26,A12,kvalita,1,Plná
exp1971,k3_final_26,A12,dopad,1,Krátkodobý úspěch
exp1971,k3_final_26,A12,vhodnost,1,3
exp1972,k3_final_26,A12,kvalita,1,Plná
exp1972,k3_final_26,A12,dopad,1,Neúspěch
exp1972,k3_final_26,A12,vhodnost,1,3
exp1973,k3_final_26,A12,kvalita,1,Plná
exp1973,k3_final_26,A12,dopad,1,Krátkodobý úspěch
exp1973,k3_final_26,A12,vhodnost,1,3
exp1974,k3_final_26,A12,kvalita,1,Plochá
exp1974,k3_final_26,A12,vhodnost,1,3
exp1975,k3_final_26,A12,kvalita,1,Plná
exp1975,k3_final_26,A12,dopad,1,Krátkodobý úspěch
exp1975,k3_final_26,A12,vhodnost,1,4
exp1976,k3_final_26,A12,kvalita,1,Plná
exp1976,k3_final_26,A12,dopad,1,Dlouhodobý úspěch
exp1976,k3_final_26,A12,vhodnost,1,4
exp1977,k3_final_26,A12,kvalita,1,Plná
exp1977,k3_final_26,A12,dopad,1,Krátkodobý úspěch
exp1977,k3_final_26,A12,vhodnost,1,3
exp1979,k3_final_26,A12,kvalita,1,Plná
exp1979,k3_final_26,A12,dopad,1,Krátkodobý úspěch
exp1979,k3_final_26,A12,vhodnost,1,3
exp1983,k3_final_26,A12,kvalita,1,Plná
exp1983,k3_final_26,A12,dopad,1,Neúspěch
exp1983,k3_final_26,A12,vhodnost,1,3
exp1984,k3_final_26,A12,kvalita,1,Plná
exp1984,k3_final_26,A12,dopad,1,Neúspěch
exp1984,k3_final_26,A12,vhodnost,1,2
exp1985,k3_final_26,A12,kvalita,1,Plochá
exp1985,k3_final_26,A12,vhodnost,1,4
exp1986,k3_final_26,A12,kvalita,1,Plná
exp1986,k3_final_26,A12,dopad,1,Krátkodobý úspěch
exp1986,k3_final_26,A12,vhodnost,1,3
exp1988,k3_final_26,A12,kvalita,1,Plná
exp1988,k3_final_26,A12,dopad,1,Neúspěch
exp1988,k3_final_26,A12,vhodnost,1,3
exp1990,k3_final_26,A12,kvalita,1,Plná
exp1990,k3_final_26,A12,dopad,1,Krátkodobý úspěch
exp1990,k3_final_26,A12,vhodnost,1,4
exp1991,k3_final_26,A12,kvalita,1,Plná
exp1991,k3_final_26,A12,dopad,1,Dlouhodobý úspěch
exp1991,k3_final_26,A12,vhodnost,1,4
exp1993,k3_final_26,A12,kvalita,1,Plná
exp1993,k3_final_26,A12,dopad,1,Dlouhodobý úspěch
exp1993,k3_final_26,A12,vhodnost,1,4
exp1994,k3_final_26,A12,kvalita,1,Plná
exp1994,k3_final_26,A12,dopad,1,Neúspěch
exp1994,k3_final_26,A12,vhodnost,1,3
exp1996,k3_final_26,A12,kvalita,1,Plná
exp1996,k3_final_26,A12,dopad,1,Dlouhodobý úspěch
exp1996,k3_final_26,A12,vhodnost,1,3
exp1997,k3_final_26,A12,kvalita,1,Plná
exp1997,k3_final_26,A12,dopad,1,Neúspěch
exp1997,k3_final_26,A12,vhodnost,1,3
exp1999,k3_final_26,A12,kvalita,1,Plná
exp1999,k3_final_26,A12,dopad,1,Krátkodobý úspěch
exp1999,k3_final_26,A12,vhodnost,1,3
exp2000,k3_final_26,A12,kvalita,1,Plná
exp2000,k3_final_26,A12,dopad,1,Dlouhodobý úspěch
exp2000,k3_final_26,A12,vhodnost,1,3
exp2001,k3_final_26,A12,kvalita,1,Plná
exp2001,k3_final_26,A12,dopad,1,Dlouhodobý úspěch
exp2001,k3_final_26,A12,vhodnost,1,4
exp2006,k3_final_26,A12,kvalita,1,Plná
exp2006,k3_final_26,A12,dopad,1,Neúspěch
exp2006,k3_final_26,A12,vhodnost,1,2
exp2008,k3_final_26,A12,kvalita,1,Plná
exp2008,k3_final_26,A12,dopad,1,Krátkodobý úspěch
exp2008,k3_final_26,A12,vhodnost,1,2
exp2010,k3_final_26,A12,kvalita,1,Plná
exp2010,k3_final_26,A12,dopad,1,Neúspěch
exp2010,k3_final_26,A12,vhodnost,1,3
exp2011,k3_final_26,A12,kvalita,1,Plná
exp2011,k3_final_26,A12,dopad,1,Krátkodobý úspěch
exp2011,k3_final_26,A12,vhodnost,1,3
exp2012,k3_final_26,A12,kvalita,1,Plná
exp2012,k3_final_26,A12,dopad,1,Krátkodobý úspěch
exp2012,k3_final_26,A12,vhodnost,1,4
exp2013,k3_final_26,A12,kvalita,1,Plná
exp2013,k3_final_26,A12,dopad,1,Dlouhodobý úspěch
exp2013,k3_final_26,A12,vhodnost,1,4
exp2015,k3_final_26,A12,kvalita,1,Plná
exp2015,k3_final_26,A12,dopad,1,Neúspěch
exp2015,k3_final_26,A12,vhodnost,1,4
exp2016,k3_final_26,A12,kvalita,1,Plná
exp2016,k3_final_26,A12,dopad,1,Dlouhodobý úspěch
exp2016,k3_final_26,A12,vhodnost,1,4
exp2018,k3_final_26,A12,kvalita,1,Plná
exp2018,k3_final_26,A12,dopad,1,Neúspěch
exp2018,k3_final_26,A12,vhodnost,1,3
exp2019,k3_final_26,A12,kvalita,1,Plná
exp2019,k3_final_26,A12,dopad,1,Krátkodobý úspěch
exp2019,k3_final_26,A12,vhodnost,1,4
exp2020,k3_final_26,A12,kvalita,1,Plná
exp2020,k3_final_26,A12,dopad,1,Dlouhodobý úspěch
exp2020,k3_final_26,A12,vhodnost,1,4
exp2026,k3_final_26,A12,kvalita,1,Plná
exp2026,k3_final_26,A12,dopad,1,Krátkodobý úspěch
exp2026,k3_final_26,A12,vhodnost,1,2
exp2028,k3_final_26,A12,kvalita,1,Plná
exp2028,k3_final_26,A12,dopad,1,Krátkodobý úspěch
exp2028,k3_final_26,A12,vhodnost,1,3
exp2030,k3_final_26,A12,kvalita,1,Plochá
exp2031,k3_final_26,A12,kvalita,1,Plná
exp2031,k3_final_26,A12,dopad,1,Dlouhodobý úspěch
exp2031,k3_final_26,A12,vhodnost,1,4
exp2032,k3_final_26,A12,kvalita,1,Plná
exp2032,k3_final_26,A12,dopad,1,Neúspěch
exp2032,k3_final_26,A12,vhodnost,1,3
exp2036,k3_final_26,A12,kvalita,1,Plná
exp2036,k3_final_26,A12,dopad,1,Dlouhodobý úspěch
exp2036,k3_final_26,A12,vhodnost,1,3
exp2037,k3_final_26,A12,kvalita,1,Plná
exp2037,k3_final_26,A12,dopad,1,Dlouhodobý úspěch
exp2037,k3_final_26,A12,vhodnost,1,4
exp2038,k3_final_26,A12,kvalita,1,Plná
exp2038,k3_final_26,A12,dopad,1,Dlouhodobý úspěch
exp2038,k3_final_26,A12,vhodnost,1,3
exp2042,k3_final_26,A12,kvalita,1,Plná
exp2042,k3_final_26,A12,dopad,1,Krátkodobý úspěch
exp2042,k3_final_26,A12,vhodnost,1,4
exp2045,k3_final_26,A12,kvalita,1,Plná
exp2045,k3_final_26,A12,dopad,1,Krátkodobý úspěch
exp2045,k3_final_26,A12,vhodnost,1,1
exp2046,k3_final_26,A12,kvalita,1,Plná
exp2046,k3_final_26,A12,dopad,1,Neúspěch
exp2046,k3_final_26,A12,vhodnost,1,2
exp2047,k3_final_26,A12,kvalita,1,Plná
exp2047,k3_final_26,A12,dopad,1,Dlouhodobý úspěch
exp2047,k3_final_26,A12,vhodnost,1,4
exp2049,k3_final_26,A12,kvalita,1,Plná
exp2049,k3_final_26,A12,dopad,1,Krátkodobý úspěch
exp2049,k3_final_26,A12,vhodnost,1,3
exp2050,k3_final_26,A12,kvalita,1,Plná
exp2050,k3_final_26,A12,dopad,1,Dlouhodobý úspěch
exp2050,k3_final_26,A12,vhodnost,1,4
exp2052,k3_final_26,A12,kvalita,1,Plná
exp2052,k3_final_26,A12,dopad,1,Krátkodobý úspěch
exp2052,k3_final_26,A12,vhodnost,1,4
exp2054,k3_final_26,A12,kvalita,1,Plná
exp2054,k3_final_26,A12,dopad,1,Dlouhodobý úspěch
exp2054,k3_final_26,A12,vhodnost,1,4
exp2055,k3_final_26,A12,kvalita,1,Plná
exp2055,k3_final_26,A12,dopad,1,Neúspěch
exp2055,k3_final_26,A12,vhodnost,1,3
exp2056,k3_final_26,A12,kvalita,1,Plná
exp2056,k3_final_26,A12,dopad,1,Neúspěch
exp2056,k3_final_26,A12,vhodnost,1,3
exp2057,k3_final_26,A12,kvalita,1,Plná
exp2057,k3_final_26,A12,dopad,1,Neúspěch
exp2057,k3_final_26,A12,vhodnost,1,3
exp2059,k3_final_26,A12,kvalita,1,Plná
exp2059,k3_final_26,A12,dopad,1,Neúspěch
exp2059,k3_final_26,A12,vhodnost,1,4
exp2062,k3_final_26,A12,kvalita,1,Plná
exp2062,k3_final_26,A12,dopad,1,Neúspěch
exp2062,k3_final_26,A12,vhodnost,1,3
exp2064,k3_final_26,A12,kvalita,1,Plná
exp2064,k3_final_26,A12,dopad,1,Krátkodobý úspěch
exp2064,k3_final_26,A12,vhodnost,1,3
exp2065,k3_final_26,A12,kvalita,1,Plná
exp2065,k3_final_26,A12,dopad,1,Dlouhodobý úspěch
exp2065,k3_final_26,A12,vhodnost,1,4
exp2066,k3_final_26,A12,kvalita,1,Plná
exp2066,k3_final_26,A12,dopad,1,Dlouhodobý úspěch
exp2066,k3_final_26,A12,vhodnost,1,4
exp2067,k3_final_26,A12,kvalita,1,Plná
exp2067,k3_final_26,A12,dopad,1,Neúspěch
exp2067,k3_final_26,A12,vhodnost,1,3
exp2069,k3_final_26,A12,kvalita,1,Plná
exp2069,k3_final_26,A12,dopad,1,Krátkodobý úspěch
exp2069,k3_final_26,A12,vhodnost,1,3
exp2070,k3_final_26,A12,kvalita,1,Plná
exp2070,k3_final_26,A12,dopad,1,Krátkodobý úspěch
exp2070,k3_final_26,A12,vhodnost,1,2
exp2071,k3_final_26,A12,kvalita,1,Plná
exp2071,k3_final_26,A12,dopad,1,Dlouhodobý úspěch
exp2071,k3_final_26,A12,vhodnost,1,4
exp2072,k3_final_26,A12,kvalita,1,Plná
exp2072,k3_final_26,A12,dopad,1,Krátkodobý úspěch
exp2072,k3_final_26,A12,vhodnost,1,3
exp2073,k3_final_26,A12,kvalita,1,Plná
exp2073,k3_final_26,A12,dopad,1,Krátkodobý úspěch
exp2073,k3_final_26,A12,vhodnost,1,3
exp2074,k3_final_26,A12,kvalita,1,Plná
exp2074,k3_final_26,A12,dopad,1,Neúspěch
exp2074,k3_final_26,A12,vhodnost,1,3
exp2076,k3_final_26,A12,kvalita,1,Plná
exp2076,k3_final_26,A12,dopad,1,Dlouhodobý úspěch
exp2076,k3_final_26,A12,vhodnost,1,4
exp2078,k3_final_26,A12,kvalita,1,Plná
exp2078,k3_final_26,A12,dopad,1,Neúspěch
exp2078,k3_final_26,A12,vhodnost,1,4
exp2080,k3_final_26,A12,kvalita,1,Plná
exp2080,k3_final_26,A12,dopad,1,Neúspěch
exp2080,k3_final_26,A12,vhodnost,1,1
exp2082,k3_final_26,A12,kvalita,1,Plná
exp2082,k3_final_26,A12,dopad,1,Dlouhodobý úspěch
exp2082,k3_final_26,A12,vhodnost,1,4
exp2085,k3_final_26,A12,kvalita,1,Plná
exp2085,k3_final_26,A12,dopad,1,Krátkodobý úspěch
exp2085,k3_final_26,A12,vhodnost,1,3
exp2086,k3_final_26,A12,kvalita,1,Plná
exp2086,k3_final_26,A12,dopad,1,Dlouhodobý úspěch
exp2086,k3_final_26,A12,vhodnost,1,4
exp2087,k3_final_26,A12,kvalita,1,Plná
exp2087,k3_final_26,A12,dopad,1,Dlouhodobý úspěch
exp2087,k3_final_26,A12,vhodnost,1,4
exp2089,k3_final_26,A12,kvalita,1,Plná
exp2089,k3_final_26,A12,dopad,1,Krátkodobý úspěch
exp2089,k3_final_26,A12,vhodnost,1,3
exp2090,k3_final_26,A12,kvalita,1,Plná
exp2090,k3_final_26,A12,dopad,1,Krátkodobý úspěch
exp2090,k3_final_26,A12,vhodnost,1,4
exp2091,k3_final_26,A12,kvalita,1,Plná
exp2091,k3_final_26,A12,dopad,1,Neúspěch
exp2091,k3_final_26,A12,vhodnost,1,3
exp2092,k3_final_26,A12,kvalita,1,Plná
exp2092,k3_final_26,A12,dopad,1,Dlouhodobý úspěch
exp2092,k3_final_26,A12,vhodnost,1,4
exp2093,k3_final_26,A12,kvalita,1,Plná
exp2093,k3_final_26,A12,dopad,1,Neúspěch
exp2093,k3_final_26,A12,vhodnost,1,3
exp2094,k3_final_26,A12,kvalita,1,Plná
exp2094,k3_final_26,A12,dopad,1,Neúspěch
exp2094,k3_final_26,A12,vhodnost,1,2
exp2096,k3_final_26,A12,kvalita,1,Plná
exp2096,k3_final_26,A12,dopad,1,Dlouhodobý úspěch
exp2096,k3_final_26,A12,vhodnost,1,4
exp2098,k3_final_26,A12,kvalita,1,Plná
exp2098,k3_final_26,A12,dopad,1,Dlouhodobý úspěch
exp2098,k3_final_26,A12,vhodnost,1,4
exp2099,k3_final_26,A12,kvalita,1,Plná
exp2099,k3_final_26,A12,dopad,1,Dlouhodobý úspěch
exp2099,k3_final_26,A12,vhodnost,1,4
exp2100,k3_final_26,A12,kvalita,1,Plná
exp2100,k3_final_26,A12,dopad,1,Dlouhodobý úspěch
exp2100,k3_final_26,A12,vhodnost,1,4
exp2102,k3_final_26,A12,kvalita,1,Plná
exp2102,k3_final_26,A12,dopad,1,Krátkodobý úspěch
exp2102,k3_final_26,A12,vhodnost,1,4
exp2106,k3_final_26,A12,kvalita,1,Plná
exp2106,k3_final_26,A12,dopad,1,Dlouhodobý úspěch
exp2106,k3_final_26,A12,vhodnost,1,4
exp2113,k3_final_26,A12,kvalita,1,Plná
exp2113,k3_final_26,A12,dopad,1,Dlouhodobý úspěch
exp2113,k3_final_26,A12,vhodnost,1,4
exp2114,k3_final_26,A12,kvalita,1,Plná
exp2114,k3_final_26,A12,dopad,1,Krátkodobý úspěch
exp2114,k3_final_26,A12,vhodnost,1,4
exp2117,k3_final_26,A12,kvalita,1,Plná
exp2117,k3_final_26,A12,dopad,1,Krátkodobý úspěch
exp2117,k3_final_26,A12,vhodnost,1,3
exp2118,k3_final_26,A12,kvalita,1,Plná
exp2118,k3_final_26,A12,dopad,1,Dlouhodobý úspěch
exp2118,k3_final_26,A12,vhodnost,1,4
exp2119,k3_final_26,A12,kvalita,1,Plná
exp2119,k3_final_26,A12,dopad,1,Krátkodobý úspěch
exp2119,k3_final_26,A12,vhodnost,1,2
exp2120,k3_final_26,A12,kvalita,1,Plná
exp2120,k3_final_26,A12,dopad,1,Dlouhodobý úspěch
exp2120,k3_final_26,A12,vhodnost,1,4
exp2124,k3_final_26,A12,kvalita,1,Plná
exp2124,k3_final_26,A12,dopad,1,Dlouhodobý úspěch
exp2124,k3_final_26,A12,vhodnost,1,4
exp2125,k3_final_26,A12,kvalita,1,Plná
exp2125,k3_final_26,A12,dopad,1,Dlouhodobý úspěch
exp2125,k3_final_26,A12,vhodnost,1,4
exp2127,k3_final_26,A12,kvalita,1,Plná
exp2127,k3_final_26,A12,dopad,1,Dlouhodobý úspěch
exp2127,k3_final_26,A12,vhodnost,1,4
exp2130,k3_final_26,A12,kvalita,1,Plná
exp2130,k3_final_26,A12,dopad,1,Krátkodobý úspěch
exp2130,k3_final_26,A12,vhodnost,1,3
exp2131,k3_final_26,A12,kvalita,1,Plná
exp2131,k3_final_26,A12,dopad,1,Neúspěch
exp2131,k3_final_26,A12,vhodnost,1,2
exp2132,k3_final_26,A12,kvalita,1,Plná
exp2132,k3_final_26,A12,dopad,1,Krátkodobý úspěch
exp2132,k3_final_26,A12,vhodnost,1,3
exp2133,k3_final_26,A12,kvalita,1,Plná
exp2133,k3_final_26,A12,dopad,1,Dlouhodobý úspěch
exp2133,k3_final_26,A12,vhodnost,1,4
exp2134,k3_final_26,A12,kvalita,1,Plná
exp2134,k3_final_26,A12,dopad,1,Neúspěch
exp2134,k3_final_26,A12,vhodnost,1,4
exp2137,k3_final_26,A12,kvalita,1,Plná
exp2137,k3_final_26,A12,dopad,1,Dlouhodobý úspěch
exp2137,k3_final_26,A12,vhodnost,1,4
exp2138,k3_final_26,A12,kvalita,1,Plná
exp2138,k3_final_26,A12,dopad,1,Krátkodobý úspěch
exp2138,k3_final_26,A12,vhodnost,1,3
exp2139,k3_final_26,A12,kvalita,1,Plná
exp2139,k3_final_26,A12,dopad,1,Dlouhodobý úspěch
exp2139,k3_final_26,A12,vhodnost,1,4
exp2140,k3_final_26,A12,kvalita,1,Plná
exp2140,k3_final_26,A12,dopad,1,Dlouhodobý úspěch
exp2140,k3_final_26,A12,vhodnost,1,4
exp2147,k3_final_26,A12,kvalita,1,Plná
exp2147,k3_final_26,A12,dopad,1,Neúspěch
exp2147,k3_final_26,A12,vhodnost,1,2
exp2150,k3_final_26,A12,kvalita,1,Plná
exp2150,k3_final_26,A12,dopad,1,Dlouhodobý úspěch
exp2150,k3_final_26,A12,vhodnost,1,3
exp2151,k3_final_26,A12,kvalita,1,Plná
exp2151,k3_final_26,A12,dopad,1,Dlouhodobý úspěch
exp2151,k3_final_26,A12,vhodnost,1,4
exp2154,k3_final_26,A12,kvalita,1,Plná
exp2154,k3_final_26,A12,dopad,1,Dlouhodobý úspěch
exp2154,k3_final_26,A12,vhodnost,1,4
exp2155,k3_final_26,A12,kvalita,1,Plná
exp2155,k3_final_26,A12,dopad,1,Krátkodobý úspěch
exp2155,k3_final_26,A12,vhodnost,1,3
exp2156,k3_final_26,A12,kvalita,1,Plná
exp2156,k3_final_26,A12,dopad,1,Krátkodobý úspěch
exp2156,k3_final_26,A12,vhodnost,1,4
exp2157,k3_final_26,A12,kvalita,1,Plná
exp2157,k3_final_26,A12,dopad,1,Krátkodobý úspěch
exp2157,k3_final_26,A12,vhodnost,1,3
exp2158,k3_final_26,A12,kvalita,1,Plná
exp2158,k3_final_26,A12,dopad,1,Dlouhodobý úspěch
exp2158,k3_final_26,A12,vhodnost,1,4
exp2161,k3_final_26,A12,kvalita,1,Plná
exp2161,k3_final_26,A12,dopad,1,Dlouhodobý úspěch
exp2161,k3_final_26,A12,vhodnost,1,4
exp2165,k3_final_26,A12,kvalita,1,Plná
exp2165,k3_final_26,A12,dopad,1,Dlouhodobý úspěch
exp2165,k3_final_26,A12,vhodnost,1,4
exp2166,k3_final_26,A12,kvalita,1,Plná
exp2166,k3_final_26,A12,dopad,1,Dlouhodobý úspěch
exp2166,k3_final_26,A12,vhodnost,1,3
exp2168,k3_final_26,A12,kvalita,1,Plná
exp2168,k3_final_26,A12,dopad,1,Krátkodobý úspěch
exp2168,k3_final_26,A12,vhodnost,1,3
exp2171,k3_final_26,A12,kvalita,1,Plná
exp2171,k3_final_26,A12,dopad,1,Krátkodobý úspěch
exp2171,k3_final_26,A12,vhodnost,1,3
exp2172,k3_final_26,A12,kvalita,1,Plná
exp2172,k3_final_26,A12,dopad,1,Neúspěch
exp2172,k3_final_26,A12,vhodnost,1,3
exp2175,k3_final_26,A12,kvalita,1,Plná
exp2175,k3_final_26,A12,dopad,1,Krátkodobý úspěch
exp2175,k3_final_26,A12,vhodnost,1,4
exp2176,k3_final_26,A12,kvalita,1,Plná
exp2176,k3_final_26,A12,dopad,1,Neúspěch
exp2176,k3_final_26,A12,vhodnost,1,2
exp2177,k3_final_26,A12,kvalita,1,Plná
exp2177,k3_final_26,A12,dopad,1,Dlouhodobý úspěch
exp2177,k3_final_26,A12,vhodnost,1,4
exp2178,k3_final_26,A12,kvalita,1,Plná
exp2178,k3_final_26,A12,dopad,1,Dlouhodobý úspěch
exp2178,k3_final_26,A12,vhodnost,1,4
exp2179,k3_final_26,A12,kvalita,1,Plná
exp2179,k3_final_26,A12,dopad,1,Neúspěch
exp2179,k3_final_26,A12,vhodnost,1,4
exp2180,k3_final_26,A12,kvalita,1,Plná
exp2180,k3_final_26,A12,dopad,1,Dlouhodobý úspěch
exp2180,k3_final_26,A12,vhodnost,1,3
exp2182,k3_final_26,A12,kvalita,1,Plná
exp2182,k3_final_26,A12,dopad,1,Krátkodobý úspěch
exp2182,k3_final_26,A12,vhodnost,1,4
exp2190,k3_final_26,A12,kvalita,1,Plná
exp2190,k3_final_26,A12,dopad,1,Krátkodobý úspěch
exp2190,k3_final_26,A12,vhodnost,1,3
exp2192,k3_final_26,A12,kvalita,1,Plná
exp2192,k3_final_26,A12,dopad,1,Dlouhodobý úspěch
exp2192,k3_final_26,A12,vhodnost,1,4
exp2195,k3_final_26,A12,kvalita,1,Plná
exp2195,k3_final_26,A12,dopad,1,Neúspěch
exp2195,k3_final_26,A12,vhodnost,1,2
exp2196,k3_final_26,A12,kvalita,1,Plná
exp2196,k3_final_26,A12,dopad,1,Neúspěch
exp2196,k3_final_26,A12,vhodnost,1,1
exp2198,k3_final_26,A12,kvalita,1,Plná
exp2198,k3_final_26,A12,dopad,1,Krátkodobý úspěch
exp2198,k3_final_26,A12,vhodnost,1,2
exp2199,k3_final_26,A12,kvalita,1,Plochá
exp2199,k3_final_26,A12,dopad,1,Dlouhodobý úspěch
exp2199,k3_final_26,A12,vhodnost,1,4
exp2204,k3_final_26,A12,kvalita,1,Plná
exp2204,k3_final_26,A12,dopad,1,Dlouhodobý úspěch
exp2204,k3_final_26,A12,vhodnost,1,4
exp2206,k3_final_26,A12,kvalita,1,Plná
exp2206,k3_final_26,A12,dopad,1,Krátkodobý úspěch
exp2206,k3_final_26,A12,vhodnost,1,3
exp2208,k3_final_26,A12,kvalita,1,Plná
exp2208,k3_final_26,A12,dopad,1,Neúspěch
exp2208,k3_final_26,A12,vhodnost,1,2
exp2210,k3_final_26,A12,kvalita,1,Plná
exp2210,k3_final_26,A12,dopad,1,Krátkodobý úspěch
exp2210,k3_final_26,A12,vhodnost,1,3
exp2212,k3_final_26,A12,kvalita,1,Plná
exp2212,k3_final_26,A12,dopad,1,Krátkodobý úspěch
exp2212,k3_final_26,A12,vhodnost,1,4
exp2213,k3_final_26,A12,kvalita,1,Plná
exp2213,k3_final_26,A12,dopad,1,Dlouhodobý úspěch
exp2213,k3_final_26,A12,vhodnost,1,4
exp2214,k3_final_26,A12,kvalita,1,Plná
exp2214,k3_final_26,A12,dopad,1,Dlouhodobý úspěch
exp2214,k3_final_26,A12,vhodnost,1,4
exp2215,k3_final_26,A12,kvalita,1,Plná
exp2215,k3_final_26,A12,dopad,1,Dlouhodobý úspěch
exp2215,k3_final_26,A12,vhodnost,1,2
exp2216,k3_final_26,A12,kvalita,1,Plná
exp2216,k3_final_26,A12,dopad,1,Neúspěch
exp2216,k3_final_26,A12,vhodnost,1,3
exp2217,k3_final_26,A12,kvalita,1,Plná
exp2217,k3_final_26,A12,dopad,1,Krátkodobý úspěch
exp2217,k3_final_26,A12,vhodnost,1,4
exp2221,k3_final_26,A12,kvalita,1,Plná
exp2221,k3_final_26,A12,dopad,1,Dlouhodobý úspěch
exp2221,k3_final_26,A12,vhodnost,1,4
exp2222,k3_final_26,A12,kvalita,1,Plná
exp2222,k3_final_26,A12,dopad,1,Krátkodobý úspěch
exp2222,k3_final_26,A12,vhodnost,1,3
exp2223,k3_final_26,A12,kvalita,1,Plná
exp2223,k3_final_26,A12,dopad,1,Neúspěch
exp2223,k3_final_26,A12,vhodnost,1,3
exp2226,k3_final_26,A12,kvalita,1,Plná
exp2226,k3_final_26,A12,dopad,1,Neúspěch
exp2226,k3_final_26,A12,vhodnost,1,2
exp2227,k3_final_26,A12,kvalita,1,Plná
exp2227,k3_final_26,A12,dopad,1,Krátkodobý úspěch
exp2227,k3_final_26,A12,vhodnost,1,4
exp2231,k3_final_26,A12,kvalita,1,Plná
exp2231,k3_final_26,A12,dopad,1,Dlouhodobý úspěch
exp2231,k3_final_26,A12,vhodnost,1,4
exp2233,k3_final_26,A12,kvalita,1,Plná
exp2233,k3_final_26,A12,dopad,1,Krátkodobý úspěch
exp2233,k3_final_26,A12,vhodnost,1,2
exp2235,k3_final_26,A12,kvalita,1,Plná
exp2235,k3_final_26,A12,dopad,1,Dlouhodobý úspěch
exp2235,k3_final_26,A12,vhodnost,1,4
exp2236,k3_final_26,A12,kvalita,1,Plná
exp2236,k3_final_26,A12,dopad,1,Krátkodobý úspěch
exp2236,k3_final_26,A12,vhodnost,1,4
exp2244,k3_final_26,A12,kvalita,1,Plná
exp2244,k3_final_26,A12,dopad,1,Krátkodobý úspěch
exp2244,k3_final_26,A12,vhodnost,1,4
exp2245,k3_final_26,A12,kvalita,1,Plná
exp2245,k3_final_26,A12,dopad,1,Neúspěch
exp2245,k3_final_26,A12,vhodnost,1,4
exp2246,k3_final_26,A12,kvalita,1,Plná
exp2246,k3_final_26,A12,dopad,1,Dlouhodobý úspěch
exp2246,k3_final_26,A12,vhodnost,1,4
exp2250,k3_final_26,A12,kvalita,1,Plná
exp2250,k3_final_26,A12,dopad,1,Dlouhodobý úspěch
exp2250,k3_final_26,A12,vhodnost,1,4
exp2253,k3_final_26,A12,kvalita,1,Plná
exp2253,k3_final_26,A12,dopad,1,Dlouhodobý úspěch
exp2253,k3_final_26,A12,vhodnost,1,3
exp2254,k3_final_26,A12,kvalita,1,Plná
exp2254,k3_final_26,A12,dopad,1,Dlouhodobý úspěch
exp2254,k3_final_26,A12,vhodnost,1,4
exp2255,k3_final_26,A12,kvalita,1,Plná
exp2255,k3_final_26,A12,dopad,1,Krátkodobý úspěch
exp2255,k3_final_26,A12,vhodnost,1,3
exp2257,k3_final_26,A12,kvalita,1,Plná
exp2257,k3_final_26,A12,dopad,1,Krátkodobý úspěch
exp2257,k3_final_26,A12,vhodnost,1,3
exp2258,k3_final_26,A12,kvalita,1,Plná
exp2258,k3_final_26,A12,dopad,1,Dlouhodobý úspěch
exp2258,k3_final_26,A12,vhodnost,1,4
exp2259,k3_final_26,A12,kvalita,1,Plná
exp2259,k3_final_26,A12,dopad,1,Dlouhodobý úspěch
exp2259,k3_final_26,A12,vhodnost,1,4
exp2261,k3_final_26,A12,kvalita,1,Plná
exp2261,k3_final_26,A12,dopad,1,Krátkodobý úspěch
exp2261,k3_final_26,A12,vhodnost,1,3
exp2265,k3_final_26,A12,kvalita,1,Plná
exp2265,k3_final_26,A12,dopad,1,Dlouhodobý úspěch
exp2265,k3_final_26,A12,vhodnost,1,3
exp2266,k3_final_26,A12,kvalita,1,Plná
exp2266,k3_final_26,A12,dopad,1,Dlouhodobý úspěch
exp2266,k3_final_26,A12,vhodnost,1,4
exp2267,k3_final_26,A12,kvalita,1,Plná
exp2267,k3_final_26,A12,dopad,1,Krátkodobý úspěch
exp2267,k3_final_26,A12,vhodnost,1,4
exp2268,k3_final_26,A12,kvalita,1,Plná
exp2268,k3_final_26,A12,dopad,1,Krátkodobý úspěch
exp2268,k3_final_26,A12,vhodnost,1,4
exp2271,k3_final_26,A12,kvalita,1,Plná
exp2271,k3_final_26,A12,dopad,1,Dlouhodobý úspěch
exp2271,k3_final_26,A12,vhodnost,1,4
exp2272,k3_final_26,A12,kvalita,1,Plná
exp2272,k3_final_26,A12,dopad,1,Neúspěch
exp2272,k3_final_26,A12,vhodnost,1,3
exp2274,k3_final_26,A12,kvalita,1,Plná
exp2274,k3_final_26,A12,dopad,1,Krátkodobý úspěch
exp2274,k3_final_26,A12,vhodnost,1,4
exp2277,k3_final_26,A12,kvalita,1,Plná
exp2277,k3_final_26,A12,dopad,1,Dlouhodobý úspěch
exp2277,k3_final_26,A12,vhodnost,1,4
exp1518,k3_final_26,A12,kvalita,1,Plná
exp1518,k3_final_26,A12,dopad,1,Krátkodobý úspěch
exp1518,k3_final_26,A12,vhodnost,1,4
exp1501,k3_final_26,A12,kvalita,1,Plná
exp1501,k3_final_26,A12,dopad,1,Neúspěch
exp1501,k3_final_26,A12,vhodnost,1,4
exp1495,k3_final_26,A12,kvalita,1,Plná
exp1495,k3_final_26,A12,dopad,1,Neúspěch
exp1495,k3_final_26,A12,vhodnost,1,1
exp1498,k3_final_26,A12,kvalita,1,Plná
exp1498,k3_final_26,A12,dopad,1,Dlouhodobý úspěch
exp1498,k3_final_26,A12,vhodnost,1,4
exp1500,k3_final_26,A12,kvalita,1,Plná
exp1500,k3_final_26,A12,dopad,1,Krátkodobý úspěch
exp1500,k3_final_26,A12,vhodnost,1,3
exp1502,k3_final_26,A12,kvalita,1,Plná
exp1502,k3_final_26,A12,dopad,1,Neúspěch
exp1502,k3_final_26,A12,vhodnost,1,1
exp1508,k3_final_26,A12,kvalita,1,Plná
exp1508,k3_final_26,A12,dopad,1,Dlouhodobý úspěch
exp1508,k3_final_26,A12,vhodnost,1,4
exp1481,k3_final_26,A12,kvalita,1,Plná
exp1481,k3_final_26,A12,dopad,1,Dlouhodobý úspěch
exp1481,k3_final_26,A12,vhodnost,1,3
exp1490,k3_final_26,A12,kvalita,1,Plná
exp1490,k3_final_26,A12,dopad,1,Neúspěch
exp1490,k3_final_26,A12,vhodnost,1,2
exp1493,k3_final_26,A12,kvalita,1,Plná
exp1493,k3_final_26,A12,dopad,1,Dlouhodobý úspěch
exp1493,k3_final_26,A12,vhodnost,1,4
exp1494,k3_final_26,A12,kvalita,1,Plná
exp1494,k3_final_26,A12,dopad,1,Neúspěch
exp1494,k3_final_26,A12,vhodnost,1,2
exp1476,k3_final_26,A12,kvalita,1,Plná
exp1476,k3_final_26,A12,dopad,1,Krátkodobý úspěch
exp1476,k3_final_26,A12,vhodnost,1,2
exp1478,k3_final_26,A12,kvalita,1,Plná
exp1478,k3_final_26,A12,dopad,1,Dlouhodobý úspěch
exp1478,k3_final_26,A12,vhodnost,1,4
exp1482,k3_final_26,A12,kvalita,1,Plná
exp1482,k3_final_26,A12,dopad,1,Dlouhodobý úspěch
exp1482,k3_final_26,A12,vhodnost,1,4
exp1485,k3_final_26,A12,kvalita,1,Plná
exp1485,k3_final_26,A12,dopad,1,Dlouhodobý úspěch
exp1485,k3_final_26,A12,vhodnost,1,4
exp1487,k3_final_26,A12,kvalita,1,Plná
exp1487,k3_final_26,A12,dopad,1,Neúspěch
exp1487,k3_final_26,A12,vhodnost,1,3
exp1489,k3_final_26,A12,kvalita,1,Plná
exp1489,k3_final_26,A12,dopad,1,Krátkodobý úspěch
exp1489,k3_final_26,A12,vhodnost,1,4
exp1466,k3_final_26,A12,kvalita,1,Plná
exp1466,k3_final_26,A12,dopad,1,Neúspěch
exp1466,k3_final_26,A12,vhodnost,1,4
exp1469,k3_final_26,A12,kvalita,1,Plná
exp1469,k3_final_26,A12,dopad,1,Dlouhodobý úspěch
exp1469,k3_final_26,A12,vhodnost,1,4
exp1473,k3_final_26,A12,kvalita,1,Plná
exp1473,k3_final_26,A12,dopad,1,Dlouhodobý úspěch
exp1473,k3_final_26,A12,vhodnost,1,4
exp1475,k3_final_26,A12,kvalita,1,Plná
exp1475,k3_final_26,A12,dopad,1,Dlouhodobý úspěch
exp1475,k3_final_26,A12,vhodnost,1,4
exp1479,k3_final_26,A12,kvalita,1,Plná
exp1479,k3_final_26,A12,dopad,1,Dlouhodobý úspěch
exp1479,k3_final_26,A12,vhodnost,1,4
exp1480,k3_final_26,A12,kvalita,1,Plná
exp1480,k3_final_26,A12,dopad,1,Dlouhodobý úspěch
exp1480,k3_final_26,A12,vhodnost,1,4
exp1452,k3_final_26,A12,kvalita,1,Plná
exp1452,k3_final_26,A12,dopad,1,Krátkodobý úspěch
exp1452,k3_final_26,A12,vhodnost,1,3
exp1454,k3_final_26,A12,kvalita,1,Plná
exp1454,k3_final_26,A12,dopad,1,Neúspěch
exp1454,k3_final_26,A12,vhodnost,1,3
exp1458,k3_final_26,A12,kvalita,1,Plochá
exp1458,k3_final_26,A12,dopad,1,Dlouhodobý úspěch
exp1458,k3_final_26,A12,vhodnost,1,4
exp1460,k3_final_26,A12,kvalita,1,Plná
exp1460,k3_final_26,A12,dopad,1,Dlouhodobý úspěch
exp1460,k3_final_26,A12,vhodnost,1,4
exp1463,k3_final_26,A12,kvalita,1,Plná
exp1463,k3_final_26,A12,dopad,1,Neúspěch
exp1463,k3_final_26,A12,vhodnost,1,2
exp1465,k3_final_26,A12,kvalita,1,Plná
exp1465,k3_final_26,A12,dopad,1,Neúspěch
exp1465,k3_final_26,A12,vhodnost,1,4
exp1468,k3_final_26,A12,kvalita,1,Plná
exp1468,k3_final_26,A12,dopad,1,Dlouhodobý úspěch
exp1468,k3_final_26,A12,vhodnost,1,4
exp1471,k3_final_26,A12,kvalita,1,Plná
exp1471,k3_final_26,A12,dopad,1,Dlouhodobý úspěch
exp1471,k3_final_26,A12,vhodnost,1,4
exp1445,k3_final_26,A12,kvalita,1,Plná
exp1445,k3_final_26,A12,dopad,1,Krátkodobý úspěch
exp1445,k3_final_26,A12,vhodnost,1,4
exp1446,k3_final_26,A12,kvalita,1,Plná
exp1446,k3_final_26,A12,dopad,1,Dlouhodobý úspěch
exp1446,k3_final_26,A12,vhodnost,1,4
exp1447,k3_final_26,A12,kvalita,1,Plná
exp1447,k3_final_26,A12,dopad,1,Krátkodobý úspěch
exp1447,k3_final_26,A12,vhodnost,1,3
exp1451,k3_final_26,A12,kvalita,1,Plná
exp1451,k3_final_26,A12,dopad,1,Neúspěch
exp1451,k3_final_26,A12,vhodnost,1,2
exp1453,k3_final_26,A12,kvalita,1,Plochá
exp1453,k3_final_26,A12,dopad,1,Dlouhodobý úspěch
exp1453,k3_final_26,A12,vhodnost,1,1
exp1456,k3_final_26,A12,kvalita,1,Plná
exp1456,k3_final_26,A12,dopad,1,Neúspěch
exp1456,k3_final_26,A12,vhodnost,1,3
exp1459,k3_final_26,A12,kvalita,1,Plná
exp1459,k3_final_26,A12,dopad,1,Dlouhodobý úspěch
exp1459,k3_final_26,A12,vhodnost,1,4
exp1435,k3_final_26,A12,kvalita,1,Plná
exp1435,k3_final_26,A12,dopad,1,Dlouhodobý úspěch
exp1435,k3_final_26,A12,vhodnost,1,4
exp1439,k3_final_26,A12,kvalita,1,Plná
exp1439,k3_final_26,A12,dopad,1,Krátkodobý úspěch
exp1439,k3_final_26,A12,vhodnost,1,3
exp1441,k3_final_26,A12,kvalita,1,Plná
exp1441,k3_final_26,A12,dopad,1,Neúspěch
exp1441,k3_final_26,A12,vhodnost,1,3
exp1443,k3_final_26,A12,kvalita,1,Plná
exp1443,k3_final_26,A12,dopad,1,Dlouhodobý úspěch
exp1443,k3_final_26,A12,vhodnost,1,4
exp1444,k3_final_26,A12,kvalita,1,Plná
exp1444,k3_final_26,A12,dopad,1,Dlouhodobý úspěch
exp1444,k3_final_26,A12,vhodnost,1,4
exp1450,k3_final_26,A12,kvalita,1,Plná
exp1450,k3_final_26,A12,dopad,1,Dlouhodobý úspěch
exp1450,k3_final_26,A12,vhodnost,1,4
exp1424,k3_final_26,A12,kvalita,1,Plná
exp1424,k3_final_26,A12,dopad,1,Krátkodobý úspěch
exp1424,k3_final_26,A12,vhodnost,1,3
exp1429,k3_final_26,A12,kvalita,1,Plná
exp1429,k3_final_26,A12,dopad,1,Neúspěch
exp1429,k3_final_26,A12,vhodnost,1,1
exp1436,k3_final_26,A12,kvalita,1,Plná
exp1436,k3_final_26,A12,dopad,1,Dlouhodobý úspěch
exp1436,k3_final_26,A12,vhodnost,1,4
exp1438,k3_final_26,A12,kvalita,1,Plná
exp1438,k3_final_26,A12,dopad,1,Dlouhodobý úspěch
exp1438,k3_final_26,A12,vhodnost,1,4
exp1440,k3_final_26,A12,kvalita,1,Plná
exp1440,k3_final_26,A12,dopad,1,Neúspěch
exp1440,k3_final_26,A12,vhodnost,1,3
exp1419,k3_final_26,A12,kvalita,1,Plná
exp1419,k3_final_26,A12,dopad,1,Dlouhodobý úspěch
exp1419,k3_final_26,A12,vhodnost,1,3
exp1420,k3_final_26,A12,kvalita,1,Plná
exp1420,k3_final_26,A12,dopad,1,Dlouhodobý úspěch
exp1420,k3_final_26,A12,vhodnost,1,4
exp1423,k3_final_26,A12,kvalita,1,Plná
exp1423,k3_final_26,A12,dopad,1,Dlouhodobý úspěch
exp1423,k3_final_26,A12,vhodnost,1,4
exp1425,k3_final_26,A12,kvalita,1,Plná
exp1425,k3_final_26,A12,dopad,1,Neúspěch
exp1425,k3_final_26,A12,vhodnost,1,3
exp1427,k3_final_26,A12,kvalita,1,Plná
exp1427,k3_final_26,A12,dopad,1,Krátkodobý úspěch
exp1427,k3_final_26,A12,vhodnost,1,2
exp1430,k3_final_26,A12,kvalita,1,Plná
exp1430,k3_final_26,A12,dopad,1,Dlouhodobý úspěch
exp1430,k3_final_26,A12,vhodnost,1,4
exp1433,k3_final_26,A12,kvalita,1,Plná
exp1433,k3_final_26,A12,dopad,1,Neúspěch
exp1433,k3_final_26,A12,vhodnost,1,2
exp1407,k3_final_26,A12,kvalita,1,Plná
exp1407,k3_final_26,A12,dopad,1,Krátkodobý úspěch
exp1407,k3_final_26,A12,vhodnost,1,3
exp1414,k3_final_26,A12,kvalita,1,Plná
exp1414,k3_final_26,A12,dopad,1,Neúspěch
exp1414,k3_final_26,A12,vhodnost,1,4
exp1416,k3_final_26,A12,kvalita,1,Plná
exp1416,k3_final_26,A12,dopad,1,Dlouhodobý úspěch
exp1416,k3_final_26,A12,vhodnost,1,4
exp1417,k3_final_26,A12,kvalita,1,Plná
exp1417,k3_final_26,A12,dopad,1,Dlouhodobý úspěch
exp1417,k3_final_26,A12,vhodnost,1,4
exp1418,k3_final_26,A12,kvalita,1,Plná
exp1418,k3_final_26,A12,dopad,1,Krátkodobý úspěch
exp1418,k3_final_26,A12,vhodnost,1,4
exp1421,k3_final_26,A12,kvalita,1,Plná
exp1421,k3_final_26,A12,dopad,1,Dlouhodobý úspěch
exp1421,k3_final_26,A12,vhodnost,1,4
exp1422,k3_final_26,A12,kvalita,1,Plná
exp1422,k3_final_26,A12,dopad,1,Krátkodobý úspěch
exp1422,k3_final_26,A12,vhodnost,1,4
exp1399,k3_final_26,A12,kvalita,1,Plochá
exp1405,k3_final_26,A12,kvalita,1,Plná
exp1405,k3_final_26,A12,dopad,1,Neúspěch
exp1405,k3_final_26,A12,vhodnost,1,2
exp1406,k3_final_26,A12,kvalita,1,Plná
exp1406,k3_final_26,A12,dopad,1,Dlouhodobý úspěch
exp1406,k3_final_26,A12,vhodnost,1,4
exp1408,k3_final_26,A12,kvalita,1,Plná
exp1408,k3_final_26,A12,dopad,1,Dlouhodobý úspěch
exp1408,k3_final_26,A12,vhodnost,1,4
exp1409,k3_final_26,A12,kvalita,1,Plná
exp1409,k3_final_26,A12,dopad,1,Krátkodobý úspěch
exp1409,k3_final_26,A12,vhodnost,1,3
exp1410,k3_final_26,A12,kvalita,1,Plná
exp1410,k3_final_26,A12,dopad,1,Dlouhodobý úspěch
exp1410,k3_final_26,A12,vhodnost,1,4
exp1411,k3_final_26,A12,kvalita,1,Plná
exp1411,k3_final_26,A12,dopad,1,Krátkodobý úspěch
exp1411,k3_final_26,A12,vhodnost,1,3
exp1413,k3_final_26,A12,kvalita,1,Plná
exp1413,k3_final_26,A12,dopad,1,Dlouhodobý úspěch
exp1413,k3_final_26,A12,vhodnost,1,4
exp1415,k3_final_26,A12,kvalita,1,Plná
exp1415,k3_final_26,A12,dopad,1,Krátkodobý úspěch
exp1415,k3_final_26,A12,vhodnost,1,4
exp1387,k3_final_26,A12,kvalita,1,Plná
exp1387,k3_final_26,A12,dopad,1,Dlouhodobý úspěch
exp1387,k3_final_26,A12,vhodnost,1,4
exp1389,k3_final_26,A12,kvalita,1,Plná
exp1389,k3_final_26,A12,dopad,1,Krátkodobý úspěch
exp1389,k3_final_26,A12,vhodnost,1,2
exp1390,k3_final_26,A12,kvalita,1,Plná
exp1390,k3_final_26,A12,dopad,1,Neúspěch
exp1390,k3_final_26,A12,vhodnost,1,3
exp1382,k3_final_26,A12,kvalita,1,Plná
exp1382,k3_final_26,A12,dopad,1,Dlouhodobý úspěch
exp1382,k3_final_26,A12,vhodnost,1,4
exp1383,k3_final_26,A12,kvalita,1,Plná
exp1383,k3_final_26,A12,dopad,1,Dlouhodobý úspěch
exp1383,k3_final_26,A12,vhodnost,1,4
exp1395,k3_final_26,A12,kvalita,1,Plochá
exp1398,k3_final_26,A12,kvalita,1,Plná
exp1398,k3_final_26,A12,dopad,1,Krátkodobý úspěch
exp1398,k3_final_26,A12,vhodnost,1,3
exp1402,k3_final_26,A12,kvalita,1,Plná
exp1402,k3_final_26,A12,dopad,1,Dlouhodobý úspěch
exp1402,k3_final_26,A12,vhodnost,1,2
exp1403,k3_final_26,A12,kvalita,1,Plná
exp1403,k3_final_26,A12,dopad,1,Dlouhodobý úspěch
exp1403,k3_final_26,A12,vhodnost,1,4
exp1404,k3_final_26,A12,kvalita,1,Plná
exp1404,k3_final_26,A12,dopad,1,Dlouhodobý úspěch
exp1404,k3_final_26,A12,vhodnost,1,3
exp1360,k3_final_26,A12,kvalita,1,Plná
exp1360,k3_final_26,A12,dopad,1,Dlouhodobý úspěch
exp1360,k3_final_26,A12,vhodnost,1,4
exp1371,k3_final_26,A12,kvalita,1,Plná
exp1371,k3_final_26,A12,dopad,1,Neúspěch
exp1371,k3_final_26,A12,vhodnost,1,2
exp1374,k3_final_26,A12,kvalita,1,Plná
exp1374,k3_final_26,A12,dopad,1,Neúspěch
exp1374,k3_final_26,A12,vhodnost,1,1
exp1377,k3_final_26,A12,kvalita,1,Plná
exp1377,k3_final_26,A12,dopad,1,Dlouhodobý úspěch
exp1377,k3_final_26,A12,vhodnost,1,3
exp1379,k3_final_26,A12,kvalita,1,Plochá
exp1380,k3_final_26,A12,kvalita,1,Plná
exp1380,k3_final_26,A12,dopad,1,Dlouhodobý úspěch
exp1380,k3_final_26,A12,vhodnost,1,4
exp1384,k3_final_26,A12,kvalita,1,Plná
exp1384,k3_final_26,A12,dopad,1,Dlouhodobý úspěch
exp1384,k3_final_26,A12,vhodnost,1,4
exp1354,k3_final_26,A12,kvalita,1,Plná
exp1354,k3_final_26,A12,dopad,1,Dlouhodobý úspěch
exp1354,k3_final_26,A12,vhodnost,1,4
exp1359,k3_final_26,A12,kvalita,1,Plná
exp1359,k3_final_26,A12,dopad,1,Dlouhodobý úspěch
exp1359,k3_final_26,A12,vhodnost,1,3
exp1362,k3_final_26,A12,kvalita,1,Plná
exp1362,k3_final_26,A12,dopad,1,Neúspěch
exp1362,k3_final_26,A12,vhodnost,1,2
exp1364,k3_final_26,A12,kvalita,1,Plná
exp1364,k3_final_26,A12,dopad,1,Neúspěch
exp1364,k3_final_26,A12,vhodnost,1,2
exp1366,k3_final_26,A12,kvalita,1,Plná
exp1366,k3_final_26,A12,dopad,1,Dlouhodobý úspěch
exp1366,k3_final_26,A12,vhodnost,1,4
exp1367,k3_final_26,A12,kvalita,1,Plná
exp1367,k3_final_26,A12,dopad,1,Neúspěch
exp1367,k3_final_26,A12,vhodnost,1,4
exp1340,k3_final_26,A12,kvalita,1,Plná
exp1340,k3_final_26,A12,dopad,1,Dlouhodobý úspěch
exp1340,k3_final_26,A12,vhodnost,1,4
exp1351,k3_final_26,A12,kvalita,1,Plná
exp1351,k3_final_26,A12,dopad,1,Krátkodobý úspěch
exp1351,k3_final_26,A12,vhodnost,1,3
exp1356,k3_final_26,A12,kvalita,1,Plná
exp1356,k3_final_26,A12,dopad,1,Krátkodobý úspěch
exp1356,k3_final_26,A12,vhodnost,1,2
exp1357,k3_final_26,A12,kvalita,1,Plná
exp1357,k3_final_26,A12,dopad,1,Neúspěch
exp1357,k3_final_26,A12,vhodnost,1,3
exp1358,k3_final_26,A12,kvalita,1,Plná
exp1358,k3_final_26,A12,dopad,1,Neúspěch
exp1358,k3_final_26,A12,vhodnost,1,2
exp1368,k3_final_26,A12,kvalita,1,Plná
exp1368,k3_final_26,A12,dopad,1,Dlouhodobý úspěch
exp1368,k3_final_26,A12,vhodnost,1,4
exp1337,k3_final_26,A12,kvalita,1,Plná
exp1337,k3_final_26,A12,dopad,1,Krátkodobý úspěch
exp1337,k3_final_26,A12,vhodnost,1,3
exp1342,k3_final_26,A12,kvalita,1,Plná
exp1342,k3_final_26,A12,dopad,1,Krátkodobý úspěch
exp1342,k3_final_26,A12,vhodnost,1,3
exp1343,k3_final_26,A12,kvalita,1,Plná
exp1343,k3_final_26,A12,dopad,1,Krátkodobý úspěch
exp1343,k3_final_26,A12,vhodnost,1,2
exp1344,k3_final_26,A12,kvalita,1,Plná
exp1344,k3_final_26,A12,dopad,1,Krátkodobý úspěch
exp1344,k3_final_26,A12,vhodnost,1,2
exp1345,k3_final_26,A12,kvalita,1,Plná
exp1345,k3_final_26,A12,dopad,1,Neúspěch
exp1345,k3_final_26,A12,vhodnost,1,1
exp1346,k3_final_26,A12,kvalita,1,Plná
exp1346,k3_final_26,A12,dopad,1,Krátkodobý úspěch
exp1346,k3_final_26,A12,vhodnost,1,4
exp1348,k3_final_26,A12,kvalita,1,Plná
exp1348,k3_final_26,A12,dopad,1,Krátkodobý úspěch
exp1348,k3_final_26,A12,vhodnost,1,4
exp1349,k3_final_26,A12,kvalita,1,Plná
exp1349,k3_final_26,A12,dopad,1,Neúspěch
exp1349,k3_final_26,A12,vhodnost,1,2
exp1353,k3_final_26,A12,kvalita,1,Plná
exp1353,k3_final_26,A12,dopad,1,Dlouhodobý úspěch
exp1353,k3_final_26,A12,vhodnost,1,4
exp1328,k3_final_26,A12,kvalita,1,Plná
exp1328,k3_final_26,A12,dopad,1,Krátkodobý úspěch
exp1328,k3_final_26,A12,vhodnost,1,2
exp1339,k3_final_26,A12,kvalita,1,Plná
exp1339,k3_final_26,A12,dopad,1,Dlouhodobý úspěch
exp1339,k3_final_26,A12,vhodnost,1,4
exp1341,k3_final_26,A12,kvalita,1,Plná
exp1341,k3_final_26,A12,dopad,1,Dlouhodobý úspěch
exp1341,k3_final_26,A12,vhodnost,1,3
exp1322,k3_final_26,A12,kvalita,1,Plná
exp1322,k3_final_26,A12,dopad,1,Krátkodobý úspěch
exp1322,k3_final_26,A12,vhodnost,1,3
exp1326,k3_final_26,A12,kvalita,1,Plochá
exp1327,k3_final_26,A12,kvalita,1,Plná
exp1327,k3_final_26,A12,dopad,1,Neúspěch
exp1327,k3_final_26,A12,vhodnost,1,3
exp1329,k3_final_26,A12,kvalita,1,Plná
exp1329,k3_final_26,A12,dopad,1,Dlouhodobý úspěch
exp1329,k3_final_26,A12,vhodnost,1,4
exp1331,k3_final_26,A12,kvalita,1,Plná
exp1331,k3_final_26,A12,dopad,1,Dlouhodobý úspěch
exp1331,k3_final_26,A12,vhodnost,1,4
exp1333,k3_final_26,A12,kvalita,1,Plná
exp1333,k3_final_26,A12,dopad,1,Neúspěch
exp1333,k3_final_26,A12,vhodnost,1,2
exp1334,k3_final_26,A12,kvalita,1,Plná
exp1334,k3_final_26,A12,dopad,1,Dlouhodobý úspěch
exp1334,k3_final_26,A12,vhodnost,1,4
exp1310,k3_final_26,A12,kvalita,1,Plná
exp1310,k3_final_26,A12,dopad,1,Dlouhodobý úspěch
exp1310,k3_final_26,A12,vhodnost,1,3
exp1317,k3_final_26,A12,kvalita,1,Plná
exp1317,k3_final_26,A12,dopad,1,Krátkodobý úspěch
exp1317,k3_final_26,A12,vhodnost,1,4
exp1318,k3_final_26,A12,kvalita,1,Plná
exp1318,k3_final_26,A12,dopad,1,Neúspěch
exp1318,k3_final_26,A12,vhodnost,1,1
exp1323,k3_final_26,A12,kvalita,1,Plná
exp1323,k3_final_26,A12,dopad,1,Krátkodobý úspěch
exp1323,k3_final_26,A12,vhodnost,1,4
exp1313,k3_final_26,A12,kvalita,1,Plná
exp1313,k3_final_26,A12,dopad,1,Krátkodobý úspěch
exp1313,k3_final_26,A12,vhodnost,1,4
exp1315,k3_final_26,A12,kvalita,1,Plná
exp1315,k3_final_26,A12,dopad,1,Dlouhodobý úspěch
exp1315,k3_final_26,A12,vhodnost,1,1
exp1316,k3_final_26,A12,kvalita,1,Plná
exp1316,k3_final_26,A12,dopad,1,Dlouhodobý úspěch
exp1316,k3_final_26,A12,vhodnost,1,4
exp1319,k3_final_26,A12,kvalita,1,Plná
exp1319,k3_final_26,A12,dopad,1,Dlouhodobý úspěch
exp1319,k3_final_26,A12,vhodnost,1,4
exp1325,k3_final_26,A12,kvalita,1,Plná
exp1325,k3_final_26,A12,dopad,1,Neúspěch
exp1325,k3_final_26,A12,vhodnost,1,2
exp1296,k3_final_26,A12,kvalita,1,Plná
exp1296,k3_final_26,A12,dopad,1,Dlouhodobý úspěch
exp1296,k3_final_26,A12,vhodnost,1,4
exp1300,k3_final_26,A12,kvalita,1,Plná
exp1300,k3_final_26,A12,dopad,1,Krátkodobý úspěch
exp1300,k3_final_26,A12,vhodnost,1,3
exp1303,k3_final_26,A12,kvalita,1,Plná
exp1303,k3_final_26,A12,dopad,1,Dlouhodobý úspěch
exp1303,k3_final_26,A12,vhodnost,1,4
exp1304,k3_final_26,A12,kvalita,1,Plná
exp1304,k3_final_26,A12,dopad,1,Neúspěch
exp1304,k3_final_26,A12,vhodnost,1,2
exp1305,k3_final_26,A12,kvalita,1,Plná
exp1305,k3_final_26,A12,dopad,1,Neúspěch
exp1305,k3_final_26,A12,vhodnost,1,3
exp1288,k3_final_26,A12,kvalita,1,Plná
exp1288,k3_final_26,A12,dopad,1,Dlouhodobý úspěch
exp1288,k3_final_26,A12,vhodnost,1,4
exp1292,k3_final_26,A12,kvalita,1,Plná
exp1292,k3_final_26,A12,dopad,1,Dlouhodobý úspěch
exp1292,k3_final_26,A12,vhodnost,1,4
exp1295,k3_final_26,A12,kvalita,1,Plná
exp1295,k3_final_26,A12,dopad,1,Dlouhodobý úspěch
exp1295,k3_final_26,A12,vhodnost,1,4
exp1301,k3_final_26,A12,kvalita,1,Plná
exp1301,k3_final_26,A12,dopad,1,Neúspěch
exp1301,k3_final_26,A12,vhodnost,1,3
exp1280,k3_final_26,A12,kvalita,1,Plná
exp1280,k3_final_26,A12,dopad,1,Dlouhodobý úspěch
exp1280,k3_final_26,A12,vhodnost,1,4
exp1281,k3_final_26,A12,kvalita,1,Plná
exp1281,k3_final_26,A12,dopad,1,Neúspěch
exp1281,k3_final_26,A12,vhodnost,1,2
exp1282,k3_final_26,A12,kvalita,1,Plná
exp1282,k3_final_26,A12,dopad,1,Krátkodobý úspěch
exp1282,k3_final_26,A12,vhodnost,1,3
exp1283,k3_final_26,A12,kvalita,1,Plná
exp1283,k3_final_26,A12,dopad,1,Dlouhodobý úspěch
exp1283,k3_final_26,A12,vhodnost,1,3
exp1284,k3_final_26,A12,kvalita,1,Plná
exp1284,k3_final_26,A12,dopad,1,Krátkodobý úspěch
exp1284,k3_final_26,A12,vhodnost,1,2
exp1286,k3_final_26,A12,kvalita,1,Plná
exp1286,k3_final_26,A12,dopad,1,Neúspěch
exp1286,k3_final_26,A12,vhodnost,1,1
exp1291,k3_final_26,A12,kvalita,1,Plná
exp1291,k3_final_26,A12,dopad,1,Dlouhodobý úspěch
exp1291,k3_final_26,A12,vhodnost,1,4
exp1268,k3_final_26,A12,kvalita,1,Plná
exp1268,k3_final_26,A12,dopad,1,Dlouhodobý úspěch
exp1268,k3_final_26,A12,vhodnost,1,4
exp1270,k3_final_26,A12,kvalita,1,Plná
exp1270,k3_final_26,A12,dopad,1,Krátkodobý úspěch
exp1270,k3_final_26,A12,vhodnost,1,2
exp1271,k3_final_26,A12,kvalita,1,Plná
exp1271,k3_final_26,A12,dopad,1,Krátkodobý úspěch
exp1271,k3_final_26,A12,vhodnost,1,2
exp1272,k3_final_26,A12,kvalita,1,Plná
exp1272,k3_final_26,A12,dopad,1,Neúspěch
exp1272,k3_final_26,A12,vhodnost,1,3
exp1274,k3_final_26,A12,kvalita,1,Plná
exp1274,k3_final_26,A12,dopad,1,Krátkodobý úspěch
exp1274,k3_final_26,A12,vhodnost,1,3
exp1275,k3_final_26,A12,kvalita,1,Plná
exp1275,k3_final_26,A12,dopad,1,Neúspěch
exp1275,k3_final_26,A12,vhodnost,1,3
exp1276,k3_final_26,A12,kvalita,1,Plná
exp1276,k3_final_26,A12,dopad,1,Krátkodobý úspěch
exp1276,k3_final_26,A12,vhodnost,1,4
exp1278,k3_final_26,A12,kvalita,1,Plná
exp1278,k3_final_26,A12,dopad,1,Dlouhodobý úspěch
exp1278,k3_final_26,A12,vhodnost,1,4
exp1279,k3_final_26,A12,kvalita,1,Plná
exp1279,k3_final_26,A12,dopad,1,Krátkodobý úspěch
exp1279,k3_final_26,A12,vhodnost,1,4
exp1255,k3_final_26,A12,kvalita,1,Plná
exp1255,k3_final_26,A12,dopad,1,Krátkodobý úspěch
exp1255,k3_final_26,A12,vhodnost,1,3
exp1263,k3_final_26,A12,kvalita,1,Plná
exp1263,k3_final_26,A12,dopad,1,Dlouhodobý úspěch
exp1263,k3_final_26,A12,vhodnost,1,4
exp1265,k3_final_26,A12,kvalita,1,Plná
exp1265,k3_final_26,A12,dopad,1,Neúspěch
exp1265,k3_final_26,A12,vhodnost,1,3
exp1266,k3_final_26,A12,kvalita,1,Plná
exp1266,k3_final_26,A12,dopad,1,Krátkodobý úspěch
exp1266,k3_final_26,A12,vhodnost,1,2
exp1267,k3_final_26,A12,kvalita,1,Plná
exp1267,k3_final_26,A12,dopad,1,Dlouhodobý úspěch
exp1267,k3_final_26,A12,vhodnost,1,4
exp1269,k3_final_26,A12,kvalita,1,Plná
exp1269,k3_final_26,A12,dopad,1,Dlouhodobý úspěch
exp1269,k3_final_26,A12,vhodnost,1,4
exp1277,k3_final_26,A12,kvalita,1,Plná
exp1277,k3_final_26,A12,dopad,1,Neúspěch
exp1277,k3_final_26,A12,vhodnost,1,3
exp1253,k3_final_26,A12,kvalita,1,Plná
exp1253,k3_final_26,A12,dopad,1,Dlouhodobý úspěch
exp1253,k3_final_26,A12,vhodnost,1,4
exp1256,k3_final_26,A12,kvalita,1,Plná
exp1256,k3_final_26,A12,dopad,1,Neúspěch
exp1256,k3_final_26,A12,vhodnost,1,1
exp1258,k3_final_26,A12,kvalita,1,Plná
exp1258,k3_final_26,A12,dopad,1,Krátkodobý úspěch
exp1258,k3_final_26,A12,vhodnost,1,1
exp1259,k3_final_26,A12,kvalita,1,Plná
exp1259,k3_final_26,A12,dopad,1,Krátkodobý úspěch
exp1259,k3_final_26,A12,vhodnost,1,4
exp1261,k3_final_26,A12,kvalita,1,Plná
exp1261,k3_final_26,A12,dopad,1,Dlouhodobý úspěch
exp1261,k3_final_26,A12,vhodnost,1,4
exp1262,k3_final_26,A12,kvalita,1,Plná
exp1262,k3_final_26,A12,dopad,1,Krátkodobý úspěch
exp1262,k3_final_26,A12,vhodnost,1,4
exp1234,k3_final_26,A12,kvalita,1,Plná
exp1234,k3_final_26,A12,dopad,1,Neúspěch
exp1234,k3_final_26,A12,vhodnost,1,2
exp1245,k3_final_26,A12,kvalita,1,Plná
exp1245,k3_final_26,A12,dopad,1,Dlouhodobý úspěch
exp1245,k3_final_26,A12,vhodnost,1,4
exp1250,k3_final_26,A12,kvalita,1,Plná
exp1250,k3_final_26,A12,dopad,1,Dlouhodobý úspěch
exp1250,k3_final_26,A12,vhodnost,1,3
exp1251,k3_final_26,A12,kvalita,1,Plná
exp1251,k3_final_26,A12,dopad,1,Neúspěch
exp1251,k3_final_26,A12,vhodnost,1,1
exp1232,k3_final_26,A12,kvalita,1,Plná
exp1232,k3_final_26,A12,dopad,1,Dlouhodobý úspěch
exp1232,k3_final_26,A12,vhodnost,1,4
exp1237,k3_final_26,A12,kvalita,1,Plná
exp1237,k3_final_26,A12,dopad,1,Krátkodobý úspěch
exp1237,k3_final_26,A12,vhodnost,1,3
exp1244,k3_final_26,A12,kvalita,1,Plná
exp1244,k3_final_26,A12,dopad,1,Krátkodobý úspěch
exp1244,k3_final_26,A12,vhodnost,1,4
exp1246,k3_final_26,A12,kvalita,1,Plná
exp1246,k3_final_26,A12,dopad,1,Neúspěch
exp1246,k3_final_26,A12,vhodnost,1,1
exp1228,k3_final_26,A12,kvalita,1,Plná
exp1228,k3_final_26,A12,dopad,1,Dlouhodobý úspěch
exp1228,k3_final_26,A12,vhodnost,1,4
exp1231,k3_final_26,A12,kvalita,1,Plná
exp1231,k3_final_26,A12,dopad,1,Neúspěch
exp1231,k3_final_26,A12,vhodnost,1,2
exp1236,k3_final_26,A12,kvalita,1,Plná
exp1236,k3_final_26,A12,dopad,1,Neúspěch
exp1236,k3_final_26,A12,vhodnost,1,1
exp1238,k3_final_26,A12,kvalita,1,Plná
exp1238,k3_final_26,A12,dopad,1,Neúspěch
exp1238,k3_final_26,A12,vhodnost,1,2
exp1240,k3_final_26,A12,kvalita,1,Plná
exp1240,k3_final_26,A12,dopad,1,Dlouhodobý úspěch
exp1240,k3_final_26,A12,vhodnost,1,4
exp1242,k3_final_26,A12,kvalita,1,Plná
exp1242,k3_final_26,A12,dopad,1,Krátkodobý úspěch
exp1242,k3_final_26,A12,vhodnost,1,4
exp1226,k3_final_26,A12,kvalita,1,Plná
exp1226,k3_final_26,A12,dopad,1,Krátkodobý úspěch
exp1226,k3_final_26,A12,vhodnost,1,2
exp1227,k3_final_26,A12,kvalita,1,Plná
exp1227,k3_final_26,A12,dopad,1,Dlouhodobý úspěch
exp1227,k3_final_26,A12,vhodnost,1,2
exp1233,k3_final_26,A12,kvalita,1,Plná
exp1233,k3_final_26,A12,dopad,1,Krátkodobý úspěch
exp1233,k3_final_26,A12,vhodnost,1,4
exp1208,k3_final_26,A12,kvalita,1,Plná
exp1208,k3_final_26,A12,dopad,1,Dlouhodobý úspěch
exp1208,k3_final_26,A12,vhodnost,1,4
exp1216,k3_final_26,A12,kvalita,1,Plná
exp1216,k3_final_26,A12,dopad,1,Neúspěch
exp1216,k3_final_26,A12,vhodnost,1,3
exp1217,k3_final_26,A12,kvalita,1,Plná
exp1217,k3_final_26,A12,dopad,1,Neúspěch
exp1217,k3_final_26,A12,vhodnost,1,3
exp1218,k3_final_26,A12,kvalita,1,Plná
exp1218,k3_final_26,A12,dopad,1,Krátkodobý úspěch
exp1218,k3_final_26,A12,vhodnost,1,3
exp1219,k3_final_26,A12,kvalita,1,Plná
exp1219,k3_final_26,A12,dopad,1,Krátkodobý úspěch
exp1219,k3_final_26,A12,vhodnost,1,2
exp1220,k3_final_26,A12,kvalita,1,Plná
exp1220,k3_final_26,A12,dopad,1,Neúspěch
exp1220,k3_final_26,A12,vhodnost,1,4
exp1222,k3_final_26,A12,kvalita,1,Plná
exp1222,k3_final_26,A12,dopad,1,Krátkodobý úspěch
exp1222,k3_final_26,A12,vhodnost,1,4
exp1225,k3_final_26,A12,kvalita,1,Plná
exp1225,k3_final_26,A12,dopad,1,Dlouhodobý úspěch
exp1225,k3_final_26,A12,vhodnost,1,3
exp1230,k3_final_26,A12,kvalita,1,Plná
exp1230,k3_final_26,A12,dopad,1,Krátkodobý úspěch
exp1230,k3_final_26,A12,vhodnost,1,2
exp1202,k3_final_26,A12,kvalita,1,Plná
exp1202,k3_final_26,A12,dopad,1,Krátkodobý úspěch
exp1202,k3_final_26,A12,vhodnost,1,4
exp1204,k3_final_26,A12,kvalita,1,Plná
exp1204,k3_final_26,A12,dopad,1,Neúspěch
exp1204,k3_final_26,A12,vhodnost,1,2
exp1206,k3_final_26,A12,kvalita,1,Plná
exp1206,k3_final_26,A12,dopad,1,Krátkodobý úspěch
exp1206,k3_final_26,A12,vhodnost,1,4
exp1207,k3_final_26,A12,kvalita,1,Plná
exp1207,k3_final_26,A12,dopad,1,Krátkodobý úspěch
exp1207,k3_final_26,A12,vhodnost,1,3
exp1210,k3_final_26,A12,kvalita,1,Plná
exp1210,k3_final_26,A12,dopad,1,Dlouhodobý úspěch
exp1210,k3_final_26,A12,vhodnost,1,3
exp1212,k3_final_26,A12,kvalita,1,Plochá
exp1198,k3_final_26,A12,kvalita,1,Plná
exp1198,k3_final_26,A12,dopad,1,Neúspěch
exp1198,k3_final_26,A12,vhodnost,1,3
exp1199,k3_final_26,A12,kvalita,1,Plná
exp1199,k3_final_26,A12,dopad,1,Dlouhodobý úspěch
exp1199,k3_final_26,A12,vhodnost,1,4
exp1200,k3_final_26,A12,kvalita,1,Plná
exp1200,k3_final_26,A12,dopad,1,Krátkodobý úspěch
exp1200,k3_final_26,A12,vhodnost,1,2
exp1211,k3_final_26,A12,kvalita,1,Plná
exp1211,k3_final_26,A12,dopad,1,Dlouhodobý úspěch
exp1211,k3_final_26,A12,vhodnost,1,3
exp1213,k3_final_26,A12,kvalita,1,Plná
exp1213,k3_final_26,A12,dopad,1,Krátkodobý úspěch
exp1213,k3_final_26,A12,vhodnost,1,4
exp1214,k3_final_26,A12,kvalita,1,Plná
exp1214,k3_final_26,A12,dopad,1,Krátkodobý úspěch
exp1214,k3_final_26,A12,vhodnost,1,2
exp1215,k3_final_26,A12,kvalita,1,Plná
exp1215,k3_final_26,A12,dopad,1,Neúspěch
exp1215,k3_final_26,A12,vhodnost,1,4
exp1186,k3_final_26,A12,kvalita,1,Plná
exp1186,k3_final_26,A12,dopad,1,Dlouhodobý úspěch
exp1186,k3_final_26,A12,vhodnost,1,4
exp1187,k3_final_26,A12,kvalita,1,Plná
exp1187,k3_final_26,A12,dopad,1,Neúspěch
exp1187,k3_final_26,A12,vhodnost,1,4
exp1189,k3_final_26,A12,kvalita,1,Plná
exp1189,k3_final_26,A12,dopad,1,Krátkodobý úspěch
exp1189,k3_final_26,A12,vhodnost,1,2
exp1191,k3_final_26,A12,kvalita,1,Plná
exp1191,k3_final_26,A12,dopad,1,Neúspěch
exp1191,k3_final_26,A12,vhodnost,1,4
exp1192,k3_final_26,A12,kvalita,1,Plná
exp1192,k3_final_26,A12,dopad,1,Krátkodobý úspěch
exp1192,k3_final_26,A12,vhodnost,1,4
exp1193,k3_final_26,A12,kvalita,1,Plná
exp1193,k3_final_26,A12,dopad,1,Neúspěch
exp1193,k3_final_26,A12,vhodnost,1,3
exp1194,k3_final_26,A12,kvalita,1,Plná
exp1194,k3_final_26,A12,dopad,1,Dlouhodobý úspěch
exp1194,k3_final_26,A12,vhodnost,1,4
exp1197,k3_final_26,A12,kvalita,1,Plná
exp1197,k3_final_26,A12,dopad,1,Dlouhodobý úspěch
exp1197,k3_final_26,A12,vhodnost,1,4
exp1201,k3_final_26,A12,kvalita,1,Plná
exp1201,k3_final_26,A12,dopad,1,Dlouhodobý úspěch
exp1201,k3_final_26,A12,vhodnost,1,4
exp1183,k3_final_26,A12,kvalita,1,Plná
exp1183,k3_final_26,A12,dopad,1,Dlouhodobý úspěch
exp1183,k3_final_26,A12,vhodnost,1,4
exp1185,k3_final_26,A12,kvalita,1,Plochá
exp1169,k3_final_26,A12,kvalita,1,Plná
exp1169,k3_final_26,A12,dopad,1,Neúspěch
exp1169,k3_final_26,A12,vhodnost,1,1
exp1172,k3_final_26,A12,kvalita,1,Plná
exp1172,k3_final_26,A12,dopad,1,Dlouhodobý úspěch
exp1172,k3_final_26,A12,vhodnost,1,3
exp1174,k3_final_26,A12,kvalita,1,Plná
exp1174,k3_final_26,A12,dopad,1,Krátkodobý úspěch
exp1174,k3_final_26,A12,vhodnost,1,3
exp1157,k3_final_26,A12,kvalita,1,Plná
exp1157,k3_final_26,A12,dopad,1,Dlouhodobý úspěch
exp1157,k3_final_26,A12,vhodnost,1,4
exp1159,k3_final_26,A12,kvalita,1,Plná
exp1159,k3_final_26,A12,dopad,1,Neúspěch
exp1159,k3_final_26,A12,vhodnost,1,2
exp1161,k3_final_26,A12,kvalita,1,Plná
exp1161,k3_final_26,A12,dopad,1,Neúspěch
exp1161,k3_final_26,A12,vhodnost,1,3
exp1163,k3_final_26,A12,kvalita,1,Plná
exp1163,k3_final_26,A12,dopad,1,Krátkodobý úspěch
exp1163,k3_final_26,A12,vhodnost,1,2
exp1166,k3_final_26,A12,kvalita,1,Plná
exp1166,k3_final_26,A12,dopad,1,Dlouhodobý úspěch
exp1166,k3_final_26,A12,vhodnost,1,4
exp1168,k3_final_26,A12,kvalita,1,Plná
exp1168,k3_final_26,A12,dopad,1,Krátkodobý úspěch
exp1168,k3_final_26,A12,vhodnost,1,3
exp1147,k3_final_26,A12,kvalita,1,Plná
exp1147,k3_final_26,A12,dopad,1,Dlouhodobý úspěch
exp1147,k3_final_26,A12,vhodnost,1,4
exp1151,k3_final_26,A12,kvalita,1,Plná
exp1151,k3_final_26,A12,dopad,1,Dlouhodobý úspěch
exp1151,k3_final_26,A12,vhodnost,1,4
exp1156,k3_final_26,A12,kvalita,1,Plná
exp1156,k3_final_26,A12,dopad,1,Neúspěch
exp1156,k3_final_26,A12,vhodnost,1,4
exp1158,k3_final_26,A12,kvalita,1,Plná
exp1158,k3_final_26,A12,dopad,1,Dlouhodobý úspěch
exp1158,k3_final_26,A12,vhodnost,1,4
exp1160,k3_final_26,A12,kvalita,1,Plná
exp1160,k3_final_26,A12,dopad,1,Krátkodobý úspěch
exp1160,k3_final_26,A12,vhodnost,1,2
exp1167,k3_final_26,A12,kvalita,1,Plná
exp1167,k3_final_26,A12,dopad,1,Krátkodobý úspěch
exp1167,k3_final_26,A12,vhodnost,1,4
exp1170,k3_final_26,A12,kvalita,1,Plná
exp1170,k3_final_26,A12,dopad,1,Dlouhodobý úspěch
exp1170,k3_final_26,A12,vhodnost,1,4
exp1140,k3_final_26,A12,kvalita,1,Plná
exp1140,k3_final_26,A12,dopad,1,Dlouhodobý úspěch
exp1140,k3_final_26,A12,vhodnost,1,3
exp1144,k3_final_26,A12,kvalita,1,Plná
exp1144,k3_final_26,A12,dopad,1,Dlouhodobý úspěch
exp1144,k3_final_26,A12,vhodnost,1,4
exp1145,k3_final_26,A12,kvalita,1,Plná
exp1145,k3_final_26,A12,dopad,1,Krátkodobý úspěch
exp1145,k3_final_26,A12,vhodnost,1,2
exp1148,k3_final_26,A12,kvalita,1,Plná
exp1148,k3_final_26,A12,dopad,1,Dlouhodobý úspěch
exp1148,k3_final_26,A12,vhodnost,1,4
exp1149,k3_final_26,A12,kvalita,1,Plná
exp1149,k3_final_26,A12,dopad,1,Dlouhodobý úspěch
exp1149,k3_final_26,A12,vhodnost,1,4
exp1152,k3_final_26,A12,kvalita,1,Plochá
exp1153,k3_final_26,A12,kvalita,1,Plochá
exp1154,k3_final_26,A12,kvalita,1,Plná
exp1154,k3_final_26,A12,dopad,1,Neúspěch
exp1154,k3_final_26,A12,vhodnost,1,2
exp1133,k3_final_26,A12,kvalita,1,Plná
exp1133,k3_final_26,A12,dopad,1,Neúspěch
exp1133,k3_final_26,A12,vhodnost,1,4
exp1134,k3_final_26,A12,kvalita,1,Plná
exp1134,k3_final_26,A12,dopad,1,Neúspěch
exp1134,k3_final_26,A12,vhodnost,1,4
exp1136,k3_final_26,A12,kvalita,1,Plná
exp1136,k3_final_26,A12,dopad,1,Krátkodobý úspěch
exp1136,k3_final_26,A12,vhodnost,1,4
exp1137,k3_final_26,A12,kvalita,1,Plná
exp1137,k3_final_26,A12,dopad,1,Krátkodobý úspěch
exp1137,k3_final_26,A12,vhodnost,1,3
exp1138,k3_final_26,A12,kvalita,1,Plná
exp1138,k3_final_26,A12,dopad,1,Dlouhodobý úspěch
exp1138,k3_final_26,A12,vhodnost,1,4
exp1141,k3_final_26,A12,kvalita,1,Plná
exp1141,k3_final_26,A12,dopad,1,Neúspěch
exp1141,k3_final_26,A12,vhodnost,1,4
exp1155,k3_final_26,A12,kvalita,1,Plná
exp1155,k3_final_26,A12,dopad,1,Dlouhodobý úspěch
exp1155,k3_final_26,A12,vhodnost,1,3
exp1118,k3_final_26,A12,kvalita,1,Plná
exp1118,k3_final_26,A12,dopad,1,Dlouhodobý úspěch
exp1118,k3_final_26,A12,vhodnost,1,4
exp1123,k3_final_26,A12,kvalita,1,Plná
exp1123,k3_final_26,A12,dopad,1,Dlouhodobý úspěch
exp1123,k3_final_26,A12,vhodnost,1,4
exp1125,k3_final_26,A12,kvalita,1,Plná
exp1125,k3_final_26,A12,dopad,1,Neúspěch
exp1125,k3_final_26,A12,vhodnost,1,3
exp1126,k3_final_26,A12,kvalita,1,Plná
exp1126,k3_final_26,A12,dopad,1,Neúspěch
exp1126,k3_final_26,A12,vhodnost,1,1
exp1127,k3_final_26,A12,kvalita,1,Plná
exp1127,k3_final_26,A12,dopad,1,Neúspěch
exp1127,k3_final_26,A12,vhodnost,1,1
exp1129,k3_final_26,A12,kvalita,1,Plná
exp1129,k3_final_26,A12,dopad,1,Dlouhodobý úspěch
exp1129,k3_final_26,A12,vhodnost,1,3
exp1130,k3_final_26,A12,kvalita,1,Plná
exp1130,k3_final_26,A12,dopad,1,Dlouhodobý úspěch
exp1130,k3_final_26,A12,vhodnost,1,4
exp1139,k3_final_26,A12,kvalita,1,Plná
exp1139,k3_final_26,A12,dopad,1,Neúspěch
exp1139,k3_final_26,A12,vhodnost,1,3
exp1111,k3_final_26,A12,kvalita,1,Plná
exp1111,k3_final_26,A12,dopad,1,Krátkodobý úspěch
exp1111,k3_final_26,A12,vhodnost,1,4
exp1113,k3_final_26,A12,kvalita,1,Plná
exp1113,k3_final_26,A12,dopad,1,Neúspěch
exp1113,k3_final_26,A12,vhodnost,1,2
exp1115,k3_final_26,A12,kvalita,1,Plná
exp1115,k3_final_26,A12,dopad,1,Dlouhodobý úspěch
exp1115,k3_final_26,A12,vhodnost,1,4
exp1120,k3_final_26,A12,kvalita,1,Plná
exp1120,k3_final_26,A12,dopad,1,Dlouhodobý úspěch
exp1120,k3_final_26,A12,vhodnost,1,4
exp1121,k3_final_26,A12,kvalita,1,Plná
exp1121,k3_final_26,A12,dopad,1,Krátkodobý úspěch
exp1121,k3_final_26,A12,vhodnost,1,3
exp1128,k3_final_26,A12,kvalita,1,Plná
exp1128,k3_final_26,A12,dopad,1,Krátkodobý úspěch
exp1128,k3_final_26,A12,vhodnost,1,2
exp1095,k3_final_26,A12,kvalita,1,Plná
exp1095,k3_final_26,A12,dopad,1,Dlouhodobý úspěch
exp1095,k3_final_26,A12,vhodnost,1,4
exp1096,k3_final_26,A12,kvalita,1,Plná
exp1096,k3_final_26,A12,dopad,1,Krátkodobý úspěch
exp1096,k3_final_26,A12,vhodnost,1,3
exp1099,k3_final_26,A12,kvalita,1,Plná
exp1099,k3_final_26,A12,dopad,1,Krátkodobý úspěch
exp1099,k3_final_26,A12,vhodnost,1,4
exp1104,k3_final_26,A12,kvalita,1,Plná
exp1104,k3_final_26,A12,dopad,1,Neúspěch
exp1104,k3_final_26,A12,vhodnost,1,1
exp1105,k3_final_26,A12,kvalita,1,Plná
exp1105,k3_final_26,A12,dopad,1,Krátkodobý úspěch
exp1105,k3_final_26,A12,vhodnost,1,3
exp1107,k3_final_26,A12,kvalita,1,Plná
exp1107,k3_final_26,A12,dopad,1,Krátkodobý úspěch
exp1107,k3_final_26,A12,vhodnost,1,4
exp1108,k3_final_26,A12,kvalita,1,Plná
exp1108,k3_final_26,A12,dopad,1,Krátkodobý úspěch
exp1108,k3_final_26,A12,vhodnost,1,3
exp1109,k3_final_26,A12,kvalita,1,Plná
exp1109,k3_final_26,A12,dopad,1,Krátkodobý úspěch
exp1109,k3_final_26,A12,vhodnost,1,3
exp1119,k3_final_26,A12,kvalita,1,Plná
exp1119,k3_final_26,A12,dopad,1,Dlouhodobý úspěch
exp1119,k3_final_26,A12,vhodnost,1,3
exp1089,k3_final_26,A12,kvalita,1,Plná
exp1089,k3_final_26,A12,dopad,1,Dlouhodobý úspěch
exp1089,k3_final_26,A12,vhodnost,1,4
exp1092,k3_final_26,A12,kvalita,1,Plná
exp1092,k3_final_26,A12,dopad,1,Neúspěch
exp1092,k3_final_26,A12,vhodnost,1,3
exp1093,k3_final_26,A12,kvalita,1,Plná
exp1093,k3_final_26,A12,dopad,1,Krátkodobý úspěch
exp1093,k3_final_26,A12,vhodnost,1,4
exp1094,k3_final_26,A12,kvalita,1,Plná
exp1094,k3_final_26,A12,dopad,1,Neúspěch
exp1094,k3_final_26,A12,vhodnost,1,2
exp1100,k3_final_26,A12,kvalita,1,Plná
exp1100,k3_final_26,A12,dopad,1,Dlouhodobý úspěch
exp1100,k3_final_26,A12,vhodnost,1,4
exp1101,k3_final_26,A12,kvalita,1,Plná
exp1101,k3_final_26,A12,dopad,1,Neúspěch
exp1101,k3_final_26,A12,vhodnost,1,1
exp1103,k3_final_26,A12,kvalita,1,Plná
exp1103,k3_final_26,A12,dopad,1,Dlouhodobý úspěch
exp1103,k3_final_26,A12,vhodnost,1,4
exp1084,k3_final_26,A12,kvalita,1,Plná
exp1084,k3_final_26,A12,dopad,1,Dlouhodobý úspěch
exp1084,k3_final_26,A12,vhodnost,1,4
exp1085,k3_final_26,A12,kvalita,1,Plná
exp1085,k3_final_26,A12,dopad,1,Dlouhodobý úspěch
exp1085,k3_final_26,A12,vhodnost,1,4
exp1088,k3_final_26,A12,kvalita,1,Plná
exp1088,k3_final_26,A12,dopad,1,Krátkodobý úspěch
exp1088,k3_final_26,A12,vhodnost,1,2
exp1090,k3_final_26,A12,kvalita,1,Plná
exp1090,k3_final_26,A12,dopad,1,Krátkodobý úspěch
exp1090,k3_final_26,A12,vhodnost,1,4
exp1091,k3_final_26,A12,kvalita,1,Plná
exp1091,k3_final_26,A12,dopad,1,Dlouhodobý úspěch
exp1091,k3_final_26,A12,vhodnost,1,4
exp1067,k3_final_26,A12,kvalita,1,Plná
exp1067,k3_final_26,A12,dopad,1,Neúspěch
exp1067,k3_final_26,A12,vhodnost,1,2
exp1068,k3_final_26,A12,kvalita,1,Plná
exp1068,k3_final_26,A12,dopad,1,Neúspěch
exp1068,k3_final_26,A12,vhodnost,1,3
exp1070,k3_final_26,A12,kvalita,1,Plná
exp1070,k3_final_26,A12,dopad,1,Krátkodobý úspěch
exp1070,k3_final_26,A12,vhodnost,1,3
exp1071,k3_final_26,A12,kvalita,1,Plná
exp1071,k3_final_26,A12,dopad,1,Dlouhodobý úspěch
exp1071,k3_final_26,A12,vhodnost,1,4
exp1072,k3_final_26,A12,kvalita,1,Plná
exp1072,k3_final_26,A12,dopad,1,Neúspěch
exp1072,k3_final_26,A12,vhodnost,1,2
exp1075,k3_final_26,A12,kvalita,1,Plochá
exp1077,k3_final_26,A12,kvalita,1,Plná
exp1077,k3_final_26,A12,dopad,1,Dlouhodobý úspěch
exp1077,k3_final_26,A12,vhodnost,1,4
exp1079,k3_final_26,A12,kvalita,1,Plná
exp1079,k3_final_26,A12,dopad,1,Dlouhodobý úspěch
exp1079,k3_final_26,A12,vhodnost,1,4
exp1056,k3_final_26,A12,kvalita,1,Plná
exp1056,k3_final_26,A12,dopad,1,Dlouhodobý úspěch
exp1056,k3_final_26,A12,vhodnost,1,4
exp1062,k3_final_26,A12,kvalita,1,Plná
exp1062,k3_final_26,A12,dopad,1,Neúspěch
exp1062,k3_final_26,A12,vhodnost,1,4
exp1063,k3_final_26,A12,kvalita,1,Plná
exp1063,k3_final_26,A12,dopad,1,Dlouhodobý úspěch
exp1063,k3_final_26,A12,vhodnost,1,4
exp1065,k3_final_26,A12,kvalita,1,Plná
exp1065,k3_final_26,A12,dopad,1,Neúspěch
exp1065,k3_final_26,A12,vhodnost,1,4
exp1073,k3_final_26,A12,kvalita,1,Plná
exp1073,k3_final_26,A12,dopad,1,Neúspěch
exp1073,k3_final_26,A12,vhodnost,1,4
exp1053,k3_final_26,A12,kvalita,1,Plná
exp1053,k3_final_26,A12,dopad,1,Neúspěch
exp1053,k3_final_26,A12,vhodnost,1,4
exp1059,k3_final_26,A12,kvalita,1,Plná
exp1059,k3_final_26,A12,dopad,1,Dlouhodobý úspěch
exp1059,k3_final_26,A12,vhodnost,1,4
exp1060,k3_final_26,A12,kvalita,1,Plná
exp1060,k3_final_26,A12,dopad,1,Krátkodobý úspěch
exp1060,k3_final_26,A12,vhodnost,1,3
exp1061,k3_final_26,A12,kvalita,1,Plná
exp1061,k3_final_26,A12,dopad,1,Krátkodobý úspěch
exp1061,k3_final_26,A12,vhodnost,1,3
exp1035,k3_final_26,A12,kvalita,1,Plná
exp1035,k3_final_26,A12,dopad,1,Krátkodobý úspěch
exp1035,k3_final_26,A12,vhodnost,1,3
exp1043,k3_final_26,A12,kvalita,1,Plná
exp1043,k3_final_26,A12,dopad,1,Dlouhodobý úspěch
exp1043,k3_final_26,A12,vhodnost,1,4
exp1047,k3_final_26,A12,kvalita,1,Plochá
exp1047,k3_final_26,A12,dopad,1,Neúspěch
exp1047,k3_final_26,A12,vhodnost,1,3
exp1048,k3_final_26,A12,kvalita,1,Plná
exp1048,k3_final_26,A12,dopad,1,Dlouhodobý úspěch
exp1048,k3_final_26,A12,vhodnost,1,4
exp1054,k3_final_26,A12,kvalita,1,Plná
exp1054,k3_final_26,A12,dopad,1,Dlouhodobý úspěch
exp1054,k3_final_26,A12,vhodnost,1,4
exp1058,k3_final_26,A12,kvalita,1,Plná
exp1058,k3_final_26,A12,dopad,1,Dlouhodobý úspěch
exp1058,k3_final_26,A12,vhodnost,1,4
exp1037,k3_final_26,A12,kvalita,1,Plná
exp1037,k3_final_26,A12,dopad,1,Neúspěch
exp1037,k3_final_26,A12,vhodnost,1,1
exp1038,k3_final_26,A12,kvalita,1,Plná
exp1038,k3_final_26,A12,dopad,1,Neúspěch
exp1038,k3_final_26,A12,vhodnost,1,1
exp1042,k3_final_26,A12,kvalita,1,Plná
exp1042,k3_final_26,A12,dopad,1,Dlouhodobý úspěch
exp1042,k3_final_26,A12,vhodnost,1,3
exp1044,k3_final_26,A12,kvalita,1,Plná
exp1044,k3_final_26,A12,dopad,1,Dlouhodobý úspěch
exp1044,k3_final_26,A12,vhodnost,1,4
exp1045,k3_final_26,A12,kvalita,1,Plná
exp1045,k3_final_26,A12,dopad,1,Dlouhodobý úspěch
exp1045,k3_final_26,A12,vhodnost,1,4
exp1046,k3_final_26,A12,kvalita,1,Plná
exp1046,k3_final_26,A12,dopad,1,Dlouhodobý úspěch
exp1046,k3_final_26,A12,vhodnost,1,4
exp1023,k3_final_26,A12,kvalita,1,Plná
exp1023,k3_final_26,A12,dopad,1,Neúspěch
exp1023,k3_final_26,A12,vhodnost,1,2
exp1024,k3_final_26,A12,kvalita,1,Plochá
exp1027,k3_final_26,A12,kvalita,1,Plná
exp1027,k3_final_26,A12,dopad,1,Neúspěch
exp1027,k3_final_26,A12,vhodnost,1,2
exp1031,k3_final_26,A12,kvalita,1,Plná
exp1031,k3_final_26,A12,dopad,1,Dlouhodobý úspěch
exp1031,k3_final_26,A12,vhodnost,1,4
exp1033,k3_final_26,A12,kvalita,1,Plná
exp1033,k3_final_26,A12,dopad,1,Dlouhodobý úspěch
exp1033,k3_final_26,A12,vhodnost,1,4
exp1034,k3_final_26,A12,kvalita,1,Plná
exp1034,k3_final_26,A12,dopad,1,Krátkodobý úspěch
exp1034,k3_final_26,A12,vhodnost,1,2
exp1036,k3_final_26,A12,kvalita,1,Plná
exp1036,k3_final_26,A12,dopad,1,Neúspěch
exp1036,k3_final_26,A12,vhodnost,1,3
exp1039,k3_final_26,A12,kvalita,1,Plná
exp1039,k3_final_26,A12,dopad,1,Krátkodobý úspěch
exp1039,k3_final_26,A12,vhodnost,1,3
exp1040,k3_final_26,A12,kvalita,1,Plná
exp1040,k3_final_26,A12,dopad,1,Dlouhodobý úspěch
exp1040,k3_final_26,A12,vhodnost,1,4
exp1019,k3_final_26,A12,kvalita,1,Plná
exp1019,k3_final_26,A12,dopad,1,Dlouhodobý úspěch
exp1019,k3_final_26,A12,vhodnost,1,4
exp1020,k3_final_26,A12,kvalita,1,Plná
exp1020,k3_final_26,A12,dopad,1,Dlouhodobý úspěch
exp1020,k3_final_26,A12,vhodnost,1,2
exp1021,k3_final_26,A12,kvalita,1,Plná
exp1021,k3_final_26,A12,dopad,1,Dlouhodobý úspěch
exp1021,k3_final_26,A12,vhodnost,1,4
exp1022,k3_final_26,A12,kvalita,1,Plná
exp1022,k3_final_26,A12,dopad,1,Krátkodobý úspěch
exp1022,k3_final_26,A12,vhodnost,1,4
exp1025,k3_final_26,A12,kvalita,1,Plná
exp1025,k3_final_26,A12,dopad,1,Neúspěch
exp1025,k3_final_26,A12,vhodnost,1,4
exp1026,k3_final_26,A12,kvalita,1,Plná
exp1026,k3_final_26,A12,dopad,1,Dlouhodobý úspěch
exp1026,k3_final_26,A12,vhodnost,1,4
exp1028,k3_final_26,A12,kvalita,1,Plná
exp1028,k3_final_26,A12,dopad,1,Krátkodobý úspěch
exp1028,k3_final_26,A12,vhodnost,1,3
exp1029,k3_final_26,A12,kvalita,1,Plná
exp1029,k3_final_26,A12,dopad,1,Krátkodobý úspěch
exp1029,k3_final_26,A12,vhodnost,1,3
exp1004,k3_final_26,A12,kvalita,1,Plná
exp1004,k3_final_26,A12,dopad,1,Neúspěch
exp1004,k3_final_26,A12,vhodnost,1,2
exp1006,k3_final_26,A12,kvalita,1,Plná
exp1006,k3_final_26,A12,dopad,1,Dlouhodobý úspěch
exp1006,k3_final_26,A12,vhodnost,1,4
exp1016,k3_final_26,A12,kvalita,1,Plná
exp1016,k3_final_26,A12,dopad,1,Krátkodobý úspěch
exp1016,k3_final_26,A12,vhodnost,1,3
exp1018,k3_final_26,A12,kvalita,1,Plná
exp1018,k3_final_26,A12,dopad,1,Krátkodobý úspěch
exp1018,k3_final_26,A12,vhodnost,1,4
exp995,k3_final_26,A12,kvalita,1,Plná
exp995,k3_final_26,A12,dopad,1,Krátkodobý úspěch
exp995,k3_final_26,A12,vhodnost,1,4
exp998,k3_final_26,A12,kvalita,1,Plná
exp998,k3_final_26,A12,dopad,1,Neúspěch
exp998,k3_final_26,A12,vhodnost,1,2
exp1002,k3_final_26,A12,kvalita,1,Plná
exp1002,k3_final_26,A12,dopad,1,Dlouhodobý úspěch
exp1002,k3_final_26,A12,vhodnost,1,4
exp1005,k3_final_26,A12,kvalita,1,Plná
exp1005,k3_final_26,A12,dopad,1,Krátkodobý úspěch
exp1005,k3_final_26,A12,vhodnost,1,3
exp1007,k3_final_26,A12,kvalita,1,Plná
exp1007,k3_final_26,A12,dopad,1,Neúspěch
exp1007,k3_final_26,A12,vhodnost,1,2
exp1009,k3_final_26,A12,kvalita,1,Plná
exp1009,k3_final_26,A12,dopad,1,Dlouhodobý úspěch
exp1009,k3_final_26,A12,vhodnost,1,4
exp1012,k3_final_26,A12,kvalita,1,Plná
exp1012,k3_final_26,A12,dopad,1,Krátkodobý úspěch
exp1012,k3_final_26,A12,vhodnost,1,3
exp1015,k3_final_26,A12,kvalita,1,Plná
exp1015,k3_final_26,A12,dopad,1,Krátkodobý úspěch
exp1015,k3_final_26,A12,vhodnost,1,2
exp984,k3_final_26,A12,kvalita,1,Plná
exp984,k3_final_26,A12,dopad,1,Neúspěch
exp984,k3_final_26,A12,vhodnost,1,1
exp985,k3_final_26,A12,kvalita,1,Plná
exp985,k3_final_26,A12,dopad,1,Dlouhodobý úspěch
exp985,k3_final_26,A12,vhodnost,1,4
exp989,k3_final_26,A12,kvalita,1,Plná
exp989,k3_final_26,A12,dopad,1,Dlouhodobý úspěch
exp989,k3_final_26,A12,vhodnost,1,4
exp991,k3_final_26,A12,kvalita,1,Plná
exp991,k3_final_26,A12,dopad,1,Dlouhodobý úspěch
exp991,k3_final_26,A12,vhodnost,1,4
exp979,k3_final_26,A12,kvalita,1,Plná
exp979,k3_final_26,A12,dopad,1,Krátkodobý úspěch
exp979,k3_final_26,A12,vhodnost,1,4
exp983,k3_final_26,A12,kvalita,1,Plná
exp983,k3_final_26,A12,dopad,1,Krátkodobý úspěch
exp983,k3_final_26,A12,vhodnost,1,2
exp986,k3_final_26,A12,kvalita,1,Plná
exp986,k3_final_26,A12,dopad,1,Dlouhodobý úspěch
exp986,k3_final_26,A12,vhodnost,1,1
exp987,k3_final_26,A12,kvalita,1,Plná
exp987,k3_final_26,A12,dopad,1,Krátkodobý úspěch
exp987,k3_final_26,A12,vhodnost,1,3
exp988,k3_final_26,A12,kvalita,1,Plná
exp988,k3_final_26,A12,dopad,1,Dlouhodobý úspěch
exp988,k3_final_26,A12,vhodnost,1,3
exp990,k3_final_26,A12,kvalita,1,Plná
exp990,k3_final_26,A12,dopad,1,Neúspěch
exp990,k3_final_26,A12,vhodnost,1,3
exp993,k3_final_26,A12,kvalita,1,Plná
exp993,k3_final_26,A12,dopad,1,Dlouhodobý úspěch
exp993,k3_final_26,A12,vhodnost,1,4
exp970,k3_final_26,A12,kvalita,1,Plná
exp970,k3_final_26,A12,dopad,1,Krátkodobý úspěch
exp970,k3_final_26,A12,vhodnost,1,3
exp973,k3_final_26,A12,kvalita,1,Plná
exp973,k3_final_26,A12,dopad,1,Krátkodobý úspěch
exp973,k3_final_26,A12,vhodnost,1,3
exp974,k3_final_26,A12,kvalita,1,Plná
exp974,k3_final_26,A12,dopad,1,Neúspěch
exp974,k3_final_26,A12,vhodnost,1,2
exp976,k3_final_26,A12,kvalita,1,Plná
exp976,k3_final_26,A12,dopad,1,Dlouhodobý úspěch
exp976,k3_final_26,A12,vhodnost,1,4
exp981,k3_final_26,A12,kvalita,1,Plná
exp981,k3_final_26,A12,dopad,1,Krátkodobý úspěch
exp981,k3_final_26,A12,vhodnost,1,4
exp954,k3_final_26,A12,kvalita,1,Plná
exp954,k3_final_26,A12,dopad,1,Dlouhodobý úspěch
exp954,k3_final_26,A12,vhodnost,1,4
exp957,k3_final_26,A12,kvalita,1,Plná
exp957,k3_final_26,A12,dopad,1,Dlouhodobý úspěch
exp957,k3_final_26,A12,vhodnost,1,2
exp959,k3_final_26,A12,kvalita,1,Plná
exp959,k3_final_26,A12,dopad,1,Krátkodobý úspěch
exp959,k3_final_26,A12,vhodnost,1,3
exp962,k3_final_26,A12,kvalita,1,Plná
exp962,k3_final_26,A12,dopad,1,Krátkodobý úspěch
exp962,k3_final_26,A12,vhodnost,1,4
exp963,k3_final_26,A12,kvalita,1,Plná
exp963,k3_final_26,A12,dopad,1,Neúspěch
exp963,k3_final_26,A12,vhodnost,1,3
exp977,k3_final_26,A12,kvalita,1,Plná
exp977,k3_final_26,A12,dopad,1,Krátkodobý úspěch
exp977,k3_final_26,A12,vhodnost,1,3
exp953,k3_final_26,A12,kvalita,1,Plná
exp953,k3_final_26,A12,dopad,1,Neúspěch
exp953,k3_final_26,A12,vhodnost,1,3
exp956,k3_final_26,A12,kvalita,1,Plná
exp956,k3_final_26,A12,dopad,1,Krátkodobý úspěch
exp956,k3_final_26,A12,vhodnost,1,2
exp960,k3_final_26,A12,kvalita,1,Plná
exp960,k3_final_26,A12,dopad,1,Dlouhodobý úspěch
exp960,k3_final_26,A12,vhodnost,1,4
exp966,k3_final_26,A12,kvalita,1,Plná
exp966,k3_final_26,A12,dopad,1,Krátkodobý úspěch
exp966,k3_final_26,A12,vhodnost,1,4
exp939,k3_final_26,A12,kvalita,1,Plná
exp939,k3_final_26,A12,dopad,1,Neúspěch
exp939,k3_final_26,A12,vhodnost,1,1
exp940,k3_final_26,A12,kvalita,1,Plná
exp940,k3_final_26,A12,dopad,1,Dlouhodobý úspěch
exp940,k3_final_26,A12,vhodnost,1,4
exp943,k3_final_26,A12,kvalita,1,Plochá
exp946,k3_final_26,A12,kvalita,1,Plná
exp946,k3_final_26,A12,dopad,1,Dlouhodobý úspěch
exp946,k3_final_26,A12,vhodnost,1,4
exp947,k3_final_26,A12,kvalita,1,Plná
exp947,k3_final_26,A12,dopad,1,Dlouhodobý úspěch
exp947,k3_final_26,A12,vhodnost,1,4
exp948,k3_final_26,A12,kvalita,1,Plná
exp948,k3_final_26,A12,dopad,1,Neúspěch
exp948,k3_final_26,A12,vhodnost,1,3
exp950,k3_final_26,A12,kvalita,1,Plná
exp950,k3_final_26,A12,dopad,1,Neúspěch
exp950,k3_final_26,A12,vhodnost,1,1
exp951,k3_final_26,A12,kvalita,1,Plochá
exp951,k3_final_26,A12,dopad,1,Krátkodobý úspěch
exp951,k3_final_26,A12,vhodnost,1,3
exp952,k3_final_26,A12,kvalita,1,Plná
exp952,k3_final_26,A12,dopad,1,Krátkodobý úspěch
exp952,k3_final_26,A12,vhodnost,1,4
exp961,k3_final_26,A12,kvalita,1,Plná
exp961,k3_final_26,A12,dopad,1,Dlouhodobý úspěch
exp961,k3_final_26,A12,vhodnost,1,4
exp934,k3_final_26,A12,kvalita,1,Plná
exp934,k3_final_26,A12,dopad,1,Dlouhodobý úspěch
exp934,k3_final_26,A12,vhodnost,1,3
exp935,k3_final_26,A12,kvalita,1,Plochá
exp937,k3_final_26,A12,kvalita,1,Plná
exp937,k3_final_26,A12,dopad,1,Neúspěch
exp937,k3_final_26,A12,vhodnost,1,2
exp938,k3_final_26,A12,kvalita,1,Plná
exp938,k3_final_26,A12,dopad,1,Krátkodobý úspěch
exp938,k3_final_26,A12,vhodnost,1,4
exp941,k3_final_26,A12,kvalita,1,Plná
exp941,k3_final_26,A12,dopad,1,Dlouhodobý úspěch
exp941,k3_final_26,A12,vhodnost,1,3
exp919,k3_final_26,A12,kvalita,1,Plná
exp919,k3_final_26,A12,dopad,1,Krátkodobý úspěch
exp919,k3_final_26,A12,vhodnost,1,3
exp925,k3_final_26,A12,kvalita,1,Plná
exp925,k3_final_26,A12,dopad,1,Dlouhodobý úspěch
exp925,k3_final_26,A12,vhodnost,1,3
exp928,k3_final_26,A12,kvalita,1,Plná
exp928,k3_final_26,A12,dopad,1,Krátkodobý úspěch
exp928,k3_final_26,A12,vhodnost,1,2
exp930,k3_final_26,A12,kvalita,1,Plochá
exp931,k3_final_26,A12,kvalita,1,Plná
exp931,k3_final_26,A12,dopad,1,Dlouhodobý úspěch
exp931,k3_final_26,A12,vhodnost,1,4
exp932,k3_final_26,A12,kvalita,1,Plná
exp932,k3_final_26,A12,dopad,1,Krátkodobý úspěch
exp932,k3_final_26,A12,vhodnost,1,1
exp912,k3_final_26,A12,kvalita,1,Plná
exp912,k3_final_26,A12,dopad,1,Neúspěch
exp912,k3_final_26,A12,vhodnost,1,1
exp913,k3_final_26,A12,kvalita,1,Plná
exp913,k3_final_26,A12,dopad,1,Dlouhodobý úspěch
exp913,k3_final_26,A12,vhodnost,1,4
exp915,k3_final_26,A12,kvalita,1,Plná
exp915,k3_final_26,A12,dopad,1,Dlouhodobý úspěch
exp915,k3_final_26,A12,vhodnost,1,4
exp916,k3_final_26,A12,kvalita,1,Plná
exp916,k3_final_26,A12,dopad,1,Neúspěch
exp916,k3_final_26,A12,vhodnost,1,4
exp918,k3_final_26,A12,kvalita,1,Plochá
exp923,k3_final_26,A12,kvalita,1,Plná
exp923,k3_final_26,A12,dopad,1,Krátkodobý úspěch
exp923,k3_final_26,A12,vhodnost,1,4
exp897,k3_final_26,A12,kvalita,1,Plná
exp897,k3_final_26,A12,dopad,1,Krátkodobý úspěch
exp897,k3_final_26,A12,vhodnost,1,1
exp899,k3_final_26,A12,kvalita,1,Plná
exp899,k3_final_26,A12,dopad,1,Krátkodobý úspěch
exp899,k3_final_26,A12,vhodnost,1,4
exp904,k3_final_26,A12,kvalita,1,Plná
exp904,k3_final_26,A12,dopad,1,Dlouhodobý úspěch
exp904,k3_final_26,A12,vhodnost,1,3
exp905,k3_final_26,A12,kvalita,1,Plná
exp905,k3_final_26,A12,dopad,1,Neúspěch
exp905,k3_final_26,A12,vhodnost,1,3
exp910,k3_final_26,A12,kvalita,1,Plná
exp910,k3_final_26,A12,dopad,1,Dlouhodobý úspěch
exp910,k3_final_26,A12,vhodnost,1,4
exp911,k3_final_26,A12,kvalita,1,Plná
exp911,k3_final_26,A12,dopad,1,Krátkodobý úspěch
exp911,k3_final_26,A12,vhodnost,1,4
exp914,k3_final_26,A12,kvalita,1,Plná
exp914,k3_final_26,A12,dopad,1,Neúspěch
exp914,k3_final_26,A12,vhodnost,1,3
exp891,k3_final_26,A12,kvalita,1,Plná
exp891,k3_final_26,A12,dopad,1,Dlouhodobý úspěch
exp891,k3_final_26,A12,vhodnost,1,4
exp895,k3_final_26,A12,kvalita,1,Plochá
exp895,k3_final_26,A12,dopad,1,Krátkodobý úspěch
exp895,k3_final_26,A12,vhodnost,1,3
exp901,k3_final_26,A12,kvalita,1,Plná
exp901,k3_final_26,A12,dopad,1,Dlouhodobý úspěch
exp901,k3_final_26,A12,vhodnost,1,4
exp902,k3_final_26,A12,kvalita,1,Plná
exp902,k3_final_26,A12,dopad,1,Dlouhodobý úspěch
exp902,k3_final_26,A12,vhodnost,1,2
exp883,k3_final_26,A12,kvalita,1,Plná
exp883,k3_final_26,A12,dopad,1,Dlouhodobý úspěch
exp883,k3_final_26,A12,vhodnost,1,2
exp884,k3_final_26,A12,kvalita,1,Plná
exp884,k3_final_26,A12,dopad,1,Dlouhodobý úspěch
exp884,k3_final_26,A12,vhodnost,1,1
exp887,k3_final_26,A12,kvalita,1,Plná
exp887,k3_final_26,A12,dopad,1,Dlouhodobý úspěch
exp887,k3_final_26,A12,vhodnost,1,4
exp888,k3_final_26,A12,kvalita,1,Plná
exp888,k3_final_26,A12,dopad,1,Krátkodobý úspěch
exp888,k3_final_26,A12,vhodnost,1,3
exp893,k3_final_26,A12,kvalita,1,Plná
exp893,k3_final_26,A12,dopad,1,Krátkodobý úspěch
exp893,k3_final_26,A12,vhodnost,1,4
exp894,k3_final_26,A12,kvalita,1,Plná
exp894,k3_final_26,A12,dopad,1,Neúspěch
exp894,k3_final_26,A12,vhodnost,1,2
exp869,k3_final_26,A12,kvalita,1,Plná
exp869,k3_final_26,A12,dopad,1,Krátkodobý úspěch
exp869,k3_final_26,A12,vhodnost,1,2
exp870,k3_final_26,A12,kvalita,1,Plná
exp870,k3_final_26,A12,dopad,1,Neúspěch
exp870,k3_final_26,A12,vhodnost,1,3
exp871,k3_final_26,A12,kvalita,1,Plná
exp871,k3_final_26,A12,dopad,1,Dlouhodobý úspěch
exp871,k3_final_26,A12,vhodnost,1,4
exp874,k3_final_26,A12,kvalita,1,Plná
exp874,k3_final_26,A12,dopad,1,Dlouhodobý úspěch
exp874,k3_final_26,A12,vhodnost,1,4
exp875,k3_final_26,A12,kvalita,1,Plná
exp875,k3_final_26,A12,dopad,1,Neúspěch
exp875,k3_final_26,A12,vhodnost,1,4
exp876,k3_final_26,A12,kvalita,1,Plná
exp876,k3_final_26,A12,dopad,1,Dlouhodobý úspěch
exp876,k3_final_26,A12,vhodnost,1,4
exp882,k3_final_26,A12,kvalita,1,Plná
exp882,k3_final_26,A12,dopad,1,Krátkodobý úspěch
exp882,k3_final_26,A12,vhodnost,1,4
exp886,k3_final_26,A12,kvalita,1,Plná
exp886,k3_final_26,A12,dopad,1,Neúspěch
exp886,k3_final_26,A12,vhodnost,1,3
exp851,k3_final_26,A12,kvalita,1,Plná
exp851,k3_final_26,A12,dopad,1,Dlouhodobý úspěch
exp851,k3_final_26,A12,vhodnost,1,4
exp863,k3_final_26,A12,kvalita,1,Plná
exp863,k3_final_26,A12,dopad,1,Neúspěch
exp863,k3_final_26,A12,vhodnost,1,2
exp867,k3_final_26,A12,kvalita,1,Plná
exp867,k3_final_26,A12,dopad,1,Krátkodobý úspěch
exp867,k3_final_26,A12,vhodnost,1,2
exp852,k3_final_26,A12,kvalita,1,Plná
exp852,k3_final_26,A12,dopad,1,Krátkodobý úspěch
exp852,k3_final_26,A12,vhodnost,1,4
exp853,k3_final_26,A12,kvalita,1,Plná
exp853,k3_final_26,A12,dopad,1,Krátkodobý úspěch
exp853,k3_final_26,A12,vhodnost,1,3
exp855,k3_final_26,A12,kvalita,1,Plná
exp855,k3_final_26,A12,dopad,1,Neúspěch
exp855,k3_final_26,A12,vhodnost,1,2
exp856,k3_final_26,A12,kvalita,1,Plná
exp856,k3_final_26,A12,dopad,1,Dlouhodobý úspěch
exp856,k3_final_26,A12,vhodnost,1,3
exp857,k3_final_26,A12,kvalita,1,Plná
exp857,k3_final_26,A12,dopad,1,Dlouhodobý úspěch
exp857,k3_final_26,A12,vhodnost,1,4
exp860,k3_final_26,A12,kvalita,1,Plná
exp860,k3_final_26,A12,dopad,1,Neúspěch
exp860,k3_final_26,A12,vhodnost,1,3
exp862,k3_final_26,A12,kvalita,1,Plná
exp862,k3_final_26,A12,dopad,1,Dlouhodobý úspěch
exp862,k3_final_26,A12,vhodnost,1,3
exp844,k3_final_26,A12,kvalita,1,Plná
exp844,k3_final_26,A12,dopad,1,Dlouhodobý úspěch
exp844,k3_final_26,A12,vhodnost,1,4
exp847,k3_final_26,A12,kvalita,1,Plná
exp847,k3_final_26,A12,dopad,1,Krátkodobý úspěch
exp847,k3_final_26,A12,vhodnost,1,4
exp848,k3_final_26,A12,kvalita,1,Plná
exp848,k3_final_26,A12,dopad,1,Dlouhodobý úspěch
exp848,k3_final_26,A12,vhodnost,1,4
exp850,k3_final_26,A12,kvalita,1,Plná
exp850,k3_final_26,A12,dopad,1,Krátkodobý úspěch
exp850,k3_final_26,A12,vhodnost,1,3
exp854,k3_final_26,A12,kvalita,1,Plná
exp854,k3_final_26,A12,dopad,1,Dlouhodobý úspěch
exp854,k3_final_26,A12,vhodnost,1,4
exp859,k3_final_26,A12,kvalita,1,Plná
exp859,k3_final_26,A12,dopad,1,Dlouhodobý úspěch
exp859,k3_final_26,A12,vhodnost,1,4
exp861,k3_final_26,A12,kvalita,1,Plná
exp861,k3_final_26,A12,dopad,1,Neúspěch
exp861,k3_final_26,A12,vhodnost,1,3
exp836,k3_final_26,A12,kvalita,1,Plná
exp836,k3_final_26,A12,dopad,1,Krátkodobý úspěch
exp836,k3_final_26,A12,vhodnost,1,4
exp837,k3_final_26,A12,kvalita,1,Plná
exp837,k3_final_26,A12,dopad,1,Krátkodobý úspěch
exp837,k3_final_26,A12,vhodnost,1,3
exp840,k3_final_26,A12,kvalita,1,Plná
exp840,k3_final_26,A12,dopad,1,Dlouhodobý úspěch
exp840,k3_final_26,A12,vhodnost,1,4
exp842,k3_final_26,A12,kvalita,1,Plná
exp842,k3_final_26,A12,dopad,1,Krátkodobý úspěch
exp842,k3_final_26,A12,vhodnost,1,2
exp843,k3_final_26,A12,kvalita,1,Plná
exp843,k3_final_26,A12,dopad,1,Dlouhodobý úspěch
exp843,k3_final_26,A12,vhodnost,1,4
exp849,k3_final_26,A12,kvalita,1,Plochá
exp832,k3_final_26,A12,kvalita,1,Plná
exp832,k3_final_26,A12,dopad,1,Krátkodobý úspěch
exp832,k3_final_26,A12,vhodnost,1,4
exp838,k3_final_26,A12,kvalita,1,Plná
exp838,k3_final_26,A12,dopad,1,Dlouhodobý úspěch
exp838,k3_final_26,A12,vhodnost,1,4
exp819,k3_final_26,A12,kvalita,1,Plná
exp819,k3_final_26,A12,dopad,1,Dlouhodobý úspěch
exp819,k3_final_26,A12,vhodnost,1,4
exp820,k3_final_26,A12,kvalita,1,Plná
exp820,k3_final_26,A12,dopad,1,Dlouhodobý úspěch
exp820,k3_final_26,A12,vhodnost,1,3
exp821,k3_final_26,A12,kvalita,1,Plná
exp821,k3_final_26,A12,dopad,1,Krátkodobý úspěch
exp821,k3_final_26,A12,vhodnost,1,4
exp826,k3_final_26,A12,kvalita,1,Plná
exp826,k3_final_26,A12,dopad,1,Krátkodobý úspěch
exp826,k3_final_26,A12,vhodnost,1,3
exp830,k3_final_26,A12,kvalita,1,Plná
exp830,k3_final_26,A12,dopad,1,Neúspěch
exp830,k3_final_26,A12,vhodnost,1,3
exp831,k3_final_26,A12,kvalita,1,Plná
exp831,k3_final_26,A12,dopad,1,Krátkodobý úspěch
exp831,k3_final_26,A12,vhodnost,1,4
exp834,k3_final_26,A12,kvalita,1,Plná
exp834,k3_final_26,A12,dopad,1,Krátkodobý úspěch
exp834,k3_final_26,A12,vhodnost,1,2
exp814,k3_final_26,A12,kvalita,1,Plná
exp814,k3_final_26,A12,dopad,1,Dlouhodobý úspěch
exp814,k3_final_26,A12,vhodnost,1,3
exp824,k3_final_26,A12,kvalita,1,Plochá
exp825,k3_final_26,A12,kvalita,1,Plná
exp825,k3_final_26,A12,dopad,1,Krátkodobý úspěch
exp825,k3_final_26,A12,vhodnost,1,2
exp829,k3_final_26,A12,kvalita,1,Plná
exp829,k3_final_26,A12,dopad,1,Dlouhodobý úspěch
exp829,k3_final_26,A12,vhodnost,1,4
exp808,k3_final_26,A12,kvalita,1,Plná
exp808,k3_final_26,A12,dopad,1,Krátkodobý úspěch
exp808,k3_final_26,A12,vhodnost,1,4
exp813,k3_final_26,A12,kvalita,1,Plná
exp813,k3_final_26,A12,dopad,1,Krátkodobý úspěch
exp813,k3_final_26,A12,vhodnost,1,2
exp815,k3_final_26,A12,kvalita,1,Plná
exp815,k3_final_26,A12,dopad,1,Krátkodobý úspěch
exp815,k3_final_26,A12,vhodnost,1,3
exp816,k3_final_26,A12,kvalita,1,Plná
exp816,k3_final_26,A12,dopad,1,Krátkodobý úspěch
exp816,k3_final_26,A12,vhodnost,1,3
exp818,k3_final_26,A12,kvalita,1,Plná
exp818,k3_final_26,A12,dopad,1,Dlouhodobý úspěch
exp818,k3_final_26,A12,vhodnost,1,4
exp797,k3_final_26,A12,kvalita,1,Plná
exp797,k3_final_26,A12,dopad,1,Neúspěch
exp797,k3_final_26,A12,vhodnost,1,2
exp801,k3_final_26,A12,kvalita,1,Plná
exp801,k3_final_26,A12,dopad,1,Dlouhodobý úspěch
exp801,k3_final_26,A12,vhodnost,1,4
exp803,k3_final_26,A12,kvalita,1,Plná
exp803,k3_final_26,A12,dopad,1,Dlouhodobý úspěch
exp803,k3_final_26,A12,vhodnost,1,4
exp807,k3_final_26,A12,kvalita,1,Plochá
exp809,k3_final_26,A12,kvalita,1,Plná
exp809,k3_final_26,A12,dopad,1,Krátkodobý úspěch
exp809,k3_final_26,A12,vhodnost,1,3
exp810,k3_final_26,A12,kvalita,1,Plná
exp810,k3_final_26,A12,dopad,1,Krátkodobý úspěch
exp810,k3_final_26,A12,vhodnost,1,3
exp811,k3_final_26,A12,kvalita,1,Plná
exp811,k3_final_26,A12,dopad,1,Neúspěch
exp811,k3_final_26,A12,vhodnost,1,3
exp817,k3_final_26,A12,kvalita,1,Plná
exp817,k3_final_26,A12,dopad,1,Dlouhodobý úspěch
exp817,k3_final_26,A12,vhodnost,1,3
exp791,k3_final_26,A12,kvalita,1,Plná
exp791,k3_final_26,A12,dopad,1,Neúspěch
exp791,k3_final_26,A12,vhodnost,1,3
exp794,k3_final_26,A12,kvalita,1,Plná
exp794,k3_final_26,A12,dopad,1,Dlouhodobý úspěch
exp794,k3_final_26,A12,vhodnost,1,4
exp795,k3_final_26,A12,kvalita,1,Plná
exp795,k3_final_26,A12,dopad,1,Krátkodobý úspěch
exp795,k3_final_26,A12,vhodnost,1,3
exp798,k3_final_26,A12,kvalita,1,Plná
exp798,k3_final_26,A12,dopad,1,Dlouhodobý úspěch
exp798,k3_final_26,A12,vhodnost,1,4
exp799,k3_final_26,A12,kvalita,1,Plná
exp799,k3_final_26,A12,dopad,1,Dlouhodobý úspěch
exp799,k3_final_26,A12,vhodnost,1,3
exp802,k3_final_26,A12,kvalita,1,Plná
exp802,k3_final_26,A12,dopad,1,Neúspěch
exp802,k3_final_26,A12,vhodnost,1,4
exp806,k3_final_26,A12,kvalita,1,Plná
exp806,k3_final_26,A12,dopad,1,Krátkodobý úspěch
exp806,k3_final_26,A12,vhodnost,1,4
exp781,k3_final_26,A12,kvalita,1,Plná
exp781,k3_final_26,A12,dopad,1,Neúspěch
exp781,k3_final_26,A12,vhodnost,1,3
exp782,k3_final_26,A12,kvalita,1,Plná
exp782,k3_final_26,A12,dopad,1,Krátkodobý úspěch
exp782,k3_final_26,A12,vhodnost,1,3
exp784,k3_final_26,A12,kvalita,1,Plná
exp784,k3_final_26,A12,dopad,1,Neúspěch
exp784,k3_final_26,A12,vhodnost,1,4
exp790,k3_final_26,A12,kvalita,1,Plná
exp790,k3_final_26,A12,dopad,1,Krátkodobý úspěch
exp790,k3_final_26,A12,vhodnost,1,4
exp804,k3_final_26,A12,kvalita,1,Plná
exp804,k3_final_26,A12,dopad,1,Neúspěch
exp804,k3_final_26,A12,vhodnost,1,2
exp805,k3_final_26,A12,kvalita,1,Plná
exp805,k3_final_26,A12,dopad,1,Dlouhodobý úspěch
exp805,k3_final_26,A12,vhodnost,1,4
exp778,k3_final_26,A12,kvalita,1,Plná
exp778,k3_final_26,A12,dopad,1,Krátkodobý úspěch
exp778,k3_final_26,A12,vhodnost,1,4
exp785,k3_final_26,A12,kvalita,1,Plná
exp785,k3_final_26,A12,dopad,1,Krátkodobý úspěch
exp785,k3_final_26,A12,vhodnost,1,2
exp787,k3_final_26,A12,kvalita,1,Plná
exp787,k3_final_26,A12,dopad,1,Krátkodobý úspěch
exp787,k3_final_26,A12,vhodnost,1,3
exp792,k3_final_26,A12,kvalita,1,Plná
exp792,k3_final_26,A12,dopad,1,Neúspěch
exp792,k3_final_26,A12,vhodnost,1,1
exp768,k3_final_26,A12,kvalita,1,Plná
exp768,k3_final_26,A12,dopad,1,Neúspěch
exp768,k3_final_26,A12,vhodnost,1,1
exp769,k3_final_26,A12,kvalita,1,Plná
exp769,k3_final_26,A12,dopad,1,Neúspěch
exp769,k3_final_26,A12,vhodnost,1,2
exp771,k3_final_26,A12,kvalita,1,Plná
exp771,k3_final_26,A12,dopad,1,Dlouhodobý úspěch
exp771,k3_final_26,A12,vhodnost,1,4
exp775,k3_final_26,A12,kvalita,1,Plná
exp775,k3_final_26,A12,dopad,1,Dlouhodobý úspěch
exp775,k3_final_26,A12,vhodnost,1,2
exp759,k3_final_26,A12,kvalita,1,Plná
exp759,k3_final_26,A12,dopad,1,Dlouhodobý úspěch
exp759,k3_final_26,A12,vhodnost,1,4
exp762,k3_final_26,A12,kvalita,1,Plná
exp762,k3_final_26,A12,dopad,1,Krátkodobý úspěch
exp762,k3_final_26,A12,vhodnost,1,3
exp763,k3_final_26,A12,kvalita,1,Plochá
exp764,k3_final_26,A12,kvalita,1,Plná
exp764,k3_final_26,A12,dopad,1,Krátkodobý úspěch
exp764,k3_final_26,A12,vhodnost,1,2
exp765,k3_final_26,A12,kvalita,1,Plná
exp765,k3_final_26,A12,dopad,1,Krátkodobý úspěch
exp765,k3_final_26,A12,vhodnost,1,4
exp767,k3_final_26,A12,kvalita,1,Plná
exp767,k3_final_26,A12,dopad,1,Dlouhodobý úspěch
exp767,k3_final_26,A12,vhodnost,1,2
exp770,k3_final_26,A12,kvalita,1,Plná
exp770,k3_final_26,A12,dopad,1,Krátkodobý úspěch
exp770,k3_final_26,A12,vhodnost,1,3
exp772,k3_final_26,A12,kvalita,1,Plná
exp772,k3_final_26,A12,dopad,1,Krátkodobý úspěch
exp772,k3_final_26,A12,vhodnost,1,3
exp754,k3_final_26,A12,kvalita,1,Plná
exp754,k3_final_26,A12,dopad,1,Krátkodobý úspěch
exp754,k3_final_26,A12,vhodnost,1,4
exp756,k3_final_26,A12,kvalita,1,Plná
exp756,k3_final_26,A12,dopad,1,Krátkodobý úspěch
exp756,k3_final_26,A12,vhodnost,1,3
exp757,k3_final_26,A12,kvalita,1,Plná
exp757,k3_final_26,A12,dopad,1,Krátkodobý úspěch
exp757,k3_final_26,A12,vhodnost,1,3
exp760,k3_final_26,A12,kvalita,1,Plná
exp760,k3_final_26,A12,dopad,1,Krátkodobý úspěch
exp760,k3_final_26,A12,vhodnost,1,3
exp744,k3_final_26,A12,kvalita,1,Plná
exp744,k3_final_26,A12,dopad,1,Neúspěch
exp744,k3_final_26,A12,vhodnost,1,2
exp745,k3_final_26,A12,kvalita,1,Plochá
exp755,k3_final_26,A12,kvalita,1,Plná
exp755,k3_final_26,A12,dopad,1,Dlouhodobý úspěch
exp755,k3_final_26,A12,vhodnost,1,1
exp733,k3_final_26,A12,kvalita,1,Plná
exp733,k3_final_26,A12,dopad,1,Dlouhodobý úspěch
exp733,k3_final_26,A12,vhodnost,1,3
exp735,k3_final_26,A12,kvalita,1,Plná
exp735,k3_final_26,A12,dopad,1,Krátkodobý úspěch
exp735,k3_final_26,A12,vhodnost,1,2
exp740,k3_final_26,A12,kvalita,1,Plná
exp740,k3_final_26,A12,dopad,1,Krátkodobý úspěch
exp740,k3_final_26,A12,vhodnost,1,4
exp741,k3_final_26,A12,kvalita,1,Plná
exp741,k3_final_26,A12,dopad,1,Krátkodobý úspěch
exp741,k3_final_26,A12,vhodnost,1,4
exp743,k3_final_26,A12,kvalita,1,Plná
exp743,k3_final_26,A12,dopad,1,Dlouhodobý úspěch
exp743,k3_final_26,A12,vhodnost,1,3
exp724,k3_final_26,A12,kvalita,1,Plná
exp724,k3_final_26,A12,dopad,1,Dlouhodobý úspěch
exp724,k3_final_26,A12,vhodnost,1,4
exp726,k3_final_26,A12,kvalita,1,Plná
exp726,k3_final_26,A12,dopad,1,Krátkodobý úspěch
exp726,k3_final_26,A12,vhodnost,1,3
exp729,k3_final_26,A12,kvalita,1,Plná
exp729,k3_final_26,A12,dopad,1,Neúspěch
exp729,k3_final_26,A12,vhodnost,1,3
exp730,k3_final_26,A12,kvalita,1,Plná
exp730,k3_final_26,A12,dopad,1,Dlouhodobý úspěch
exp730,k3_final_26,A12,vhodnost,1,4
exp706,k3_final_26,A12,kvalita,1,Plná
exp706,k3_final_26,A12,dopad,1,Dlouhodobý úspěch
exp706,k3_final_26,A12,vhodnost,1,3
exp708,k3_final_26,A12,kvalita,1,Plná
exp708,k3_final_26,A12,dopad,1,Dlouhodobý úspěch
exp708,k3_final_26,A12,vhodnost,1,3
exp716,k3_final_26,A12,kvalita,1,Plná
exp716,k3_final_26,A12,dopad,1,Krátkodobý úspěch
exp716,k3_final_26,A12,vhodnost,1,2
exp717,k3_final_26,A12,kvalita,1,Plná
exp717,k3_final_26,A12,dopad,1,Krátkodobý úspěch
exp717,k3_final_26,A12,vhodnost,1,3
exp718,k3_final_26,A12,kvalita,1,Plná
exp718,k3_final_26,A12,dopad,1,Neúspěch
exp718,k3_final_26,A12,vhodnost,1,2
exp720,k3_final_26,A12,kvalita,1,Plná
exp720,k3_final_26,A12,dopad,1,Dlouhodobý úspěch
exp720,k3_final_26,A12,vhodnost,1,3
exp722,k3_final_26,A12,kvalita,1,Plná
exp722,k3_final_26,A12,dopad,1,Krátkodobý úspěch
exp722,k3_final_26,A12,vhodnost,1,3
exp723,k3_final_26,A12,kvalita,1,Plná
exp723,k3_final_26,A12,dopad,1,Dlouhodobý úspěch
exp723,k3_final_26,A12,vhodnost,1,4
exp725,k3_final_26,A12,kvalita,1,Plná
exp725,k3_final_26,A12,dopad,1,Neúspěch
exp725,k3_final_26,A12,vhodnost,1,1
exp728,k3_final_26,A12,kvalita,1,Plná
exp728,k3_final_26,A12,dopad,1,Neúspěch
exp728,k3_final_26,A12,vhodnost,1,3
exp704,k3_final_26,A12,kvalita,1,Plná
exp704,k3_final_26,A12,dopad,1,Dlouhodobý úspěch
exp704,k3_final_26,A12,vhodnost,1,4
exp707,k3_final_26,A12,kvalita,1,Plná
exp707,k3_final_26,A12,dopad,1,Dlouhodobý úspěch
exp707,k3_final_26,A12,vhodnost,1,4
exp709,k3_final_26,A12,kvalita,1,Plná
exp709,k3_final_26,A12,dopad,1,Krátkodobý úspěch
exp709,k3_final_26,A12,vhodnost,1,3
exp712,k3_final_26,A12,kvalita,1,Plná
exp712,k3_final_26,A12,dopad,1,Neúspěch
exp712,k3_final_26,A12,vhodnost,1,3
exp700,k3_final_26,A12,kvalita,1,Plná
exp700,k3_final_26,A12,dopad,1,Krátkodobý úspěch
exp700,k3_final_26,A12,vhodnost,1,3
exp701,k3_final_26,A12,kvalita,1,Plná
exp701,k3_final_26,A12,dopad,1,Krátkodobý úspěch
exp701,k3_final_26,A12,vhodnost,1,2
exp702,k3_final_26,A12,kvalita,1,Plná
exp702,k3_final_26,A12,dopad,1,Krátkodobý úspěch
exp702,k3_final_26,A12,vhodnost,1,4
exp710,k3_final_26,A12,kvalita,1,Plná
exp710,k3_final_26,A12,dopad,1,Dlouhodobý úspěch
exp710,k3_final_26,A12,vhodnost,1,4
exp711,k3_final_26,A12,kvalita,1,Plná
exp711,k3_final_26,A12,dopad,1,Neúspěch
exp711,k3_final_26,A12,vhodnost,1,2
exp713,k3_final_26,A12,kvalita,1,Plná
exp713,k3_final_26,A12,dopad,1,Dlouhodobý úspěch
exp713,k3_final_26,A12,vhodnost,1,4
exp691,k3_final_26,A12,kvalita,1,Plná
exp691,k3_final_26,A12,dopad,1,Krátkodobý úspěch
exp691,k3_final_26,A12,vhodnost,1,4
exp692,k3_final_26,A12,kvalita,1,Plná
exp692,k3_final_26,A12,dopad,1,Neúspěch
exp692,k3_final_26,A12,vhodnost,1,2
exp693,k3_final_26,A12,kvalita,1,Plná
exp693,k3_final_26,A12,dopad,1,Krátkodobý úspěch
exp693,k3_final_26,A12,vhodnost,1,1
exp694,k3_final_26,A12,kvalita,1,Plná
exp694,k3_final_26,A12,dopad,1,Neúspěch
exp694,k3_final_26,A12,vhodnost,1,3
exp699,k3_final_26,A12,kvalita,1,Plná
exp699,k3_final_26,A12,dopad,1,Neúspěch
exp699,k3_final_26,A12,vhodnost,1,3
exp715,k3_final_26,A12,kvalita,1,Plná
exp715,k3_final_26,A12,dopad,1,Neúspěch
exp715,k3_final_26,A12,vhodnost,1,1
exp683,k3_final_26,A12,kvalita,1,Plná
exp683,k3_final_26,A12,dopad,1,Krátkodobý úspěch
exp683,k3_final_26,A12,vhodnost,1,4
exp686,k3_final_26,A12,kvalita,1,Plochá
exp690,k3_final_26,A12,kvalita,1,Plná
exp690,k3_final_26,A12,dopad,1,Neúspěch
exp690,k3_final_26,A12,vhodnost,1,3
exp695,k3_final_26,A12,kvalita,1,Plná
exp695,k3_final_26,A12,dopad,1,Neúspěch
exp695,k3_final_26,A12,vhodnost,1,4
exp696,k3_final_26,A12,kvalita,1,Plochá
exp696,k3_final_26,A12,vhodnost,1,4
exp698,k3_final_26,A12,kvalita,1,Plná
exp698,k3_final_26,A12,dopad,1,Dlouhodobý úspěch
exp698,k3_final_26,A12,vhodnost,1,4
exp675,k3_final_26,A12,kvalita,1,Plná
exp675,k3_final_26,A12,dopad,1,Krátkodobý úspěch
exp675,k3_final_26,A12,vhodnost,1,4
exp677,k3_final_26,A12,kvalita,1,Plochá
exp680,k3_final_26,A12,kvalita,1,Plná
exp680,k3_final_26,A12,dopad,1,Dlouhodobý úspěch
exp680,k3_final_26,A12,vhodnost,1,3
exp681,k3_final_26,A12,kvalita,1,Plná
exp681,k3_final_26,A12,dopad,1,Krátkodobý úspěch
exp681,k3_final_26,A12,vhodnost,1,4
exp684,k3_final_26,A12,kvalita,1,Plná
exp684,k3_final_26,A12,dopad,1,Dlouhodobý úspěch
exp684,k3_final_26,A12,vhodnost,1,3
exp685,k3_final_26,A12,kvalita,1,Plná
exp685,k3_final_26,A12,dopad,1,Dlouhodobý úspěch
exp685,k3_final_26,A12,vhodnost,1,4
exp662,k3_final_26,A12,kvalita,1,Plochá
exp666,k3_final_26,A12,kvalita,1,Plná
exp666,k3_final_26,A12,dopad,1,Krátkodobý úspěch
exp666,k3_final_26,A12,vhodnost,1,4
exp668,k3_final_26,A12,kvalita,1,Plná
exp668,k3_final_26,A12,dopad,1,Dlouhodobý úspěch
exp668,k3_final_26,A12,vhodnost,1,4
exp671,k3_final_26,A12,kvalita,1,Plná
exp671,k3_final_26,A12,dopad,1,Dlouhodobý úspěch
exp671,k3_final_26,A12,vhodnost,1,4
exp673,k3_final_26,A12,kvalita,1,Plná
exp673,k3_final_26,A12,dopad,1,Krátkodobý úspěch
exp673,k3_final_26,A12,vhodnost,1,4
exp676,k3_final_26,A12,kvalita,1,Plná
exp676,k3_final_26,A12,dopad,1,Neúspěch
exp676,k3_final_26,A12,vhodnost,1,2
exp678,k3_final_26,A12,kvalita,1,Plná
exp678,k3_final_26,A12,dopad,1,Neúspěch
exp678,k3_final_26,A12,vhodnost,1,1
exp682,k3_final_26,A12,kvalita,1,Plochá
exp682,k3_final_26,A12,vhodnost,1,4
exp655,k3_final_26,A12,kvalita,1,Plná
exp655,k3_final_26,A12,dopad,1,Krátkodobý úspěch
exp655,k3_final_26,A12,vhodnost,1,3
exp663,k3_final_26,A12,kvalita,1,Plná
exp663,k3_final_26,A12,dopad,1,Dlouhodobý úspěch
exp663,k3_final_26,A12,vhodnost,1,4
exp665,k3_final_26,A12,kvalita,1,Plná
exp665,k3_final_26,A12,dopad,1,Dlouhodobý úspěch
exp665,k3_final_26,A12,vhodnost,1,4
exp669,k3_final_26,A12,kvalita,1,Plná
exp669,k3_final_26,A12,dopad,1,Dlouhodobý úspěch
exp669,k3_final_26,A12,vhodnost,1,4
exp672,k3_final_26,A12,kvalita,1,Plná
exp672,k3_final_26,A12,dopad,1,Krátkodobý úspěch
exp672,k3_final_26,A12,vhodnost,1,1
exp650,k3_final_26,A12,kvalita,1,Plná
exp650,k3_final_26,A12,dopad,1,Dlouhodobý úspěch
exp650,k3_final_26,A12,vhodnost,1,3
exp656,k3_final_26,A12,kvalita,1,Plná
exp656,k3_final_26,A12,dopad,1,Dlouhodobý úspěch
exp656,k3_final_26,A12,vhodnost,1,4
exp657,k3_final_26,A12,kvalita,1,Plná
exp657,k3_final_26,A12,dopad,1,Krátkodobý úspěch
exp657,k3_final_26,A12,vhodnost,1,2
exp659,k3_final_26,A12,kvalita,1,Plná
exp659,k3_final_26,A12,dopad,1,Dlouhodobý úspěch
exp659,k3_final_26,A12,vhodnost,1,3
exp660,k3_final_26,A12,kvalita,1,Plná
exp660,k3_final_26,A12,dopad,1,Neúspěch
exp660,k3_final_26,A12,vhodnost,1,1
exp664,k3_final_26,A12,kvalita,1,Plná
exp664,k3_final_26,A12,dopad,1,Neúspěch
exp664,k3_final_26,A12,vhodnost,1,3
exp670,k3_final_26,A12,kvalita,1,Plná
exp670,k3_final_26,A12,dopad,1,Neúspěch
exp670,k3_final_26,A12,vhodnost,1,3
exp643,k3_final_26,A12,kvalita,1,Plochá
exp646,k3_final_26,A12,kvalita,1,Plná
exp646,k3_final_26,A12,dopad,1,Dlouhodobý úspěch
exp646,k3_final_26,A12,vhodnost,1,3
exp648,k3_final_26,A12,kvalita,1,Plná
exp648,k3_final_26,A12,dopad,1,Dlouhodobý úspěch
exp648,k3_final_26,A12,vhodnost,1,3
exp651,k3_final_26,A12,kvalita,1,Plná
exp651,k3_final_26,A12,dopad,1,Dlouhodobý úspěch
exp651,k3_final_26,A12,vhodnost,1,4
exp652,k3_final_26,A12,kvalita,1,Plná
exp652,k3_final_26,A12,dopad,1,Krátkodobý úspěch
exp652,k3_final_26,A12,vhodnost,1,4
exp653,k3_final_26,A12,kvalita,1,Plná
exp653,k3_final_26,A12,dopad,1,Neúspěch
exp653,k3_final_26,A12,vhodnost,1,3
exp654,k3_final_26,A12,kvalita,1,Plná
exp654,k3_final_26,A12,dopad,1,Krátkodobý úspěch
exp654,k3_final_26,A12,vhodnost,1,3
exp628,k3_final_26,A12,kvalita,1,Plná
exp628,k3_final_26,A12,dopad,1,Neúspěch
exp628,k3_final_26,A12,vhodnost,1,1
exp639,k3_final_26,A12,kvalita,1,Plná
exp639,k3_final_26,A12,dopad,1,Krátkodobý úspěch
exp639,k3_final_26,A12,vhodnost,1,4
exp641,k3_final_26,A12,kvalita,1,Plná
exp641,k3_final_26,A12,dopad,1,Krátkodobý úspěch
exp641,k3_final_26,A12,vhodnost,1,4
exp644,k3_final_26,A12,kvalita,1,Plná
exp644,k3_final_26,A12,dopad,1,Dlouhodobý úspěch
exp644,k3_final_26,A12,vhodnost,1,4
exp645,k3_final_26,A12,kvalita,1,Plná
exp645,k3_final_26,A12,dopad,1,Neúspěch
exp645,k3_final_26,A12,vhodnost,1,1
exp647,k3_final_26,A12,kvalita,1,Plná
exp647,k3_final_26,A12,dopad,1,Krátkodobý úspěch
exp647,k3_final_26,A12,vhodnost,1,2
exp617,k3_final_26,A12,kvalita,1,Plná
exp617,k3_final_26,A12,dopad,1,Neúspěch
exp617,k3_final_26,A12,vhodnost,1,1
exp620,k3_final_26,A12,kvalita,1,Plná
exp620,k3_final_26,A12,dopad,1,Dlouhodobý úspěch
exp620,k3_final_26,A12,vhodnost,1,4
exp623,k3_final_26,A12,kvalita,1,Plná
exp623,k3_final_26,A12,dopad,1,Krátkodobý úspěch
exp623,k3_final_26,A12,vhodnost,1,4
exp624,k3_final_26,A12,kvalita,1,Plná
exp624,k3_final_26,A12,dopad,1,Dlouhodobý úspěch
exp624,k3_final_26,A12,vhodnost,1,4
exp627,k3_final_26,A12,kvalita,1,Plná
exp627,k3_final_26,A12,dopad,1,Neúspěch
exp627,k3_final_26,A12,vhodnost,1,1
exp631,k3_final_26,A12,kvalita,1,Plná
exp631,k3_final_26,A12,dopad,1,Krátkodobý úspěch
exp631,k3_final_26,A12,vhodnost,1,2
exp638,k3_final_26,A12,kvalita,1,Plná
exp638,k3_final_26,A12,dopad,1,Dlouhodobý úspěch
exp638,k3_final_26,A12,vhodnost,1,4
exp640,k3_final_26,A12,kvalita,1,Plná
exp640,k3_final_26,A12,dopad,1,Dlouhodobý úspěch
exp640,k3_final_26,A12,vhodnost,1,2
exp615,k3_final_26,A12,kvalita,1,Plochá
exp615,k3_final_26,A12,dopad,1,Krátkodobý úspěch
exp615,k3_final_26,A12,vhodnost,1,4
exp616,k3_final_26,A12,kvalita,1,Plná
exp616,k3_final_26,A12,dopad,1,Dlouhodobý úspěch
exp616,k3_final_26,A12,vhodnost,1,4
exp619,k3_final_26,A12,kvalita,1,Plná
exp619,k3_final_26,A12,dopad,1,Dlouhodobý úspěch
exp619,k3_final_26,A12,vhodnost,1,1
exp626,k3_final_26,A12,kvalita,1,Plná
exp626,k3_final_26,A12,dopad,1,Neúspěch
exp626,k3_final_26,A12,vhodnost,1,2
exp629,k3_final_26,A12,kvalita,1,Plná
exp629,k3_final_26,A12,dopad,1,Dlouhodobý úspěch
exp629,k3_final_26,A12,vhodnost,1,3
exp630,k3_final_26,A12,kvalita,1,Plochá
exp634,k3_final_26,A12,kvalita,1,Plná
exp634,k3_final_26,A12,dopad,1,Dlouhodobý úspěch
exp634,k3_final_26,A12,vhodnost,1,4
exp637,k3_final_26,A12,kvalita,1,Plochá
exp637,k3_final_26,A12,dopad,1,Krátkodobý úspěch
exp637,k3_final_26,A12,vhodnost,1,2
exp622,k3_final_26,A12,kvalita,1,Plná
exp622,k3_final_26,A12,dopad,1,Dlouhodobý úspěch
exp622,k3_final_26,A12,vhodnost,1,4
exp636,k3_final_26,A12,kvalita,1,Plná
exp636,k3_final_26,A12,dopad,1,Neúspěch
exp636,k3_final_26,A12,vhodnost,1,1
exp595,k3_final_26,A12,kvalita,1,Plná
exp595,k3_final_26,A12,dopad,1,Neúspěch
exp595,k3_final_26,A12,vhodnost,1,2
exp598,k3_final_26,A12,kvalita,1,Plná
exp598,k3_final_26,A12,dopad,1,Krátkodobý úspěch
exp598,k3_final_26,A12,vhodnost,1,4
exp612,k3_final_26,A12,kvalita,1,Plná
exp612,k3_final_26,A12,dopad,1,Dlouhodobý úspěch
exp612,k3_final_26,A12,vhodnost,1,4
exp613,k3_final_26,A12,kvalita,1,Plná
exp613,k3_final_26,A12,dopad,1,Neúspěch
exp613,k3_final_26,A12,vhodnost,1,2
exp596,k3_final_26,A12,kvalita,1,Plná
exp596,k3_final_26,A12,dopad,1,Dlouhodobý úspěch
exp596,k3_final_26,A12,vhodnost,1,4
exp597,k3_final_26,A12,kvalita,1,Plná
exp597,k3_final_26,A12,dopad,1,Krátkodobý úspěch
exp597,k3_final_26,A12,vhodnost,1,3
exp584,k3_final_26,A12,kvalita,1,Plná
exp584,k3_final_26,A12,dopad,1,Dlouhodobý úspěch
exp584,k3_final_26,A12,vhodnost,1,3
exp599,k3_final_26,A12,kvalita,1,Plná
exp599,k3_final_26,A12,dopad,1,Krátkodobý úspěch
exp599,k3_final_26,A12,vhodnost,1,3
exp574,k3_final_26,A12,kvalita,1,Plná
exp574,k3_final_26,A12,dopad,1,Dlouhodobý úspěch
exp574,k3_final_26,A12,vhodnost,1,3
exp582,k3_final_26,A12,kvalita,1,Plná
exp582,k3_final_26,A12,dopad,1,Neúspěch
exp582,k3_final_26,A12,vhodnost,1,2
exp558,k3_final_26,A12,kvalita,1,Plná
exp558,k3_final_26,A12,dopad,1,Dlouhodobý úspěch
exp558,k3_final_26,A12,vhodnost,1,4
exp560,k3_final_26,A12,kvalita,1,Plná
exp560,k3_final_26,A12,dopad,1,Dlouhodobý úspěch
exp560,k3_final_26,A12,vhodnost,1,4
exp562,k3_final_26,A12,kvalita,1,Plná
exp562,k3_final_26,A12,dopad,1,Krátkodobý úspěch
exp562,k3_final_26,A12,vhodnost,1,2
exp564,k3_final_26,A12,kvalita,1,Plná
exp564,k3_final_26,A12,dopad,1,Dlouhodobý úspěch
exp564,k3_final_26,A12,vhodnost,1,3
exp579,k3_final_26,A12,kvalita,1,Plná
exp579,k3_final_26,A12,dopad,1,Dlouhodobý úspěch
exp579,k3_final_26,A12,vhodnost,1,3
exp556,k3_final_26,A12,kvalita,1,Plná
exp556,k3_final_26,A12,dopad,1,Krátkodobý úspěch
exp556,k3_final_26,A12,vhodnost,1,4
exp561,k3_final_26,A12,kvalita,1,Plná
exp561,k3_final_26,A12,dopad,1,Neúspěch
exp561,k3_final_26,A12,vhodnost,1,3
exp567,k3_final_26,A12,kvalita,1,Plná
exp567,k3_final_26,A12,dopad,1,Dlouhodobý úspěch
exp567,k3_final_26,A12,vhodnost,1,4
exp545,k3_final_26,A12,kvalita,1,Plná
exp545,k3_final_26,A12,dopad,1,Neúspěch
exp545,k3_final_26,A12,vhodnost,1,3
exp552,k3_final_26,A12,kvalita,1,Plná
exp552,k3_final_26,A12,dopad,1,Dlouhodobý úspěch
exp552,k3_final_26,A12,vhodnost,1,2
exp555,k3_final_26,A12,kvalita,1,Plochá
exp559,k3_final_26,A12,kvalita,1,Plná
exp559,k3_final_26,A12,dopad,1,Neúspěch
exp559,k3_final_26,A12,vhodnost,1,3
exp570,k3_final_26,A12,kvalita,1,Plná
exp570,k3_final_26,A12,dopad,1,Neúspěch
exp570,k3_final_26,A12,vhodnost,1,2
exp571,k3_final_26,A12,kvalita,1,Plná
exp571,k3_final_26,A12,dopad,1,Neúspěch
exp571,k3_final_26,A12,vhodnost,1,3
exp577,k3_final_26,A12,kvalita,1,Plná
exp577,k3_final_26,A12,dopad,1,Dlouhodobý úspěch
exp577,k3_final_26,A12,vhodnost,1,4
exp520,k3_final_26,A12,kvalita,1,Plná
exp520,k3_final_26,A12,dopad,1,Dlouhodobý úspěch
exp520,k3_final_26,A12,vhodnost,1,4
exp523,k3_final_26,A12,kvalita,1,Plná
exp523,k3_final_26,A12,dopad,1,Dlouhodobý úspěch
exp523,k3_final_26,A12,vhodnost,1,4
exp542,k3_final_26,A12,kvalita,1,Plná
exp542,k3_final_26,A12,dopad,1,Krátkodobý úspěch
exp542,k3_final_26,A12,vhodnost,1,4
exp543,k3_final_26,A12,kvalita,1,Plná
exp543,k3_final_26,A12,dopad,1,Neúspěch
exp543,k3_final_26,A12,vhodnost,1,3
exp551,k3_final_26,A12,kvalita,1,Plná
exp551,k3_final_26,A12,dopad,1,Neúspěch
exp551,k3_final_26,A12,vhodnost,1,2
exp553,k3_final_26,A12,kvalita,1,Plná
exp553,k3_final_26,A12,dopad,1,Neúspěch
exp553,k3_final_26,A12,vhodnost,1,3
exp519,k3_final_26,A12,kvalita,1,Plná
exp519,k3_final_26,A12,dopad,1,Neúspěch
exp519,k3_final_26,A12,vhodnost,1,2
exp521,k3_final_26,A12,kvalita,1,Plná
exp521,k3_final_26,A12,dopad,1,Dlouhodobý úspěch
exp521,k3_final_26,A12,vhodnost,1,4
exp528,k3_final_26,A12,kvalita,1,Plná
exp528,k3_final_26,A12,dopad,1,Krátkodobý úspěch
exp528,k3_final_26,A12,vhodnost,1,4
exp532,k3_final_26,A12,kvalita,1,Plná
exp532,k3_final_26,A12,dopad,1,Neúspěch
exp532,k3_final_26,A12,vhodnost,1,3
exp537,k3_final_26,A12,kvalita,1,Plná
exp537,k3_final_26,A12,dopad,1,Neúspěch
exp537,k3_final_26,A12,vhodnost,1,3
exp514,k3_final_26,A12,kvalita,1,Plná
exp514,k3_final_26,A12,dopad,1,Krátkodobý úspěch
exp514,k3_final_26,A12,vhodnost,1,1
exp522,k3_final_26,A12,kvalita,1,Plná
exp522,k3_final_26,A12,dopad,1,Neúspěch
exp522,k3_final_26,A12,vhodnost,1,3
exp527,k3_final_26,A12,kvalita,1,Plná
exp527,k3_final_26,A12,dopad,1,Dlouhodobý úspěch
exp527,k3_final_26,A12,vhodnost,1,4
exp536,k3_final_26,A12,kvalita,1,Plná
exp536,k3_final_26,A12,dopad,1,Krátkodobý úspěch
exp536,k3_final_26,A12,vhodnost,1,4
exp549,k3_final_26,A12,kvalita,1,Plná
exp549,k3_final_26,A12,dopad,1,Krátkodobý úspěch
exp549,k3_final_26,A12,vhodnost,1,4
exp516,k3_final_26,A12,kvalita,1,Plná
exp516,k3_final_26,A12,dopad,1,Dlouhodobý úspěch
exp516,k3_final_26,A12,vhodnost,1,4
exp550,k3_final_26,A12,kvalita,1,Plná
exp550,k3_final_26,A12,dopad,1,Krátkodobý úspěch
exp550,k3_final_26,A12,vhodnost,1,3
exp515,k3_final_26,A12,kvalita,1,Plná
exp515,k3_final_26,A12,dopad,1,Dlouhodobý úspěch
exp515,k3_final_26,A12,vhodnost,1,4
exp525,k3_final_26,A12,kvalita,1,Plná
exp525,k3_final_26,A12,dopad,1,Krátkodobý úspěch
exp525,k3_final_26,A12,vhodnost,1,4
exp529,k3_final_26,A12,kvalita,1,Plná
exp529,k3_final_26,A12,dopad,1,Neúspěch
exp529,k3_final_26,A12,vhodnost,1,2
exp533,k3_final_26,A12,kvalita,1,Plná
exp533,k3_final_26,A12,dopad,1,Dlouhodobý úspěch
exp533,k3_final_26,A12,vhodnost,1,3
exp534,k3_final_26,A12,kvalita,1,Plochá
exp540,k3_final_26,A12,kvalita,1,Plná
exp540,k3_final_26,A12,dopad,1,Neúspěch
exp540,k3_final_26,A12,vhodnost,1,1
exp546,k3_final_26,A12,kvalita,1,Plochá
exp548,k3_final_26,A12,kvalita,1,Plná
exp548,k3_final_26,A12,dopad,1,Neúspěch
exp548,k3_final_26,A12,vhodnost,1,2
exp508,k3_final_26,A12,kvalita,1,Plná
exp508,k3_final_26,A12,dopad,1,Krátkodobý úspěch
exp508,k3_final_26,A12,vhodnost,1,4
exp510,k3_final_26,A12,kvalita,1,Plná
exp510,k3_final_26,A12,dopad,1,Neúspěch
exp510,k3_final_26,A12,vhodnost,1,1
exp531,k3_final_26,A12,kvalita,1,Plná
exp531,k3_final_26,A12,dopad,1,Dlouhodobý úspěch
exp531,k3_final_26,A12,vhodnost,1,4
exp544,k3_final_26,A12,kvalita,1,Plná
exp544,k3_final_26,A12,dopad,1,Krátkodobý úspěch
exp544,k3_final_26,A12,vhodnost,1,2
exp496,k3_final_26,A12,kvalita,1,Plná
exp496,k3_final_26,A12,dopad,1,Dlouhodobý úspěch
exp496,k3_final_26,A12,vhodnost,1,4
exp498,k3_final_26,A12,kvalita,1,Plná
exp498,k3_final_26,A12,dopad,1,Neúspěch
exp498,k3_final_26,A12,vhodnost,1,3
exp500,k3_final_26,A12,kvalita,1,Plná
exp500,k3_final_26,A12,dopad,1,Dlouhodobý úspěch
exp500,k3_final_26,A12,vhodnost,1,4
exp501,k3_final_26,A12,kvalita,1,Plná
exp501,k3_final_26,A12,dopad,1,Neúspěch
exp501,k3_final_26,A12,vhodnost,1,2
exp507,k3_final_26,A12,kvalita,1,Plná
exp507,k3_final_26,A12,dopad,1,Neúspěch
exp507,k3_final_26,A12,vhodnost,1,3
exp509,k3_final_26,A12,kvalita,1,Plná
exp509,k3_final_26,A12,dopad,1,Neúspěch
exp509,k3_final_26,A12,vhodnost,1,1
exp512,k3_final_26,A12,kvalita,1,Plná
exp512,k3_final_26,A12,dopad,1,Dlouhodobý úspěch
exp512,k3_final_26,A12,vhodnost,1,4
exp494,k3_final_26,A12,kvalita,1,Plná
exp494,k3_final_26,A12,dopad,1,Dlouhodobý úspěch
exp494,k3_final_26,A12,vhodnost,1,3
exp495,k3_final_26,A12,kvalita,1,Plná
exp495,k3_final_26,A12,dopad,1,Dlouhodobý úspěch
exp495,k3_final_26,A12,vhodnost,1,4
exp499,k3_final_26,A12,kvalita,1,Plná
exp506,k3_final_26,A12,kvalita,1,Plná
exp506,k3_final_26,A12,dopad,1,Neúspěch
exp506,k3_final_26,A12,vhodnost,1,2
exp477,k3_final_26,A12,kvalita,1,Plná
exp477,k3_final_26,A12,dopad,1,Krátkodobý úspěch
exp477,k3_final_26,A12,vhodnost,1,3
exp478,k3_final_26,A12,kvalita,1,Plná
exp478,k3_final_26,A12,dopad,1,Dlouhodobý úspěch
exp478,k3_final_26,A12,vhodnost,1,2
exp480,k3_final_26,A12,kvalita,1,Plná
exp480,k3_final_26,A12,dopad,1,Dlouhodobý úspěch
exp480,k3_final_26,A12,vhodnost,1,3
exp483,k3_final_26,A12,kvalita,1,Plná
exp483,k3_final_26,A12,dopad,1,Dlouhodobý úspěch
exp483,k3_final_26,A12,vhodnost,1,4
exp484,k3_final_26,A12,kvalita,1,Plná
exp484,k3_final_26,A12,dopad,1,Neúspěch
exp484,k3_final_26,A12,vhodnost,1,2
exp485,k3_final_26,A12,kvalita,1,Plná
exp485,k3_final_26,A12,dopad,1,Krátkodobý úspěch
exp485,k3_final_26,A12,vhodnost,1,2
exp491,k3_final_26,A12,kvalita,1,Plná
exp491,k3_final_26,A12,dopad,1,Krátkodobý úspěch
exp491,k3_final_26,A12,vhodnost,1,4
exp502,k3_final_26,A12,kvalita,1,Plná
exp502,k3_final_26,A12,dopad,1,Dlouhodobý úspěch
exp502,k3_final_26,A12,vhodnost,1,3
exp503,k3_final_26,A12,kvalita,1,Plná
exp503,k3_final_26,A12,dopad,1,Neúspěch
exp503,k3_final_26,A12,vhodnost,1,1
exp466,k3_final_26,A12,kvalita,1,Plná
exp466,k3_final_26,A12,dopad,1,Dlouhodobý úspěch
exp466,k3_final_26,A12,vhodnost,1,4
exp468,k3_final_26,A12,kvalita,1,Plná
exp468,k3_final_26,A12,dopad,1,Krátkodobý úspěch
exp468,k3_final_26,A12,vhodnost,1,3
exp469,k3_final_26,A12,kvalita,1,Plná
exp469,k3_final_26,A12,dopad,1,Neúspěch
exp469,k3_final_26,A12,vhodnost,1,3
exp475,k3_final_26,A12,kvalita,1,Plná
exp475,k3_final_26,A12,dopad,1,Krátkodobý úspěch
exp475,k3_final_26,A12,vhodnost,1,2
exp481,k3_final_26,A12,kvalita,1,Plná
exp481,k3_final_26,A12,dopad,1,Krátkodobý úspěch
exp481,k3_final_26,A12,vhodnost,1,3
exp482,k3_final_26,A12,kvalita,1,Plochá
exp457,k3_final_26,A12,kvalita,1,Plná
exp457,k3_final_26,A12,dopad,1,Dlouhodobý úspěch
exp457,k3_final_26,A12,vhodnost,1,4
exp459,k3_final_26,A12,kvalita,1,Plná
exp459,k3_final_26,A12,dopad,1,Dlouhodobý úspěch
exp459,k3_final_26,A12,vhodnost,1,2
exp462,k3_final_26,A12,kvalita,1,Plná
exp462,k3_final_26,A12,dopad,1,Neúspěch
exp462,k3_final_26,A12,vhodnost,1,2
exp463,k3_final_26,A12,kvalita,1,Plná
exp463,k3_final_26,A12,dopad,1,Dlouhodobý úspěch
exp463,k3_final_26,A12,vhodnost,1,4
exp464,k3_final_26,A12,kvalita,1,Plná
exp464,k3_final_26,A12,dopad,1,Krátkodobý úspěch
exp464,k3_final_26,A12,vhodnost,1,3
exp470,k3_final_26,A12,kvalita,1,Plná
exp470,k3_final_26,A12,dopad,1,Krátkodobý úspěch
exp470,k3_final_26,A12,vhodnost,1,1
exp472,k3_final_26,A12,kvalita,1,Plná
exp472,k3_final_26,A12,dopad,1,Krátkodobý úspěch
exp472,k3_final_26,A12,vhodnost,1,4
exp473,k3_final_26,A12,kvalita,1,Plná
exp473,k3_final_26,A12,dopad,1,Dlouhodobý úspěch
exp473,k3_final_26,A12,vhodnost,1,1
exp449,k3_final_26,A12,kvalita,1,Plná
exp449,k3_final_26,A12,dopad,1,Krátkodobý úspěch
exp449,k3_final_26,A12,vhodnost,1,2
exp450,k3_final_26,A12,kvalita,1,Plná
exp450,k3_final_26,A12,dopad,1,Dlouhodobý úspěch
exp450,k3_final_26,A12,vhodnost,1,4
exp451,k3_final_26,A12,kvalita,1,Plná
exp451,k3_final_26,A12,dopad,1,Dlouhodobý úspěch
exp451,k3_final_26,A12,vhodnost,1,4
exp452,k3_final_26,A12,kvalita,1,Plná
exp452,k3_final_26,A12,dopad,1,Dlouhodobý úspěch
exp452,k3_final_26,A12,vhodnost,1,2
exp453,k3_final_26,A12,kvalita,1,Plná
exp453,k3_final_26,A12,dopad,1,Krátkodobý úspěch
exp453,k3_final_26,A12,vhodnost,1,1
exp455,k3_final_26,A12,kvalita,1,Plná
exp455,k3_final_26,A12,dopad,1,Dlouhodobý úspěch
exp455,k3_final_26,A12,vhodnost,1,3
exp456,k3_final_26,A12,kvalita,1,Plná
exp456,k3_final_26,A12,dopad,1,Dlouhodobý úspěch
exp456,k3_final_26,A12,vhodnost,1,4
exp458,k3_final_26,A12,kvalita,1,Plná
exp458,k3_final_26,A12,dopad,1,Krátkodobý úspěch
exp458,k3_final_26,A12,vhodnost,1,4
exp460,k3_final_26,A12,kvalita,1,Plná
exp460,k3_final_26,A12,dopad,1,Dlouhodobý úspěch
exp460,k3_final_26,A12,vhodnost,1,4
exp461,k3_final_26,A12,kvalita,1,Plná
exp461,k3_final_26,A12,dopad,1,Dlouhodobý úspěch
exp461,k3_final_26,A12,vhodnost,1,3
exp465,k3_final_26,A12,kvalita,1,Plná
exp465,k3_final_26,A12,dopad,1,Neúspěch
exp465,k3_final_26,A12,vhodnost,1,3
exp435,k3_final_26,A12,kvalita,1,Plná
exp435,k3_final_26,A12,dopad,1,Dlouhodobý úspěch
exp435,k3_final_26,A12,vhodnost,1,4
exp439,k3_final_26,A12,kvalita,1,Plná
exp439,k3_final_26,A12,dopad,1,Neúspěch
exp439,k3_final_26,A12,vhodnost,1,4
exp442,k3_final_26,A12,kvalita,1,Plná
exp442,k3_final_26,A12,dopad,1,Dlouhodobý úspěch
exp442,k3_final_26,A12,vhodnost,1,4
exp444,k3_final_26,A12,kvalita,1,Plná
exp444,k3_final_26,A12,dopad,1,Neúspěch
exp444,k3_final_26,A12,vhodnost,1,4
exp445,k3_final_26,A12,kvalita,1,Plná
exp445,k3_final_26,A12,dopad,1,Dlouhodobý úspěch
exp445,k3_final_26,A12,vhodnost,1,4
exp425,k3_final_26,A12,kvalita,1,Plná
exp425,k3_final_26,A12,dopad,1,Krátkodobý úspěch
exp425,k3_final_26,A12,vhodnost,1,3
exp434,k3_final_26,A12,kvalita,1,Plná
exp434,k3_final_26,A12,dopad,1,Neúspěch
exp434,k3_final_26,A12,vhodnost,1,1
exp437,k3_final_26,A12,kvalita,1,Plná
exp437,k3_final_26,A12,dopad,1,Dlouhodobý úspěch
exp437,k3_final_26,A12,vhodnost,1,4
exp438,k3_final_26,A12,kvalita,1,Plná
exp438,k3_final_26,A12,dopad,1,Dlouhodobý úspěch
exp438,k3_final_26,A12,vhodnost,1,2
exp443,k3_final_26,A12,kvalita,1,Plná
exp443,k3_final_26,A12,dopad,1,Neúspěch
exp443,k3_final_26,A12,vhodnost,1,3
exp446,k3_final_26,A12,kvalita,1,Plná
exp446,k3_final_26,A12,dopad,1,Dlouhodobý úspěch
exp446,k3_final_26,A12,vhodnost,1,4
exp419,k3_final_26,A12,kvalita,1,Plná
exp419,k3_final_26,A12,dopad,1,Dlouhodobý úspěch
exp419,k3_final_26,A12,vhodnost,1,4
exp421,k3_final_26,A12,kvalita,1,Plná
exp421,k3_final_26,A12,dopad,1,Dlouhodobý úspěch
exp421,k3_final_26,A12,vhodnost,1,3
exp423,k3_final_26,A12,kvalita,1,Plná
exp423,k3_final_26,A12,dopad,1,Dlouhodobý úspěch
exp423,k3_final_26,A12,vhodnost,1,3
exp426,k3_final_26,A12,kvalita,1,Plná
exp426,k3_final_26,A12,dopad,1,Neúspěch
exp426,k3_final_26,A12,vhodnost,1,3
exp427,k3_final_26,A12,kvalita,1,Plná
exp427,k3_final_26,A12,dopad,1,Neúspěch
exp427,k3_final_26,A12,vhodnost,1,4
exp428,k3_final_26,A12,kvalita,1,Plná
exp428,k3_final_26,A12,dopad,1,Krátkodobý úspěch
exp428,k3_final_26,A12,vhodnost,1,2
exp430,k3_final_26,A12,kvalita,1,Plná
exp430,k3_final_26,A12,dopad,1,Neúspěch
exp430,k3_final_26,A12,vhodnost,1,2
exp432,k3_final_26,A12,kvalita,1,Plná
exp432,k3_final_26,A12,dopad,1,Dlouhodobý úspěch
exp432,k3_final_26,A12,vhodnost,1,3
exp406,k3_final_26,A12,kvalita,1,Plná
exp406,k3_final_26,A12,dopad,1,Neúspěch
exp406,k3_final_26,A12,vhodnost,1,3
exp407,k3_final_26,A12,kvalita,1,Plná
exp407,k3_final_26,A12,dopad,1,Krátkodobý úspěch
exp407,k3_final_26,A12,vhodnost,1,4
exp408,k3_final_26,A12,kvalita,1,Plná
exp408,k3_final_26,A12,dopad,1,Neúspěch
exp408,k3_final_26,A12,vhodnost,1,4
exp409,k3_final_26,A12,kvalita,1,Plná
exp409,k3_final_26,A12,dopad,1,Krátkodobý úspěch
exp409,k3_final_26,A12,vhodnost,1,4
exp411,k3_final_26,A12,kvalita,1,Plná
exp411,k3_final_26,A12,dopad,1,Krátkodobý úspěch
exp411,k3_final_26,A12,vhodnost,1,2
exp416,k3_final_26,A12,kvalita,1,Plná
exp416,k3_final_26,A12,dopad,1,Krátkodobý úspěch
exp416,k3_final_26,A12,vhodnost,1,4
exp418,k3_final_26,A12,kvalita,1,Plná
exp418,k3_final_26,A12,dopad,1,Dlouhodobý úspěch
exp418,k3_final_26,A12,vhodnost,1,3
exp422,k3_final_26,A12,kvalita,1,Plná
exp422,k3_final_26,A12,dopad,1,Dlouhodobý úspěch
exp422,k3_final_26,A12,vhodnost,1,4
exp398,k3_final_26,A12,kvalita,1,Plná
exp398,k3_final_26,A12,dopad,1,Dlouhodobý úspěch
exp398,k3_final_26,A12,vhodnost,1,3
exp404,k3_final_26,A12,kvalita,1,Plná
exp404,k3_final_26,A12,dopad,1,Neúspěch
exp404,k3_final_26,A12,vhodnost,1,2
exp405,k3_final_26,A12,kvalita,1,Plná
exp405,k3_final_26,A12,dopad,1,Neúspěch
exp405,k3_final_26,A12,vhodnost,1,3
exp410,k3_final_26,A12,kvalita,1,Plná
exp410,k3_final_26,A12,dopad,1,Neúspěch
exp410,k3_final_26,A12,vhodnost,1,2
exp412,k3_final_26,A12,kvalita,1,Plná
exp412,k3_final_26,A12,dopad,1,Krátkodobý úspěch
exp412,k3_final_26,A12,vhodnost,1,4
exp414,k3_final_26,A12,kvalita,1,Plná
exp414,k3_final_26,A12,dopad,1,Krátkodobý úspěch
exp414,k3_final_26,A12,vhodnost,1,3
exp391,k3_final_26,A12,kvalita,1,Plná
exp391,k3_final_26,A12,dopad,1,Dlouhodobý úspěch
exp391,k3_final_26,A12,vhodnost,1,1
exp393,k3_final_26,A12,kvalita,1,Plná
exp393,k3_final_26,A12,dopad,1,Krátkodobý úspěch
exp393,k3_final_26,A12,vhodnost,1,4
exp395,k3_final_26,A12,kvalita,1,Plná
exp395,k3_final_26,A12,dopad,1,Dlouhodobý úspěch
exp395,k3_final_26,A12,vhodnost,1,4
exp399,k3_final_26,A12,kvalita,1,Plná
exp399,k3_final_26,A12,dopad,1,Dlouhodobý úspěch
exp399,k3_final_26,A12,vhodnost,1,4
exp401,k3_final_26,A12,kvalita,1,Plná
exp401,k3_final_26,A12,dopad,1,Neúspěch
exp401,k3_final_26,A12,vhodnost,1,4
exp385,k3_final_26,A12,kvalita,1,Plná
exp385,k3_final_26,A12,dopad,1,Krátkodobý úspěch
exp385,k3_final_26,A12,vhodnost,1,2
exp388,k3_final_26,A12,kvalita,1,Plná
exp388,k3_final_26,A12,dopad,1,Dlouhodobý úspěch
exp388,k3_final_26,A12,vhodnost,1,3
exp389,k3_final_26,A12,kvalita,1,Plná
exp389,k3_final_26,A12,dopad,1,Krátkodobý úspěch
exp389,k3_final_26,A12,vhodnost,1,3
exp396,k3_final_26,A12,kvalita,1,Plná
exp396,k3_final_26,A12,dopad,1,Krátkodobý úspěch
exp396,k3_final_26,A12,vhodnost,1,4
exp400,k3_final_26,A12,kvalita,1,Plná
exp400,k3_final_26,A12,dopad,1,Krátkodobý úspěch
exp400,k3_final_26,A12,vhodnost,1,3
exp371,k3_final_26,A12,kvalita,1,Plná
exp371,k3_final_26,A12,dopad,1,Krátkodobý úspěch
exp371,k3_final_26,A12,vhodnost,1,3
exp377,k3_final_26,A12,kvalita,1,Plná
exp377,k3_final_26,A12,dopad,1,Dlouhodobý úspěch
exp377,k3_final_26,A12,vhodnost,1,4
exp378,k3_final_26,A12,kvalita,1,Plná
exp378,k3_final_26,A12,dopad,1,Dlouhodobý úspěch
exp378,k3_final_26,A12,vhodnost,1,3
exp379,k3_final_26,A12,kvalita,1,Plná
exp379,k3_final_26,A12,dopad,1,Neúspěch
exp379,k3_final_26,A12,vhodnost,1,1
exp381,k3_final_26,A12,kvalita,1,Plná
exp381,k3_final_26,A12,dopad,1,Neúspěch
exp381,k3_final_26,A12,vhodnost,1,4
exp382,k3_final_26,A12,kvalita,1,Plná
exp382,k3_final_26,A12,dopad,1,Neúspěch
exp382,k3_final_26,A12,vhodnost,1,4
exp390,k3_final_26,A12,kvalita,1,Plná
exp390,k3_final_26,A12,dopad,1,Krátkodobý úspěch
exp390,k3_final_26,A12,vhodnost,1,4
exp360,k3_final_26,A12,kvalita,1,Plná
exp360,k3_final_26,A12,dopad,1,Krátkodobý úspěch
exp360,k3_final_26,A12,vhodnost,1,3
exp361,k3_final_26,A12,kvalita,1,Plná
exp361,k3_final_26,A12,dopad,1,Dlouhodobý úspěch
exp361,k3_final_26,A12,vhodnost,1,4
exp368,k3_final_26,A12,kvalita,1,Plná
exp368,k3_final_26,A12,dopad,1,Dlouhodobý úspěch
exp368,k3_final_26,A12,vhodnost,1,3
exp373,k3_final_26,A12,kvalita,1,Plná
exp373,k3_final_26,A12,dopad,1,Neúspěch
exp373,k3_final_26,A12,vhodnost,1,2
exp375,k3_final_26,A12,kvalita,1,Plná
exp375,k3_final_26,A12,dopad,1,Dlouhodobý úspěch
exp375,k3_final_26,A12,vhodnost,1,1
exp376,k3_final_26,A12,kvalita,1,Plná
exp376,k3_final_26,A12,dopad,1,Neúspěch
exp376,k3_final_26,A12,vhodnost,1,2
exp383,k3_final_26,A12,kvalita,1,Plná
exp383,k3_final_26,A12,dopad,1,Krátkodobý úspěch
exp383,k3_final_26,A12,vhodnost,1,2
exp362,k3_final_26,A12,kvalita,1,Plná
exp362,k3_final_26,A12,dopad,1,Krátkodobý úspěch
exp362,k3_final_26,A12,vhodnost,1,4
exp363,k3_final_26,A12,kvalita,1,Plná
exp363,k3_final_26,A12,dopad,1,Dlouhodobý úspěch
exp363,k3_final_26,A12,vhodnost,1,3
exp364,k3_final_26,A12,kvalita,1,Plná
exp364,k3_final_26,A12,dopad,1,Neúspěch
exp364,k3_final_26,A12,vhodnost,1,2
exp365,k3_final_26,A12,kvalita,1,Plná
exp365,k3_final_26,A12,dopad,1,Dlouhodobý úspěch
exp365,k3_final_26,A12,vhodnost,1,4
exp366,k3_final_26,A12,kvalita,1,Plná
exp366,k3_final_26,A12,dopad,1,Krátkodobý úspěch
exp366,k3_final_26,A12,vhodnost,1,3
exp367,k3_final_26,A12,kvalita,1,Plná
exp367,k3_final_26,A12,dopad,1,Neúspěch
exp367,k3_final_26,A12,vhodnost,1,2
exp369,k3_final_26,A12,kvalita,1,Plná
exp369,k3_final_26,A12,dopad,1,Neúspěch
exp369,k3_final_26,A12,vhodnost,1,1
exp355,k3_final_26,A12,kvalita,1,Plná
exp355,k3_final_26,A12,dopad,1,Dlouhodobý úspěch
exp355,k3_final_26,A12,vhodnost,1,4
exp351,k3_final_26,A12,kvalita,1,Plná
exp351,k3_final_26,A12,dopad,1,Krátkodobý úspěch
exp351,k3_final_26,A12,vhodnost,1,3
exp358,k3_final_26,A12,kvalita,1,Plná
exp358,k3_final_26,A12,dopad,1,Neúspěch
exp358,k3_final_26,A12,vhodnost,1,3
exp347,k3_final_26,A12,kvalita,1,Plná
exp347,k3_final_26,A12,dopad,1,Neúspěch
exp347,k3_final_26,A12,vhodnost,1,2
exp353,k3_final_26,A12,kvalita,1,Plná
exp353,k3_final_26,A12,dopad,1,Neúspěch
exp353,k3_final_26,A12,vhodnost,1,3
exp333,k3_final_26,A12,kvalita,1,Plná
exp333,k3_final_26,A12,dopad,1,Neúspěch
exp333,k3_final_26,A12,vhodnost,1,1
exp335,k3_final_26,A12,kvalita,1,Plná
exp335,k3_final_26,A12,dopad,1,Dlouhodobý úspěch
exp335,k3_final_26,A12,vhodnost,1,3
exp336,k3_final_26,A12,kvalita,1,Plná
exp336,k3_final_26,A12,dopad,1,Dlouhodobý úspěch
exp336,k3_final_26,A12,vhodnost,1,3
exp338,k3_final_26,A12,kvalita,1,Plná
exp338,k3_final_26,A12,dopad,1,Neúspěch
exp338,k3_final_26,A12,vhodnost,1,3
exp340,k3_final_26,A12,kvalita,1,Plná
exp340,k3_final_26,A12,dopad,1,Krátkodobý úspěch
exp340,k3_final_26,A12,vhodnost,1,3
exp341,k3_final_26,A12,kvalita,1,Plná
exp341,k3_final_26,A12,dopad,1,Dlouhodobý úspěch
exp341,k3_final_26,A12,vhodnost,1,4
exp343,k3_final_26,A12,kvalita,1,Plná
exp343,k3_final_26,A12,dopad,1,Dlouhodobý úspěch
exp343,k3_final_26,A12,vhodnost,1,4
exp348,k3_final_26,A12,kvalita,1,Plná
exp348,k3_final_26,A12,dopad,1,Neúspěch
exp348,k3_final_26,A12,vhodnost,1,2
exp318,k3_final_26,A12,kvalita,1,Plná
exp318,k3_final_26,A12,dopad,1,Dlouhodobý úspěch
exp318,k3_final_26,A12,vhodnost,1,4
exp327,k3_final_26,A12,kvalita,1,Plná
exp327,k3_final_26,A12,dopad,1,Neúspěch
exp327,k3_final_26,A12,vhodnost,1,2
exp329,k3_final_26,A12,kvalita,1,Plná
exp329,k3_final_26,A12,dopad,1,Krátkodobý úspěch
exp329,k3_final_26,A12,vhodnost,1,3
exp334,k3_final_26,A12,kvalita,1,Plná
exp334,k3_final_26,A12,dopad,1,Dlouhodobý úspěch
exp334,k3_final_26,A12,vhodnost,1,4
exp337,k3_final_26,A12,kvalita,1,Plná
exp337,k3_final_26,A12,dopad,1,Krátkodobý úspěch
exp337,k3_final_26,A12,vhodnost,1,2
exp344,k3_final_26,A12,kvalita,1,Plná
exp344,k3_final_26,A12,dopad,1,Dlouhodobý úspěch
exp344,k3_final_26,A12,vhodnost,1,4
exp345,k3_final_26,A12,kvalita,1,Plná
exp345,k3_final_26,A12,dopad,1,Krátkodobý úspěch
exp345,k3_final_26,A12,vhodnost,1,3
exp349,k3_final_26,A12,kvalita,1,Plná
exp349,k3_final_26,A12,dopad,1,Dlouhodobý úspěch
exp349,k3_final_26,A12,vhodnost,1,4
exp320,k3_final_26,A12,kvalita,1,Plná
exp320,k3_final_26,A12,dopad,1,Krátkodobý úspěch
exp320,k3_final_26,A12,vhodnost,1,3
exp321,k3_final_26,A12,kvalita,1,Plná
exp321,k3_final_26,A12,dopad,1,Dlouhodobý úspěch
exp321,k3_final_26,A12,vhodnost,1,4
exp322,k3_final_26,A12,kvalita,1,Plná
exp322,k3_final_26,A12,dopad,1,Krátkodobý úspěch
exp322,k3_final_26,A12,vhodnost,1,3
exp323,k3_final_26,A12,kvalita,1,Plná
exp323,k3_final_26,A12,dopad,1,Neúspěch
exp323,k3_final_26,A12,vhodnost,1,2
exp325,k3_final_26,A12,kvalita,1,Plná
exp325,k3_final_26,A12,dopad,1,Krátkodobý úspěch
exp325,k3_final_26,A12,vhodnost,1,2
exp308,k3_final_26,A12,kvalita,1,Plná
exp308,k3_final_26,A12,dopad,1,Neúspěch
exp308,k3_final_26,A12,vhodnost,1,1
exp309,k3_final_26,A12,kvalita,1,Plná
exp309,k3_final_26,A12,dopad,1,Neúspěch
exp309,k3_final_26,A12,vhodnost,1,3
exp314,k3_final_26,A12,kvalita,1,Plná
exp314,k3_final_26,A12,dopad,1,Dlouhodobý úspěch
exp314,k3_final_26,A12,vhodnost,1,4
exp317,k3_final_26,A12,kvalita,1,Plná
exp317,k3_final_26,A12,dopad,1,Dlouhodobý úspěch
exp317,k3_final_26,A12,vhodnost,1,1
exp319,k3_final_26,A12,kvalita,1,Plná
exp319,k3_final_26,A12,dopad,1,Dlouhodobý úspěch
exp319,k3_final_26,A12,vhodnost,1,4
exp324,k3_final_26,A12,kvalita,1,Plná
exp324,k3_final_26,A12,dopad,1,Neúspěch
exp324,k3_final_26,A12,vhodnost,1,3
exp326,k3_final_26,A12,kvalita,1,Plná
exp326,k3_final_26,A12,dopad,1,Dlouhodobý úspěch
exp326,k3_final_26,A12,vhodnost,1,3
exp328,k3_final_26,A12,kvalita,1,Plná
exp328,k3_final_26,A12,dopad,1,Krátkodobý úspěch
exp328,k3_final_26,A12,vhodnost,1,3
exp331,k3_final_26,A12,kvalita,1,Plná
exp331,k3_final_26,A12,dopad,1,Dlouhodobý úspěch
exp331,k3_final_26,A12,vhodnost,1,4
exp310,k3_final_26,A12,kvalita,1,Plná
exp310,k3_final_26,A12,dopad,1,Dlouhodobý úspěch
exp310,k3_final_26,A12,vhodnost,1,4
exp311,k3_final_26,A12,kvalita,1,Plná
exp311,k3_final_26,A12,dopad,1,Neúspěch
exp311,k3_final_26,A12,vhodnost,1,1
exp312,k3_final_26,A12,kvalita,1,Plná
exp312,k3_final_26,A12,dopad,1,Neúspěch
exp312,k3_final_26,A12,vhodnost,1,2
exp313,k3_final_26,A12,kvalita,1,Plná
exp313,k3_final_26,A12,dopad,1,Krátkodobý úspěch
exp313,k3_final_26,A12,vhodnost,1,4
exp315,k3_final_26,A12,kvalita,1,Plná
exp315,k3_final_26,A12,dopad,1,Dlouhodobý úspěch
exp315,k3_final_26,A12,vhodnost,1,4
exp316,k3_final_26,A12,kvalita,1,Plná
exp316,k3_final_26,A12,dopad,1,Dlouhodobý úspěch
exp316,k3_final_26,A12,vhodnost,1,4
exp293,k3_final_26,A12,kvalita,1,Plná
exp293,k3_final_26,A12,dopad,1,Krátkodobý úspěch
exp293,k3_final_26,A12,vhodnost,1,2
exp294,k3_final_26,A12,kvalita,1,Plná
exp294,k3_final_26,A12,dopad,1,Krátkodobý úspěch
exp294,k3_final_26,A12,vhodnost,1,4
exp300,k3_final_26,A12,kvalita,1,Plná
exp300,k3_final_26,A12,dopad,1,Dlouhodobý úspěch
exp300,k3_final_26,A12,vhodnost,1,4
exp303,k3_final_26,A12,kvalita,1,Plná
exp303,k3_final_26,A12,dopad,1,Krátkodobý úspěch
exp303,k3_final_26,A12,vhodnost,1,1
exp304,k3_final_26,A12,kvalita,1,Plná
exp304,k3_final_26,A12,dopad,1,Neúspěch
exp304,k3_final_26,A12,vhodnost,1,2
exp305,k3_final_26,A12,kvalita,1,Plná
exp305,k3_final_26,A12,dopad,1,Krátkodobý úspěch
exp305,k3_final_26,A12,vhodnost,1,2
exp307,k3_final_26,A12,kvalita,1,Plná
exp307,k3_final_26,A12,dopad,1,Neúspěch
exp307,k3_final_26,A12,vhodnost,1,2
exp289,k3_final_26,A12,kvalita,1,Plná
exp289,k3_final_26,A12,dopad,1,Neúspěch
exp289,k3_final_26,A12,vhodnost,1,1
exp291,k3_final_26,A12,kvalita,1,Plná
exp291,k3_final_26,A12,dopad,1,Krátkodobý úspěch
exp291,k3_final_26,A12,vhodnost,1,4
exp292,k3_final_26,A12,kvalita,1,Plná
exp292,k3_final_26,A12,dopad,1,Krátkodobý úspěch
exp292,k3_final_26,A12,vhodnost,1,4
exp295,k3_final_26,A12,kvalita,1,Plná
exp295,k3_final_26,A12,dopad,1,Krátkodobý úspěch
exp295,k3_final_26,A12,vhodnost,1,2
exp297,k3_final_26,A12,kvalita,1,Plná
exp297,k3_final_26,A12,dopad,1,Krátkodobý úspěch
exp297,k3_final_26,A12,vhodnost,1,4
exp302,k3_final_26,A12,kvalita,1,Plná
exp302,k3_final_26,A12,dopad,1,Neúspěch
exp302,k3_final_26,A12,vhodnost,1,2
exp276,k3_final_26,A12,kvalita,1,Plná
exp276,k3_final_26,A12,dopad,1,Krátkodobý úspěch
exp276,k3_final_26,A12,vhodnost,1,3
exp281,k3_final_26,A12,kvalita,1,Plná
exp281,k3_final_26,A12,dopad,1,Krátkodobý úspěch
exp281,k3_final_26,A12,vhodnost,1,3
exp286,k3_final_26,A12,kvalita,1,Plná
exp286,k3_final_26,A12,dopad,1,Dlouhodobý úspěch
exp286,k3_final_26,A12,vhodnost,1,2
exp296,k3_final_26,A12,kvalita,1,Plná
exp296,k3_final_26,A12,dopad,1,Krátkodobý úspěch
exp296,k3_final_26,A12,vhodnost,1,3
exp299,k3_final_26,A12,kvalita,1,Plná
exp299,k3_final_26,A12,dopad,1,Neúspěch
exp299,k3_final_26,A12,vhodnost,1,2
exp275,k3_final_26,A12,kvalita,1,Plná
exp275,k3_final_26,A12,dopad,1,Dlouhodobý úspěch
exp275,k3_final_26,A12,vhodnost,1,4
exp277,k3_final_26,A12,kvalita,1,Plná
exp277,k3_final_26,A12,dopad,1,Dlouhodobý úspěch
exp277,k3_final_26,A12,vhodnost,1,2
exp278,k3_final_26,A12,kvalita,1,Plná
exp278,k3_final_26,A12,dopad,1,Neúspěch
exp278,k3_final_26,A12,vhodnost,1,1
exp280,k3_final_26,A12,kvalita,1,Plná
exp280,k3_final_26,A12,dopad,1,Dlouhodobý úspěch
exp280,k3_final_26,A12,vhodnost,1,4
exp284,k3_final_26,A12,kvalita,1,Plná
exp284,k3_final_26,A12,dopad,1,Neúspěch
exp284,k3_final_26,A12,vhodnost,1,3
exp288,k3_final_26,A12,kvalita,1,Plná
exp288,k3_final_26,A12,dopad,1,Krátkodobý úspěch
exp288,k3_final_26,A12,vhodnost,1,3
exp290,k3_final_26,A12,kvalita,1,Plná
exp290,k3_final_26,A12,dopad,1,Dlouhodobý úspěch
exp290,k3_final_26,A12,vhodnost,1,4
exp269,k3_final_26,A12,kvalita,1,Plná
exp269,k3_final_26,A12,dopad,1,Neúspěch
exp269,k3_final_26,A12,vhodnost,1,1
exp283,k3_final_26,A12,kvalita,1,Plochá
exp283,k3_final_26,A12,dopad,1,Krátkodobý úspěch
exp283,k3_final_26,A12,vhodnost,1,3
exp259,k3_final_26,A12,kvalita,1,Plná
exp259,k3_final_26,A12,dopad,1,Krátkodobý úspěch
exp259,k3_final_26,A12,vhodnost,1,4
exp266,k3_final_26,A12,kvalita,1,Plná
exp266,k3_final_26,A12,dopad,1,Dlouhodobý úspěch
exp266,k3_final_26,A12,vhodnost,1,4
exp267,k3_final_26,A12,kvalita,1,Plná
exp267,k3_final_26,A12,dopad,1,Dlouhodobý úspěch
exp267,k3_final_26,A12,vhodnost,1,3
exp245,k3_final_26,A12,kvalita,1,Plná
exp245,k3_final_26,A12,dopad,1,Dlouhodobý úspěch
exp245,k3_final_26,A12,vhodnost,1,4
exp252,k3_final_26,A12,kvalita,1,Plná
exp252,k3_final_26,A12,dopad,1,Krátkodobý úspěch
exp252,k3_final_26,A12,vhodnost,1,2
exp253,k3_final_26,A12,kvalita,1,Plná
exp253,k3_final_26,A12,dopad,1,Dlouhodobý úspěch
exp253,k3_final_26,A12,vhodnost,1,4
exp254,k3_final_26,A12,kvalita,1,Plná
exp254,k3_final_26,A12,dopad,1,Dlouhodobý úspěch
exp254,k3_final_26,A12,vhodnost,1,4
exp257,k3_final_26,A12,kvalita,1,Plná
exp257,k3_final_26,A12,dopad,1,Neúspěch
exp257,k3_final_26,A12,vhodnost,1,3
exp263,k3_final_26,A12,kvalita,1,Plná
exp263,k3_final_26,A12,dopad,1,Krátkodobý úspěch
exp263,k3_final_26,A12,vhodnost,1,3
exp244,k3_final_26,A12,kvalita,1,Plná
exp244,k3_final_26,A12,dopad,1,Dlouhodobý úspěch
exp244,k3_final_26,A12,vhodnost,1,4
exp248,k3_final_26,A12,kvalita,1,Plná
exp248,k3_final_26,A12,dopad,1,Krátkodobý úspěch
exp248,k3_final_26,A12,vhodnost,1,3
exp249,k3_final_26,A12,kvalita,1,Plná
exp249,k3_final_26,A12,dopad,1,Krátkodobý úspěch
exp249,k3_final_26,A12,vhodnost,1,3
exp255,k3_final_26,A12,kvalita,1,Plná
exp255,k3_final_26,A12,dopad,1,Dlouhodobý úspěch
exp255,k3_final_26,A12,vhodnost,1,4
exp256,k3_final_26,A12,kvalita,1,Plná
exp256,k3_final_26,A12,dopad,1,Dlouhodobý úspěch
exp256,k3_final_26,A12,vhodnost,1,4
exp231,k3_final_26,A12,kvalita,1,Plná
exp231,k3_final_26,A12,dopad,1,Krátkodobý úspěch
exp231,k3_final_26,A12,vhodnost,1,2
exp233,k3_final_26,A12,kvalita,1,Plná
exp233,k3_final_26,A12,dopad,1,Dlouhodobý úspěch
exp233,k3_final_26,A12,vhodnost,1,4
exp237,k3_final_26,A12,kvalita,1,Plná
exp237,k3_final_26,A12,dopad,1,Krátkodobý úspěch
exp237,k3_final_26,A12,vhodnost,1,4
exp239,k3_final_26,A12,kvalita,1,Plná
exp239,k3_final_26,A12,dopad,1,Krátkodobý úspěch
exp239,k3_final_26,A12,vhodnost,1,4
exp241,k3_final_26,A12,kvalita,1,Plná
exp241,k3_final_26,A12,dopad,1,Krátkodobý úspěch
exp241,k3_final_26,A12,vhodnost,1,3
exp246,k3_final_26,A12,kvalita,1,Plná
exp246,k3_final_26,A12,dopad,1,Krátkodobý úspěch
exp246,k3_final_26,A12,vhodnost,1,3
exp229,k3_final_26,A12,kvalita,1,Plná
exp229,k3_final_26,A12,dopad,1,Krátkodobý úspěch
exp229,k3_final_26,A12,vhodnost,1,3
exp234,k3_final_26,A12,kvalita,1,Plná
exp234,k3_final_26,A12,dopad,1,Dlouhodobý úspěch
exp234,k3_final_26,A12,vhodnost,1,4
exp235,k3_final_26,A12,kvalita,1,Plná
exp235,k3_final_26,A12,dopad,1,Krátkodobý úspěch
exp235,k3_final_26,A12,vhodnost,1,3
exp236,k3_final_26,A12,kvalita,1,Plná
exp236,k3_final_26,A12,dopad,1,Krátkodobý úspěch
exp236,k3_final_26,A12,vhodnost,1,3
exp238,k3_final_26,A12,kvalita,1,Plná
exp238,k3_final_26,A12,dopad,1,Krátkodobý úspěch
exp238,k3_final_26,A12,vhodnost,1,2
exp218,k3_final_26,A12,kvalita,1,Plná
exp218,k3_final_26,A12,dopad,1,Neúspěch
exp218,k3_final_26,A12,vhodnost,1,4
exp223,k3_final_26,A12,kvalita,1,Plná
exp223,k3_final_26,A12,dopad,1,Krátkodobý úspěch
exp223,k3_final_26,A12,vhodnost,1,3
exp226,k3_final_26,A12,kvalita,1,Plná
exp226,k3_final_26,A12,dopad,1,Dlouhodobý úspěch
exp226,k3_final_26,A12,vhodnost,1,3
exp230,k3_final_26,A12,kvalita,1,Plná
exp230,k3_final_26,A12,dopad,1,Dlouhodobý úspěch
exp230,k3_final_26,A12,vhodnost,1,4
exp215,k3_final_26,A12,kvalita,1,Plná
exp215,k3_final_26,A12,dopad,1,Krátkodobý úspěch
exp215,k3_final_26,A12,vhodnost,1,3
exp216,k3_final_26,A12,kvalita,1,Plná
exp216,k3_final_26,A12,dopad,1,Krátkodobý úspěch
exp216,k3_final_26,A12,vhodnost,1,3
exp227,k3_final_26,A12,kvalita,1,Plná
exp227,k3_final_26,A12,dopad,1,Dlouhodobý úspěch
exp227,k3_final_26,A12,vhodnost,1,4
exp213,k3_final_26,A12,kvalita,1,Plochá
exp214,k3_final_26,A12,kvalita,1,Plná
exp214,k3_final_26,A12,dopad,1,Neúspěch
exp214,k3_final_26,A12,vhodnost,1,4
exp217,k3_final_26,A12,kvalita,1,Plná
exp217,k3_final_26,A12,dopad,1,Dlouhodobý úspěch
exp217,k3_final_26,A12,vhodnost,1,4
exp225,k3_final_26,A12,kvalita,1,Plná
exp225,k3_final_26,A12,dopad,1,Dlouhodobý úspěch
exp225,k3_final_26,A12,vhodnost,1,4
exp201,k3_final_26,A12,kvalita,1,Plná
exp201,k3_final_26,A12,dopad,1,Krátkodobý úspěch
exp201,k3_final_26,A12,vhodnost,1,4
exp202,k3_final_26,A12,kvalita,1,Plná
exp202,k3_final_26,A12,dopad,1,Dlouhodobý úspěch
exp202,k3_final_26,A12,vhodnost,1,4
exp207,k3_final_26,A12,kvalita,1,Plná
exp207,k3_final_26,A12,dopad,1,Dlouhodobý úspěch
exp207,k3_final_26,A12,vhodnost,1,4
exp210,k3_final_26,A12,kvalita,1,Plná
exp210,k3_final_26,A12,dopad,1,Dlouhodobý úspěch
exp210,k3_final_26,A12,vhodnost,1,4
exp211,k3_final_26,A12,kvalita,1,Plná
exp211,k3_final_26,A12,dopad,1,Dlouhodobý úspěch
exp211,k3_final_26,A12,vhodnost,1,4
exp193,k3_final_26,A12,kvalita,1,Plochá
exp198,k3_final_26,A12,kvalita,1,Plná
exp198,k3_final_26,A12,dopad,1,Krátkodobý úspěch
exp198,k3_final_26,A12,vhodnost,1,4
exp203,k3_final_26,A12,kvalita,1,Plná
exp203,k3_final_26,A12,dopad,1,Dlouhodobý úspěch
exp203,k3_final_26,A12,vhodnost,1,3
exp204,k3_final_26,A12,kvalita,1,Plná
exp204,k3_final_26,A12,dopad,1,Krátkodobý úspěch
exp204,k3_final_26,A12,vhodnost,1,4
exp205,k3_final_26,A12,kvalita,1,Plná
exp205,k3_final_26,A12,dopad,1,Krátkodobý úspěch
exp205,k3_final_26,A12,vhodnost,1,3
exp209,k3_final_26,A12,kvalita,1,Plná
exp209,k3_final_26,A12,dopad,1,Krátkodobý úspěch
exp209,k3_final_26,A12,vhodnost,1,3
exp212,k3_final_26,A12,kvalita,1,Plná
exp212,k3_final_26,A12,dopad,1,Neúspěch
exp212,k3_final_26,A12,vhodnost,1,2
exp189,k3_final_26,A12,kvalita,1,Plná
exp189,k3_final_26,A12,dopad,1,Krátkodobý úspěch
exp189,k3_final_26,A12,vhodnost,1,4
exp191,k3_final_26,A12,kvalita,1,Plná
exp191,k3_final_26,A12,dopad,1,Krátkodobý úspěch
exp191,k3_final_26,A12,vhodnost,1,3
exp192,k3_final_26,A12,kvalita,1,Plná
exp192,k3_final_26,A12,dopad,1,Dlouhodobý úspěch
exp192,k3_final_26,A12,vhodnost,1,3
exp194,k3_final_26,A12,kvalita,1,Plná
exp194,k3_final_26,A12,dopad,1,Krátkodobý úspěch
exp194,k3_final_26,A12,vhodnost,1,4
exp199,k3_final_26,A12,kvalita,1,Plná
exp199,k3_final_26,A12,dopad,1,Neúspěch
exp199,k3_final_26,A12,vhodnost,1,2
exp178,k3_final_26,A12,kvalita,1,Plná
exp178,k3_final_26,A12,dopad,1,Krátkodobý úspěch
exp178,k3_final_26,A12,vhodnost,1,3
exp179,k3_final_26,A12,kvalita,1,Plná
exp179,k3_final_26,A12,dopad,1,Dlouhodobý úspěch
exp179,k3_final_26,A12,vhodnost,1,4
exp182,k3_final_26,A12,kvalita,1,Plná
exp182,k3_final_26,A12,dopad,1,Krátkodobý úspěch
exp182,k3_final_26,A12,vhodnost,1,4
exp183,k3_final_26,A12,kvalita,1,Plochá
exp187,k3_final_26,A12,kvalita,1,Plná
exp187,k3_final_26,A12,dopad,1,Krátkodobý úspěch
exp187,k3_final_26,A12,vhodnost,1,2
exp168,k3_final_26,A12,kvalita,1,Plná
exp168,k3_final_26,A12,dopad,1,Neúspěch
exp168,k3_final_26,A12,vhodnost,1,4
exp181,k3_final_26,A12,kvalita,1,Plná
exp181,k3_final_26,A12,dopad,1,Krátkodobý úspěch
exp181,k3_final_26,A12,vhodnost,1,4
exp170,k3_final_26,A12,kvalita,1,Plná
exp170,k3_final_26,A12,dopad,1,Krátkodobý úspěch
exp170,k3_final_26,A12,vhodnost,1,3
exp175,k3_final_26,A12,kvalita,1,Plná
exp175,k3_final_26,A12,dopad,1,Dlouhodobý úspěch
exp175,k3_final_26,A12,vhodnost,1,4
exp176,k3_final_26,A12,kvalita,1,Plná
exp176,k3_final_26,A12,dopad,1,Neúspěch
exp176,k3_final_26,A12,vhodnost,1,2
exp172,k3_final_26,A12,kvalita,1,Plná
exp172,k3_final_26,A12,dopad,1,Krátkodobý úspěch
exp172,k3_final_26,A12,vhodnost,1,3
exp173,k3_final_26,A12,kvalita,1,Plná
exp173,k3_final_26,A12,dopad,1,Krátkodobý úspěch
exp173,k3_final_26,A12,vhodnost,1,4
exp177,k3_final_26,A12,kvalita,1,Plná
exp177,k3_final_26,A12,dopad,1,Dlouhodobý úspěch
exp177,k3_final_26,A12,vhodnost,1,4
exp164,k3_final_26,A12,kvalita,1,Plná
exp164,k3_final_26,A12,dopad,1,Dlouhodobý úspěch
exp164,k3_final_26,A12,vhodnost,1,4
exp154,k3_final_26,A12,kvalita,1,Plochá
exp156,k3_final_26,A12,kvalita,1,Plná
exp156,k3_final_26,A12,dopad,1,Krátkodobý úspěch
exp156,k3_final_26,A12,vhodnost,1,4
exp157,k3_final_26,A12,kvalita,1,Plochá
exp158,k3_final_26,A12,kvalita,1,Plná
exp158,k3_final_26,A12,dopad,1,Neúspěch
exp158,k3_final_26,A12,vhodnost,1,2
exp160,k3_final_26,A12,kvalita,1,Plná
exp160,k3_final_26,A12,dopad,1,Dlouhodobý úspěch
exp160,k3_final_26,A12,vhodnost,1,4
exp161,k3_final_26,A12,kvalita,1,Plná
exp161,k3_final_26,A12,dopad,1,Dlouhodobý úspěch
exp161,k3_final_26,A12,vhodnost,1,4
exp162,k3_final_26,A12,kvalita,1,Plná
exp162,k3_final_26,A12,dopad,1,Krátkodobý úspěch
exp162,k3_final_26,A12,vhodnost,1,2
exp165,k3_final_26,A12,kvalita,1,Plná
exp165,k3_final_26,A12,dopad,1,Neúspěch
exp165,k3_final_26,A12,vhodnost,1,3
exp139,k3_final_26,A12,kvalita,1,Plná
exp139,k3_final_26,A12,dopad,1,Dlouhodobý úspěch
exp139,k3_final_26,A12,vhodnost,1,4
exp140,k3_final_26,A12,kvalita,1,Plná
exp140,k3_final_26,A12,dopad,1,Dlouhodobý úspěch
exp140,k3_final_26,A12,vhodnost,1,3
exp144,k3_final_26,A12,kvalita,1,Plná
exp144,k3_final_26,A12,dopad,1,Krátkodobý úspěch
exp144,k3_final_26,A12,vhodnost,1,2
exp148,k3_final_26,A12,kvalita,1,Plná
exp148,k3_final_26,A12,dopad,1,Neúspěch
exp148,k3_final_26,A12,vhodnost,1,2
exp138,k3_final_26,A12,kvalita,1,Plná
exp138,k3_final_26,A12,dopad,1,Neúspěch
exp138,k3_final_26,A12,vhodnost,1,3
exp146,k3_final_26,A12,kvalita,1,Plná
exp146,k3_final_26,A12,dopad,1,Neúspěch
exp146,k3_final_26,A12,vhodnost,1,1
exp153,k3_final_26,A12,kvalita,1,Plná
exp153,k3_final_26,A12,dopad,1,Dlouhodobý úspěch
exp153,k3_final_26,A12,vhodnost,1,4
exp123,k3_final_26,A12,kvalita,1,Plná
exp123,k3_final_26,A12,dopad,1,Krátkodobý úspěch
exp123,k3_final_26,A12,vhodnost,1,2
exp128,k3_final_26,A12,kvalita,1,Plná
exp128,k3_final_26,A12,dopad,1,Krátkodobý úspěch
exp128,k3_final_26,A12,vhodnost,1,3
exp129,k3_final_26,A12,kvalita,1,Plná
exp129,k3_final_26,A12,dopad,1,Krátkodobý úspěch
exp129,k3_final_26,A12,vhodnost,1,4
exp132,k3_final_26,A12,kvalita,1,Plná
exp132,k3_final_26,A12,dopad,1,Dlouhodobý úspěch
exp132,k3_final_26,A12,vhodnost,1,3
exp135,k3_final_26,A12,kvalita,1,Plná
exp135,k3_final_26,A12,dopad,1,Dlouhodobý úspěch
exp135,k3_final_26,A12,vhodnost,1,4
exp136,k3_final_26,A12,kvalita,1,Plná
exp136,k3_final_26,A12,dopad,1,Neúspěch
exp136,k3_final_26,A12,vhodnost,1,4
exp137,k3_final_26,A12,kvalita,1,Plná
exp137,k3_final_26,A12,dopad,1,Dlouhodobý úspěch
exp137,k3_final_26,A12,vhodnost,1,4
exp145,k3_final_26,A12,kvalita,1,Plná
exp145,k3_final_26,A12,dopad,1,Neúspěch
exp145,k3_final_26,A12,vhodnost,1,3
exp111,k3_final_26,A12,kvalita,1,Plná
exp111,k3_final_26,A12,dopad,1,Neúspěch
exp111,k3_final_26,A12,vhodnost,1,3
exp113,k3_final_26,A12,kvalita,1,Plná
exp113,k3_final_26,A12,dopad,1,Krátkodobý úspěch
exp113,k3_final_26,A12,vhodnost,1,4
exp116,k3_final_26,A12,kvalita,1,Plná
exp116,k3_final_26,A12,dopad,1,Krátkodobý úspěch
exp116,k3_final_26,A12,vhodnost,1,4
exp121,k3_final_26,A12,kvalita,1,Plná
exp121,k3_final_26,A12,dopad,1,Krátkodobý úspěch
exp121,k3_final_26,A12,vhodnost,1,4
exp122,k3_final_26,A12,kvalita,1,Plná
exp122,k3_final_26,A12,dopad,1,Krátkodobý úspěch
exp122,k3_final_26,A12,vhodnost,1,4
exp126,k3_final_26,A12,kvalita,1,Plná
exp126,k3_final_26,A12,dopad,1,Neúspěch
exp126,k3_final_26,A12,vhodnost,1,3
exp127,k3_final_26,A12,kvalita,1,Plná
exp127,k3_final_26,A12,dopad,1,Dlouhodobý úspěch
exp127,k3_final_26,A12,vhodnost,1,4
exp134,k3_final_26,A12,kvalita,1,Plná
exp134,k3_final_26,A12,dopad,1,Neúspěch
exp134,k3_final_26,A12,vhodnost,1,3
exp106,k3_final_26,A12,kvalita,1,Plná
exp106,k3_final_26,A12,dopad,1,Dlouhodobý úspěch
exp106,k3_final_26,A12,vhodnost,1,4
exp110,k3_final_26,A12,kvalita,1,Plná
exp110,k3_final_26,A12,dopad,1,Neúspěch
exp110,k3_final_26,A12,vhodnost,1,2
exp114,k3_final_26,A12,kvalita,1,Plná
exp114,k3_final_26,A12,dopad,1,Krátkodobý úspěch
exp114,k3_final_26,A12,vhodnost,1,4
exp115,k3_final_26,A12,kvalita,1,Plná
exp115,k3_final_26,A12,dopad,1,Dlouhodobý úspěch
exp115,k3_final_26,A12,vhodnost,1,4
exp124,k3_final_26,A12,kvalita,1,Plná
exp124,k3_final_26,A12,dopad,1,Krátkodobý úspěch
exp124,k3_final_26,A12,vhodnost,1,3
exp93,k3_final_26,A12,kvalita,1,Plná
exp93,k3_final_26,A12,dopad,1,Neúspěch
exp93,k3_final_26,A12,vhodnost,1,2
exp104,k3_final_26,A12,kvalita,1,Plná
exp104,k3_final_26,A12,dopad,1,Neúspěch
exp104,k3_final_26,A12,vhodnost,1,2
exp117,k3_final_26,A12,kvalita,1,Plná
exp117,k3_final_26,A12,dopad,1,Dlouhodobý úspěch
exp117,k3_final_26,A12,vhodnost,1,4
exp125,k3_final_26,A12,kvalita,1,Plná
exp125,k3_final_26,A12,dopad,1,Neúspěch
exp125,k3_final_26,A12,vhodnost,1,3
exp92,k3_final_26,A12,kvalita,1,Plná
exp92,k3_final_26,A12,dopad,1,Krátkodobý úspěch
exp92,k3_final_26,A12,vhodnost,1,1
exp96,k3_final_26,A12,kvalita,1,Plná
exp96,k3_final_26,A12,dopad,1,Neúspěch
exp96,k3_final_26,A12,vhodnost,1,3
exp97,k3_final_26,A12,kvalita,1,Plná
exp97,k3_final_26,A12,dopad,1,Krátkodobý úspěch
exp97,k3_final_26,A12,vhodnost,1,4
exp98,k3_final_26,A12,kvalita,1,Plná
exp98,k3_final_26,A12,dopad,1,Dlouhodobý úspěch
exp98,k3_final_26,A12,vhodnost,1,4
exp100,k3_final_26,A12,kvalita,1,Plná
exp100,k3_final_26,A12,dopad,1,Krátkodobý úspěch
exp100,k3_final_26,A12,vhodnost,1,4
exp101,k3_final_26,A12,kvalita,1,Plná
exp101,k3_final_26,A12,dopad,1,Dlouhodobý úspěch
exp101,k3_final_26,A12,vhodnost,1,4
exp81,k3_final_26,A12,kvalita,1,Plná
exp81,k3_final_26,A12,dopad,1,Dlouhodobý úspěch
exp81,k3_final_26,A12,vhodnost,1,4
exp86,k3_final_26,A12,kvalita,1,Plná
exp86,k3_final_26,A12,dopad,1,Krátkodobý úspěch
exp86,k3_final_26,A12,vhodnost,1,3
exp90,k3_final_26,A12,kvalita,1,Plná
exp90,k3_final_26,A12,dopad,1,Krátkodobý úspěch
exp90,k3_final_26,A12,vhodnost,1,4
exp91,k3_final_26,A12,kvalita,1,Plná
exp91,k3_final_26,A12,dopad,1,Dlouhodobý úspěch
exp91,k3_final_26,A12,vhodnost,1,4
exp95,k3_final_26,A12,kvalita,1,Plná
exp95,k3_final_26,A12,dopad,1,Krátkodobý úspěch
exp95,k3_final_26,A12,vhodnost,1,3
exp78,k3_final_26,A12,kvalita,1,Plná
exp78,k3_final_26,A12,dopad,1,Krátkodobý úspěch
exp78,k3_final_26,A12,vhodnost,1,4
exp83,k3_final_26,A12,kvalita,1,Plochá
exp83,k3_final_26,A12,dopad,1,Neúspěch
exp83,k3_final_26,A12,vhodnost,1,3
exp88,k3_final_26,A12,kvalita,1,Plná
exp88,k3_final_26,A12,dopad,1,Neúspěch
exp88,k3_final_26,A12,vhodnost,1,3
exp89,k3_final_26,A12,kvalita,1,Plná
exp89,k3_final_26,A12,dopad,1,Neúspěch
exp89,k3_final_26,A12,vhodnost,1,2
exp68,k3_final_26,A12,kvalita,1,Plná
exp68,k3_final_26,A12,dopad,1,Neúspěch
exp68,k3_final_26,A12,vhodnost,1,2
exp71,k3_final_26,A12,kvalita,1,Plná
exp71,k3_final_26,A12,dopad,1,Krátkodobý úspěch
exp71,k3_final_26,A12,vhodnost,1,3
exp77,k3_final_26,A12,kvalita,1,Plná
exp77,k3_final_26,A12,dopad,1,Neúspěch
exp77,k3_final_26,A12,vhodnost,1,1
exp63,k3_final_26,A12,kvalita,1,Plná
exp63,k3_final_26,A12,dopad,1,Neúspěch
exp63,k3_final_26,A12,vhodnost,1,3
exp64,k3_final_26,A12,kvalita,1,Plná
exp64,k3_final_26,A12,dopad,1,Krátkodobý úspěch
exp64,k3_final_26,A12,vhodnost,1,2
exp67,k3_final_26,A12,kvalita,1,Plná
exp67,k3_final_26,A12,dopad,1,Dlouhodobý úspěch
exp67,k3_final_26,A12,vhodnost,1,4
exp69,k3_final_26,A12,kvalita,1,Plná
exp69,k3_final_26,A12,dopad,1,Dlouhodobý úspěch
exp69,k3_final_26,A12,vhodnost,1,4
exp70,k3_final_26,A12,kvalita,1,Plná
exp70,k3_final_26,A12,dopad,1,Krátkodobý úspěch
exp70,k3_final_26,A12,vhodnost,1,4
exp58,k3_final_26,A12,kvalita,1,Plná
exp58,k3_final_26,A12,dopad,1,Krátkodobý úspěch
exp58,k3_final_26,A12,vhodnost,1,3
exp61,k3_final_26,A12,kvalita,1,Plná
exp61,k3_final_26,A12,dopad,1,Krátkodobý úspěch
exp61,k3_final_26,A12,vhodnost,1,1
exp62,k3_final_26,A12,kvalita,1,Plná
exp62,k3_final_26,A12,dopad,1,Neúspěch
exp62,k3_final_26,A12,vhodnost,1,2
exp65,k3_final_26,A12,kvalita,1,Plná
exp65,k3_final_26,A12,dopad,1,Neúspěch
exp65,k3_final_26,A12,vhodnost,1,3
exp72,k3_final_26,A12,kvalita,1,Plná
exp72,k3_final_26,A12,dopad,1,Dlouhodobý úspěch
exp72,k3_final_26,A12,vhodnost,1,4
exp73,k3_final_26,A12,kvalita,1,Plná
exp73,k3_final_26,A12,dopad,1,Dlouhodobý úspěch
exp73,k3_final_26,A12,vhodnost,1,4
exp56,k3_final_26,A12,kvalita,1,Plná
exp56,k3_final_26,A12,dopad,1,Krátkodobý úspěch
exp56,k3_final_26,A12,vhodnost,1,3
exp57,k3_final_26,A12,kvalita,1,Plná
exp57,k3_final_26,A12,dopad,1,Dlouhodobý úspěch
exp57,k3_final_26,A12,vhodnost,1,2
exp59,k3_final_26,A12,kvalita,1,Plná
exp59,k3_final_26,A12,dopad,1,Krátkodobý úspěch
exp59,k3_final_26,A12,vhodnost,1,3
exp46,k3_final_26,A12,kvalita,1,Plná
exp46,k3_final_26,A12,dopad,1,Neúspěch
exp46,k3_final_26,A12,vhodnost,1,2
exp55,k3_final_26,A12,kvalita,1,Plná
exp55,k3_final_26,A12,dopad,1,Dlouhodobý úspěch
exp55,k3_final_26,A12,vhodnost,1,2
exp36,k3_final_26,A12,kvalita,1,Plná
exp36,k3_final_26,A12,dopad,1,Krátkodobý úspěch
exp36,k3_final_26,A12,vhodnost,1,4
exp40,k3_final_26,A12,kvalita,1,Plná
exp40,k3_final_26,A12,dopad,1,Dlouhodobý úspěch
exp40,k3_final_26,A12,vhodnost,1,4
exp43,k3_final_26,A12,kvalita,1,Plná
exp43,k3_final_26,A12,dopad,1,Krátkodobý úspěch
exp43,k3_final_26,A12,vhodnost,1,4
exp44,k3_final_26,A12,kvalita,1,Plná
exp44,k3_final_26,A12,dopad,1,Krátkodobý úspěch
exp44,k3_final_26,A12,vhodnost,1,2
exp33,k3_final_26,A12,kvalita,1,Plná
exp33,k3_final_26,A12,dopad,1,Krátkodobý úspěch
exp33,k3_final_26,A12,vhodnost,1,2
exp41,k3_final_26,A12,kvalita,1,Plná
exp41,k3_final_26,A12,dopad,1,Dlouhodobý úspěch
exp41,k3_final_26,A12,vhodnost,1,4
exp42,k3_final_26,A12,kvalita,1,Plná
exp42,k3_final_26,A12,dopad,1,Krátkodobý úspěch
exp42,k3_final_26,A12,vhodnost,1,3
exp45,k3_final_26,A12,kvalita,1,Plochá
exp21,k3_final_26,A12,kvalita,1,Plná
exp21,k3_final_26,A12,dopad,1,Neúspěch
exp21,k3_final_26,A12,vhodnost,1,3
exp31,k3_final_26,A12,kvalita,1,Plná
exp31,k3_final_26,A12,dopad,1,Neúspěch
exp31,k3_final_26,A12,vhodnost,1,2
exp35,k3_final_26,A12,kvalita,1,Plná
exp35,k3_final_26,A12,dopad,1,Krátkodobý úspěch
exp35,k3_final_26,A12,vhodnost,1,4
exp38,k3_final_26,A12,kvalita,1,Plná
exp38,k3_final_26,A12,dopad,1,Krátkodobý úspěch
exp38,k3_final_26,A12,vhodnost,1,4
exp19,k3_final_26,A12,kvalita,1,Plná
exp19,k3_final_26,A12,dopad,1,Neúspěch
exp19,k3_final_26,A12,vhodnost,1,2
exp30,k3_final_26,A12,kvalita,1,Plná
exp30,k3_final_26,A12,dopad,1,Dlouhodobý úspěch
exp30,k3_final_26,A12,vhodnost,1,4
exp13,k3_final_26,A12,kvalita,1,Plná
exp13,k3_final_26,A12,dopad,1,Dlouhodobý úspěch
exp13,k3_final_26,A12,vhodnost,1,4
exp14,k3_final_26,A12,kvalita,1,Plná
exp14,k3_final_26,A12,dopad,1,Krátkodobý úspěch
exp14,k3_final_26,A12,vhodnost,1,3
exp22,k3_final_26,A12,kvalita,1,Plná
exp22,k3_final_26,A12,dopad,1,Krátkodobý úspěch
exp22,k3_final_26,A12,vhodnost,1,1
exp23,k3_final_26,A12,kvalita,1,Plná
exp23,k3_final_26,A12,dopad,1,Krátkodobý úspěch
exp23,k3_final_26,A12,vhodnost,1,3
exp25,k3_final_26,A12,kvalita,1,Plná
exp25,k3_final_26,A12,dopad,1,Krátkodobý úspěch
exp25,k3_final_26,A12,vhodnost,1,4
exp27,k3_final_26,A12,kvalita,1,Plná
exp27,k3_final_26,A12,dopad,1,Dlouhodobý úspěch
exp27,k3_final_26,A12,vhodnost,1,4
exp28,k3_final_26,A12,kvalita,1,Plná
exp28,k3_final_26,A12,dopad,1,Krátkodobý úspěch
exp28,k3_final_26,A12,vhodnost,1,2
exp7,k3_final_26,A12,kvalita,1,Plná
exp7,k3_final_26,A12,dopad,1,Neúspěch
exp7,k3_final_26,A12,vhodnost,1,3
exp15,k3_final_26,A12,kvalita,1,Plná
exp15,k3_final_26,A12,dopad,1,Neúspěch
exp15,k3_final_26,A12,vhodnost,1,3
exp16,k3_final_26,A12,kvalita,1,Plná
exp16,k3_final_26,A12,dopad,1,Krátkodobý úspěch
exp16,k3_final_26,A12,vhodnost,1,2
exp18,k3_final_26,A12,kvalita,1,Plná
exp18,k3_final_26,A12,dopad,1,Dlouhodobý úspěch
exp18,k3_final_26,A12,vhodnost,1,4
exp4,k3_final_26,A12,kvalita,1,Plná
exp4,k3_final_26,A12,dopad,1,Neúspěch
exp4,k3_final_26,A12,vhodnost,1,3
exp5,k3_final_26,A12,kvalita,1,Plná
exp5,k3_final_26,A12,dopad,1,Dlouhodobý úspěch
exp5,k3_final_26,A12,vhodnost,1,4
exp9,k3_final_26,A12,kvalita,1,Plná
exp9,k3_final_26,A12,dopad,1,Dlouhodobý úspěch
exp9,k3_final_26,A12,vhodnost,1,4
exp11,k3_final_26,A12,kvalita,1,Plná
exp11,k3_final_26,A12,dopad,1,Dlouhodobý úspěch
exp11,k3_final_26,A12,vhodnost,1,4
exp3,k3_final_26,A12,kvalita,1,Plná
exp3,k3_final_26,A12,dopad,1,Dlouhodobý úspěch
exp3,k3_final_26,A12,vhodnost,1,2
exp6,k3_final_26,A12,kvalita,1,Plná
exp6,k3_final_26,A12,dopad,1,Krátkodobý úspěch
exp6,k3_final_26,A12,vhodnost,1,4
exp8,k3_final_26,A12,kvalita,1,Plná
exp8,k3_final_26,A12,dopad,1,Neúspěch
exp8,k3_final_26,A12,vhodnost,1,1
exp1,k3_final_26,A12,kvalita,1,Plná
exp1,k3_final_26,A12,dopad,1,Neúspěch
exp1,k3_final_26,A12,vhodnost,1,1
exp10,k3_final_26,A12,kvalita,1,Plochá
exp1836,k3_final_26,A2,kvalita,1,Plná
exp1836,k3_final_26,A2,dopad,1,Dlouhodobý úspěch
exp1836,k3_final_26,A2,vhodnost,1,3
exp1835,k3_final_26,A2,kvalita,1,Plná
exp1835,k3_final_26,A2,dopad,1,Dlouhodobý úspěch
exp1835,k3_final_26,A2,vhodnost,1,4
exp1829,k3_final_26,A2,kvalita,1,Plná
exp1829,k3_final_26,A2,dopad,1,Neúspěch
exp1829,k3_final_26,A2,vhodnost,1,2
exp1827,k3_final_26,A2,kvalita,1,Plná
exp1827,k3_final_26,A2,dopad,1,Neúspěch
exp1827,k3_final_26,A2,vhodnost,1,3
exp1826,k3_final_26,A2,kvalita,1,Plná
exp1826,k3_final_26,A2,dopad,1,Dlouhodobý úspěch
exp1826,k3_final_26,A2,vhodnost,1,4
exp1824,k3_final_26,A2,kvalita,1,Plná
exp1824,k3_final_26,A2,dopad,1,Dlouhodobý úspěch
exp1824,k3_final_26,A2,vhodnost,1,4
exp1822,k3_final_26,A2,kvalita,1,Plná
exp1822,k3_final_26,A2,dopad,1,Dlouhodobý úspěch
exp1822,k3_final_26,A2,vhodnost,1,4
exp1819,k3_final_26,A2,kvalita,1,Plná
exp1819,k3_final_26,A2,dopad,1,Neúspěch
exp1819,k3_final_26,A2,vhodnost,1,3
exp1818,k3_final_26,A2,kvalita,1,Plná
exp1818,k3_final_26,A2,dopad,1,Dlouhodobý úspěch
exp1818,k3_final_26,A2,vhodnost,1,4
exp1817,k3_final_26,A2,kvalita,1,Plná
exp1817,k3_final_26,A2,dopad,1,Krátkodobý úspěch
exp1817,k3_final_26,A2,vhodnost,1,4
exp1811,k3_final_26,A2,kvalita,1,Plná
exp1811,k3_final_26,A2,dopad,1,Dlouhodobý úspěch
exp1811,k3_final_26,A2,vhodnost,1,4
exp1808,k3_final_26,A2,kvalita,1,Plochá
exp1805,k3_final_26,A2,kvalita,1,Plná
exp1805,k3_final_26,A2,dopad,1,Dlouhodobý úspěch
exp1805,k3_final_26,A2,vhodnost,1,4
exp1803,k3_final_26,A2,kvalita,1,Plná
exp1803,k3_final_26,A2,dopad,1,Dlouhodobý úspěch
exp1803,k3_final_26,A2,vhodnost,1,4
exp1802,k3_final_26,A2,kvalita,1,Plná
exp1802,k3_final_26,A2,dopad,1,Dlouhodobý úspěch
exp1802,k3_final_26,A2,vhodnost,1,3
exp1801,k3_final_26,A2,kvalita,1,Plná
exp1801,k3_final_26,A2,dopad,1,Krátkodobý úspěch
exp1801,k3_final_26,A2,vhodnost,1,3
exp1800,k3_final_26,A2,kvalita,1,Plná
exp1800,k3_final_26,A2,dopad,1,Krátkodobý úspěch
exp1800,k3_final_26,A2,vhodnost,1,3
exp1799,k3_final_26,A2,kvalita,1,Plná
exp1799,k3_final_26,A2,dopad,1,Dlouhodobý úspěch
exp1799,k3_final_26,A2,vhodnost,1,3
exp1796,k3_final_26,A2,kvalita,1,Plná
exp1796,k3_final_26,A2,dopad,1,Krátkodobý úspěch
exp1796,k3_final_26,A2,vhodnost,1,3
exp1795,k3_final_26,A2,kvalita,1,Plná
exp1795,k3_final_26,A2,dopad,1,Krátkodobý úspěch
exp1795,k3_final_26,A2,vhodnost,1,4
exp1794,k3_final_26,A2,kvalita,1,Plná
exp1794,k3_final_26,A2,dopad,1,Krátkodobý úspěch
exp1794,k3_final_26,A2,vhodnost,1,3
exp1792,k3_final_26,A2,kvalita,1,Plná
exp1792,k3_final_26,A2,dopad,1,Neúspěch
exp1792,k3_final_26,A2,vhodnost,1,4
exp1789,k3_final_26,A2,kvalita,1,Plná
exp1789,k3_final_26,A2,dopad,1,Dlouhodobý úspěch
exp1789,k3_final_26,A2,vhodnost,1,4
exp1788,k3_final_26,A2,kvalita,1,Plná
exp1788,k3_final_26,A2,dopad,1,Dlouhodobý úspěch
exp1788,k3_final_26,A2,vhodnost,1,4
exp1787,k3_final_26,A2,kvalita,1,Plná
exp1787,k3_final_26,A2,dopad,1,Neúspěch
exp1787,k3_final_26,A2,vhodnost,1,4
exp1785,k3_final_26,A2,kvalita,1,Plná
exp1785,k3_final_26,A2,dopad,1,Dlouhodobý úspěch
exp1785,k3_final_26,A2,vhodnost,1,2
exp1784,k3_final_26,A2,kvalita,1,Plná
exp1784,k3_final_26,A2,dopad,1,Dlouhodobý úspěch
exp1784,k3_final_26,A2,vhodnost,1,3
exp1782,k3_final_26,A2,kvalita,1,Plná
exp1782,k3_final_26,A2,dopad,1,Dlouhodobý úspěch
exp1782,k3_final_26,A2,vhodnost,1,3
exp1780,k3_final_26,A2,kvalita,1,Plná
exp1780,k3_final_26,A2,dopad,1,Neúspěch
exp1780,k3_final_26,A2,vhodnost,1,4
exp1778,k3_final_26,A2,kvalita,1,Plná
exp1778,k3_final_26,A2,dopad,1,Dlouhodobý úspěch
exp1778,k3_final_26,A2,vhodnost,1,3
exp1777,k3_final_26,A2,kvalita,1,Plná
exp1777,k3_final_26,A2,dopad,1,Dlouhodobý úspěch
exp1777,k3_final_26,A2,vhodnost,1,4
exp1776,k3_final_26,A2,kvalita,1,Plná
exp1776,k3_final_26,A2,dopad,1,Krátkodobý úspěch
exp1776,k3_final_26,A2,vhodnost,1,4
exp1774,k3_final_26,A2,kvalita,1,Plná
exp1774,k3_final_26,A2,dopad,1,Dlouhodobý úspěch
exp1774,k3_final_26,A2,vhodnost,1,4
exp1772,k3_final_26,A2,kvalita,1,Plná
exp1772,k3_final_26,A2,dopad,1,Dlouhodobý úspěch
exp1772,k3_final_26,A2,vhodnost,1,4
exp1770,k3_final_26,A2,kvalita,1,Plná
exp1770,k3_final_26,A2,dopad,1,Dlouhodobý úspěch
exp1770,k3_final_26,A2,vhodnost,1,4
exp1769,k3_final_26,A2,kvalita,1,Plná
exp1769,k3_final_26,A2,dopad,1,Dlouhodobý úspěch
exp1769,k3_final_26,A2,vhodnost,1,4
exp1768,k3_final_26,A2,kvalita,1,Plná
exp1768,k3_final_26,A2,dopad,1,Neúspěch
exp1768,k3_final_26,A2,vhodnost,1,4
exp1762,k3_final_26,A2,kvalita,1,Plná
exp1762,k3_final_26,A2,dopad,1,Dlouhodobý úspěch
exp1762,k3_final_26,A2,vhodnost,1,4
exp1761,k3_final_26,A2,kvalita,1,Plná
exp1761,k3_final_26,A2,dopad,1,Krátkodobý úspěch
exp1761,k3_final_26,A2,vhodnost,1,3
exp1759,k3_final_26,A2,kvalita,1,Plná
exp1759,k3_final_26,A2,dopad,1,Dlouhodobý úspěch
exp1759,k3_final_26,A2,vhodnost,1,4
exp1756,k3_final_26,A2,kvalita,1,Plná
exp1756,k3_final_26,A2,dopad,1,Neúspěch
exp1756,k3_final_26,A2,vhodnost,1,2
exp1754,k3_final_26,A2,kvalita,1,Plná
exp1754,k3_final_26,A2,dopad,1,Krátkodobý úspěch
exp1754,k3_final_26,A2,vhodnost,1,3
exp1753,k3_final_26,A2,kvalita,1,Plná
exp1753,k3_final_26,A2,dopad,1,Krátkodobý úspěch
exp1753,k3_final_26,A2,vhodnost,1,4
exp1752,k3_final_26,A2,kvalita,1,Plná
exp1752,k3_final_26,A2,dopad,1,Neúspěch
exp1752,k3_final_26,A2,vhodnost,1,3
exp1747,k3_final_26,A2,kvalita,1,Plná
exp1747,k3_final_26,A2,dopad,1,Krátkodobý úspěch
exp1747,k3_final_26,A2,vhodnost,1,3
exp1746,k3_final_26,A2,kvalita,1,Plná
exp1746,k3_final_26,A2,dopad,1,Dlouhodobý úspěch
exp1746,k3_final_26,A2,vhodnost,1,4
exp1745,k3_final_26,A2,kvalita,1,Plná
exp1745,k3_final_26,A2,dopad,1,Dlouhodobý úspěch
exp1745,k3_final_26,A2,vhodnost,1,4
exp1742,k3_final_26,A2,kvalita,1,Plná
exp1742,k3_final_26,A2,dopad,1,Krátkodobý úspěch
exp1742,k3_final_26,A2,vhodnost,1,4
exp1741,k3_final_26,A2,kvalita,1,Plná
exp1741,k3_final_26,A2,dopad,1,Dlouhodobý úspěch
exp1741,k3_final_26,A2,vhodnost,1,3
exp1740,k3_final_26,A2,kvalita,1,Plná
exp1740,k3_final_26,A2,dopad,1,Krátkodobý úspěch
exp1740,k3_final_26,A2,vhodnost,1,3
exp1739,k3_final_26,A2,kvalita,1,Plná
exp1739,k3_final_26,A2,dopad,1,Dlouhodobý úspěch
exp1739,k3_final_26,A2,vhodnost,1,4
exp1738,k3_final_26,A2,kvalita,1,Plná
exp1738,k3_final_26,A2,dopad,1,Dlouhodobý úspěch
exp1738,k3_final_26,A2,vhodnost,1,4
exp1737,k3_final_26,A2,kvalita,1,Plná
exp1737,k3_final_26,A2,dopad,1,Neúspěch
exp1737,k3_final_26,A2,vhodnost,1,3
exp1736,k3_final_26,A2,kvalita,1,Plná
exp1736,k3_final_26,A2,dopad,1,Dlouhodobý úspěch
exp1736,k3_final_26,A2,vhodnost,1,3
exp1735,k3_final_26,A2,kvalita,1,Plná
exp1735,k3_final_26,A2,dopad,1,Krátkodobý úspěch
exp1735,k3_final_26,A2,vhodnost,1,3
exp1734,k3_final_26,A2,kvalita,1,Plná
exp1734,k3_final_26,A2,dopad,1,Krátkodobý úspěch
exp1734,k3_final_26,A2,vhodnost,1,3
exp1733,k3_final_26,A2,kvalita,1,Plná
exp1733,k3_final_26,A2,dopad,1,Dlouhodobý úspěch
exp1733,k3_final_26,A2,vhodnost,1,2
exp1731,k3_final_26,A2,kvalita,1,Plná
exp1731,k3_final_26,A2,dopad,1,Dlouhodobý úspěch
exp1731,k3_final_26,A2,vhodnost,1,3
exp1730,k3_final_26,A2,kvalita,1,Plná
exp1730,k3_final_26,A2,dopad,1,Neúspěch
exp1730,k3_final_26,A2,vhodnost,1,2
exp1729,k3_final_26,A2,kvalita,1,Plná
exp1729,k3_final_26,A2,dopad,1,Dlouhodobý úspěch
exp1729,k3_final_26,A2,vhodnost,1,2
exp1726,k3_final_26,A2,kvalita,1,Plná
exp1726,k3_final_26,A2,dopad,1,Krátkodobý úspěch
exp1726,k3_final_26,A2,vhodnost,1,3
exp1725,k3_final_26,A2,kvalita,1,Plná
exp1725,k3_final_26,A2,dopad,1,Neúspěch
exp1725,k3_final_26,A2,vhodnost,1,4
exp1724,k3_final_26,A2,kvalita,1,Plná
exp1724,k3_final_26,A2,dopad,1,Dlouhodobý úspěch
exp1724,k3_final_26,A2,vhodnost,1,3
exp1723,k3_final_26,A2,kvalita,1,Plná
exp1723,k3_final_26,A2,dopad,1,Neúspěch
exp1723,k3_final_26,A2,vhodnost,1,2
exp1719,k3_final_26,A2,kvalita,1,Plná
exp1719,k3_final_26,A2,dopad,1,Dlouhodobý úspěch
exp1719,k3_final_26,A2,vhodnost,1,4
exp1718,k3_final_26,A2,kvalita,1,Plná
exp1718,k3_final_26,A2,dopad,1,Krátkodobý úspěch
exp1718,k3_final_26,A2,vhodnost,1,3
exp1713,k3_final_26,A2,kvalita,1,Plná
exp1713,k3_final_26,A2,dopad,1,Dlouhodobý úspěch
exp1713,k3_final_26,A2,vhodnost,1,3
exp1711,k3_final_26,A2,kvalita,1,Plná
exp1711,k3_final_26,A2,dopad,1,Krátkodobý úspěch
exp1711,k3_final_26,A2,vhodnost,1,3
exp1709,k3_final_26,A2,kvalita,1,Plná
exp1709,k3_final_26,A2,dopad,1,Dlouhodobý úspěch
exp1709,k3_final_26,A2,vhodnost,1,4
exp1706,k3_final_26,A2,kvalita,1,Plná
exp1706,k3_final_26,A2,dopad,1,Dlouhodobý úspěch
exp1706,k3_final_26,A2,vhodnost,1,2
exp1705,k3_final_26,A2,kvalita,1,Plná
exp1705,k3_final_26,A2,dopad,1,Dlouhodobý úspěch
exp1705,k3_final_26,A2,vhodnost,1,3
exp1704,k3_final_26,A2,kvalita,1,Plná
exp1704,k3_final_26,A2,dopad,1,Dlouhodobý úspěch
exp1704,k3_final_26,A2,vhodnost,1,4
exp1702,k3_final_26,A2,kvalita,1,Plná
exp1702,k3_final_26,A2,dopad,1,Neúspěch
exp1702,k3_final_26,A2,vhodnost,1,4
exp1701,k3_final_26,A2,kvalita,1,Plná
exp1701,k3_final_26,A2,dopad,1,Dlouhodobý úspěch
exp1701,k3_final_26,A2,vhodnost,1,3
exp1700,k3_final_26,A2,kvalita,1,Plná
exp1700,k3_final_26,A2,dopad,1,Neúspěch
exp1700,k3_final_26,A2,vhodnost,1,2
exp1699,k3_final_26,A2,kvalita,1,Plná
exp1699,k3_final_26,A2,dopad,1,Neúspěch
exp1699,k3_final_26,A2,vhodnost,1,4
exp1697,k3_final_26,A2,kvalita,1,Plná
exp1697,k3_final_26,A2,dopad,1,Neúspěch
exp1697,k3_final_26,A2,vhodnost,1,3
exp1696,k3_final_26,A2,kvalita,1,Plná
exp1696,k3_final_26,A2,dopad,1,Krátkodobý úspěch
exp1696,k3_final_26,A2,vhodnost,1,2
exp1695,k3_final_26,A2,kvalita,1,Plná
exp1695,k3_final_26,A2,dopad,1,Dlouhodobý úspěch
exp1695,k3_final_26,A2,vhodnost,1,4
exp1694,k3_final_26,A2,kvalita,1,Plná
exp1694,k3_final_26,A2,dopad,1,Neúspěch
exp1694,k3_final_26,A2,vhodnost,1,3
exp1693,k3_final_26,A2,kvalita,1,Plná
exp1693,k3_final_26,A2,dopad,1,Neúspěch
exp1693,k3_final_26,A2,vhodnost,1,4
exp1685,k3_final_26,A2,kvalita,1,Plná
exp1685,k3_final_26,A2,dopad,1,Dlouhodobý úspěch
exp1685,k3_final_26,A2,vhodnost,1,2
exp1683,k3_final_26,A2,kvalita,1,Plná
exp1683,k3_final_26,A2,dopad,1,Dlouhodobý úspěch
exp1683,k3_final_26,A2,vhodnost,1,2
exp1681,k3_final_26,A2,kvalita,1,Plná
exp1681,k3_final_26,A2,dopad,1,Dlouhodobý úspěch
exp1681,k3_final_26,A2,vhodnost,1,4
exp1676,k3_final_26,A2,kvalita,1,Plná
exp1676,k3_final_26,A2,dopad,1,Neúspěch
exp1676,k3_final_26,A2,vhodnost,1,4
exp1674,k3_final_26,A2,kvalita,1,Plná
exp1674,k3_final_26,A2,dopad,1,Dlouhodobý úspěch
exp1674,k3_final_26,A2,vhodnost,1,4
exp1673,k3_final_26,A2,kvalita,1,Plná
exp1673,k3_final_26,A2,dopad,1,Dlouhodobý úspěch
exp1673,k3_final_26,A2,vhodnost,1,4
exp1672,k3_final_26,A2,kvalita,1,Plná
exp1672,k3_final_26,A2,dopad,1,Dlouhodobý úspěch
exp1672,k3_final_26,A2,vhodnost,1,4
exp1671,k3_final_26,A2,kvalita,1,Plná
exp1671,k3_final_26,A2,dopad,1,Dlouhodobý úspěch
exp1671,k3_final_26,A2,vhodnost,1,4
exp1670,k3_final_26,A2,kvalita,1,Plná
exp1670,k3_final_26,A2,dopad,1,Krátkodobý úspěch
exp1670,k3_final_26,A2,vhodnost,1,4
exp1668,k3_final_26,A2,kvalita,1,Plná
exp1668,k3_final_26,A2,dopad,1,Neúspěch
exp1668,k3_final_26,A2,vhodnost,1,2
exp1667,k3_final_26,A2,kvalita,1,Plná
exp1667,k3_final_26,A2,dopad,1,Krátkodobý úspěch
exp1667,k3_final_26,A2,vhodnost,1,4
exp1665,k3_final_26,A2,kvalita,1,Plná
exp1665,k3_final_26,A2,dopad,1,Dlouhodobý úspěch
exp1665,k3_final_26,A2,vhodnost,1,3
exp1663,k3_final_26,A2,kvalita,1,Plná
exp1663,k3_final_26,A2,dopad,1,Dlouhodobý úspěch
exp1663,k3_final_26,A2,vhodnost,1,4
exp1661,k3_final_26,A2,kvalita,1,Plná
exp1661,k3_final_26,A2,dopad,1,Krátkodobý úspěch
exp1661,k3_final_26,A2,vhodnost,1,3
exp1660,k3_final_26,A2,kvalita,1,Plná
exp1660,k3_final_26,A2,dopad,1,Dlouhodobý úspěch
exp1660,k3_final_26,A2,vhodnost,1,4
exp1659,k3_final_26,A2,kvalita,1,Plná
exp1659,k3_final_26,A2,dopad,1,Krátkodobý úspěch
exp1659,k3_final_26,A2,vhodnost,1,2
exp1658,k3_final_26,A2,kvalita,1,Plná
exp1658,k3_final_26,A2,dopad,1,Neúspěch
exp1658,k3_final_26,A2,vhodnost,1,2
exp1656,k3_final_26,A2,kvalita,1,Plná
exp1656,k3_final_26,A2,dopad,1,Dlouhodobý úspěch
exp1656,k3_final_26,A2,vhodnost,1,4
exp1654,k3_final_26,A2,kvalita,1,Plná
exp1654,k3_final_26,A2,dopad,1,Dlouhodobý úspěch
exp1654,k3_final_26,A2,vhodnost,1,4
exp1653,k3_final_26,A2,kvalita,1,Plná
exp1653,k3_final_26,A2,dopad,1,Dlouhodobý úspěch
exp1653,k3_final_26,A2,vhodnost,1,3
exp1652,k3_final_26,A2,kvalita,1,Plná
exp1652,k3_final_26,A2,dopad,1,Neúspěch
exp1652,k3_final_26,A2,vhodnost,1,4
exp1651,k3_final_26,A2,kvalita,1,Plná
exp1651,k3_final_26,A2,dopad,1,Krátkodobý úspěch
exp1651,k3_final_26,A2,vhodnost,1,3
exp1649,k3_final_26,A2,kvalita,1,Plná
exp1649,k3_final_26,A2,dopad,1,Krátkodobý úspěch
exp1649,k3_final_26,A2,vhodnost,1,4
exp1646,k3_final_26,A2,kvalita,1,Plná
exp1646,k3_final_26,A2,dopad,1,Dlouhodobý úspěch
exp1646,k3_final_26,A2,vhodnost,1,4
exp1643,k3_final_26,A2,kvalita,1,Plná
exp1643,k3_final_26,A2,dopad,1,Krátkodobý úspěch
exp1643,k3_final_26,A2,vhodnost,1,4
exp1642,k3_final_26,A2,kvalita,1,Plná
exp1642,k3_final_26,A2,dopad,1,Dlouhodobý úspěch
exp1642,k3_final_26,A2,vhodnost,1,3
exp1641,k3_final_26,A2,kvalita,1,Plná
exp1641,k3_final_26,A2,dopad,1,Dlouhodobý úspěch
exp1641,k3_final_26,A2,vhodnost,1,3
exp1639,k3_final_26,A2,kvalita,1,Plná
exp1639,k3_final_26,A2,dopad,1,Neúspěch
exp1639,k3_final_26,A2,vhodnost,1,3
exp1638,k3_final_26,A2,kvalita,1,Plná
exp1638,k3_final_26,A2,dopad,1,Krátkodobý úspěch
exp1638,k3_final_26,A2,vhodnost,1,4
exp1637,k3_final_26,A2,kvalita,1,Plná
exp1637,k3_final_26,A2,dopad,1,Krátkodobý úspěch
exp1637,k3_final_26,A2,vhodnost,1,3
exp1635,k3_final_26,A2,kvalita,1,Plná
exp1635,k3_final_26,A2,dopad,1,Dlouhodobý úspěch
exp1635,k3_final_26,A2,vhodnost,1,4
exp1633,k3_final_26,A2,kvalita,1,Plná
exp1633,k3_final_26,A2,dopad,1,Dlouhodobý úspěch
exp1633,k3_final_26,A2,vhodnost,1,4
exp1632,k3_final_26,A2,kvalita,1,Plná
exp1632,k3_final_26,A2,dopad,1,Dlouhodobý úspěch
exp1632,k3_final_26,A2,vhodnost,1,3
exp1631,k3_final_26,A2,kvalita,1,Plná
exp1631,k3_final_26,A2,dopad,1,Dlouhodobý úspěch
exp1631,k3_final_26,A2,vhodnost,1,4
exp1628,k3_final_26,A2,kvalita,1,Plná
exp1628,k3_final_26,A2,dopad,1,Dlouhodobý úspěch
exp1628,k3_final_26,A2,vhodnost,1,4
exp1627,k3_final_26,A2,kvalita,1,Plná
exp1627,k3_final_26,A2,dopad,1,Krátkodobý úspěch
exp1627,k3_final_26,A2,vhodnost,1,3
exp1626,k3_final_26,A2,kvalita,1,Plná
exp1626,k3_final_26,A2,dopad,1,Dlouhodobý úspěch
exp1626,k3_final_26,A2,vhodnost,1,3
exp1624,k3_final_26,A2,kvalita,1,Plná
exp1624,k3_final_26,A2,dopad,1,Krátkodobý úspěch
exp1624,k3_final_26,A2,vhodnost,1,3
exp1623,k3_final_26,A2,kvalita,1,Plná
exp1623,k3_final_26,A2,dopad,1,Dlouhodobý úspěch
exp1623,k3_final_26,A2,vhodnost,1,4
exp1622,k3_final_26,A2,kvalita,1,Plná
exp1622,k3_final_26,A2,dopad,1,Neúspěch
exp1622,k3_final_26,A2,vhodnost,1,2
exp1619,k3_final_26,A2,kvalita,1,Plná
exp1619,k3_final_26,A2,dopad,1,Krátkodobý úspěch
exp1619,k3_final_26,A2,vhodnost,1,2
exp1618,k3_final_26,A2,kvalita,1,Plná
exp1618,k3_final_26,A2,dopad,1,Neúspěch
exp1618,k3_final_26,A2,vhodnost,1,3
exp1617,k3_final_26,A2,kvalita,1,Plná
exp1617,k3_final_26,A2,dopad,1,Dlouhodobý úspěch
exp1617,k3_final_26,A2,vhodnost,1,4
exp1616,k3_final_26,A2,kvalita,1,Plná
exp1616,k3_final_26,A2,dopad,1,Krátkodobý úspěch
exp1616,k3_final_26,A2,vhodnost,1,3
exp1614,k3_final_26,A2,kvalita,1,Plná
exp1614,k3_final_26,A2,dopad,1,Dlouhodobý úspěch
exp1614,k3_final_26,A2,vhodnost,1,3
exp1613,k3_final_26,A2,kvalita,1,Plná
exp1613,k3_final_26,A2,dopad,1,Krátkodobý úspěch
exp1613,k3_final_26,A2,vhodnost,1,3
exp1611,k3_final_26,A2,kvalita,1,Plná
exp1611,k3_final_26,A2,dopad,1,Dlouhodobý úspěch
exp1611,k3_final_26,A2,vhodnost,1,4
exp1610,k3_final_26,A2,kvalita,1,Plná
exp1610,k3_final_26,A2,dopad,1,Krátkodobý úspěch
exp1610,k3_final_26,A2,vhodnost,1,2
exp1608,k3_final_26,A2,kvalita,1,Plná
exp1608,k3_final_26,A2,dopad,1,Krátkodobý úspěch
exp1608,k3_final_26,A2,vhodnost,1,3
exp1607,k3_final_26,A2,kvalita,1,Plná
exp1607,k3_final_26,A2,dopad,1,Krátkodobý úspěch
exp1607,k3_final_26,A2,vhodnost,1,4
exp1606,k3_final_26,A2,kvalita,1,Plná
exp1606,k3_final_26,A2,dopad,1,Dlouhodobý úspěch
exp1606,k3_final_26,A2,vhodnost,1,4
exp1605,k3_final_26,A2,kvalita,1,Plná
exp1605,k3_final_26,A2,dopad,1,Dlouhodobý úspěch
exp1605,k3_final_26,A2,vhodnost,1,3
exp1602,k3_final_26,A2,kvalita,1,Plná
exp1602,k3_final_26,A2,dopad,1,Krátkodobý úspěch
exp1602,k3_final_26,A2,vhodnost,1,3
exp1601,k3_final_26,A2,kvalita,1,Plná
exp1601,k3_final_26,A2,dopad,1,Neúspěch
exp1601,k3_final_26,A2,vhodnost,1,3
exp1598,k3_final_26,A2,kvalita,1,Plná
exp1598,k3_final_26,A2,dopad,1,Krátkodobý úspěch
exp1598,k3_final_26,A2,vhodnost,1,2
exp1596,k3_final_26,A2,kvalita,1,Plná
exp1596,k3_final_26,A2,dopad,1,Krátkodobý úspěch
exp1596,k3_final_26,A2,vhodnost,1,3
exp1595,k3_final_26,A2,kvalita,1,Plná
exp1595,k3_final_26,A2,dopad,1,Neúspěch
exp1595,k3_final_26,A2,vhodnost,1,2
exp1594,k3_final_26,A2,kvalita,1,Plná
exp1594,k3_final_26,A2,dopad,1,Krátkodobý úspěch
exp1594,k3_final_26,A2,vhodnost,1,4
exp1593,k3_final_26,A2,kvalita,1,Plná
exp1593,k3_final_26,A2,dopad,1,Dlouhodobý úspěch
exp1593,k3_final_26,A2,vhodnost,1,4
exp1591,k3_final_26,A2,kvalita,1,Plná
exp1591,k3_final_26,A2,dopad,1,Krátkodobý úspěch
exp1591,k3_final_26,A2,vhodnost,1,3
exp1589,k3_final_26,A2,kvalita,1,Plná
exp1589,k3_final_26,A2,dopad,1,Dlouhodobý úspěch
exp1589,k3_final_26,A2,vhodnost,1,4
exp1588,k3_final_26,A2,kvalita,1,Plná
exp1588,k3_final_26,A2,dopad,1,Neúspěch
exp1588,k3_final_26,A2,vhodnost,1,3
exp1586,k3_final_26,A2,kvalita,1,Plná
exp1586,k3_final_26,A2,dopad,1,Krátkodobý úspěch
exp1586,k3_final_26,A2,vhodnost,1,3
exp1583,k3_final_26,A2,kvalita,1,Plná
exp1583,k3_final_26,A2,dopad,1,Neúspěch
exp1583,k3_final_26,A2,vhodnost,1,2
exp1577,k3_final_26,A2,kvalita,1,Plná
exp1577,k3_final_26,A2,dopad,1,Krátkodobý úspěch
exp1577,k3_final_26,A2,vhodnost,1,3
exp1576,k3_final_26,A2,kvalita,1,Plná
exp1576,k3_final_26,A2,dopad,1,Krátkodobý úspěch
exp1576,k3_final_26,A2,vhodnost,1,2
exp1574,k3_final_26,A2,kvalita,1,Plná
exp1574,k3_final_26,A2,dopad,1,Dlouhodobý úspěch
exp1574,k3_final_26,A2,vhodnost,1,2
exp1573,k3_final_26,A2,kvalita,1,Plná
exp1573,k3_final_26,A2,dopad,1,Krátkodobý úspěch
exp1573,k3_final_26,A2,vhodnost,1,3
exp1572,k3_final_26,A2,kvalita,1,Plná
exp1572,k3_final_26,A2,dopad,1,Neúspěch
exp1572,k3_final_26,A2,vhodnost,1,3
exp1571,k3_final_26,A2,kvalita,1,Plná
exp1571,k3_final_26,A2,dopad,1,Dlouhodobý úspěch
exp1571,k3_final_26,A2,vhodnost,1,4
exp1570,k3_final_26,A2,kvalita,1,Plná
exp1570,k3_final_26,A2,dopad,1,Dlouhodobý úspěch
exp1570,k3_final_26,A2,vhodnost,1,4
exp1569,k3_final_26,A2,kvalita,1,Plná
exp1569,k3_final_26,A2,dopad,1,Krátkodobý úspěch
exp1569,k3_final_26,A2,vhodnost,1,4
exp1568,k3_final_26,A2,kvalita,1,Plná
exp1568,k3_final_26,A2,dopad,1,Dlouhodobý úspěch
exp1568,k3_final_26,A2,vhodnost,1,3
exp1567,k3_final_26,A2,kvalita,1,Plná
exp1567,k3_final_26,A2,dopad,1,Dlouhodobý úspěch
exp1567,k3_final_26,A2,vhodnost,1,3
exp1565,k3_final_26,A2,kvalita,1,Plná
exp1565,k3_final_26,A2,dopad,1,Dlouhodobý úspěch
exp1565,k3_final_26,A2,vhodnost,1,4
exp1562,k3_final_26,A2,kvalita,1,Plná
exp1562,k3_final_26,A2,dopad,1,Dlouhodobý úspěch
exp1562,k3_final_26,A2,vhodnost,1,4
exp1561,k3_final_26,A2,kvalita,1,Plná
exp1561,k3_final_26,A2,dopad,1,Dlouhodobý úspěch
exp1561,k3_final_26,A2,vhodnost,1,3
exp1559,k3_final_26,A2,kvalita,1,Plná
exp1559,k3_final_26,A2,dopad,1,Dlouhodobý úspěch
exp1559,k3_final_26,A2,vhodnost,1,3
exp1557,k3_final_26,A2,kvalita,1,Plná
exp1557,k3_final_26,A2,dopad,1,Krátkodobý úspěch
exp1557,k3_final_26,A2,vhodnost,1,2
exp1556,k3_final_26,A2,kvalita,1,Plná
exp1556,k3_final_26,A2,dopad,1,Neúspěch
exp1556,k3_final_26,A2,vhodnost,1,2
exp1555,k3_final_26,A2,kvalita,1,Plná
exp1555,k3_final_26,A2,dopad,1,Dlouhodobý úspěch
exp1555,k3_final_26,A2,vhodnost,1,3
exp1554,k3_final_26,A2,kvalita,1,Plná
exp1554,k3_final_26,A2,dopad,1,Neúspěch
exp1554,k3_final_26,A2,vhodnost,1,3
exp1549,k3_final_26,A2,kvalita,1,Plná
exp1549,k3_final_26,A2,dopad,1,Dlouhodobý úspěch
exp1549,k3_final_26,A2,vhodnost,1,4
exp1547,k3_final_26,A2,kvalita,1,Plná
exp1547,k3_final_26,A2,dopad,1,Krátkodobý úspěch
exp1547,k3_final_26,A2,vhodnost,1,3
exp1544,k3_final_26,A2,kvalita,1,Plná
exp1544,k3_final_26,A2,dopad,1,Neúspěch
exp1544,k3_final_26,A2,vhodnost,1,4
exp1541,k3_final_26,A2,kvalita,1,Plná
exp1541,k3_final_26,A2,dopad,1,Dlouhodobý úspěch
exp1541,k3_final_26,A2,vhodnost,1,4
exp1537,k3_final_26,A2,kvalita,1,Plná
exp1537,k3_final_26,A2,dopad,1,Krátkodobý úspěch
exp1537,k3_final_26,A2,vhodnost,1,2
exp1536,k3_final_26,A2,kvalita,1,Plná
exp1536,k3_final_26,A2,dopad,1,Krátkodobý úspěch
exp1536,k3_final_26,A2,vhodnost,1,3
exp1532,k3_final_26,A2,kvalita,1,Plná
exp1532,k3_final_26,A2,dopad,1,Dlouhodobý úspěch
exp1532,k3_final_26,A2,vhodnost,1,4
exp1531,k3_final_26,A2,kvalita,1,Plná
exp1531,k3_final_26,A2,dopad,1,Neúspěch
exp1531,k3_final_26,A2,vhodnost,1,3
exp1530,k3_final_26,A2,kvalita,1,Plná
exp1530,k3_final_26,A2,dopad,1,Dlouhodobý úspěch
exp1530,k3_final_26,A2,vhodnost,1,3
exp1529,k3_final_26,A2,kvalita,1,Plná
exp1529,k3_final_26,A2,dopad,1,Krátkodobý úspěch
exp1529,k3_final_26,A2,vhodnost,1,4
exp1528,k3_final_26,A2,kvalita,1,Plná
exp1528,k3_final_26,A2,dopad,1,Dlouhodobý úspěch
exp1528,k3_final_26,A2,vhodnost,1,2
exp1526,k3_final_26,A2,kvalita,1,Plná
exp1526,k3_final_26,A2,dopad,1,Dlouhodobý úspěch
exp1526,k3_final_26,A2,vhodnost,1,3
exp1525,k3_final_26,A2,kvalita,1,Plná
exp1525,k3_final_26,A2,dopad,1,Dlouhodobý úspěch
exp1525,k3_final_26,A2,vhodnost,1,4
exp1523,k3_final_26,A2,kvalita,1,Plná
exp1523,k3_final_26,A2,dopad,1,Dlouhodobý úspěch
exp1523,k3_final_26,A2,vhodnost,1,4
exp2296,k3_final_26,A2,kvalita,1,Plná
exp2296,k3_final_26,A2,dopad,1,Krátkodobý úspěch
exp2296,k3_final_26,A2,vhodnost,1,4
exp2306,k3_final_26,A2,kvalita,1,Plochá
exp2347,k3_final_26,A2,kvalita,1,Plná
exp2347,k3_final_26,A2,dopad,1,Neúspěch
exp2347,k3_final_26,A2,vhodnost,1,2
exp2360,k3_final_26,A2,kvalita,1,Plochá
exp2375,k3_final_26,A2,kvalita,1,Plochá
exp2378,k3_final_26,A2,kvalita,1,Plná
exp2378,k3_final_26,A2,dopad,1,Krátkodobý úspěch
exp2378,k3_final_26,A2,vhodnost,1,3
exp2380,k3_final_26,A2,kvalita,1,Plochá
,k3_final_26,A2,kvalita,1,Plná
,k3_final_26,A2,dopad,1,Krátkodobý úspěch
,k3_final_26,A2,vhodnost,1,4
exp2421,k3_final_26,A2,kvalita,1,Plochá
exp2426,k3_final_26,A2,kvalita,1,Plochá
exp2431,k3_final_26,A2,kvalita,1,Plochá
exp2432,k3_final_26,A2,kvalita,1,Plná
exp2432,k3_final_26,A2,dopad,1,Neúspěch
exp2432,k3_final_26,A2,vhodnost,1,2
exp2435,k3_final_26,A2,kvalita,1,Plná
exp2435,k3_final_26,A2,dopad,1,Krátkodobý úspěch
exp2435,k3_final_26,A2,vhodnost,1,3
exp2448,k3_final_26,A2,kvalita,1,Plochá
exp2449,k3_final_26,A2,kvalita,1,Plochá
exp2462,k3_final_26,A2,kvalita,1,Plná
exp2462,k3_final_26,A2,dopad,1,Dlouhodobý úspěch
exp2462,k3_final_26,A2,vhodnost,1,4
exp2463,k3_final_26,A2,kvalita,1,Plná
exp2463,k3_final_26,A2,dopad,1,Krátkodobý úspěch
exp2463,k3_final_26,A2,vhodnost,1,4
exp2464,k3_final_26,A2,kvalita,1,Plná
exp2464,k3_final_26,A2,dopad,1,Krátkodobý úspěch
exp2464,k3_final_26,A2,vhodnost,1,4
exp2465,k3_final_26,A2,kvalita,1,Plná
exp2465,k3_final_26,A2,dopad,1,Dlouhodobý úspěch
exp2465,k3_final_26,A2,vhodnost,1,4
exp2471,k3_final_26,A2,kvalita,1,Plochá
exp2472,k3_final_26,A2,kvalita,1,Plná
exp2472,k3_final_26,A2,dopad,1,Neúspěch
exp2472,k3_final_26,A2,vhodnost,1,3
exp2475,k3_final_26,A2,kvalita,1,Plná
exp2475,k3_final_26,A2,dopad,1,Dlouhodobý úspěch
exp2475,k3_final_26,A2,vhodnost,1,4
exp2476,k3_final_26,A2,kvalita,1,Plná
exp2476,k3_final_26,A2,dopad,1,Krátkodobý úspěch
exp2476,k3_final_26,A2,vhodnost,1,3
exp2488,k3_final_26,A2,kvalita,1,Plná
exp2488,k3_final_26,A2,dopad,1,Krátkodobý úspěch
exp2488,k3_final_26,A2,vhodnost,1,4
exp2491,k3_final_26,A2,kvalita,1,Plná
exp2491,k3_final_26,A2,dopad,1,Dlouhodobý úspěch
exp2491,k3_final_26,A2,vhodnost,1,4
exp2492,k3_final_26,A2,kvalita,1,Plná
exp2492,k3_final_26,A2,dopad,1,Dlouhodobý úspěch
exp2492,k3_final_26,A2,vhodnost,1,4
exp2493,k3_final_26,A2,kvalita,1,Plná
exp2493,k3_final_26,A2,dopad,1,Dlouhodobý úspěch
exp2493,k3_final_26,A2,vhodnost,1,4
exp2495,k3_final_26,A2,kvalita,1,Plochá
exp2500,k3_final_26,A2,kvalita,1,Plná
exp2500,k3_final_26,A2,dopad,1,Krátkodobý úspěch
exp2500,k3_final_26,A2,vhodnost,1,3
exp2501,k3_final_26,A2,kvalita,1,Plná
exp2501,k3_final_26,A2,dopad,1,Dlouhodobý úspěch
exp2501,k3_final_26,A2,vhodnost,1,4
exp2510,k3_final_26,A2,kvalita,1,Plná
exp2510,k3_final_26,A2,dopad,1,Krátkodobý úspěch
exp2510,k3_final_26,A2,vhodnost,1,4
exp2511,k3_final_26,A2,kvalita,1,Plochá
exp2512,k3_final_26,A2,kvalita,1,Plná
exp2512,k3_final_26,A2,dopad,1,Krátkodobý úspěch
exp2512,k3_final_26,A2,vhodnost,1,4
exp2513,k3_final_26,A2,kvalita,1,Plná
exp2513,k3_final_26,A2,dopad,1,Krátkodobý úspěch
exp2513,k3_final_26,A2,vhodnost,1,3
exp2519,k3_final_26,A2,kvalita,1,Plochá
exp2522,k3_final_26,A2,kvalita,1,Plná
exp2522,k3_final_26,A2,dopad,1,Krátkodobý úspěch
exp2522,k3_final_26,A2,vhodnost,1,2
exp2523,k3_final_26,A2,kvalita,1,Plná
exp2523,k3_final_26,A2,dopad,1,Krátkodobý úspěch
exp2523,k3_final_26,A2,vhodnost,1,4
exp2524,k3_final_26,A2,kvalita,1,Plochá
exp2528,k3_final_26,A2,kvalita,1,Plná
exp2528,k3_final_26,A2,dopad,1,Dlouhodobý úspěch
exp2528,k3_final_26,A2,vhodnost,1,4
exp2529,k3_final_26,A2,kvalita,1,Plochá
exp2530,k3_final_26,A2,kvalita,1,Plochá
exp2531,k3_final_26,A2,kvalita,1,Plná
exp2531,k3_final_26,A2,dopad,1,Neúspěch
exp2531,k3_final_26,A2,vhodnost,1,3
exp2532,k3_final_26,A2,kvalita,1,Plná
exp2532,k3_final_26,A2,dopad,1,Dlouhodobý úspěch
exp2532,k3_final_26,A2,vhodnost,1,4
exp2533,k3_final_26,A2,kvalita,1,Plná
exp2533,k3_final_26,A2,dopad,1,Dlouhodobý úspěch
exp2533,k3_final_26,A2,vhodnost,1,4
exp2534,k3_final_26,A2,kvalita,1,Plná
exp2534,k3_final_26,A2,dopad,1,Dlouhodobý úspěch
exp2534,k3_final_26,A2,vhodnost,1,3
exp2535,k3_final_26,A2,kvalita,1,Plná
exp2535,k3_final_26,A2,dopad,1,Dlouhodobý úspěch
exp2535,k3_final_26,A2,vhodnost,1,4
exp2536,k3_final_26,A2,kvalita,1,Plochá
exp2537,k3_final_26,A2,kvalita,1,Plná
exp2537,k3_final_26,A2,dopad,1,Dlouhodobý úspěch
exp2537,k3_final_26,A2,vhodnost,1,4
exp2538,k3_final_26,A2,kvalita,1,Plná
exp2538,k3_final_26,A2,dopad,1,Krátkodobý úspěch
exp2538,k3_final_26,A2,vhodnost,1,4
exp2539,k3_final_26,A2,kvalita,1,Plná
exp2539,k3_final_26,A2,dopad,1,Dlouhodobý úspěch
exp2539,k3_final_26,A2,vhodnost,1,4
exp2540,k3_final_26,A2,kvalita,1,Plná
exp2540,k3_final_26,A2,dopad,1,Krátkodobý úspěch
exp2540,k3_final_26,A2,vhodnost,1,3
exp2541,k3_final_26,A2,kvalita,1,Plná
exp2541,k3_final_26,A2,dopad,1,Dlouhodobý úspěch
exp2541,k3_final_26,A2,vhodnost,1,2
exp2542,k3_final_26,A2,kvalita,1,Plná
exp2542,k3_final_26,A2,dopad,1,Krátkodobý úspěch
exp2542,k3_final_26,A2,vhodnost,1,4
exp2543,k3_final_26,A2,kvalita,1,Plná
exp2543,k3_final_26,A2,dopad,1,Neúspěch
exp2543,k3_final_26,A2,vhodnost,1,4
exp2544,k3_final_26,A2,kvalita,1,Plná
exp2544,k3_final_26,A2,dopad,1,Krátkodobý úspěch
exp2544,k3_final_26,A2,vhodnost,1,2
exp2545,k3_final_26,A2,kvalita,1,Plná
exp2545,k3_final_26,A2,dopad,1,Dlouhodobý úspěch
exp2545,k3_final_26,A2,vhodnost,1,4
exp2546,k3_final_26,A2,kvalita,1,Plná
exp2546,k3_final_26,A2,dopad,1,Neúspěch
exp2546,k3_final_26,A2,vhodnost,1,2
exp2547,k3_final_26,A2,kvalita,1,Plná
exp2547,k3_final_26,A2,dopad,1,Neúspěch
exp2547,k3_final_26,A2,vhodnost,1,2
exp2548,k3_final_26,A2,kvalita,1,Plná
exp2548,k3_final_26,A2,dopad,1,Krátkodobý úspěch
exp2548,k3_final_26,A2,vhodnost,1,4
exp2549,k3_final_26,A2,kvalita,1,Plná
exp2549,k3_final_26,A2,dopad,1,Dlouhodobý úspěch
exp2549,k3_final_26,A2,vhodnost,1,4
exp2550,k3_final_26,A2,kvalita,1,Plná
exp2550,k3_final_26,A2,dopad,1,Dlouhodobý úspěch
exp2550,k3_final_26,A2,vhodnost,1,2
exp2551,k3_final_26,A2,kvalita,1,Plná
exp2551,k3_final_26,A2,dopad,1,Dlouhodobý úspěch
exp2551,k3_final_26,A2,vhodnost,1,4
exp2552,k3_final_26,A2,kvalita,1,Plná
exp2552,k3_final_26,A2,dopad,1,Krátkodobý úspěch
exp2552,k3_final_26,A2,vhodnost,1,3
exp2553,k3_final_26,A2,kvalita,1,Plná
exp2553,k3_final_26,A2,dopad,1,Dlouhodobý úspěch
exp2553,k3_final_26,A2,vhodnost,1,4
exp2554,k3_final_26,A2,kvalita,1,Plná
exp2554,k3_final_26,A2,dopad,1,Dlouhodobý úspěch
exp2554,k3_final_26,A2,vhodnost,1,4
exp2555,k3_final_26,A2,kvalita,1,Plná
exp2555,k3_final_26,A2,dopad,1,Dlouhodobý úspěch
exp2555,k3_final_26,A2,vhodnost,1,4
exp2556,k3_final_26,A2,kvalita,1,Plná
exp2556,k3_final_26,A2,dopad,1,Neúspěch
exp2556,k3_final_26,A2,vhodnost,1,3
exp2557,k3_final_26,A2,kvalita,1,Plná
exp2557,k3_final_26,A2,dopad,1,Neúspěch
exp2557,k3_final_26,A2,vhodnost,1,3
exp2558,k3_final_26,A2,kvalita,1,Plná
exp2558,k3_final_26,A2,dopad,1,Krátkodobý úspěch
exp2558,k3_final_26,A2,vhodnost,1,3
exp2559,k3_final_26,A2,kvalita,1,Plná
exp2559,k3_final_26,A2,dopad,1,Krátkodobý úspěch
exp2559,k3_final_26,A2,vhodnost,1,3
exp2560,k3_final_26,A2,kvalita,1,Plná
exp2560,k3_final_26,A2,dopad,1,Dlouhodobý úspěch
exp2560,k3_final_26,A2,vhodnost,1,3
exp2561,k3_final_26,A2,kvalita,1,Plná
exp2561,k3_final_26,A2,dopad,1,Neúspěch
exp2561,k3_final_26,A2,vhodnost,1,2
exp2562,k3_final_26,A2,kvalita,1,Plná
exp2562,k3_final_26,A2,dopad,1,Dlouhodobý úspěch
exp2562,k3_final_26,A2,vhodnost,1,4
exp2563,k3_final_26,A2,kvalita,1,Plná
exp2563,k3_final_26,A2,dopad,1,Dlouhodobý úspěch
exp2563,k3_final_26,A2,vhodnost,1,4
exp2564,k3_final_26,A2,kvalita,1,Plná
exp2564,k3_final_26,A2,dopad,1,Krátkodobý úspěch
exp2564,k3_final_26,A2,vhodnost,1,4
exp2565,k3_final_26,A2,kvalita,1,Plná
exp2565,k3_final_26,A2,dopad,1,Dlouhodobý úspěch
exp2565,k3_final_26,A2,vhodnost,1,3
exp2566,k3_final_26,A2,kvalita,1,Plná
exp2566,k3_final_26,A2,dopad,1,Dlouhodobý úspěch
exp2566,k3_final_26,A2,vhodnost,1,4
exp2567,k3_final_26,A2,kvalita,1,Plná
exp2567,k3_final_26,A2,dopad,1,Krátkodobý úspěch
exp2567,k3_final_26,A2,vhodnost,1,4
exp2568,k3_final_26,A2,kvalita,1,Plná
exp2568,k3_final_26,A2,dopad,1,Krátkodobý úspěch
exp2568,k3_final_26,A2,vhodnost,1,3
exp2569,k3_final_26,A2,kvalita,1,Plná
exp2569,k3_final_26,A2,dopad,1,Dlouhodobý úspěch
exp2569,k3_final_26,A2,vhodnost,1,3
exp2570,k3_final_26,A2,kvalita,1,Plná
exp2570,k3_final_26,A2,dopad,1,Dlouhodobý úspěch
exp2570,k3_final_26,A2,vhodnost,1,4
exp2571,k3_final_26,A2,kvalita,1,Plná
exp2571,k3_final_26,A2,dopad,1,Neúspěch
exp2571,k3_final_26,A2,vhodnost,1,4
exp2572,k3_final_26,A2,kvalita,1,Plná
exp2572,k3_final_26,A2,dopad,1,Krátkodobý úspěch
exp2572,k3_final_26,A2,vhodnost,1,4
exp2573,k3_final_26,A2,kvalita,1,Plná
exp2573,k3_final_26,A2,dopad,1,Krátkodobý úspěch
exp2573,k3_final_26,A2,vhodnost,1,3
exp2574,k3_final_26,A2,kvalita,1,Plná
exp2574,k3_final_26,A2,dopad,1,Krátkodobý úspěch
exp2574,k3_final_26,A2,vhodnost,1,3
exp2575,k3_final_26,A2,kvalita,1,Plná
exp2575,k3_final_26,A2,dopad,1,Dlouhodobý úspěch
exp2575,k3_final_26,A2,vhodnost,1,4
exp2576,k3_final_26,A2,kvalita,1,Plná
exp2576,k3_final_26,A2,dopad,1,Krátkodobý úspěch
exp2576,k3_final_26,A2,vhodnost,1,3
exp2577,k3_final_26,A2,kvalita,1,Plná
exp2577,k3_final_26,A2,dopad,1,Krátkodobý úspěch
exp2577,k3_final_26,A2,vhodnost,1,3
exp2578,k3_final_26,A2,kvalita,1,Plná
exp2578,k3_final_26,A2,dopad,1,Dlouhodobý úspěch
exp2578,k3_final_26,A2,vhodnost,1,4
exp2579,k3_final_26,A2,kvalita,1,Plná
exp2579,k3_final_26,A2,dopad,1,Neúspěch
exp2579,k3_final_26,A2,vhodnost,1,3
exp2580,k3_final_26,A2,kvalita,1,Plná
exp2580,k3_final_26,A2,dopad,1,Dlouhodobý úspěch
exp2580,k3_final_26,A2,vhodnost,1,3
exp2581,k3_final_26,A2,kvalita,1,Plná
exp2581,k3_final_26,A2,dopad,1,Krátkodobý úspěch
exp2581,k3_final_26,A2,vhodnost,1,3
exp2582,k3_final_26,A2,kvalita,1,Plná
exp2582,k3_final_26,A2,dopad,1,Dlouhodobý úspěch
exp2582,k3_final_26,A2,vhodnost,1,4
exp2583,k3_final_26,A2,kvalita,1,Plná
exp2583,k3_final_26,A2,dopad,1,Dlouhodobý úspěch
exp2583,k3_final_26,A2,vhodnost,1,4
exp2584,k3_final_26,A2,kvalita,1,Plná
exp2584,k3_final_26,A2,dopad,1,Dlouhodobý úspěch
exp2584,k3_final_26,A2,vhodnost,1,3
exp2585,k3_final_26,A2,kvalita,1,Plná
exp2585,k3_final_26,A2,dopad,1,Krátkodobý úspěch
exp2585,k3_final_26,A2,vhodnost,1,4
exp2586,k3_final_26,A2,kvalita,1,Plná
exp2586,k3_final_26,A2,dopad,1,Krátkodobý úspěch
exp2586,k3_final_26,A2,vhodnost,1,3
exp2587,k3_final_26,A2,kvalita,1,Plná
exp2587,k3_final_26,A2,dopad,1,Dlouhodobý úspěch
exp2587,k3_final_26,A2,vhodnost,1,4
exp2588,k3_final_26,A2,kvalita,1,Plná
exp2588,k3_final_26,A2,dopad,1,Dlouhodobý úspěch
exp2588,k3_final_26,A2,vhodnost,1,4
exp2589,k3_final_26,A2,kvalita,1,Plná
exp2589,k3_final_26,A2,dopad,1,Dlouhodobý úspěch
exp2589,k3_final_26,A2,vhodnost,1,4
exp2590,k3_final_26,A2,kvalita,1,Plná
exp2590,k3_final_26,A2,dopad,1,Dlouhodobý úspěch
exp2590,k3_final_26,A2,vhodnost,1,4
exp2592,k3_final_26,A2,kvalita,1,Plná
exp2592,k3_final_26,A2,dopad,1,Dlouhodobý úspěch
exp2592,k3_final_26,A2,vhodnost,1,3
exp2593,k3_final_26,A2,kvalita,1,Plná
exp2593,k3_final_26,A2,dopad,1,Dlouhodobý úspěch
exp2593,k3_final_26,A2,vhodnost,1,4
exp2594,k3_final_26,A2,kvalita,1,Plná
exp2594,k3_final_26,A2,dopad,1,Krátkodobý úspěch
exp2594,k3_final_26,A2,vhodnost,1,3
exp2595,k3_final_26,A2,kvalita,1,Plná
exp2595,k3_final_26,A2,dopad,1,Krátkodobý úspěch
exp2595,k3_final_26,A2,vhodnost,1,3
exp2596,k3_final_26,A2,kvalita,1,Plná
exp2596,k3_final_26,A2,dopad,1,Dlouhodobý úspěch
exp2596,k3_final_26,A2,vhodnost,1,4
exp2597,k3_final_26,A2,kvalita,1,Plná
exp2597,k3_final_26,A2,dopad,1,Dlouhodobý úspěch
exp2597,k3_final_26,A2,vhodnost,1,3
exp2598,k3_final_26,A2,kvalita,1,Plná
exp2598,k3_final_26,A2,dopad,1,Dlouhodobý úspěch
exp2598,k3_final_26,A2,vhodnost,1,4
exp2599,k3_final_26,A2,kvalita,1,Plná
exp2599,k3_final_26,A2,dopad,1,Krátkodobý úspěch
exp2599,k3_final_26,A2,vhodnost,1,2
exp2600,k3_final_26,A2,kvalita,1,Plná
exp2600,k3_final_26,A2,dopad,1,Dlouhodobý úspěch
exp2600,k3_final_26,A2,vhodnost,1,4
exp2601,k3_final_26,A2,kvalita,1,Plná
exp2601,k3_final_26,A2,dopad,1,Neúspěch
exp2601,k3_final_26,A2,vhodnost,1,4
exp2602,k3_final_26,A2,kvalita,1,Plná
exp2602,k3_final_26,A2,dopad,1,Dlouhodobý úspěch
exp2602,k3_final_26,A2,vhodnost,1,4
exp2603,k3_final_26,A2,kvalita,1,Plná
exp2603,k3_final_26,A2,dopad,1,Krátkodobý úspěch
exp2603,k3_final_26,A2,vhodnost,1,2
exp2604,k3_final_26,A2,kvalita,1,Plná
exp2604,k3_final_26,A2,dopad,1,Dlouhodobý úspěch
exp2604,k3_final_26,A2,vhodnost,1,4
exp2605,k3_final_26,A2,kvalita,1,Plná
exp2605,k3_final_26,A2,dopad,1,Dlouhodobý úspěch
exp2605,k3_final_26,A2,vhodnost,1,1
exp2606,k3_final_26,A2,kvalita,1,Plná
exp2606,k3_final_26,A2,dopad,1,Krátkodobý úspěch
exp2606,k3_final_26,A2,vhodnost,1,2
exp2607,k3_final_26,A2,kvalita,1,Plná
exp2607,k3_final_26,A2,dopad,1,Krátkodobý úspěch
exp2607,k3_final_26,A2,vhodnost,1,4
exp2608,k3_final_26,A2,kvalita,1,Plná
exp2608,k3_final_26,A2,dopad,1,Dlouhodobý úspěch
exp2608,k3_final_26,A2,vhodnost,1,4
exp2609,k3_final_26,A2,kvalita,1,Plná
exp2609,k3_final_26,A2,dopad,1,Krátkodobý úspěch
exp2609,k3_final_26,A2,vhodnost,1,3
exp2610,k3_final_26,A2,kvalita,1,Plná
exp2610,k3_final_26,A2,dopad,1,Krátkodobý úspěch
exp2610,k3_final_26,A2,vhodnost,1,3
exp2611,k3_final_26,A2,kvalita,1,Plná
exp2611,k3_final_26,A2,dopad,1,Dlouhodobý úspěch
exp2611,k3_final_26,A2,vhodnost,1,4
exp2612,k3_final_26,A2,kvalita,1,Plná
exp2612,k3_final_26,A2,dopad,1,Dlouhodobý úspěch
exp2612,k3_final_26,A2,vhodnost,1,3
exp2613,k3_final_26,A2,kvalita,1,Plná
exp2613,k3_final_26,A2,dopad,1,Dlouhodobý úspěch
exp2613,k3_final_26,A2,vhodnost,1,3
exp2614,k3_final_26,A2,kvalita,1,Plná
exp2614,k3_final_26,A2,dopad,1,Krátkodobý úspěch
exp2614,k3_final_26,A2,vhodnost,1,3
exp2615,k3_final_26,A2,kvalita,1,Plná
exp2615,k3_final_26,A2,dopad,1,Neúspěch
exp2615,k3_final_26,A2,vhodnost,1,3
exp2616,k3_final_26,A2,kvalita,1,Plná
exp2616,k3_final_26,A2,dopad,1,Neúspěch
exp2616,k3_final_26,A2,vhodnost,1,2
exp2617,k3_final_26,A2,kvalita,1,Plná
exp2617,k3_final_26,A2,dopad,1,Neúspěch
exp2617,k3_final_26,A2,vhodnost,1,3
exp2618,k3_final_26,A2,kvalita,1,Plná
exp2618,k3_final_26,A2,dopad,1,Krátkodobý úspěch
exp2618,k3_final_26,A2,vhodnost,1,3
exp2619,k3_final_26,A2,kvalita,1,Plná
exp2619,k3_final_26,A2,dopad,1,Dlouhodobý úspěch
exp2619,k3_final_26,A2,vhodnost,1,4
exp2620,k3_final_26,A2,kvalita,1,Plná
exp2620,k3_final_26,A2,dopad,1,Neúspěch
exp2620,k3_final_26,A2,vhodnost,1,2
exp2621,k3_final_26,A2,kvalita,1,Plná
exp2621,k3_final_26,A2,dopad,1,Krátkodobý úspěch
exp2621,k3_final_26,A2,vhodnost,1,4
exp2622,k3_final_26,A2,kvalita,1,Plná
exp2622,k3_final_26,A2,dopad,1,Krátkodobý úspěch
exp2622,k3_final_26,A2,vhodnost,1,2
exp2623,k3_final_26,A2,kvalita,1,Plná
exp2623,k3_final_26,A2,dopad,1,Neúspěch
exp2623,k3_final_26,A2,vhodnost,1,3
exp2624,k3_final_26,A2,kvalita,1,Plná
exp2624,k3_final_26,A2,dopad,1,Dlouhodobý úspěch
exp2624,k3_final_26,A2,vhodnost,1,4
exp2625,k3_final_26,A2,kvalita,1,Plná
exp2625,k3_final_26,A2,dopad,1,Neúspěch
exp2625,k3_final_26,A2,vhodnost,1,2
exp2626,k3_final_26,A2,kvalita,1,Plná
exp2626,k3_final_26,A2,dopad,1,Neúspěch
exp2626,k3_final_26,A2,vhodnost,1,2
exp2627,k3_final_26,A2,kvalita,1,Plná
exp2627,k3_final_26,A2,dopad,1,Krátkodobý úspěch
exp2627,k3_final_26,A2,vhodnost,1,2
exp2628,k3_final_26,A2,kvalita,1,Plná
exp2628,k3_final_26,A2,dopad,1,Dlouhodobý úspěch
exp2628,k3_final_26,A2,vhodnost,1,3
exp2629,k3_final_26,A2,kvalita,1,Plná
exp2629,k3_final_26,A2,dopad,1,Krátkodobý úspěch
exp2629,k3_final_26,A2,vhodnost,1,3
exp2630,k3_final_26,A2,kvalita,1,Plná
exp2630,k3_final_26,A2,dopad,1,Dlouhodobý úspěch
exp2630,k3_final_26,A2,vhodnost,1,4
exp2631,k3_final_26,A2,kvalita,1,Plná
exp2631,k3_final_26,A2,dopad,1,Krátkodobý úspěch
exp2631,k3_final_26,A2,vhodnost,1,2
exp2632,k3_final_26,A2,kvalita,1,Plná
exp2632,k3_final_26,A2,dopad,1,Krátkodobý úspěch
exp2632,k3_final_26,A2,vhodnost,1,3
exp2633,k3_final_26,A2,kvalita,1,Plná
exp2633,k3_final_26,A2,dopad,1,Krátkodobý úspěch
exp2633,k3_final_26,A2,vhodnost,1,2
exp2634,k3_final_26,A2,kvalita,1,Plná
exp2634,k3_final_26,A2,dopad,1,Krátkodobý úspěch
exp2634,k3_final_26,A2,vhodnost,1,3
exp2635,k3_final_26,A2,kvalita,1,Plná
exp2635,k3_final_26,A2,dopad,1,Neúspěch
exp2635,k3_final_26,A2,vhodnost,1,2
exp2636,k3_final_26,A2,kvalita,1,Plochá
exp2636,k3_final_26,A2,dopad,1,Krátkodobý úspěch
exp2636,k3_final_26,A2,vhodnost,1,2
exp2637,k3_final_26,A2,kvalita,1,Plná
exp2637,k3_final_26,A2,dopad,1,Dlouhodobý úspěch
exp2637,k3_final_26,A2,vhodnost,1,4
exp2639,k3_final_26,A2,kvalita,1,Plná
exp2639,k3_final_26,A2,dopad,1,Krátkodobý úspěch
exp2639,k3_final_26,A2,vhodnost,1,3
exp2640,k3_final_26,A2,kvalita,1,Plná
exp2640,k3_final_26,A2,dopad,1,Krátkodobý úspěch
exp2640,k3_final_26,A2,vhodnost,1,3
exp2641,k3_final_26,A2,kvalita,1,Plná
exp2641,k3_final_26,A2,dopad,1,Krátkodobý úspěch
exp2641,k3_final_26,A2,vhodnost,1,3
exp2642,k3_final_26,A2,kvalita,1,Plná
exp2642,k3_final_26,A2,dopad,1,Dlouhodobý úspěch
exp2642,k3_final_26,A2,vhodnost,1,3
exp2643,k3_final_26,A2,kvalita,1,Plná
exp2643,k3_final_26,A2,dopad,1,Dlouhodobý úspěch
exp2643,k3_final_26,A2,vhodnost,1,3
exp2644,k3_final_26,A2,kvalita,1,Plná
exp2644,k3_final_26,A2,dopad,1,Dlouhodobý úspěch
exp2644,k3_final_26,A2,vhodnost,1,4
exp2645,k3_final_26,A2,kvalita,1,Plná
exp2645,k3_final_26,A2,dopad,1,Dlouhodobý úspěch
exp2645,k3_final_26,A2,vhodnost,1,4
exp2646,k3_final_26,A2,kvalita,1,Plná
exp2646,k3_final_26,A2,dopad,1,Krátkodobý úspěch
exp2646,k3_final_26,A2,vhodnost,1,4
exp2647,k3_final_26,A2,kvalita,1,Plná
exp2647,k3_final_26,A2,dopad,1,Krátkodobý úspěch
exp2647,k3_final_26,A2,vhodnost,1,3
exp2648,k3_final_26,A2,kvalita,1,Plná
exp2648,k3_final_26,A2,dopad,1,Krátkodobý úspěch
exp2648,k3_final_26,A2,vhodnost,1,3
exp2649,k3_final_26,A2,kvalita,1,Plochá
exp2650,k3_final_26,A2,kvalita,1,Plná
exp2650,k3_final_26,A2,dopad,1,Dlouhodobý úspěch
exp2650,k3_final_26,A2,vhodnost,1,4
exp2651,k3_final_26,A2,kvalita,1,Plná
exp2651,k3_final_26,A2,dopad,1,Dlouhodobý úspěch
exp2651,k3_final_26,A2,vhodnost,1,4
exp2652,k3_final_26,A2,kvalita,1,Plná
exp2652,k3_final_26,A2,dopad,1,Dlouhodobý úspěch
exp2652,k3_final_26,A2,vhodnost,1,3
exp2653,k3_final_26,A2,kvalita,1,Plná
exp2653,k3_final_26,A2,dopad,1,Krátkodobý úspěch
exp2653,k3_final_26,A2,vhodnost,1,3
exp2654,k3_final_26,A2,kvalita,1,Plná
exp2654,k3_final_26,A2,dopad,1,Dlouhodobý úspěch
exp2654,k3_final_26,A2,vhodnost,1,4
exp2655,k3_final_26,A2,kvalita,1,Plná
exp2655,k3_final_26,A2,dopad,1,Dlouhodobý úspěch
exp2655,k3_final_26,A2,vhodnost,1,3
exp2656,k3_final_26,A2,kvalita,1,Plná
exp2656,k3_final_26,A2,dopad,1,Krátkodobý úspěch
exp2656,k3_final_26,A2,vhodnost,1,3
exp2657,k3_final_26,A2,kvalita,1,Plná
exp2657,k3_final_26,A2,dopad,1,Krátkodobý úspěch
exp2657,k3_final_26,A2,vhodnost,1,4
exp2658,k3_final_26,A2,kvalita,1,Plná
exp2658,k3_final_26,A2,dopad,1,Krátkodobý úspěch
exp2658,k3_final_26,A2,vhodnost,1,2
exp2659,k3_final_26,A2,kvalita,1,Plná
exp2659,k3_final_26,A2,dopad,1,Dlouhodobý úspěch
exp2659,k3_final_26,A2,vhodnost,1,3
exp2661,k3_final_26,A2,kvalita,1,Plná
exp2661,k3_final_26,A2,dopad,1,Neúspěch
exp2661,k3_final_26,A2,vhodnost,1,4
exp2662,k3_final_26,A2,kvalita,1,Plná
exp2662,k3_final_26,A2,dopad,1,Dlouhodobý úspěch
exp2662,k3_final_26,A2,vhodnost,1,4
exp2663,k3_final_26,A2,kvalita,1,Plná
exp2663,k3_final_26,A2,dopad,1,Neúspěch
exp2663,k3_final_26,A2,vhodnost,1,2
exp2664,k3_final_26,A2,kvalita,1,Plná
exp2664,k3_final_26,A2,dopad,1,Dlouhodobý úspěch
exp2664,k3_final_26,A2,vhodnost,1,3
exp2665,k3_final_26,A2,kvalita,1,Plná
exp2665,k3_final_26,A2,dopad,1,Dlouhodobý úspěch
exp2665,k3_final_26,A2,vhodnost,1,4
exp2666,k3_final_26,A2,kvalita,1,Plná
exp2666,k3_final_26,A2,dopad,1,Dlouhodobý úspěch
exp2666,k3_final_26,A2,vhodnost,1,3
exp2667,k3_final_26,A2,kvalita,1,Plná
exp2667,k3_final_26,A2,dopad,1,Dlouhodobý úspěch
exp2667,k3_final_26,A2,vhodnost,1,4
exp2668,k3_final_26,A2,kvalita,1,Plná
exp2668,k3_final_26,A2,dopad,1,Krátkodobý úspěch
exp2668,k3_final_26,A2,vhodnost,1,3
exp2669,k3_final_26,A2,kvalita,1,Plná
exp2669,k3_final_26,A2,dopad,1,Krátkodobý úspěch
exp2669,k3_final_26,A2,vhodnost,1,3
exp2670,k3_final_26,A2,kvalita,1,Plná
exp2670,k3_final_26,A2,dopad,1,Krátkodobý úspěch
exp2670,k3_final_26,A2,vhodnost,1,3
exp2671,k3_final_26,A2,kvalita,1,Plná
exp2671,k3_final_26,A2,dopad,1,Dlouhodobý úspěch
exp2671,k3_final_26,A2,vhodnost,1,3
exp2672,k3_final_26,A2,kvalita,1,Plná
exp2672,k3_final_26,A2,dopad,1,Dlouhodobý úspěch
exp2672,k3_final_26,A2,vhodnost,1,4
exp2673,k3_final_26,A2,kvalita,1,Plná
exp2673,k3_final_26,A2,dopad,1,Dlouhodobý úspěch
exp2673,k3_final_26,A2,vhodnost,1,4
exp2674,k3_final_26,A2,kvalita,1,Plná
exp2674,k3_final_26,A2,dopad,1,Dlouhodobý úspěch
exp2674,k3_final_26,A2,vhodnost,1,4
exp2675,k3_final_26,A2,kvalita,1,Plná
exp2675,k3_final_26,A2,dopad,1,Dlouhodobý úspěch
exp2675,k3_final_26,A2,vhodnost,1,3
exp2676,k3_final_26,A2,kvalita,1,Plná
exp2676,k3_final_26,A2,dopad,1,Krátkodobý úspěch
exp2676,k3_final_26,A2,vhodnost,1,3
exp2677,k3_final_26,A2,kvalita,1,Plná
exp2677,k3_final_26,A2,dopad,1,Krátkodobý úspěch
exp2677,k3_final_26,A2,vhodnost,1,3
exp2678,k3_final_26,A2,kvalita,1,Plná
exp2678,k3_final_26,A2,dopad,1,Dlouhodobý úspěch
exp2678,k3_final_26,A2,vhodnost,1,4
exp2679,k3_final_26,A2,kvalita,1,Plochá
exp2679,k3_final_26,A2,dopad,1,Neúspěch
exp2679,k3_final_26,A2,vhodnost,1,1
exp2680,k3_final_26,A2,kvalita,1,Plná
exp2680,k3_final_26,A2,dopad,1,Krátkodobý úspěch
exp2680,k3_final_26,A2,vhodnost,1,3
exp2681,k3_final_26,A2,kvalita,1,Plná
exp2681,k3_final_26,A2,dopad,1,Krátkodobý úspěch
exp2681,k3_final_26,A2,vhodnost,1,3
exp2682,k3_final_26,A2,kvalita,1,Plná
exp2682,k3_final_26,A2,dopad,1,Dlouhodobý úspěch
exp2682,k3_final_26,A2,vhodnost,1,3
exp2683,k3_final_26,A2,kvalita,1,Plná
exp2683,k3_final_26,A2,dopad,1,Dlouhodobý úspěch
exp2683,k3_final_26,A2,vhodnost,1,4
exp2684,k3_final_26,A2,kvalita,1,Plná
exp2684,k3_final_26,A2,dopad,1,Dlouhodobý úspěch
exp2684,k3_final_26,A2,vhodnost,1,4
exp2685,k3_final_26,A2,kvalita,1,Plochá
exp2685,k3_final_26,A2,dopad,1,Dlouhodobý úspěch
exp2685,k3_final_26,A2,vhodnost,1,3
exp2686,k3_final_26,A2,kvalita,1,Plná
exp2686,k3_final_26,A2,dopad,1,Dlouhodobý úspěch
exp2686,k3_final_26,A2,vhodnost,1,4
exp2687,k3_final_26,A2,kvalita,1,Plochá
exp2687,k3_final_26,A2,dopad,1,Neúspěch
exp2687,k3_final_26,A2,vhodnost,1,3
exp2688,k3_final_26,A2,kvalita,1,Plná
exp2688,k3_final_26,A2,dopad,1,Krátkodobý úspěch
exp2688,k3_final_26,A2,vhodnost,1,4
exp2689,k3_final_26,A2,kvalita,1,Plná
exp2689,k3_final_26,A2,dopad,1,Krátkodobý úspěch
exp2689,k3_final_26,A2,vhodnost,1,4
exp2690,k3_final_26,A2,kvalita,1,Plná
exp2690,k3_final_26,A2,dopad,1,Krátkodobý úspěch
exp2690,k3_final_26,A2,vhodnost,1,4
exp2691,k3_final_26,A2,kvalita,1,Plná
exp2691,k3_final_26,A2,dopad,1,Dlouhodobý úspěch
exp2691,k3_final_26,A2,vhodnost,1,4
exp2692,k3_final_26,A2,kvalita,1,Plná
exp2692,k3_final_26,A2,dopad,1,Krátkodobý úspěch
exp2692,k3_final_26,A2,vhodnost,1,3
exp2693,k3_final_26,A2,kvalita,1,Plná
exp2693,k3_final_26,A2,dopad,1,Krátkodobý úspěch
exp2693,k3_final_26,A2,vhodnost,1,3
exp2694,k3_final_26,A2,kvalita,1,Plná
exp2694,k3_final_26,A2,dopad,1,Krátkodobý úspěch
exp2694,k3_final_26,A2,vhodnost,1,3
exp2695,k3_final_26,A2,kvalita,1,Plná
exp2695,k3_final_26,A2,dopad,1,Krátkodobý úspěch
exp2695,k3_final_26,A2,vhodnost,1,3
exp2696,k3_final_26,A2,kvalita,1,Plná
exp2696,k3_final_26,A2,dopad,1,Dlouhodobý úspěch
exp2696,k3_final_26,A2,vhodnost,1,4
exp2697,k3_final_26,A2,kvalita,1,Plná
exp2697,k3_final_26,A2,dopad,1,Krátkodobý úspěch
exp2697,k3_final_26,A2,vhodnost,1,3
exp2698,k3_final_26,A2,kvalita,1,Plná
exp2698,k3_final_26,A2,dopad,1,Neúspěch
exp2698,k3_final_26,A2,vhodnost,1,4
exp2699,k3_final_26,A2,kvalita,1,Plná
exp2699,k3_final_26,A2,dopad,1,Dlouhodobý úspěch
exp2699,k3_final_26,A2,vhodnost,1,4
exp2700,k3_final_26,A2,kvalita,1,Plná
exp2700,k3_final_26,A2,dopad,1,Neúspěch
exp2700,k3_final_26,A2,vhodnost,1,4
exp2701,k3_final_26,A2,kvalita,1,Plná
exp2701,k3_final_26,A2,dopad,1,Dlouhodobý úspěch
exp2701,k3_final_26,A2,vhodnost,1,4
exp2702,k3_final_26,A2,kvalita,1,Plná
exp2702,k3_final_26,A2,dopad,1,Dlouhodobý úspěch
exp2702,k3_final_26,A2,vhodnost,1,4
exp2703,k3_final_26,A2,kvalita,1,Plná
exp2703,k3_final_26,A2,dopad,1,Dlouhodobý úspěch
exp2703,k3_final_26,A2,vhodnost,1,4
exp2704,k3_final_26,A2,kvalita,1,Plná
exp2704,k3_final_26,A2,dopad,1,Dlouhodobý úspěch
exp2704,k3_final_26,A2,vhodnost,1,3
exp2705,k3_final_26,A2,kvalita,1,Plochá
exp2705,k3_final_26,A2,dopad,1,Neúspěch
exp2705,k3_final_26,A2,vhodnost,1,1
exp2706,k3_final_26,A2,kvalita,1,Plná
exp2706,k3_final_26,A2,dopad,1,Neúspěch
exp2706,k3_final_26,A2,vhodnost,1,4
exp2707,k3_final_26,A2,kvalita,1,Plná
exp2707,k3_final_26,A2,dopad,1,Neúspěch
exp2707,k3_final_26,A2,vhodnost,1,3
exp2708,k3_final_26,A2,kvalita,1,Plná
exp2708,k3_final_26,A2,dopad,1,Dlouhodobý úspěch
exp2708,k3_final_26,A2,vhodnost,1,4
exp2709,k3_final_26,A2,kvalita,1,Plná
exp2709,k3_final_26,A2,dopad,1,Dlouhodobý úspěch
exp2709,k3_final_26,A2,vhodnost,1,4
exp2710,k3_final_26,A2,kvalita,1,Plná
exp2710,k3_final_26,A2,dopad,1,Dlouhodobý úspěch
exp2710,k3_final_26,A2,vhodnost,1,4
exp2711,k3_final_26,A2,kvalita,1,Plná
exp2711,k3_final_26,A2,dopad,1,Dlouhodobý úspěch
exp2711,k3_final_26,A2,vhodnost,1,3
exp2712,k3_final_26,A2,kvalita,1,Plná
exp2712,k3_final_26,A2,dopad,1,Neúspěch
exp2712,k3_final_26,A2,vhodnost,1,3
exp2713,k3_final_26,A2,kvalita,1,Plná
exp2713,k3_final_26,A2,dopad,1,Dlouhodobý úspěch
exp2713,k3_final_26,A2,vhodnost,1,4
exp2714,k3_final_26,A2,kvalita,1,Plná
exp2714,k3_final_26,A2,dopad,1,Krátkodobý úspěch
exp2714,k3_final_26,A2,vhodnost,1,4
exp2715,k3_final_26,A2,kvalita,1,Plná
exp2715,k3_final_26,A2,dopad,1,Krátkodobý úspěch
exp2715,k3_final_26,A2,vhodnost,1,3
exp2716,k3_final_26,A2,kvalita,1,Plná
exp2716,k3_final_26,A2,dopad,1,Dlouhodobý úspěch
exp2716,k3_final_26,A2,vhodnost,1,4
exp2717,k3_final_26,A2,kvalita,1,Plná
exp2717,k3_final_26,A2,dopad,1,Neúspěch
exp2717,k3_final_26,A2,vhodnost,1,2
exp2718,k3_final_26,A2,kvalita,1,Plná
exp2718,k3_final_26,A2,dopad,1,Krátkodobý úspěch
exp2718,k3_final_26,A2,vhodnost,1,3
exp2719,k3_final_26,A2,kvalita,1,Plná
exp2719,k3_final_26,A2,dopad,1,Neúspěch
exp2719,k3_final_26,A2,vhodnost,1,2
exp2720,k3_final_26,A2,kvalita,1,Plná
exp2720,k3_final_26,A2,dopad,1,Neúspěch
exp2720,k3_final_26,A2,vhodnost,1,3
exp2721,k3_final_26,A2,kvalita,1,Plná
exp2721,k3_final_26,A2,dopad,1,Krátkodobý úspěch
exp2721,k3_final_26,A2,vhodnost,1,4
exp2722,k3_final_26,A2,kvalita,1,Plná
exp2722,k3_final_26,A2,dopad,1,Dlouhodobý úspěch
exp2722,k3_final_26,A2,vhodnost,1,3
exp2723,k3_final_26,A2,kvalita,1,Plná
exp2723,k3_final_26,A2,dopad,1,Dlouhodobý úspěch
exp2723,k3_final_26,A2,vhodnost,1,3
exp2724,k3_final_26,A2,kvalita,1,Plná
exp2724,k3_final_26,A2,dopad,1,Dlouhodobý úspěch
exp2724,k3_final_26,A2,vhodnost,1,4
exp2725,k3_final_26,A2,kvalita,1,Plná
exp2725,k3_final_26,A2,dopad,1,Dlouhodobý úspěch
exp2725,k3_final_26,A2,vhodnost,1,4
exp2726,k3_final_26,A2,kvalita,1,Plná
exp2726,k3_final_26,A2,dopad,1,Dlouhodobý úspěch
exp2726,k3_final_26,A2,vhodnost,1,4
exp2727,k3_final_26,A2,kvalita,1,Plná
exp2727,k3_final_26,A2,dopad,1,Krátkodobý úspěch
exp2727,k3_final_26,A2,vhodnost,1,3
exp2728,k3_final_26,A2,kvalita,1,Plná
exp2728,k3_final_26,A2,dopad,1,Dlouhodobý úspěch
exp2728,k3_final_26,A2,vhodnost,1,3
exp2729,k3_final_26,A2,kvalita,1,Plná
exp2729,k3_final_26,A2,dopad,1,Krátkodobý úspěch
exp2729,k3_final_26,A2,vhodnost,1,3
exp2730,k3_final_26,A2,kvalita,1,Plná
exp2730,k3_final_26,A2,dopad,1,Dlouhodobý úspěch
exp2730,k3_final_26,A2,vhodnost,1,3
exp2731,k3_final_26,A2,kvalita,1,Plná
exp2731,k3_final_26,A2,dopad,1,Dlouhodobý úspěch
exp2731,k3_final_26,A2,vhodnost,1,4
exp2732,k3_final_26,A2,kvalita,1,Plná
exp2732,k3_final_26,A2,dopad,1,Dlouhodobý úspěch
exp2732,k3_final_26,A2,vhodnost,1,4
exp2733,k3_final_26,A2,kvalita,1,Plná
exp2733,k3_final_26,A2,dopad,1,Krátkodobý úspěch
exp2733,k3_final_26,A2,vhodnost,1,3
exp2734,k3_final_26,A2,kvalita,1,Plná
exp2734,k3_final_26,A2,dopad,1,Krátkodobý úspěch
exp2734,k3_final_26,A2,vhodnost,1,3
exp2735,k3_final_26,A2,kvalita,1,Plná
exp2735,k3_final_26,A2,dopad,1,Dlouhodobý úspěch
exp2735,k3_final_26,A2,vhodnost,1,4
exp2736,k3_final_26,A2,kvalita,1,Plná
exp2736,k3_final_26,A2,dopad,1,Neúspěch
exp2736,k3_final_26,A2,vhodnost,1,3
exp2737,k3_final_26,A2,kvalita,1,Plná
exp2737,k3_final_26,A2,dopad,1,Neúspěch
exp2737,k3_final_26,A2,vhodnost,1,4
exp2738,k3_final_26,A2,kvalita,1,Plná
exp2738,k3_final_26,A2,dopad,1,Neúspěch
exp2738,k3_final_26,A2,vhodnost,1,2
exp2739,k3_final_26,A2,kvalita,1,Plná
exp2739,k3_final_26,A2,dopad,1,Neúspěch
exp2739,k3_final_26,A2,vhodnost,1,3
exp2740,k3_final_26,A2,kvalita,1,Plná
exp2740,k3_final_26,A2,dopad,1,Dlouhodobý úspěch
exp2740,k3_final_26,A2,vhodnost,1,2
exp2741,k3_final_26,A2,kvalita,1,Plná
exp2741,k3_final_26,A2,dopad,1,Krátkodobý úspěch
exp2741,k3_final_26,A2,vhodnost,1,3
exp2742,k3_final_26,A2,kvalita,1,Plná
exp2742,k3_final_26,A2,dopad,1,Dlouhodobý úspěch
exp2742,k3_final_26,A2,vhodnost,1,4
exp2743,k3_final_26,A2,kvalita,1,Plná
exp2743,k3_final_26,A2,dopad,1,Krátkodobý úspěch
exp2743,k3_final_26,A2,vhodnost,1,3
exp2744,k3_final_26,A2,kvalita,1,Plná
exp2744,k3_final_26,A2,dopad,1,Dlouhodobý úspěch
exp2744,k3_final_26,A2,vhodnost,1,3
exp2745,k3_final_26,A2,kvalita,1,Plná
exp2745,k3_final_26,A2,dopad,1,Dlouhodobý úspěch
exp2745,k3_final_26,A2,vhodnost,1,4
exp2746,k3_final_26,A2,kvalita,1,Plná
exp2746,k3_final_26,A2,dopad,1,Dlouhodobý úspěch
exp2746,k3_final_26,A2,vhodnost,1,3
exp2747,k3_final_26,A2,kvalita,1,Plná
exp2747,k3_final_26,A2,dopad,1,Krátkodobý úspěch
exp2747,k3_final_26,A2,vhodnost,1,3
exp2748,k3_final_26,A2,kvalita,1,Plná
exp2748,k3_final_26,A2,dopad,1,Dlouhodobý úspěch
exp2748,k3_final_26,A2,vhodnost,1,4
exp2749,k3_final_26,A2,kvalita,1,Plná
exp2749,k3_final_26,A2,dopad,1,Neúspěch
exp2749,k3_final_26,A2,vhodnost,1,2
exp2750,k3_final_26,A2,kvalita,1,Plná
exp2750,k3_final_26,A2,dopad,1,Dlouhodobý úspěch
exp2750,k3_final_26,A2,vhodnost,1,4
exp2751,k3_final_26,A2,kvalita,1,Plná
exp2751,k3_final_26,A2,dopad,1,Dlouhodobý úspěch
exp2751,k3_final_26,A2,vhodnost,1,4
exp2752,k3_final_26,A2,kvalita,1,Plná
exp2752,k3_final_26,A2,dopad,1,Krátkodobý úspěch
exp2752,k3_final_26,A2,vhodnost,1,3
exp2753,k3_final_26,A2,kvalita,1,Plná
exp2753,k3_final_26,A2,dopad,1,Neúspěch
exp2753,k3_final_26,A2,vhodnost,1,3
exp2754,k3_final_26,A2,kvalita,1,Plná
exp2754,k3_final_26,A2,dopad,1,Dlouhodobý úspěch
exp2754,k3_final_26,A2,vhodnost,1,4
exp2755,k3_final_26,A2,kvalita,1,Plná
exp2755,k3_final_26,A2,dopad,1,Krátkodobý úspěch
exp2755,k3_final_26,A2,vhodnost,1,3
exp2756,k3_final_26,A2,kvalita,1,Plná
exp2756,k3_final_26,A2,dopad,1,Dlouhodobý úspěch
exp2756,k3_final_26,A2,vhodnost,1,4
exp2757,k3_final_26,A2,kvalita,1,Plná
exp2757,k3_final_26,A2,dopad,1,Neúspěch
exp2757,k3_final_26,A2,vhodnost,1,4
exp2758,k3_final_26,A2,kvalita,1,Plná
exp2758,k3_final_26,A2,dopad,1,Dlouhodobý úspěch
exp2758,k3_final_26,A2,vhodnost,1,4
exp2759,k3_final_26,A2,kvalita,1,Plná
exp2759,k3_final_26,A2,dopad,1,Dlouhodobý úspěch
exp2759,k3_final_26,A2,vhodnost,1,3
exp2760,k3_final_26,A2,kvalita,1,Plná
exp2760,k3_final_26,A2,dopad,1,Dlouhodobý úspěch
exp2760,k3_final_26,A2,vhodnost,1,4
exp2761,k3_final_26,A2,kvalita,1,Plná
exp2761,k3_final_26,A2,dopad,1,Dlouhodobý úspěch
exp2761,k3_final_26,A2,vhodnost,1,4
exp2762,k3_final_26,A2,kvalita,1,Plná
exp2762,k3_final_26,A2,dopad,1,Dlouhodobý úspěch
exp2762,k3_final_26,A2,vhodnost,1,4
exp2763,k3_final_26,A2,kvalita,1,Plná
exp2763,k3_final_26,A2,dopad,1,Dlouhodobý úspěch
exp2763,k3_final_26,A2,vhodnost,1,4
exp2764,k3_final_26,A2,kvalita,1,Plná
exp2764,k3_final_26,A2,dopad,1,Neúspěch
exp2764,k3_final_26,A2,vhodnost,1,3
exp2765,k3_final_26,A2,kvalita,1,Plná
exp2765,k3_final_26,A2,dopad,1,Dlouhodobý úspěch
exp2765,k3_final_26,A2,vhodnost,1,3
exp2766,k3_final_26,A2,kvalita,1,Plná
exp2766,k3_final_26,A2,dopad,1,Dlouhodobý úspěch
exp2766,k3_final_26,A2,vhodnost,1,4
exp2767,k3_final_26,A2,kvalita,1,Plná
exp2767,k3_final_26,A2,dopad,1,Krátkodobý úspěch
exp2767,k3_final_26,A2,vhodnost,1,2
exp2768,k3_final_26,A2,kvalita,1,Plná
exp2768,k3_final_26,A2,dopad,1,Dlouhodobý úspěch
exp2768,k3_final_26,A2,vhodnost,1,4
exp2769,k3_final_26,A2,kvalita,1,Plná
exp2769,k3_final_26,A2,dopad,1,Krátkodobý úspěch
exp2769,k3_final_26,A2,vhodnost,1,4
exp2770,k3_final_26,A2,kvalita,1,Plná
exp2770,k3_final_26,A2,dopad,1,Dlouhodobý úspěch
exp2770,k3_final_26,A2,vhodnost,1,3
exp2771,k3_final_26,A2,kvalita,1,Plná
exp2771,k3_final_26,A2,dopad,1,Dlouhodobý úspěch
exp2771,k3_final_26,A2,vhodnost,1,3
exp2772,k3_final_26,A2,kvalita,1,Plná
exp2772,k3_final_26,A2,dopad,1,Dlouhodobý úspěch
exp2772,k3_final_26,A2,vhodnost,1,4
exp2773,k3_final_26,A2,kvalita,1,Plná
exp2773,k3_final_26,A2,dopad,1,Neúspěch
exp2773,k3_final_26,A2,vhodnost,1,3
exp2774,k3_final_26,A2,kvalita,1,Plná
exp2774,k3_final_26,A2,dopad,1,Dlouhodobý úspěch
exp2774,k3_final_26,A2,vhodnost,1,4
exp2775,k3_final_26,A2,kvalita,1,Plná
exp2775,k3_final_26,A2,dopad,1,Dlouhodobý úspěch
exp2775,k3_final_26,A2,vhodnost,1,4
exp2776,k3_final_26,A2,kvalita,1,Plná
exp2776,k3_final_26,A2,dopad,1,Dlouhodobý úspěch
exp2776,k3_final_26,A2,vhodnost,1,4
exp2777,k3_final_26,A2,kvalita,1,Plná
exp2777,k3_final_26,A2,dopad,1,Dlouhodobý úspěch
exp2777,k3_final_26,A2,vhodnost,1,4
exp2778,k3_final_26,A2,kvalita,1,Plná
exp2778,k3_final_26,A2,dopad,1,Dlouhodobý úspěch
exp2778,k3_final_26,A2,vhodnost,1,4
exp2779,k3_final_26,A2,kvalita,1,Plná
exp2779,k3_final_26,A2,dopad,1,Dlouhodobý úspěch
exp2779,k3_final_26,A2,vhodnost,1,4
exp2780,k3_final_26,A2,kvalita,1,Plná
exp2780,k3_final_26,A2,dopad,1,Dlouhodobý úspěch
exp2780,k3_final_26,A2,vhodnost,1,4
exp2781,k3_final_26,A2,kvalita,1,Plná
exp2781,k3_final_26,A2,dopad,1,Dlouhodobý úspěch
exp2781,k3_final_26,A2,vhodnost,1,4
exp2782,k3_final_26,A2,kvalita,1,Plná
exp2782,k3_final_26,A2,dopad,1,Dlouhodobý úspěch
exp2782,k3_final_26,A2,vhodnost,1,4
exp2783,k3_final_26,A2,kvalita,1,Plná
exp2783,k3_final_26,A2,dopad,1,Dlouhodobý úspěch
exp2783,k3_final_26,A2,vhodnost,1,3
exp2784,k3_final_26,A2,kvalita,1,Plná
exp2784,k3_final_26,A2,dopad,1,Neúspěch
exp2784,k3_final_26,A2,vhodnost,1,2
exp2785,k3_final_26,A2,kvalita,1,Plná
exp2785,k3_final_26,A2,dopad,1,Neúspěch
exp2785,k3_final_26,A2,vhodnost,1,3
exp2786,k3_final_26,A2,kvalita,1,Plná
exp2786,k3_final_26,A2,dopad,1,Dlouhodobý úspěch
exp2786,k3_final_26,A2,vhodnost,1,3
exp2787,k3_final_26,A2,kvalita,1,Plná
exp2787,k3_final_26,A2,dopad,1,Krátkodobý úspěch
exp2787,k3_final_26,A2,vhodnost,1,3
exp2788,k3_final_26,A2,kvalita,1,Plná
exp2788,k3_final_26,A2,dopad,1,Dlouhodobý úspěch
exp2788,k3_final_26,A2,vhodnost,1,4
exp2789,k3_final_26,A2,kvalita,1,Plná
exp2789,k3_final_26,A2,dopad,1,Neúspěch
exp2789,k3_final_26,A2,vhodnost,1,4
exp2790,k3_final_26,A2,kvalita,1,Plná
exp2790,k3_final_26,A2,dopad,1,Dlouhodobý úspěch
exp2790,k3_final_26,A2,vhodnost,1,3
exp2791,k3_final_26,A2,kvalita,1,Plná
exp2791,k3_final_26,A2,dopad,1,Krátkodobý úspěch
exp2791,k3_final_26,A2,vhodnost,1,3
exp2792,k3_final_26,A2,kvalita,1,Plná
exp2792,k3_final_26,A2,dopad,1,Dlouhodobý úspěch
exp2792,k3_final_26,A2,vhodnost,1,4
exp2793,k3_final_26,A2,kvalita,1,Plná
exp2793,k3_final_26,A2,dopad,1,Krátkodobý úspěch
exp2793,k3_final_26,A2,vhodnost,1,2
exp2794,k3_final_26,A2,kvalita,1,Plná
exp2794,k3_final_26,A2,dopad,1,Krátkodobý úspěch
exp2794,k3_final_26,A2,vhodnost,1,4
exp2795,k3_final_26,A2,kvalita,1,Plná
exp2795,k3_final_26,A2,dopad,1,Neúspěch
exp2795,k3_final_26,A2,vhodnost,1,2
exp2796,k3_final_26,A2,kvalita,1,Plná
exp2796,k3_final_26,A2,dopad,1,Dlouhodobý úspěch
exp2796,k3_final_26,A2,vhodnost,1,4
exp2797,k3_final_26,A2,kvalita,1,Plná
exp2797,k3_final_26,A2,dopad,1,Krátkodobý úspěch
exp2797,k3_final_26,A2,vhodnost,1,3
exp2798,k3_final_26,A2,kvalita,1,Plná
exp2798,k3_final_26,A2,dopad,1,Krátkodobý úspěch
exp2798,k3_final_26,A2,vhodnost,1,3
exp2799,k3_final_26,A2,kvalita,1,Plná
exp2799,k3_final_26,A2,dopad,1,Dlouhodobý úspěch
exp2799,k3_final_26,A2,vhodnost,1,4
exp2800,k3_final_26,A2,kvalita,1,Plná
exp2800,k3_final_26,A2,dopad,1,Dlouhodobý úspěch
exp2800,k3_final_26,A2,vhodnost,1,3
exp2801,k3_final_26,A2,kvalita,1,Plochá
exp2801,k3_final_26,A2,dopad,1,Dlouhodobý úspěch
exp2801,k3_final_26,A2,vhodnost,1,3
exp2802,k3_final_26,A2,kvalita,1,Plná
exp2802,k3_final_26,A2,dopad,1,Krátkodobý úspěch
exp2802,k3_final_26,A2,vhodnost,1,3
exp2803,k3_final_26,A2,kvalita,1,Plná
exp2803,k3_final_26,A2,dopad,1,Dlouhodobý úspěch
exp2803,k3_final_26,A2,vhodnost,1,4
exp2804,k3_final_26,A2,kvalita,1,Plná
exp2804,k3_final_26,A2,dopad,1,Dlouhodobý úspěch
exp2804,k3_final_26,A2,vhodnost,1,4
exp2805,k3_final_26,A2,kvalita,1,Plná
exp2805,k3_final_26,A2,dopad,1,Krátkodobý úspěch
exp2805,k3_final_26,A2,vhodnost,1,3
exp2806,k3_final_26,A2,kvalita,1,Plná
exp2806,k3_final_26,A2,dopad,1,Dlouhodobý úspěch
exp2806,k3_final_26,A2,vhodnost,1,3
exp2807,k3_final_26,A2,kvalita,1,Plochá
exp2808,k3_final_26,A2,kvalita,1,Plná
exp2808,k3_final_26,A2,dopad,1,Dlouhodobý úspěch
exp2808,k3_final_26,A2,vhodnost,1,4
exp2809,k3_final_26,A2,kvalita,1,Plná
exp2809,k3_final_26,A2,dopad,1,Krátkodobý úspěch
exp2809,k3_final_26,A2,vhodnost,1,3
exp2810,k3_final_26,A2,kvalita,1,Plná
exp2810,k3_final_26,A2,dopad,1,Krátkodobý úspěch
exp2810,k3_final_26,A2,vhodnost,1,4
exp2811,k3_final_26,A2,kvalita,1,Plná
exp2811,k3_final_26,A2,dopad,1,Dlouhodobý úspěch
exp2811,k3_final_26,A2,vhodnost,1,3
exp2812,k3_final_26,A2,kvalita,1,Plochá
exp2813,k3_final_26,A2,kvalita,1,Plná
exp2813,k3_final_26,A2,dopad,1,Dlouhodobý úspěch
exp2813,k3_final_26,A2,vhodnost,1,3
exp2814,k3_final_26,A2,kvalita,1,Plná
exp2814,k3_final_26,A2,dopad,1,Dlouhodobý úspěch
exp2814,k3_final_26,A2,vhodnost,1,4
exp2815,k3_final_26,A2,kvalita,1,Plná
exp2815,k3_final_26,A2,dopad,1,Dlouhodobý úspěch
exp2815,k3_final_26,A2,vhodnost,1,3
exp2816,k3_final_26,A2,kvalita,1,Plná
exp2816,k3_final_26,A2,dopad,1,Dlouhodobý úspěch
exp2816,k3_final_26,A2,vhodnost,1,4
exp2817,k3_final_26,A2,kvalita,1,Plná
exp2817,k3_final_26,A2,dopad,1,Krátkodobý úspěch
exp2817,k3_final_26,A2,vhodnost,1,3
exp2818,k3_final_26,A2,kvalita,1,Plná
exp2818,k3_final_26,A2,dopad,1,Krátkodobý úspěch
exp2818,k3_final_26,A2,vhodnost,1,4
exp2820,k3_final_26,A2,kvalita,1,Plná
exp2820,k3_final_26,A2,dopad,1,Dlouhodobý úspěch
exp2820,k3_final_26,A2,vhodnost,1,4
exp2821,k3_final_26,A2,kvalita,1,Plná
exp2821,k3_final_26,A2,dopad,1,Dlouhodobý úspěch
exp2821,k3_final_26,A2,vhodnost,1,3
exp2822,k3_final_26,A2,kvalita,1,Plná
exp2822,k3_final_26,A2,dopad,1,Neúspěch
exp2822,k3_final_26,A2,vhodnost,1,3
exp2823,k3_final_26,A2,kvalita,1,Plná
exp2823,k3_final_26,A2,dopad,1,Neúspěch
exp2823,k3_final_26,A2,vhodnost,1,3
exp2824,k3_final_26,A2,kvalita,1,Plná
exp2824,k3_final_26,A2,dopad,1,Dlouhodobý úspěch
exp2824,k3_final_26,A2,vhodnost,1,3
exp2825,k3_final_26,A2,kvalita,1,Plná
exp2825,k3_final_26,A2,dopad,1,Dlouhodobý úspěch
exp2825,k3_final_26,A2,vhodnost,1,4
exp2827,k3_final_26,A2,kvalita,1,Plná
exp2827,k3_final_26,A2,dopad,1,Krátkodobý úspěch
exp2827,k3_final_26,A2,vhodnost,1,3
exp2828,k3_final_26,A2,kvalita,1,Plná
exp2828,k3_final_26,A2,dopad,1,Dlouhodobý úspěch
exp2828,k3_final_26,A2,vhodnost,1,4
exp2829,k3_final_26,A2,kvalita,1,Plná
exp2829,k3_final_26,A2,dopad,1,Krátkodobý úspěch
exp2829,k3_final_26,A2,vhodnost,1,3
exp2830,k3_final_26,A2,kvalita,1,Plná
exp2830,k3_final_26,A2,dopad,1,Krátkodobý úspěch
exp2830,k3_final_26,A2,vhodnost,1,3
exp2831,k3_final_26,A2,kvalita,1,Plná
exp2831,k3_final_26,A2,dopad,1,Dlouhodobý úspěch
exp2831,k3_final_26,A2,vhodnost,1,4
exp2832,k3_final_26,A2,kvalita,1,Plná
exp2832,k3_final_26,A2,dopad,1,Dlouhodobý úspěch
exp2832,k3_final_26,A2,vhodnost,1,4
exp2833,k3_final_26,A2,kvalita,1,Plná
exp2833,k3_final_26,A2,dopad,1,Krátkodobý úspěch
exp2833,k3_final_26,A2,vhodnost,1,3
exp2834,k3_final_26,A2,kvalita,1,Plná
exp2834,k3_final_26,A2,dopad,1,Neúspěch
exp2834,k3_final_26,A2,vhodnost,1,4
exp2835,k3_final_26,A2,kvalita,1,Plná
exp2835,k3_final_26,A2,dopad,1,Dlouhodobý úspěch
exp2835,k3_final_26,A2,vhodnost,1,4
exp2836,k3_final_26,A2,kvalita,1,Plná
exp2836,k3_final_26,A2,dopad,1,Dlouhodobý úspěch
exp2836,k3_final_26,A2,vhodnost,1,4
exp2837,k3_final_26,A2,kvalita,1,Plná
exp2837,k3_final_26,A2,dopad,1,Dlouhodobý úspěch
exp2837,k3_final_26,A2,vhodnost,1,4
exp2838,k3_final_26,A2,kvalita,1,Plná
exp2838,k3_final_26,A2,dopad,1,Dlouhodobý úspěch
exp2838,k3_final_26,A2,vhodnost,1,4
exp2839,k3_final_26,A2,kvalita,1,Plná
exp2839,k3_final_26,A2,dopad,1,Dlouhodobý úspěch
exp2839,k3_final_26,A2,vhodnost,1,4
exp2840,k3_final_26,A2,kvalita,1,Plná
exp2840,k3_final_26,A2,dopad,1,Dlouhodobý úspěch
exp2840,k3_final_26,A2,vhodnost,1,3
exp2841,k3_final_26,A2,kvalita,1,Plná
exp2841,k3_final_26,A2,dopad,1,Dlouhodobý úspěch
exp2841,k3_final_26,A2,vhodnost,1,4
exp2842,k3_final_26,A2,kvalita,1,Plná
exp2842,k3_final_26,A2,dopad,1,Krátkodobý úspěch
exp2842,k3_final_26,A2,vhodnost,1,4
exp2843,k3_final_26,A2,kvalita,1,Plná
exp2843,k3_final_26,A2,dopad,1,Krátkodobý úspěch
exp2843,k3_final_26,A2,vhodnost,1,4
exp2844,k3_final_26,A2,kvalita,1,Plná
exp2844,k3_final_26,A2,dopad,1,Dlouhodobý úspěch
exp2844,k3_final_26,A2,vhodnost,1,4
exp2845,k3_final_26,A2,kvalita,1,Plná
exp2845,k3_final_26,A2,dopad,1,Neúspěch
exp2845,k3_final_26,A2,vhodnost,1,4
exp2846,k3_final_26,A2,kvalita,1,Plná
exp2846,k3_final_26,A2,dopad,1,Krátkodobý úspěch
exp2846,k3_final_26,A2,vhodnost,1,4
exp2847,k3_final_26,A2,kvalita,1,Plná
exp2847,k3_final_26,A2,dopad,1,Dlouhodobý úspěch
exp2847,k3_final_26,A2,vhodnost,1,4
exp2848,k3_final_26,A2,kvalita,1,Plná
exp2848,k3_final_26,A2,dopad,1,Dlouhodobý úspěch
exp2848,k3_final_26,A2,vhodnost,1,4
exp2849,k3_final_26,A2,kvalita,1,Plná
exp2849,k3_final_26,A2,dopad,1,Dlouhodobý úspěch
exp2849,k3_final_26,A2,vhodnost,1,3
exp2850,k3_final_26,A2,kvalita,1,Plná
exp2850,k3_final_26,A2,dopad,1,Neúspěch
exp2850,k3_final_26,A2,vhodnost,1,2
exp2851,k3_final_26,A2,kvalita,1,Plná
exp2851,k3_final_26,A2,dopad,1,Neúspěch
exp2851,k3_final_26,A2,vhodnost,1,3
exp2852,k3_final_26,A2,kvalita,1,Plná
exp2852,k3_final_26,A2,dopad,1,Dlouhodobý úspěch
exp2852,k3_final_26,A2,vhodnost,1,4
exp2853,k3_final_26,A2,kvalita,1,Plná
exp2853,k3_final_26,A2,dopad,1,Dlouhodobý úspěch
exp2853,k3_final_26,A2,vhodnost,1,4
exp2854,k3_final_26,A2,kvalita,1,Plná
exp2854,k3_final_26,A2,dopad,1,Krátkodobý úspěch
exp2854,k3_final_26,A2,vhodnost,1,3
exp2855,k3_final_26,A2,kvalita,1,Plná
exp2855,k3_final_26,A2,dopad,1,Dlouhodobý úspěch
exp2855,k3_final_26,A2,vhodnost,1,4
exp2856,k3_final_26,A2,kvalita,1,Plná
exp2856,k3_final_26,A2,dopad,1,Dlouhodobý úspěch
exp2856,k3_final_26,A2,vhodnost,1,4
exp2857,k3_final_26,A2,kvalita,1,Plná
exp2857,k3_final_26,A2,dopad,1,Krátkodobý úspěch
exp2857,k3_final_26,A2,vhodnost,1,3
exp2858,k3_final_26,A2,kvalita,1,Plná
exp2858,k3_final_26,A2,dopad,1,Dlouhodobý úspěch
exp2858,k3_final_26,A2,vhodnost,1,4
exp2859,k3_final_26,A2,kvalita,1,Plná
exp2859,k3_final_26,A2,dopad,1,Dlouhodobý úspěch
exp2859,k3_final_26,A2,vhodnost,1,4
exp2860,k3_final_26,A2,kvalita,1,Plná
exp2860,k3_final_26,A2,dopad,1,Krátkodobý úspěch
exp2860,k3_final_26,A2,vhodnost,1,3
exp2861,k3_final_26,A2,kvalita,1,Plná
exp2861,k3_final_26,A2,dopad,1,Dlouhodobý úspěch
exp2861,k3_final_26,A2,vhodnost,1,3
exp2862,k3_final_26,A2,kvalita,1,Plná
exp2862,k3_final_26,A2,dopad,1,Neúspěch
exp2862,k3_final_26,A2,vhodnost,1,4
exp2863,k3_final_26,A2,kvalita,1,Plná
exp2863,k3_final_26,A2,dopad,1,Dlouhodobý úspěch
exp2863,k3_final_26,A2,vhodnost,1,4
exp2864,k3_final_26,A2,kvalita,1,Plná
exp2864,k3_final_26,A2,dopad,1,Neúspěch
exp2864,k3_final_26,A2,vhodnost,1,2
exp2865,k3_final_26,A2,kvalita,1,Plná
exp2865,k3_final_26,A2,dopad,1,Neúspěch
exp2865,k3_final_26,A2,vhodnost,1,3
exp2866,k3_final_26,A2,kvalita,1,Plná
exp2866,k3_final_26,A2,dopad,1,Dlouhodobý úspěch
exp2866,k3_final_26,A2,vhodnost,1,4
exp2867,k3_final_26,A2,kvalita,1,Plná
exp2867,k3_final_26,A2,dopad,1,Dlouhodobý úspěch
exp2867,k3_final_26,A2,vhodnost,1,3
exp2868,k3_final_26,A2,kvalita,1,Plná
exp2868,k3_final_26,A2,dopad,1,Neúspěch
exp2868,k3_final_26,A2,vhodnost,1,3
exp2869,k3_final_26,A2,kvalita,1,Plná
exp2869,k3_final_26,A2,dopad,1,Dlouhodobý úspěch
exp2869,k3_final_26,A2,vhodnost,1,4
exp2870,k3_final_26,A2,kvalita,1,Plná
exp2870,k3_final_26,A2,dopad,1,Neúspěch
exp2870,k3_final_26,A2,vhodnost,1,3
exp2871,k3_final_26,A2,kvalita,1,Plná
exp2871,k3_final_26,A2,dopad,1,Neúspěch
exp2871,k3_final_26,A2,vhodnost,1,3
exp2872,k3_final_26,A2,kvalita,1,Plná
exp2872,k3_final_26,A2,dopad,1,Dlouhodobý úspěch
exp2872,k3_final_26,A2,vhodnost,1,3
exp2873,k3_final_26,A2,kvalita,1,Plná
exp2873,k3_final_26,A2,dopad,1,Dlouhodobý úspěch
exp2873,k3_final_26,A2,vhodnost,1,3
exp2874,k3_final_26,A2,kvalita,1,Plná
exp2874,k3_final_26,A2,dopad,1,Dlouhodobý úspěch
exp2874,k3_final_26,A2,vhodnost,1,4
exp2875,k3_final_26,A2,kvalita,1,Plná
exp2875,k3_final_26,A2,dopad,1,Krátkodobý úspěch
exp2875,k3_final_26,A2,vhodnost,1,4
exp2876,k3_final_26,A2,kvalita,1,Plná
exp2876,k3_final_26,A2,dopad,1,Dlouhodobý úspěch
exp2876,k3_final_26,A2,vhodnost,1,2
exp2877,k3_final_26,A2,kvalita,1,Plná
exp2877,k3_final_26,A2,dopad,1,Krátkodobý úspěch
exp2877,k3_final_26,A2,vhodnost,1,4
exp2878,k3_final_26,A2,kvalita,1,Plná
exp2878,k3_final_26,A2,dopad,1,Krátkodobý úspěch
exp2878,k3_final_26,A2,vhodnost,1,4
exp2879,k3_final_26,A2,kvalita,1,Plná
exp2879,k3_final_26,A2,dopad,1,Krátkodobý úspěch
exp2879,k3_final_26,A2,vhodnost,1,4
exp2880,k3_final_26,A2,kvalita,1,Plná
exp2880,k3_final_26,A2,dopad,1,Dlouhodobý úspěch
exp2880,k3_final_26,A2,vhodnost,1,4
exp2881,k3_final_26,A2,kvalita,1,Plná
exp2881,k3_final_26,A2,dopad,1,Krátkodobý úspěch
exp2881,k3_final_26,A2,vhodnost,1,2
exp2882,k3_final_26,A2,kvalita,1,Plná
exp2882,k3_final_26,A2,dopad,1,Neúspěch
exp2882,k3_final_26,A2,vhodnost,1,2
exp2883,k3_final_26,A2,kvalita,1,Plná
exp2883,k3_final_26,A2,dopad,1,Krátkodobý úspěch
exp2883,k3_final_26,A2,vhodnost,1,3
exp2884,k3_final_26,A2,kvalita,1,Plná
exp2884,k3_final_26,A2,dopad,1,Dlouhodobý úspěch
exp2884,k3_final_26,A2,vhodnost,1,4
exp2885,k3_final_26,A2,kvalita,1,Plná
exp2885,k3_final_26,A2,dopad,1,Neúspěch
exp2885,k3_final_26,A2,vhodnost,1,2
exp2886,k3_final_26,A2,kvalita,1,Plná
exp2886,k3_final_26,A2,dopad,1,Dlouhodobý úspěch
exp2886,k3_final_26,A2,vhodnost,1,4
exp2887,k3_final_26,A2,kvalita,1,Plná
exp2887,k3_final_26,A2,dopad,1,Krátkodobý úspěch
exp2887,k3_final_26,A2,vhodnost,1,3
exp2888,k3_final_26,A2,kvalita,1,Plná
exp2888,k3_final_26,A2,dopad,1,Neúspěch
exp2888,k3_final_26,A2,vhodnost,1,2
exp2889,k3_final_26,A2,kvalita,1,Plná
exp2889,k3_final_26,A2,dopad,1,Neúspěch
exp2889,k3_final_26,A2,vhodnost,1,2
exp2890,k3_final_26,A2,kvalita,1,Plná
exp2890,k3_final_26,A2,dopad,1,Krátkodobý úspěch
exp2890,k3_final_26,A2,vhodnost,1,3
exp2891,k3_final_26,A2,kvalita,1,Plná
exp2891,k3_final_26,A2,dopad,1,Dlouhodobý úspěch
exp2891,k3_final_26,A2,vhodnost,1,4
exp2892,k3_final_26,A2,kvalita,1,Plná
exp2892,k3_final_26,A2,dopad,1,Krátkodobý úspěch
exp2892,k3_final_26,A2,vhodnost,1,4
exp2893,k3_final_26,A2,kvalita,1,Plná
exp2893,k3_final_26,A2,dopad,1,Krátkodobý úspěch
exp2893,k3_final_26,A2,vhodnost,1,4
exp2894,k3_final_26,A2,kvalita,1,Plná
exp2894,k3_final_26,A2,dopad,1,Dlouhodobý úspěch
exp2894,k3_final_26,A2,vhodnost,1,3
exp2895,k3_final_26,A2,kvalita,1,Plná
exp2895,k3_final_26,A2,dopad,1,Krátkodobý úspěch
exp2895,k3_final_26,A2,vhodnost,1,4
exp2896,k3_final_26,A2,kvalita,1,Plná
exp2896,k3_final_26,A2,dopad,1,Dlouhodobý úspěch
exp2896,k3_final_26,A2,vhodnost,1,4
exp2897,k3_final_26,A2,kvalita,1,Plná
exp2897,k3_final_26,A2,dopad,1,Dlouhodobý úspěch
exp2897,k3_final_26,A2,vhodnost,1,3
exp2898,k3_final_26,A2,kvalita,1,Plná
exp2898,k3_final_26,A2,dopad,1,Dlouhodobý úspěch
exp2898,k3_final_26,A2,vhodnost,1,4
exp2899,k3_final_26,A2,kvalita,1,Plná
exp2899,k3_final_26,A2,dopad,1,Dlouhodobý úspěch
exp2899,k3_final_26,A2,vhodnost,1,3
exp2900,k3_final_26,A2,kvalita,1,Plná
exp2900,k3_final_26,A2,dopad,1,Dlouhodobý úspěch
exp2900,k3_final_26,A2,vhodnost,1,4
exp2901,k3_final_26,A2,kvalita,1,Plná
exp2901,k3_final_26,A2,dopad,1,Dlouhodobý úspěch
exp2901,k3_final_26,A2,vhodnost,1,4
exp2902,k3_final_26,A2,kvalita,1,Plná
exp2902,k3_final_26,A2,dopad,1,Krátkodobý úspěch
exp2902,k3_final_26,A2,vhodnost,1,3
exp2903,k3_final_26,A2,kvalita,1,Plná
exp2903,k3_final_26,A2,dopad,1,Krátkodobý úspěch
exp2903,k3_final_26,A2,vhodnost,1,4
exp2904,k3_final_26,A2,kvalita,1,Plná
exp2904,k3_final_26,A2,dopad,1,Dlouhodobý úspěch
exp2904,k3_final_26,A2,vhodnost,1,4
exp2905,k3_final_26,A2,kvalita,1,Plná
exp2905,k3_final_26,A2,dopad,1,Dlouhodobý úspěch
exp2905,k3_final_26,A2,vhodnost,1,4
exp2906,k3_final_26,A2,kvalita,1,Plná
exp2906,k3_final_26,A2,dopad,1,Neúspěch
exp2906,k3_final_26,A2,vhodnost,1,3
exp2907,k3_final_26,A2,kvalita,1,Plná
exp2907,k3_final_26,A2,dopad,1,Neúspěch
exp2907,k3_final_26,A2,vhodnost,1,3
exp2908,k3_final_26,A2,kvalita,1,Plná
exp2908,k3_final_26,A2,dopad,1,Dlouhodobý úspěch
exp2908,k3_final_26,A2,vhodnost,1,4
exp2909,k3_final_26,A2,kvalita,1,Plná
exp2909,k3_final_26,A2,dopad,1,Dlouhodobý úspěch
exp2909,k3_final_26,A2,vhodnost,1,4
exp2910,k3_final_26,A2,kvalita,1,Plná
exp2910,k3_final_26,A2,dopad,1,Dlouhodobý úspěch
exp2910,k3_final_26,A2,vhodnost,1,4
exp2911,k3_final_26,A2,kvalita,1,Plná
exp2911,k3_final_26,A2,dopad,1,Dlouhodobý úspěch
exp2911,k3_final_26,A2,vhodnost,1,4
exp2912,k3_final_26,A2,kvalita,1,Plná
exp2912,k3_final_26,A2,dopad,1,Dlouhodobý úspěch
exp2912,k3_final_26,A2,vhodnost,1,4
exp2913,k3_final_26,A2,kvalita,1,Plná
exp2913,k3_final_26,A2,dopad,1,Krátkodobý úspěch
exp2913,k3_final_26,A2,vhodnost,1,3
exp2914,k3_final_26,A2,kvalita,1,Plná
exp2914,k3_final_26,A2,dopad,1,Dlouhodobý úspěch
exp2914,k3_final_26,A2,vhodnost,1,4
exp2915,k3_final_26,A2,kvalita,1,Plná
exp2915,k3_final_26,A2,dopad,1,Krátkodobý úspěch
exp2915,k3_final_26,A2,vhodnost,1,3
exp2916,k3_final_26,A2,kvalita,1,Plná
exp2916,k3_final_26,A2,dopad,1,Krátkodobý úspěch
exp2916,k3_final_26,A2,vhodnost,1,3
exp2917,k3_final_26,A2,kvalita,1,Plná
exp2917,k3_final_26,A2,dopad,1,Krátkodobý úspěch
exp2917,k3_final_26,A2,vhodnost,1,4
exp2918,k3_final_26,A2,kvalita,1,Plná
exp2918,k3_final_26,A2,dopad,1,Dlouhodobý úspěch
exp2918,k3_final_26,A2,vhodnost,1,2
exp2919,k3_final_26,A2,kvalita,1,Plná
exp2919,k3_final_26,A2,dopad,1,Dlouhodobý úspěch
exp2919,k3_final_26,A2,vhodnost,1,3
exp2920,k3_final_26,A2,kvalita,1,Plná
exp2920,k3_final_26,A2,dopad,1,Krátkodobý úspěch
exp2920,k3_final_26,A2,vhodnost,1,3
exp2921,k3_final_26,A2,kvalita,1,Plná
exp2921,k3_final_26,A2,dopad,1,Krátkodobý úspěch
exp2921,k3_final_26,A2,vhodnost,1,3
exp2922,k3_final_26,A2,kvalita,1,Plná
exp2922,k3_final_26,A2,dopad,1,Dlouhodobý úspěch
exp2922,k3_final_26,A2,vhodnost,1,4
exp2923,k3_final_26,A2,kvalita,1,Plná
exp2923,k3_final_26,A2,dopad,1,Krátkodobý úspěch
exp2923,k3_final_26,A2,vhodnost,1,4
exp2924,k3_final_26,A2,kvalita,1,Plná
exp2924,k3_final_26,A2,dopad,1,Dlouhodobý úspěch
exp2924,k3_final_26,A2,vhodnost,1,4
exp2925,k3_final_26,A2,kvalita,1,Plochá
exp2925,k3_final_26,A2,dopad,1,Krátkodobý úspěch
exp2925,k3_final_26,A2,vhodnost,1,3
exp2926,k3_final_26,A2,kvalita,1,Plná
exp2926,k3_final_26,A2,dopad,1,Krátkodobý úspěch
exp2926,k3_final_26,A2,vhodnost,1,3
exp2927,k3_final_26,A2,kvalita,1,Plná
exp2927,k3_final_26,A2,dopad,1,Neúspěch
exp2927,k3_final_26,A2,vhodnost,1,3
exp2928,k3_final_26,A2,kvalita,1,Plná
exp2928,k3_final_26,A2,dopad,1,Dlouhodobý úspěch
exp2928,k3_final_26,A2,vhodnost,1,4
exp2929,k3_final_26,A2,kvalita,1,Plná
exp2929,k3_final_26,A2,dopad,1,Krátkodobý úspěch
exp2929,k3_final_26,A2,vhodnost,1,4
exp2930,k3_final_26,A2,kvalita,1,Plná
exp2930,k3_final_26,A2,dopad,1,Krátkodobý úspěch
exp2930,k3_final_26,A2,vhodnost,1,4
exp2931,k3_final_26,A2,kvalita,1,Plná
exp2931,k3_final_26,A2,dopad,1,Dlouhodobý úspěch
exp2931,k3_final_26,A2,vhodnost,1,4
exp2932,k3_final_26,A2,kvalita,1,Plná
exp2932,k3_final_26,A2,dopad,1,Krátkodobý úspěch
exp2932,k3_final_26,A2,vhodnost,1,3
exp2933,k3_final_26,A2,kvalita,1,Plná
exp2933,k3_final_26,A2,dopad,1,Dlouhodobý úspěch
exp2933,k3_final_26,A2,vhodnost,1,4
exp2934,k3_final_26,A2,kvalita,1,Plná
exp2934,k3_final_26,A2,dopad,1,Dlouhodobý úspěch
exp2934,k3_final_26,A2,vhodnost,1,4
exp2935,k3_final_26,A2,kvalita,1,Plná
exp2935,k3_final_26,A2,dopad,1,Dlouhodobý úspěch
exp2935,k3_final_26,A2,vhodnost,1,3
exp2936,k3_final_26,A2,kvalita,1,Plná
exp2936,k3_final_26,A2,dopad,1,Dlouhodobý úspěch
exp2936,k3_final_26,A2,vhodnost,1,4
exp2937,k3_final_26,A2,kvalita,1,Plná
exp2937,k3_final_26,A2,dopad,1,Dlouhodobý úspěch
exp2937,k3_final_26,A2,vhodnost,1,4
exp2938,k3_final_26,A2,kvalita,1,Plná
exp2938,k3_final_26,A2,dopad,1,Dlouhodobý úspěch
exp2938,k3_final_26,A2,vhodnost,1,3
exp2939,k3_final_26,A2,kvalita,1,Plná
exp2939,k3_final_26,A2,dopad,1,Dlouhodobý úspěch
exp2939,k3_final_26,A2,vhodnost,1,4
exp2940,k3_final_26,A2,kvalita,1,Plná
exp2940,k3_final_26,A2,dopad,1,Dlouhodobý úspěch
exp2940,k3_final_26,A2,vhodnost,1,4
exp2941,k3_final_26,A2,kvalita,1,Plná
exp2941,k3_final_26,A2,dopad,1,Dlouhodobý úspěch
exp2941,k3_final_26,A2,vhodnost,1,4
exp2942,k3_final_26,A2,kvalita,1,Plná
exp2942,k3_final_26,A2,dopad,1,Dlouhodobý úspěch
exp2942,k3_final_26,A2,vhodnost,1,4
exp2943,k3_final_26,A2,kvalita,1,Plná
exp2943,k3_final_26,A2,dopad,1,Neúspěch
exp2943,k3_final_26,A2,vhodnost,1,4
exp2944,k3_final_26,A2,kvalita,1,Plná
exp2944,k3_final_26,A2,dopad,1,Dlouhodobý úspěch
exp2944,k3_final_26,A2,vhodnost,1,3
exp2945,k3_final_26,A2,kvalita,1,Plná
exp2945,k3_final_26,A2,dopad,1,Dlouhodobý úspěch
exp2945,k3_final_26,A2,vhodnost,1,4
exp2946,k3_final_26,A2,kvalita,1,Plná
exp2946,k3_final_26,A2,dopad,1,Krátkodobý úspěch
exp2946,k3_final_26,A2,vhodnost,1,4
exp2947,k3_final_26,A2,kvalita,1,Plná
exp2947,k3_final_26,A2,dopad,1,Dlouhodobý úspěch
exp2947,k3_final_26,A2,vhodnost,1,3
exp2948,k3_final_26,A2,kvalita,1,Plná
exp2948,k3_final_26,A2,dopad,1,Dlouhodobý úspěch
exp2948,k3_final_26,A2,vhodnost,1,4
exp2949,k3_final_26,A2,kvalita,1,Plná
exp2949,k3_final_26,A2,dopad,1,Krátkodobý úspěch
exp2949,k3_final_26,A2,vhodnost,1,3
exp2950,k3_final_26,A2,kvalita,1,Plná
exp2950,k3_final_26,A2,dopad,1,Dlouhodobý úspěch
exp2950,k3_final_26,A2,vhodnost,1,4
exp2951,k3_final_26,A2,kvalita,1,Plná
exp2951,k3_final_26,A2,dopad,1,Dlouhodobý úspěch
exp2951,k3_final_26,A2,vhodnost,1,4
exp2952,k3_final_26,A2,kvalita,1,Plná
exp2952,k3_final_26,A2,dopad,1,Dlouhodobý úspěch
exp2952,k3_final_26,A2,vhodnost,1,4
exp2953,k3_final_26,A2,kvalita,1,Plná
exp2953,k3_final_26,A2,dopad,1,Krátkodobý úspěch
exp2953,k3_final_26,A2,vhodnost,1,3
exp2954,k3_final_26,A2,kvalita,1,Plná
exp2954,k3_final_26,A2,dopad,1,Dlouhodobý úspěch
exp2954,k3_final_26,A2,vhodnost,1,4
exp2955,k3_final_26,A2,kvalita,1,Plná
exp2955,k3_final_26,A2,dopad,1,Dlouhodobý úspěch
exp2955,k3_final_26,A2,vhodnost,1,4
exp2956,k3_final_26,A2,kvalita,1,Plná
exp2956,k3_final_26,A2,dopad,1,Neúspěch
exp2956,k3_final_26,A2,vhodnost,1,3
exp2957,k3_final_26,A2,kvalita,1,Plná
exp2957,k3_final_26,A2,dopad,1,Krátkodobý úspěch
exp2957,k3_final_26,A2,vhodnost,1,3
exp2958,k3_final_26,A2,kvalita,1,Plná
exp2958,k3_final_26,A2,dopad,1,Dlouhodobý úspěch
exp2958,k3_final_26,A2,vhodnost,1,4
exp2959,k3_final_26,A2,kvalita,1,Plná
exp2959,k3_final_26,A2,dopad,1,Krátkodobý úspěch
exp2959,k3_final_26,A2,vhodnost,1,4
exp2960,k3_final_26,A2,kvalita,1,Plná
exp2960,k3_final_26,A2,dopad,1,Krátkodobý úspěch
exp2960,k3_final_26,A2,vhodnost,1,4
exp2961,k3_final_26,A2,kvalita,1,Plná
exp2961,k3_final_26,A2,dopad,1,Neúspěch
exp2961,k3_final_26,A2,vhodnost,1,2
exp2962,k3_final_26,A2,kvalita,1,Plná
exp2962,k3_final_26,A2,dopad,1,Krátkodobý úspěch
exp2962,k3_final_26,A2,vhodnost,1,3
exp2963,k3_final_26,A2,kvalita,1,Plná
exp2963,k3_final_26,A2,dopad,1,Krátkodobý úspěch
exp2963,k3_final_26,A2,vhodnost,1,3
exp2964,k3_final_26,A2,kvalita,1,Plná
exp2964,k3_final_26,A2,dopad,1,Krátkodobý úspěch
exp2964,k3_final_26,A2,vhodnost,1,3
exp2965,k3_final_26,A2,kvalita,1,Plná
exp2965,k3_final_26,A2,dopad,1,Krátkodobý úspěch
exp2965,k3_final_26,A2,vhodnost,1,3
exp2966,k3_final_26,A2,kvalita,1,Plná
exp2966,k3_final_26,A2,dopad,1,Krátkodobý úspěch
exp2966,k3_final_26,A2,vhodnost,1,3
exp2967,k3_final_26,A2,kvalita,1,Plná
exp2967,k3_final_26,A2,dopad,1,Dlouhodobý úspěch
exp2967,k3_final_26,A2,vhodnost,1,4
exp2968,k3_final_26,A2,kvalita,1,Plná
exp2968,k3_final_26,A2,dopad,1,Dlouhodobý úspěch
exp2968,k3_final_26,A2,vhodnost,1,4
exp2969,k3_final_26,A2,kvalita,1,Plná
exp2969,k3_final_26,A2,dopad,1,Dlouhodobý úspěch
exp2969,k3_final_26,A2,vhodnost,1,4
exp2970,k3_final_26,A2,kvalita,1,Plná
exp2970,k3_final_26,A2,dopad,1,Neúspěch
exp2970,k3_final_26,A2,vhodnost,1,3
exp2971,k3_final_26,A2,kvalita,1,Plná
exp2971,k3_final_26,A2,dopad,1,Dlouhodobý úspěch
exp2971,k3_final_26,A2,vhodnost,1,4
exp2972,k3_final_26,A2,kvalita,1,Plná
exp2972,k3_final_26,A2,dopad,1,Dlouhodobý úspěch
exp2972,k3_final_26,A2,vhodnost,1,2
exp2973,k3_final_26,A2,kvalita,1,Plná
exp2973,k3_final_26,A2,dopad,1,Krátkodobý úspěch
exp2973,k3_final_26,A2,vhodnost,1,3
exp2974,k3_final_26,A2,kvalita,1,Plná
exp2974,k3_final_26,A2,dopad,1,Dlouhodobý úspěch
exp2974,k3_final_26,A2,vhodnost,1,3
exp2975,k3_final_26,A2,kvalita,1,Plná
exp2975,k3_final_26,A2,dopad,1,Dlouhodobý úspěch
exp2975,k3_final_26,A2,vhodnost,1,3
exp2976,k3_final_26,A2,kvalita,1,Plná
exp2976,k3_final_26,A2,dopad,1,Dlouhodobý úspěch
exp2976,k3_final_26,A2,vhodnost,1,4
exp2977,k3_final_26,A2,kvalita,1,Plná
exp2977,k3_final_26,A2,dopad,1,Dlouhodobý úspěch
exp2977,k3_final_26,A2,vhodnost,1,4
exp2978,k3_final_26,A2,kvalita,1,Plná
exp2978,k3_final_26,A2,dopad,1,Neúspěch
exp2978,k3_final_26,A2,vhodnost,1,4
exp2979,k3_final_26,A2,kvalita,1,Plná
exp2979,k3_final_26,A2,dopad,1,Dlouhodobý úspěch
exp2979,k3_final_26,A2,vhodnost,1,4
exp2980,k3_final_26,A2,kvalita,1,Plná
exp2980,k3_final_26,A2,dopad,1,Krátkodobý úspěch
exp2980,k3_final_26,A2,vhodnost,1,3
exp2981,k3_final_26,A2,kvalita,1,Plná
exp2981,k3_final_26,A2,dopad,1,Dlouhodobý úspěch
exp2981,k3_final_26,A2,vhodnost,1,3
exp2982,k3_final_26,A2,kvalita,1,Plná
exp2982,k3_final_26,A2,dopad,1,Krátkodobý úspěch
exp2982,k3_final_26,A2,vhodnost,1,2
exp2983,k3_final_26,A2,kvalita,1,Plná
exp2983,k3_final_26,A2,dopad,1,Krátkodobý úspěch
exp2983,k3_final_26,A2,vhodnost,1,4
exp2984,k3_final_26,A2,kvalita,1,Plná
exp2984,k3_final_26,A2,dopad,1,Dlouhodobý úspěch
exp2984,k3_final_26,A2,vhodnost,1,4
exp2985,k3_final_26,A2,kvalita,1,Plná
exp2985,k3_final_26,A2,dopad,1,Neúspěch
exp2985,k3_final_26,A2,vhodnost,1,2
exp2986,k3_final_26,A2,kvalita,1,Plná
exp2986,k3_final_26,A2,dopad,1,Dlouhodobý úspěch
exp2986,k3_final_26,A2,vhodnost,1,4
exp2987,k3_final_26,A2,kvalita,1,Plná
exp2987,k3_final_26,A2,dopad,1,Krátkodobý úspěch
exp2987,k3_final_26,A2,vhodnost,1,3
exp2988,k3_final_26,A2,kvalita,1,Plná
exp2988,k3_final_26,A2,dopad,1,Dlouhodobý úspěch
exp2988,k3_final_26,A2,vhodnost,1,4
exp2989,k3_final_26,A2,kvalita,1,Plná
exp2989,k3_final_26,A2,dopad,1,Neúspěch
exp2989,k3_final_26,A2,vhodnost,1,3
exp2990,k3_final_26,A2,kvalita,1,Plná
exp2990,k3_final_26,A2,dopad,1,Dlouhodobý úspěch
exp2990,k3_final_26,A2,vhodnost,1,4
exp2991,k3_final_26,A2,kvalita,1,Plná
exp2991,k3_final_26,A2,dopad,1,Neúspěch
exp2991,k3_final_26,A2,vhodnost,1,3
exp2992,k3_final_26,A2,kvalita,1,Plná
exp2992,k3_final_26,A2,dopad,1,Dlouhodobý úspěch
exp2992,k3_final_26,A2,vhodnost,1,3
exp2993,k3_final_26,A2,kvalita,1,Plná
exp2993,k3_final_26,A2,dopad,1,Neúspěch
exp2993,k3_final_26,A2,vhodnost,1,3
exp2994,k3_final_26,A2,kvalita,1,Plná
exp2994,k3_final_26,A2,dopad,1,Krátkodobý úspěch
exp2994,k3_final_26,A2,vhodnost,1,4
exp2995,k3_final_26,A2,kvalita,1,Plná
exp2995,k3_final_26,A2,dopad,1,Dlouhodobý úspěch
exp2995,k3_final_26,A2,vhodnost,1,4
exp2996,k3_final_26,A2,kvalita,1,Plná
exp2996,k3_final_26,A2,dopad,1,Dlouhodobý úspěch
exp2996,k3_final_26,A2,vhodnost,1,4
exp2997,k3_final_26,A2,kvalita,1,Plná
exp2997,k3_final_26,A2,dopad,1,Krátkodobý úspěch
exp2997,k3_final_26,A2,vhodnost,1,3
exp2998,k3_final_26,A2,kvalita,1,Plná
exp2998,k3_final_26,A2,dopad,1,Dlouhodobý úspěch
exp2998,k3_final_26,A2,vhodnost,1,4
exp2999,k3_final_26,A2,kvalita,1,Plná
exp2999,k3_final_26,A2,dopad,1,Dlouhodobý úspěch
exp2999,k3_final_26,A2,vhodnost,1,4
exp3000,k3_final_26,A2,kvalita,1,Plná
exp3000,k3_final_26,A2,dopad,1,Dlouhodobý úspěch
exp3000,k3_final_26,A2,vhodnost,1,3
exp3001,k3_final_26,A2,kvalita,1,Plochá
exp3002,k3_final_26,A2,kvalita,1,Plná
exp3002,k3_final_26,A2,dopad,1,Krátkodobý úspěch
exp3002,k3_final_26,A2,vhodnost,1,3
exp3003,k3_final_26,A2,kvalita,1,Plná
exp3003,k3_final_26,A2,dopad,1,Dlouhodobý úspěch
exp3003,k3_final_26,A2,vhodnost,1,3
exp3004,k3_final_26,A2,kvalita,1,Plná
exp3004,k3_final_26,A2,dopad,1,Krátkodobý úspěch
exp3004,k3_final_26,A2,vhodnost,1,3
exp3005,k3_final_26,A2,kvalita,1,Plná
exp3005,k3_final_26,A2,dopad,1,Dlouhodobý úspěch
exp3005,k3_final_26,A2,vhodnost,1,4
exp3006,k3_final_26,A2,kvalita,1,Plná
exp3006,k3_final_26,A2,dopad,1,Dlouhodobý úspěch
exp3006,k3_final_26,A2,vhodnost,1,4
exp3007,k3_final_26,A2,kvalita,1,Plná
exp3007,k3_final_26,A2,dopad,1,Krátkodobý úspěch
exp3007,k3_final_26,A2,vhodnost,1,3
exp3008,k3_final_26,A2,kvalita,1,Plná
exp3008,k3_final_26,A2,dopad,1,Krátkodobý úspěch
exp3008,k3_final_26,A2,vhodnost,1,4
exp3009,k3_final_26,A2,kvalita,1,Plná
exp3009,k3_final_26,A2,dopad,1,Dlouhodobý úspěch
exp3009,k3_final_26,A2,vhodnost,1,4
exp3010,k3_final_26,A2,kvalita,1,Plná
exp3010,k3_final_26,A2,dopad,1,Dlouhodobý úspěch
exp3010,k3_final_26,A2,vhodnost,1,4
exp3011,k3_final_26,A2,kvalita,1,Plná
exp3011,k3_final_26,A2,dopad,1,Dlouhodobý úspěch
exp3011,k3_final_26,A2,vhodnost,1,4
exp3012,k3_final_26,A2,kvalita,1,Plná
exp3012,k3_final_26,A2,dopad,1,Krátkodobý úspěch
exp3012,k3_final_26,A2,vhodnost,1,4
exp3013,k3_final_26,A2,kvalita,1,Plná
exp3013,k3_final_26,A2,dopad,1,Krátkodobý úspěch
exp3013,k3_final_26,A2,vhodnost,1,3
exp3014,k3_final_26,A2,kvalita,1,Plná
exp3014,k3_final_26,A2,dopad,1,Dlouhodobý úspěch
exp3014,k3_final_26,A2,vhodnost,1,4
exp3015,k3_final_26,A2,kvalita,1,Plná
exp3015,k3_final_26,A2,dopad,1,Dlouhodobý úspěch
exp3015,k3_final_26,A2,vhodnost,1,3
exp3016,k3_final_26,A2,kvalita,1,Plná
exp3016,k3_final_26,A2,dopad,1,Dlouhodobý úspěch
exp3016,k3_final_26,A2,vhodnost,1,4
exp3017,k3_final_26,A2,kvalita,1,Plná
exp3017,k3_final_26,A2,dopad,1,Krátkodobý úspěch
exp3017,k3_final_26,A2,vhodnost,1,3
exp3018,k3_final_26,A2,kvalita,1,Plná
exp3018,k3_final_26,A2,dopad,1,Dlouhodobý úspěch
exp3018,k3_final_26,A2,vhodnost,1,2
exp3019,k3_final_26,A2,kvalita,1,Plná
exp3019,k3_final_26,A2,dopad,1,Dlouhodobý úspěch
exp3019,k3_final_26,A2,vhodnost,1,4
exp3020,k3_final_26,A2,kvalita,1,Plná
exp3020,k3_final_26,A2,dopad,1,Dlouhodobý úspěch
exp3020,k3_final_26,A2,vhodnost,1,4
exp3021,k3_final_26,A2,kvalita,1,Plná
exp3021,k3_final_26,A2,dopad,1,Neúspěch
exp3021,k3_final_26,A2,vhodnost,1,4
exp3022,k3_final_26,A2,kvalita,1,Plná
exp3022,k3_final_26,A2,dopad,1,Krátkodobý úspěch
exp3022,k3_final_26,A2,vhodnost,1,3
exp3023,k3_final_26,A2,kvalita,1,Plná
exp3023,k3_final_26,A2,dopad,1,Krátkodobý úspěch
exp3023,k3_final_26,A2,vhodnost,1,2
exp3024,k3_final_26,A2,kvalita,1,Plná
exp3024,k3_final_26,A2,dopad,1,Krátkodobý úspěch
exp3024,k3_final_26,A2,vhodnost,1,3
exp3025,k3_final_26,A2,kvalita,1,Plná
exp3025,k3_final_26,A2,dopad,1,Dlouhodobý úspěch
exp3025,k3_final_26,A2,vhodnost,1,3
exp3026,k3_final_26,A2,kvalita,1,Plná
exp3026,k3_final_26,A2,dopad,1,Krátkodobý úspěch
exp3026,k3_final_26,A2,vhodnost,1,2
exp3027,k3_final_26,A2,kvalita,1,Plná
exp3027,k3_final_26,A2,dopad,1,Dlouhodobý úspěch
exp3027,k3_final_26,A2,vhodnost,1,4
exp3028,k3_final_26,A2,kvalita,1,Plná
exp3028,k3_final_26,A2,dopad,1,Neúspěch
exp3028,k3_final_26,A2,vhodnost,1,4
exp3029,k3_final_26,A2,kvalita,1,Plná
exp3029,k3_final_26,A2,dopad,1,Dlouhodobý úspěch
exp3029,k3_final_26,A2,vhodnost,1,2
exp3030,k3_final_26,A2,kvalita,1,Plná
exp3030,k3_final_26,A2,dopad,1,Dlouhodobý úspěch
exp3030,k3_final_26,A2,vhodnost,1,3
exp3031,k3_final_26,A2,kvalita,1,Plná
exp3031,k3_final_26,A2,dopad,1,Dlouhodobý úspěch
exp3031,k3_final_26,A2,vhodnost,1,3
exp3033,k3_final_26,A2,kvalita,1,Plná
exp3033,k3_final_26,A2,dopad,1,Krátkodobý úspěch
exp3033,k3_final_26,A2,vhodnost,1,3
exp3034,k3_final_26,A2,kvalita,1,Plná
exp3034,k3_final_26,A2,dopad,1,Dlouhodobý úspěch
exp3034,k3_final_26,A2,vhodnost,1,4
exp3035,k3_final_26,A2,kvalita,1,Plná
exp3035,k3_final_26,A2,dopad,1,Dlouhodobý úspěch
exp3035,k3_final_26,A2,vhodnost,1,3
exp3036,k3_final_26,A2,kvalita,1,Plná
exp3036,k3_final_26,A2,dopad,1,Dlouhodobý úspěch
exp3036,k3_final_26,A2,vhodnost,1,4
exp3037,k3_final_26,A2,kvalita,1,Plná
exp3037,k3_final_26,A2,dopad,1,Dlouhodobý úspěch
exp3037,k3_final_26,A2,vhodnost,1,3
exp3038,k3_final_26,A2,kvalita,1,Plná
exp3038,k3_final_26,A2,dopad,1,Krátkodobý úspěch
exp3038,k3_final_26,A2,vhodnost,1,3
exp3039,k3_final_26,A2,kvalita,1,Plná
exp3039,k3_final_26,A2,dopad,1,Krátkodobý úspěch
exp3039,k3_final_26,A2,vhodnost,1,4
exp3040,k3_final_26,A2,kvalita,1,Plná
exp3040,k3_final_26,A2,dopad,1,Dlouhodobý úspěch
exp3040,k3_final_26,A2,vhodnost,1,4
exp3041,k3_final_26,A2,kvalita,1,Plná
exp3041,k3_final_26,A2,dopad,1,Dlouhodobý úspěch
exp3041,k3_final_26,A2,vhodnost,1,3
exp3042,k3_final_26,A2,kvalita,1,Plná
exp3042,k3_final_26,A2,dopad,1,Dlouhodobý úspěch
exp3042,k3_final_26,A2,vhodnost,1,4
exp3043,k3_final_26,A2,kvalita,1,Plná
exp3043,k3_final_26,A2,dopad,1,Dlouhodobý úspěch
exp3043,k3_final_26,A2,vhodnost,1,4
exp3044,k3_final_26,A2,kvalita,1,Plná
exp3044,k3_final_26,A2,dopad,1,Dlouhodobý úspěch
exp3044,k3_final_26,A2,vhodnost,1,4
exp3045,k3_final_26,A2,kvalita,1,Plná
exp3045,k3_final_26,A2,dopad,1,Dlouhodobý úspěch
exp3045,k3_final_26,A2,vhodnost,1,4
exp3046,k3_final_26,A2,kvalita,1,Plná
exp3046,k3_final_26,A2,dopad,1,Krátkodobý úspěch
exp3046,k3_final_26,A2,vhodnost,1,4
exp3047,k3_final_26,A2,kvalita,1,Plná
exp3047,k3_final_26,A2,dopad,1,Dlouhodobý úspěch
exp3047,k3_final_26,A2,vhodnost,1,4
exp3048,k3_final_26,A2,kvalita,1,Plná
exp3048,k3_final_26,A2,dopad,1,Krátkodobý úspěch
exp3048,k3_final_26,A2,vhodnost,1,4
exp3049,k3_final_26,A2,kvalita,1,Plná
exp3049,k3_final_26,A2,dopad,1,Dlouhodobý úspěch
exp3049,k3_final_26,A2,vhodnost,1,4
exp3050,k3_final_26,A2,kvalita,1,Plná
exp3050,k3_final_26,A2,dopad,1,Dlouhodobý úspěch
exp3050,k3_final_26,A2,vhodnost,1,4
exp3051,k3_final_26,A2,kvalita,1,Plná
exp3051,k3_final_26,A2,dopad,1,Neúspěch
exp3051,k3_final_26,A2,vhodnost,1,4
exp3052,k3_final_26,A2,kvalita,1,Plná
exp3052,k3_final_26,A2,dopad,1,Dlouhodobý úspěch
exp3052,k3_final_26,A2,vhodnost,1,4
exp3053,k3_final_26,A2,kvalita,1,Plná
exp3053,k3_final_26,A2,dopad,1,Krátkodobý úspěch
exp3053,k3_final_26,A2,vhodnost,1,4
exp3054,k3_final_26,A2,kvalita,1,Plná
exp3054,k3_final_26,A2,dopad,1,Dlouhodobý úspěch
exp3054,k3_final_26,A2,vhodnost,1,4
exp3055,k3_final_26,A2,kvalita,1,Plná
exp3055,k3_final_26,A2,dopad,1,Dlouhodobý úspěch
exp3055,k3_final_26,A2,vhodnost,1,4
exp3056,k3_final_26,A2,kvalita,1,Plná
exp3056,k3_final_26,A2,dopad,1,Dlouhodobý úspěch
exp3056,k3_final_26,A2,vhodnost,1,4
exp3057,k3_final_26,A2,kvalita,1,Plná
exp3057,k3_final_26,A2,dopad,1,Neúspěch
exp3057,k3_final_26,A2,vhodnost,1,3
exp3058,k3_final_26,A2,kvalita,1,Plná
exp3058,k3_final_26,A2,dopad,1,Krátkodobý úspěch
exp3058,k3_final_26,A2,vhodnost,1,3
exp3059,k3_final_26,A2,kvalita,1,Plná
exp3059,k3_final_26,A2,dopad,1,Dlouhodobý úspěch
exp3059,k3_final_26,A2,vhodnost,1,4
exp3060,k3_final_26,A2,kvalita,1,Plná
exp3060,k3_final_26,A2,dopad,1,Dlouhodobý úspěch
exp3060,k3_final_26,A2,vhodnost,1,4
exp3061,k3_final_26,A2,kvalita,1,Plná
exp3061,k3_final_26,A2,dopad,1,Neúspěch
exp3061,k3_final_26,A2,vhodnost,1,4
exp3062,k3_final_26,A2,kvalita,1,Plná
exp3062,k3_final_26,A2,dopad,1,Dlouhodobý úspěch
exp3062,k3_final_26,A2,vhodnost,1,4
exp3063,k3_final_26,A2,kvalita,1,Plná
exp3063,k3_final_26,A2,dopad,1,Neúspěch
exp3063,k3_final_26,A2,vhodnost,1,3
exp3064,k3_final_26,A2,kvalita,1,Plná
exp3064,k3_final_26,A2,dopad,1,Neúspěch
exp3064,k3_final_26,A2,vhodnost,1,4
exp3065,k3_final_26,A2,kvalita,1,Plná
exp3065,k3_final_26,A2,dopad,1,Dlouhodobý úspěch
exp3065,k3_final_26,A2,vhodnost,1,4
exp3066,k3_final_26,A2,kvalita,1,Plná
exp3066,k3_final_26,A2,dopad,1,Dlouhodobý úspěch
exp3066,k3_final_26,A2,vhodnost,1,3
exp3067,k3_final_26,A2,kvalita,1,Plná
exp3067,k3_final_26,A2,dopad,1,Dlouhodobý úspěch
exp3067,k3_final_26,A2,vhodnost,1,4
exp3068,k3_final_26,A2,kvalita,1,Plná
exp3068,k3_final_26,A2,dopad,1,Krátkodobý úspěch
exp3068,k3_final_26,A2,vhodnost,1,3
exp3069,k3_final_26,A2,kvalita,1,Plná
exp3069,k3_final_26,A2,dopad,1,Dlouhodobý úspěch
exp3069,k3_final_26,A2,vhodnost,1,4
exp3070,k3_final_26,A2,kvalita,1,Plná
exp3070,k3_final_26,A2,dopad,1,Krátkodobý úspěch
exp3070,k3_final_26,A2,vhodnost,1,3
exp3071,k3_final_26,A2,kvalita,1,Plná
exp3071,k3_final_26,A2,dopad,1,Neúspěch
exp3071,k3_final_26,A2,vhodnost,1,4
exp3072,k3_final_26,A2,kvalita,1,Plná
exp3072,k3_final_26,A2,dopad,1,Dlouhodobý úspěch
exp3072,k3_final_26,A2,vhodnost,1,4
exp3073,k3_final_26,A2,kvalita,1,Plná
exp3073,k3_final_26,A2,dopad,1,Krátkodobý úspěch
exp3073,k3_final_26,A2,vhodnost,1,2
exp3074,k3_final_26,A2,kvalita,1,Plná
exp3074,k3_final_26,A2,dopad,1,Dlouhodobý úspěch
exp3074,k3_final_26,A2,vhodnost,1,4
exp3075,k3_final_26,A2,kvalita,1,Plná
exp3075,k3_final_26,A2,dopad,1,Krátkodobý úspěch
exp3075,k3_final_26,A2,vhodnost,1,3
exp3076,k3_final_26,A2,kvalita,1,Plná
exp3076,k3_final_26,A2,dopad,1,Dlouhodobý úspěch
exp3076,k3_final_26,A2,vhodnost,1,3
exp3077,k3_final_26,A2,kvalita,1,Plná
exp3077,k3_final_26,A2,dopad,1,Krátkodobý úspěch
exp3077,k3_final_26,A2,vhodnost,1,4
exp3078,k3_final_26,A2,kvalita,1,Plná
exp3078,k3_final_26,A2,dopad,1,Dlouhodobý úspěch
exp3078,k3_final_26,A2,vhodnost,1,4
exp3079,k3_final_26,A2,kvalita,1,Plná
exp3079,k3_final_26,A2,dopad,1,Krátkodobý úspěch
exp3079,k3_final_26,A2,vhodnost,1,3
exp3080,k3_final_26,A2,kvalita,1,Plná
exp3080,k3_final_26,A2,dopad,1,Krátkodobý úspěch
exp3080,k3_final_26,A2,vhodnost,1,4
exp3081,k3_final_26,A2,kvalita,1,Plná
exp3081,k3_final_26,A2,dopad,1,Krátkodobý úspěch
exp3081,k3_final_26,A2,vhodnost,1,3
exp3082,k3_final_26,A2,kvalita,1,Plná
exp3082,k3_final_26,A2,dopad,1,Dlouhodobý úspěch
exp3082,k3_final_26,A2,vhodnost,1,4
exp3083,k3_final_26,A2,kvalita,1,Plná
exp3083,k3_final_26,A2,dopad,1,Dlouhodobý úspěch
exp3083,k3_final_26,A2,vhodnost,1,3
exp3084,k3_final_26,A2,kvalita,1,Plná
exp3084,k3_final_26,A2,dopad,1,Neúspěch
exp3084,k3_final_26,A2,vhodnost,1,2
exp3085,k3_final_26,A2,kvalita,1,Plná
exp3085,k3_final_26,A2,dopad,1,Krátkodobý úspěch
exp3085,k3_final_26,A2,vhodnost,1,3
exp3086,k3_final_26,A2,kvalita,1,Plná
exp3086,k3_final_26,A2,dopad,1,Krátkodobý úspěch
exp3086,k3_final_26,A2,vhodnost,1,4
exp3087,k3_final_26,A2,kvalita,1,Plná
exp3087,k3_final_26,A2,dopad,1,Dlouhodobý úspěch
exp3087,k3_final_26,A2,vhodnost,1,4
exp3088,k3_final_26,A2,kvalita,1,Plná
exp3088,k3_final_26,A2,dopad,1,Krátkodobý úspěch
exp3088,k3_final_26,A2,vhodnost,1,3
exp3089,k3_final_26,A2,kvalita,1,Plná
exp3089,k3_final_26,A2,dopad,1,Krátkodobý úspěch
exp3089,k3_final_26,A2,vhodnost,1,4
exp3090,k3_final_26,A2,kvalita,1,Plná
exp3090,k3_final_26,A2,dopad,1,Dlouhodobý úspěch
exp3090,k3_final_26,A2,vhodnost,1,4
exp3091,k3_final_26,A2,kvalita,1,Plná
exp3091,k3_final_26,A2,dopad,1,Dlouhodobý úspěch
exp3091,k3_final_26,A2,vhodnost,1,4
exp3092,k3_final_26,A2,kvalita,1,Plná
exp3092,k3_final_26,A2,dopad,1,Neúspěch
exp3092,k3_final_26,A2,vhodnost,1,2
exp3093,k3_final_26,A2,kvalita,1,Plná
exp3093,k3_final_26,A2,dopad,1,Neúspěch
exp3093,k3_final_26,A2,vhodnost,1,2
exp3094,k3_final_26,A2,kvalita,1,Plná
exp3094,k3_final_26,A2,dopad,1,Krátkodobý úspěch
exp3094,k3_final_26,A2,vhodnost,1,4
exp3095,k3_final_26,A2,kvalita,1,Plná
exp3095,k3_final_26,A2,dopad,1,Dlouhodobý úspěch
exp3095,k3_final_26,A2,vhodnost,1,3
exp3096,k3_final_26,A2,kvalita,1,Plná
exp3096,k3_final_26,A2,dopad,1,Neúspěch
exp3096,k3_final_26,A2,vhodnost,1,3
exp3097,k3_final_26,A2,kvalita,1,Plná
exp3097,k3_final_26,A2,dopad,1,Neúspěch
exp3097,k3_final_26,A2,vhodnost,1,3
exp3098,k3_final_26,A2,kvalita,1,Plná
exp3098,k3_final_26,A2,dopad,1,Dlouhodobý úspěch
exp3098,k3_final_26,A2,vhodnost,1,4
exp3100,k3_final_26,A2,kvalita,1,Plná
exp3100,k3_final_26,A2,dopad,1,Dlouhodobý úspěch
exp3100,k3_final_26,A2,vhodnost,1,3
exp3101,k3_final_26,A2,kvalita,1,Plná
exp3101,k3_final_26,A2,dopad,1,Dlouhodobý úspěch
exp3101,k3_final_26,A2,vhodnost,1,4
exp3102,k3_final_26,A2,kvalita,1,Plná
exp3102,k3_final_26,A2,dopad,1,Dlouhodobý úspěch
exp3102,k3_final_26,A2,vhodnost,1,3
exp3103,k3_final_26,A2,kvalita,1,Plná
exp3103,k3_final_26,A2,dopad,1,Neúspěch
exp3103,k3_final_26,A2,vhodnost,1,3
exp3104,k3_final_26,A2,kvalita,1,Plná
exp3104,k3_final_26,A2,dopad,1,Krátkodobý úspěch
exp3104,k3_final_26,A2,vhodnost,1,3
exp3105,k3_final_26,A2,kvalita,1,Plná
exp3105,k3_final_26,A2,dopad,1,Krátkodobý úspěch
exp3105,k3_final_26,A2,vhodnost,1,3
exp3106,k3_final_26,A2,kvalita,1,Plná
exp3106,k3_final_26,A2,dopad,1,Neúspěch
exp3106,k3_final_26,A2,vhodnost,1,2
exp3107,k3_final_26,A2,kvalita,1,Plochá
exp3108,k3_final_26,A2,kvalita,1,Plná
exp3108,k3_final_26,A2,dopad,1,Krátkodobý úspěch
exp3108,k3_final_26,A2,vhodnost,1,3
exp3109,k3_final_26,A2,kvalita,1,Plná
exp3109,k3_final_26,A2,dopad,1,Dlouhodobý úspěch
exp3109,k3_final_26,A2,vhodnost,1,4
exp3110,k3_final_26,A2,kvalita,1,Plná
exp3110,k3_final_26,A2,dopad,1,Krátkodobý úspěch
exp3110,k3_final_26,A2,vhodnost,1,3
exp3111,k3_final_26,A2,kvalita,1,Plná
exp3111,k3_final_26,A2,dopad,1,Krátkodobý úspěch
exp3111,k3_final_26,A2,vhodnost,1,3
exp3112,k3_final_26,A2,kvalita,1,Plná
exp3112,k3_final_26,A2,dopad,1,Dlouhodobý úspěch
exp3112,k3_final_26,A2,vhodnost,1,4
exp3114,k3_final_26,A2,kvalita,1,Plná
exp3114,k3_final_26,A2,dopad,1,Krátkodobý úspěch
exp3114,k3_final_26,A2,vhodnost,1,3
exp3115,k3_final_26,A2,kvalita,1,Plná
exp3115,k3_final_26,A2,dopad,1,Dlouhodobý úspěch
exp3115,k3_final_26,A2,vhodnost,1,4
exp3116,k3_final_26,A2,kvalita,1,Plná
exp3116,k3_final_26,A2,dopad,1,Dlouhodobý úspěch
exp3116,k3_final_26,A2,vhodnost,1,3
exp3117,k3_final_26,A2,kvalita,1,Plná
exp3117,k3_final_26,A2,dopad,1,Neúspěch
exp3117,k3_final_26,A2,vhodnost,1,4
exp3118,k3_final_26,A2,kvalita,1,Plná
exp3118,k3_final_26,A2,dopad,1,Dlouhodobý úspěch
exp3118,k3_final_26,A2,vhodnost,1,4
exp3119,k3_final_26,A2,kvalita,1,Plná
exp3119,k3_final_26,A2,dopad,1,Dlouhodobý úspěch
exp3119,k3_final_26,A2,vhodnost,1,4
exp3120,k3_final_26,A2,kvalita,1,Plochá
exp3120,k3_final_26,A2,vhodnost,1,4
exp3121,k3_final_26,A2,kvalita,1,Plná
exp3121,k3_final_26,A2,dopad,1,Neúspěch
exp3121,k3_final_26,A2,vhodnost,1,4
exp3122,k3_final_26,A2,kvalita,1,Plná
exp3122,k3_final_26,A2,dopad,1,Krátkodobý úspěch
exp3122,k3_final_26,A2,vhodnost,1,4
exp3123,k3_final_26,A2,kvalita,1,Plná
exp3123,k3_final_26,A2,dopad,1,Dlouhodobý úspěch
exp3123,k3_final_26,A2,vhodnost,1,4
exp3124,k3_final_26,A2,kvalita,1,Plná
exp3124,k3_final_26,A2,dopad,1,Neúspěch
exp3124,k3_final_26,A2,vhodnost,1,2
exp3125,k3_final_26,A2,kvalita,1,Plná
exp3125,k3_final_26,A2,dopad,1,Dlouhodobý úspěch
exp3125,k3_final_26,A2,vhodnost,1,4
exp3126,k3_final_26,A2,kvalita,1,Plná
exp3126,k3_final_26,A2,dopad,1,Dlouhodobý úspěch
exp3126,k3_final_26,A2,vhodnost,1,4
exp3127,k3_final_26,A2,kvalita,1,Plná
exp3127,k3_final_26,A2,dopad,1,Dlouhodobý úspěch
exp3127,k3_final_26,A2,vhodnost,1,4
exp3128,k3_final_26,A2,kvalita,1,Plná
exp3128,k3_final_26,A2,dopad,1,Dlouhodobý úspěch
exp3128,k3_final_26,A2,vhodnost,1,4
exp3129,k3_final_26,A2,kvalita,1,Plná
exp3129,k3_final_26,A2,dopad,1,Dlouhodobý úspěch
exp3129,k3_final_26,A2,vhodnost,1,4
exp3130,k3_final_26,A2,kvalita,1,Plná
exp3130,k3_final_26,A2,dopad,1,Krátkodobý úspěch
exp3130,k3_final_26,A2,vhodnost,1,2
exp3131,k3_final_26,A2,kvalita,1,Plná
exp3131,k3_final_26,A2,dopad,1,Krátkodobý úspěch
exp3131,k3_final_26,A2,vhodnost,1,3
exp3132,k3_final_26,A2,kvalita,1,Plná
exp3132,k3_final_26,A2,dopad,1,Dlouhodobý úspěch
exp3132,k3_final_26,A2,vhodnost,1,3
exp3133,k3_final_26,A2,kvalita,1,Plná
exp3133,k3_final_26,A2,dopad,1,Dlouhodobý úspěch
exp3133,k3_final_26,A2,vhodnost,1,4
exp3134,k3_final_26,A2,kvalita,1,Plná
exp3134,k3_final_26,A2,dopad,1,Krátkodobý úspěch
exp3134,k3_final_26,A2,vhodnost,1,4
exp3135,k3_final_26,A2,kvalita,1,Plná
exp3135,k3_final_26,A2,dopad,1,Krátkodobý úspěch
exp3135,k3_final_26,A2,vhodnost,1,2
exp3136,k3_final_26,A2,kvalita,1,Plná
exp3136,k3_final_26,A2,dopad,1,Dlouhodobý úspěch
exp3136,k3_final_26,A2,vhodnost,1,4
exp3137,k3_final_26,A2,kvalita,1,Plná
exp3137,k3_final_26,A2,dopad,1,Dlouhodobý úspěch
exp3137,k3_final_26,A2,vhodnost,1,4
exp3138,k3_final_26,A2,kvalita,1,Plná
exp3138,k3_final_26,A2,dopad,1,Dlouhodobý úspěch
exp3138,k3_final_26,A2,vhodnost,1,3
exp3139,k3_final_26,A2,kvalita,1,Plná
exp3139,k3_final_26,A2,dopad,1,Dlouhodobý úspěch
exp3139,k3_final_26,A2,vhodnost,1,4
exp3140,k3_final_26,A2,kvalita,1,Plná
exp3140,k3_final_26,A2,dopad,1,Dlouhodobý úspěch
exp3140,k3_final_26,A2,vhodnost,1,4
exp3141,k3_final_26,A2,kvalita,1,Plná
exp3141,k3_final_26,A2,dopad,1,Dlouhodobý úspěch
exp3141,k3_final_26,A2,vhodnost,1,3
exp3142,k3_final_26,A2,kvalita,1,Plná
exp3142,k3_final_26,A2,dopad,1,Dlouhodobý úspěch
exp3142,k3_final_26,A2,vhodnost,1,4
exp3143,k3_final_26,A2,kvalita,1,Plná
exp3143,k3_final_26,A2,dopad,1,Krátkodobý úspěch
exp3143,k3_final_26,A2,vhodnost,1,2
exp3144,k3_final_26,A2,kvalita,1,Plná
exp3144,k3_final_26,A2,dopad,1,Krátkodobý úspěch
exp3144,k3_final_26,A2,vhodnost,1,3
exp3145,k3_final_26,A2,kvalita,1,Plná
exp3145,k3_final_26,A2,dopad,1,Neúspěch
exp3145,k3_final_26,A2,vhodnost,1,3
exp3146,k3_final_26,A2,kvalita,1,Plochá
exp3147,k3_final_26,A2,kvalita,1,Plná
exp3147,k3_final_26,A2,dopad,1,Dlouhodobý úspěch
exp3147,k3_final_26,A2,vhodnost,1,4
exp3148,k3_final_26,A2,kvalita,1,Plná
exp3148,k3_final_26,A2,dopad,1,Dlouhodobý úspěch
exp3148,k3_final_26,A2,vhodnost,1,3
exp3149,k3_final_26,A2,kvalita,1,Plná
exp3149,k3_final_26,A2,dopad,1,Krátkodobý úspěch
exp3149,k3_final_26,A2,vhodnost,1,2
exp3151,k3_final_26,A2,kvalita,1,Plná
exp3151,k3_final_26,A2,dopad,1,Neúspěch
exp3151,k3_final_26,A2,vhodnost,1,4
exp3150,k3_final_26,A2,kvalita,1,Plná
exp3150,k3_final_26,A2,dopad,1,Dlouhodobý úspěch
exp3150,k3_final_26,A2,vhodnost,1,3
exp3152,k3_final_26,A2,kvalita,1,Plná
exp3152,k3_final_26,A2,dopad,1,Dlouhodobý úspěch
exp3152,k3_final_26,A2,vhodnost,1,4
exp3153,k3_final_26,A2,kvalita,1,Plná
exp3153,k3_final_26,A2,dopad,1,Neúspěch
exp3153,k3_final_26,A2,vhodnost,1,2
exp3154,k3_final_26,A2,kvalita,1,Plná
exp3154,k3_final_26,A2,dopad,1,Dlouhodobý úspěch
exp3154,k3_final_26,A2,vhodnost,1,3
exp3155,k3_final_26,A2,kvalita,1,Plná
exp3155,k3_final_26,A2,dopad,1,Dlouhodobý úspěch
exp3155,k3_final_26,A2,vhodnost,1,4
exp3156,k3_final_26,A2,kvalita,1,Plná
exp3156,k3_final_26,A2,dopad,1,Dlouhodobý úspěch
exp3156,k3_final_26,A2,vhodnost,1,3
exp3157,k3_final_26,A2,kvalita,1,Plná
exp3157,k3_final_26,A2,dopad,1,Dlouhodobý úspěch
exp3157,k3_final_26,A2,vhodnost,1,3
exp3158,k3_final_26,A2,kvalita,1,Plná
exp3158,k3_final_26,A2,dopad,1,Krátkodobý úspěch
exp3158,k3_final_26,A2,vhodnost,1,2
exp3159,k3_final_26,A2,kvalita,1,Plná
exp3159,k3_final_26,A2,dopad,1,Dlouhodobý úspěch
exp3159,k3_final_26,A2,vhodnost,1,3
exp3160,k3_final_26,A2,kvalita,1,Plná
exp3160,k3_final_26,A2,dopad,1,Dlouhodobý úspěch
exp3160,k3_final_26,A2,vhodnost,1,4
exp3161,k3_final_26,A2,kvalita,1,Plná
exp3161,k3_final_26,A2,dopad,1,Neúspěch
exp3161,k3_final_26,A2,vhodnost,1,3
exp3162,k3_final_26,A2,kvalita,1,Plná
exp3162,k3_final_26,A2,dopad,1,Krátkodobý úspěch
exp3162,k3_final_26,A2,vhodnost,1,2
exp3163,k3_final_26,A2,kvalita,1,Plná
exp3163,k3_final_26,A2,dopad,1,Krátkodobý úspěch
exp3163,k3_final_26,A2,vhodnost,1,2
exp3164,k3_final_26,A2,kvalita,1,Plná
exp3164,k3_final_26,A2,dopad,1,Dlouhodobý úspěch
exp3164,k3_final_26,A2,vhodnost,1,4
exp3165,k3_final_26,A2,kvalita,1,Plná
exp3165,k3_final_26,A2,dopad,1,Krátkodobý úspěch
exp3165,k3_final_26,A2,vhodnost,1,2
exp3166,k3_final_26,A2,kvalita,1,Plná
exp3166,k3_final_26,A2,dopad,1,Krátkodobý úspěch
exp3166,k3_final_26,A2,vhodnost,1,4
exp3167,k3_final_26,A2,kvalita,1,Plná
exp3167,k3_final_26,A2,dopad,1,Krátkodobý úspěch
exp3167,k3_final_26,A2,vhodnost,1,3
exp3168,k3_final_26,A2,kvalita,1,Plná
exp3168,k3_final_26,A2,dopad,1,Krátkodobý úspěch
exp3168,k3_final_26,A2,vhodnost,1,4
exp3169,k3_final_26,A2,kvalita,1,Plná
exp3169,k3_final_26,A2,dopad,1,Dlouhodobý úspěch
exp3169,k3_final_26,A2,vhodnost,1,4
exp3170,k3_final_26,A2,kvalita,1,Plná
exp3170,k3_final_26,A2,dopad,1,Krátkodobý úspěch
exp3170,k3_final_26,A2,vhodnost,1,4
exp3171,k3_final_26,A2,kvalita,1,Plochá
exp3172,k3_final_26,A2,kvalita,1,Plná
exp3172,k3_final_26,A2,dopad,1,Dlouhodobý úspěch
exp3172,k3_final_26,A2,vhodnost,1,4
exp3173,k3_final_26,A2,kvalita,1,Plná
exp3173,k3_final_26,A2,dopad,1,Dlouhodobý úspěch
exp3173,k3_final_26,A2,vhodnost,1,4
exp3174,k3_final_26,A2,kvalita,1,Plná
exp3174,k3_final_26,A2,dopad,1,Dlouhodobý úspěch
exp3174,k3_final_26,A2,vhodnost,1,4
exp3175,k3_final_26,A2,kvalita,1,Plná
exp3175,k3_final_26,A2,dopad,1,Dlouhodobý úspěch
exp3175,k3_final_26,A2,vhodnost,1,3
exp3176,k3_final_26,A2,kvalita,1,Plná
exp3176,k3_final_26,A2,dopad,1,Krátkodobý úspěch
exp3176,k3_final_26,A2,vhodnost,1,3
exp3177,k3_final_26,A2,kvalita,1,Plná
exp3177,k3_final_26,A2,dopad,1,Dlouhodobý úspěch
exp3177,k3_final_26,A2,vhodnost,1,4
exp3178,k3_final_26,A2,kvalita,1,Plná
exp3178,k3_final_26,A2,dopad,1,Dlouhodobý úspěch
exp3178,k3_final_26,A2,vhodnost,1,4
exp3179,k3_final_26,A2,kvalita,1,Plná
exp3179,k3_final_26,A2,dopad,1,Krátkodobý úspěch
exp3179,k3_final_26,A2,vhodnost,1,3
exp3180,k3_final_26,A2,kvalita,1,Plochá
exp3181,k3_final_26,A2,kvalita,1,Plná
exp3181,k3_final_26,A2,dopad,1,Dlouhodobý úspěch
exp3181,k3_final_26,A2,vhodnost,1,4
exp3182,k3_final_26,A2,kvalita,1,Plná
exp3182,k3_final_26,A2,dopad,1,Neúspěch
exp3182,k3_final_26,A2,vhodnost,1,2
exp3183,k3_final_26,A2,kvalita,1,Plná
exp3183,k3_final_26,A2,dopad,1,Krátkodobý úspěch
exp3183,k3_final_26,A2,vhodnost,1,3
exp3184,k3_final_26,A2,kvalita,1,Plná
exp3184,k3_final_26,A2,dopad,1,Dlouhodobý úspěch
exp3184,k3_final_26,A2,vhodnost,1,4
exp3185,k3_final_26,A2,kvalita,1,Plná
exp3185,k3_final_26,A2,dopad,1,Krátkodobý úspěch
exp3185,k3_final_26,A2,vhodnost,1,3
exp3186,k3_final_26,A2,kvalita,1,Plochá
exp3187,k3_final_26,A2,kvalita,1,Plná
exp3187,k3_final_26,A2,dopad,1,Neúspěch
exp3187,k3_final_26,A2,vhodnost,1,3
exp3188,k3_final_26,A2,kvalita,1,Plná
exp3188,k3_final_26,A2,dopad,1,Dlouhodobý úspěch
exp3188,k3_final_26,A2,vhodnost,1,4
exp3189,k3_final_26,A2,kvalita,1,Plná
exp3189,k3_final_26,A2,dopad,1,Krátkodobý úspěch
exp3189,k3_final_26,A2,vhodnost,1,3
exp3190,k3_final_26,A2,kvalita,1,Plná
exp3190,k3_final_26,A2,dopad,1,Dlouhodobý úspěch
exp3190,k3_final_26,A2,vhodnost,1,4
exp3192,k3_final_26,A2,kvalita,1,Plná
exp3192,k3_final_26,A2,dopad,1,Dlouhodobý úspěch
exp3192,k3_final_26,A2,vhodnost,1,3
exp3193,k3_final_26,A2,kvalita,1,Plochá
exp3193,k3_final_26,A2,dopad,1,Dlouhodobý úspěch
exp3193,k3_final_26,A2,vhodnost,1,2
exp3194,k3_final_26,A2,kvalita,1,Plná
exp3194,k3_final_26,A2,dopad,1,Dlouhodobý úspěch
exp3194,k3_final_26,A2,vhodnost,1,3
exp3195,k3_final_26,A2,kvalita,1,Plná
exp3195,k3_final_26,A2,dopad,1,Dlouhodobý úspěch
exp3195,k3_final_26,A2,vhodnost,1,4
exp3196,k3_final_26,A2,kvalita,1,Plná
exp3196,k3_final_26,A2,dopad,1,Dlouhodobý úspěch
exp3196,k3_final_26,A2,vhodnost,1,3
exp3197,k3_final_26,A2,kvalita,1,Plná
exp3197,k3_final_26,A2,dopad,1,Dlouhodobý úspěch
exp3197,k3_final_26,A2,vhodnost,1,4
exp3198,k3_final_26,A2,kvalita,1,Plná
exp3198,k3_final_26,A2,dopad,1,Krátkodobý úspěch
exp3198,k3_final_26,A2,vhodnost,1,4
exp3199,k3_final_26,A2,kvalita,1,Plná
exp3199,k3_final_26,A2,dopad,1,Krátkodobý úspěch
exp3199,k3_final_26,A2,vhodnost,1,3
exp3200,k3_final_26,A2,kvalita,1,Plná
exp3200,k3_final_26,A2,dopad,1,Dlouhodobý úspěch
exp3200,k3_final_26,A2,vhodnost,1,4
exp3201,k3_final_26,A2,kvalita,1,Plná
exp3201,k3_final_26,A2,dopad,1,Dlouhodobý úspěch
exp3201,k3_final_26,A2,vhodnost,1,4
exp3202,k3_final_26,A2,kvalita,1,Plná
exp3202,k3_final_26,A2,dopad,1,Dlouhodobý úspěch
exp3202,k3_final_26,A2,vhodnost,1,4
exp3203,k3_final_26,A2,kvalita,1,Plochá
exp3204,k3_final_26,A2,kvalita,1,Plná
exp3204,k3_final_26,A2,dopad,1,Neúspěch
exp3204,k3_final_26,A2,vhodnost,1,2
exp3205,k3_final_26,A2,kvalita,1,Plná
exp3205,k3_final_26,A2,dopad,1,Dlouhodobý úspěch
exp3205,k3_final_26,A2,vhodnost,1,4
exp3206,k3_final_26,A2,kvalita,1,Plná
exp3206,k3_final_26,A2,dopad,1,Dlouhodobý úspěch
exp3206,k3_final_26,A2,vhodnost,1,4
exp3207,k3_final_26,A2,kvalita,1,Plná
exp3207,k3_final_26,A2,dopad,1,Krátkodobý úspěch
exp3207,k3_final_26,A2,vhodnost,1,4
exp3208,k3_final_26,A2,kvalita,1,Plná
exp3208,k3_final_26,A2,dopad,1,Krátkodobý úspěch
exp3208,k3_final_26,A2,vhodnost,1,2
exp3209,k3_final_26,A2,kvalita,1,Plná
exp3209,k3_final_26,A2,dopad,1,Dlouhodobý úspěch
exp3209,k3_final_26,A2,vhodnost,1,3
exp3210,k3_final_26,A2,kvalita,1,Plná
exp3210,k3_final_26,A2,dopad,1,Dlouhodobý úspěch
exp3210,k3_final_26,A2,vhodnost,1,4
exp3211,k3_final_26,A2,kvalita,1,Plná
exp3211,k3_final_26,A2,dopad,1,Dlouhodobý úspěch
exp3211,k3_final_26,A2,vhodnost,1,4
exp3212,k3_final_26,A2,kvalita,1,Plná
exp3212,k3_final_26,A2,dopad,1,Krátkodobý úspěch
exp3212,k3_final_26,A2,vhodnost,1,3
exp3213,k3_final_26,A2,kvalita,1,Plná
exp3213,k3_final_26,A2,dopad,1,Krátkodobý úspěch
exp3213,k3_final_26,A2,vhodnost,1,4
exp3214,k3_final_26,A2,kvalita,1,Plná
exp3214,k3_final_26,A2,dopad,1,Neúspěch
exp3214,k3_final_26,A2,vhodnost,1,4
exp3215,k3_final_26,A2,kvalita,1,Plná
exp3215,k3_final_26,A2,dopad,1,Neúspěch
exp3215,k3_final_26,A2,vhodnost,1,3
exp3216,k3_final_26,A2,kvalita,1,Plochá
exp3217,k3_final_26,A2,kvalita,1,Plná
exp3217,k3_final_26,A2,dopad,1,Krátkodobý úspěch
exp3217,k3_final_26,A2,vhodnost,1,3
exp3218,k3_final_26,A2,kvalita,1,Plná
exp3218,k3_final_26,A2,dopad,1,Krátkodobý úspěch
exp3218,k3_final_26,A2,vhodnost,1,4
exp3219,k3_final_26,A2,kvalita,1,Plná
exp3219,k3_final_26,A2,dopad,1,Neúspěch
exp3219,k3_final_26,A2,vhodnost,1,4
exp3220,k3_final_26,A2,kvalita,1,Plná
exp3220,k3_final_26,A2,dopad,1,Dlouhodobý úspěch
exp3220,k3_final_26,A2,vhodnost,1,4
exp3221,k3_final_26,A2,kvalita,1,Plná
exp3221,k3_final_26,A2,dopad,1,Neúspěch
exp3221,k3_final_26,A2,vhodnost,1,2
exp3222,k3_final_26,A2,kvalita,1,Plná
exp3222,k3_final_26,A2,dopad,1,Neúspěch
exp3222,k3_final_26,A2,vhodnost,1,4
exp3223,k3_final_26,A2,kvalita,1,Plná
exp3223,k3_final_26,A2,dopad,1,Krátkodobý úspěch
exp3223,k3_final_26,A2,vhodnost,1,3
exp3224,k3_final_26,A2,kvalita,1,Plná
exp3224,k3_final_26,A2,dopad,1,Neúspěch
exp3224,k3_final_26,A2,vhodnost,1,3
exp3225,k3_final_26,A2,kvalita,1,Plná
exp3225,k3_final_26,A2,dopad,1,Neúspěch
exp3225,k3_final_26,A2,vhodnost,1,3
exp3226,k3_final_26,A2,kvalita,1,Plná
exp3226,k3_final_26,A2,dopad,1,Dlouhodobý úspěch
exp3226,k3_final_26,A2,vhodnost,1,4
exp3227,k3_final_26,A2,kvalita,1,Plochá
exp3228,k3_final_26,A2,kvalita,1,Plná
exp3228,k3_final_26,A2,dopad,1,Dlouhodobý úspěch
exp3228,k3_final_26,A2,vhodnost,1,4
exp3229,k3_final_26,A2,kvalita,1,Plná
exp3229,k3_final_26,A2,dopad,1,Dlouhodobý úspěch
exp3229,k3_final_26,A2,vhodnost,1,4
exp3230,k3_final_26,A2,kvalita,1,Plná
exp3230,k3_final_26,A2,dopad,1,Dlouhodobý úspěch
exp3230,k3_final_26,A2,vhodnost,1,3
exp3231,k3_final_26,A2,kvalita,1,Plná
exp3231,k3_final_26,A2,dopad,1,Dlouhodobý úspěch
exp3231,k3_final_26,A2,vhodnost,1,3
exp3232,k3_final_26,A2,kvalita,1,Plochá
exp3233,k3_final_26,A2,kvalita,1,Plná
exp3233,k3_final_26,A2,dopad,1,Krátkodobý úspěch
exp3233,k3_final_26,A2,vhodnost,1,4
exp3234,k3_final_26,A2,kvalita,1,Plná
exp3234,k3_final_26,A2,dopad,1,Dlouhodobý úspěch
exp3234,k3_final_26,A2,vhodnost,1,4
exp3235,k3_final_26,A2,kvalita,1,Plná
exp3235,k3_final_26,A2,dopad,1,Dlouhodobý úspěch
exp3235,k3_final_26,A2,vhodnost,1,4
exp3236,k3_final_26,A2,kvalita,1,Plná
exp3236,k3_final_26,A2,dopad,1,Dlouhodobý úspěch
exp3236,k3_final_26,A2,vhodnost,1,3
exp3237,k3_final_26,A2,kvalita,1,Plochá
exp3238,k3_final_26,A2,kvalita,1,Plná
exp3238,k3_final_26,A2,dopad,1,Krátkodobý úspěch
exp3238,k3_final_26,A2,vhodnost,1,2
exp3239,k3_final_26,A2,kvalita,1,Plná
exp3239,k3_final_26,A2,dopad,1,Dlouhodobý úspěch
exp3239,k3_final_26,A2,vhodnost,1,4
exp3240,k3_final_26,A2,kvalita,1,Plochá
exp3241,k3_final_26,A2,kvalita,1,Plná
exp3241,k3_final_26,A2,dopad,1,Dlouhodobý úspěch
exp3241,k3_final_26,A2,vhodnost,1,4
exp3242,k3_final_26,A2,kvalita,1,Plná
exp3242,k3_final_26,A2,dopad,1,Krátkodobý úspěch
exp3242,k3_final_26,A2,vhodnost,1,4
exp3243,k3_final_26,A2,kvalita,1,Plná
exp3243,k3_final_26,A2,dopad,1,Krátkodobý úspěch
exp3243,k3_final_26,A2,vhodnost,1,4
exp3244,k3_final_26,A2,kvalita,1,Plná
exp3244,k3_final_26,A2,dopad,1,Dlouhodobý úspěch
exp3244,k3_final_26,A2,vhodnost,1,4
exp3245,k3_final_26,A2,kvalita,1,Plná
exp3245,k3_final_26,A2,dopad,1,Dlouhodobý úspěch
exp3245,k3_final_26,A2,vhodnost,1,4
exp3246,k3_final_26,A2,kvalita,1,Plná
exp3246,k3_final_26,A2,dopad,1,Dlouhodobý úspěch
exp3246,k3_final_26,A2,vhodnost,1,3
exp3247,k3_final_26,A2,kvalita,1,Plná
exp3247,k3_final_26,A2,dopad,1,Krátkodobý úspěch
exp3247,k3_final_26,A2,vhodnost,1,3
exp3248,k3_final_26,A2,kvalita,1,Plochá
exp3249,k3_final_26,A2,kvalita,1,Plná
exp3249,k3_final_26,A2,dopad,1,Dlouhodobý úspěch
exp3249,k3_final_26,A2,vhodnost,1,4
exp3250,k3_final_26,A2,kvalita,1,Plná
exp3250,k3_final_26,A2,dopad,1,Dlouhodobý úspěch
exp3250,k3_final_26,A2,vhodnost,1,4
exp3251,k3_final_26,A2,kvalita,1,Plná
exp3251,k3_final_26,A2,dopad,1,Neúspěch
exp3251,k3_final_26,A2,vhodnost,1,3
exp3252,k3_final_26,A2,kvalita,1,Plochá
exp3253,k3_final_26,A2,kvalita,1,Plná
exp3253,k3_final_26,A2,dopad,1,Dlouhodobý úspěch
exp3253,k3_final_26,A2,vhodnost,1,4
exp3254,k3_final_26,A2,kvalita,1,Plochá
exp3255,k3_final_26,A2,kvalita,1,Plochá
exp3256,k3_final_26,A2,kvalita,1,Plná
exp3256,k3_final_26,A2,dopad,1,Dlouhodobý úspěch
exp3256,k3_final_26,A2,vhodnost,1,3
exp3257,k3_final_26,A2,kvalita,1,Plná
exp3257,k3_final_26,A2,dopad,1,Krátkodobý úspěch
exp3257,k3_final_26,A2,vhodnost,1,3
exp3258,k3_final_26,A2,kvalita,1,Plná
exp3258,k3_final_26,A2,dopad,1,Dlouhodobý úspěch
exp3258,k3_final_26,A2,vhodnost,1,4
exp3259,k3_final_26,A2,kvalita,1,Plná
exp3259,k3_final_26,A2,dopad,1,Krátkodobý úspěch
exp3259,k3_final_26,A2,vhodnost,1,2
exp3260,k3_final_26,A2,kvalita,1,Plná
exp3260,k3_final_26,A2,dopad,1,Dlouhodobý úspěch
exp3260,k3_final_26,A2,vhodnost,1,3
exp3261,k3_final_26,A2,kvalita,1,Plná
exp3261,k3_final_26,A2,dopad,1,Krátkodobý úspěch
exp3261,k3_final_26,A2,vhodnost,1,3
exp3262,k3_final_26,A2,kvalita,1,Plná
exp3262,k3_final_26,A2,dopad,1,Krátkodobý úspěch
exp3262,k3_final_26,A2,vhodnost,1,3
exp3263,k3_final_26,A2,kvalita,1,Plná
exp3263,k3_final_26,A2,dopad,1,Krátkodobý úspěch
exp3263,k3_final_26,A2,vhodnost,1,4
exp3264,k3_final_26,A2,kvalita,1,Plná
exp3264,k3_final_26,A2,dopad,1,Dlouhodobý úspěch
exp3264,k3_final_26,A2,vhodnost,1,4
exp3265,k3_final_26,A2,kvalita,1,Plná
exp3265,k3_final_26,A2,dopad,1,Dlouhodobý úspěch
exp3265,k3_final_26,A2,vhodnost,1,2
exp3266,k3_final_26,A2,kvalita,1,Plná
exp3266,k3_final_26,A2,dopad,1,Dlouhodobý úspěch
exp3266,k3_final_26,A2,vhodnost,1,4
exp3267,k3_final_26,A2,kvalita,1,Plná
exp3267,k3_final_26,A2,dopad,1,Neúspěch
exp3267,k3_final_26,A2,vhodnost,1,4
exp3268,k3_final_26,A2,kvalita,1,Plná
exp3268,k3_final_26,A2,dopad,1,Dlouhodobý úspěch
exp3268,k3_final_26,A2,vhodnost,1,3
exp3269,k3_final_26,A2,kvalita,1,Plná
exp3269,k3_final_26,A2,dopad,1,Krátkodobý úspěch
exp3269,k3_final_26,A2,vhodnost,1,4
exp3270,k3_final_26,A2,kvalita,1,Plná
exp3270,k3_final_26,A2,dopad,1,Krátkodobý úspěch
exp3270,k3_final_26,A2,vhodnost,1,4
exp3271,k3_final_26,A2,kvalita,1,Plná
exp3271,k3_final_26,A2,dopad,1,Dlouhodobý úspěch
exp3271,k3_final_26,A2,vhodnost,1,3
exp3272,k3_final_26,A2,kvalita,1,Plná
exp3272,k3_final_26,A2,dopad,1,Dlouhodobý úspěch
exp3272,k3_final_26,A2,vhodnost,1,4
exp3273,k3_final_26,A2,kvalita,1,Plná
exp3273,k3_final_26,A2,dopad,1,Krátkodobý úspěch
exp3273,k3_final_26,A2,vhodnost,1,3
exp3274,k3_final_26,A2,kvalita,1,Plná
exp3274,k3_final_26,A2,dopad,1,Neúspěch
exp3274,k3_final_26,A2,vhodnost,1,4
exp3275,k3_final_26,A2,kvalita,1,Plná
exp3275,k3_final_26,A2,dopad,1,Neúspěch
exp3275,k3_final_26,A2,vhodnost,1,2
exp3276,k3_final_26,A2,kvalita,1,Plná
exp3276,k3_final_26,A2,dopad,1,Krátkodobý úspěch
exp3276,k3_final_26,A2,vhodnost,1,3
exp3277,k3_final_26,A2,kvalita,1,Plná
exp3277,k3_final_26,A2,dopad,1,Neúspěch
exp3277,k3_final_26,A2,vhodnost,1,2
exp3278,k3_final_26,A2,kvalita,1,Plná
exp3278,k3_final_26,A2,dopad,1,Krátkodobý úspěch
exp3278,k3_final_26,A2,vhodnost,1,4
exp3279,k3_final_26,A2,kvalita,1,Plná
exp3279,k3_final_26,A2,dopad,1,Dlouhodobý úspěch
exp3279,k3_final_26,A2,vhodnost,1,4
exp3280,k3_final_26,A2,kvalita,1,Plná
exp3280,k3_final_26,A2,dopad,1,Dlouhodobý úspěch
exp3280,k3_final_26,A2,vhodnost,1,4
exp3281,k3_final_26,A2,kvalita,1,Plná
exp3281,k3_final_26,A2,dopad,1,Krátkodobý úspěch
exp3281,k3_final_26,A2,vhodnost,1,4
exp3282,k3_final_26,A2,kvalita,1,Plná
exp3282,k3_final_26,A2,dopad,1,Dlouhodobý úspěch
exp3282,k3_final_26,A2,vhodnost,1,4
exp3283,k3_final_26,A2,kvalita,1,Plná
exp3283,k3_final_26,A2,dopad,1,Dlouhodobý úspěch
exp3283,k3_final_26,A2,vhodnost,1,4
exp3284,k3_final_26,A2,kvalita,1,Plná
exp3284,k3_final_26,A2,dopad,1,Krátkodobý úspěch
exp3284,k3_final_26,A2,vhodnost,1,4
exp3285,k3_final_26,A2,kvalita,1,Plná
exp3285,k3_final_26,A2,dopad,1,Dlouhodobý úspěch
exp3285,k3_final_26,A2,vhodnost,1,4
exp3286,k3_final_26,A2,kvalita,1,Plná
exp3286,k3_final_26,A2,dopad,1,Dlouhodobý úspěch
exp3286,k3_final_26,A2,vhodnost,1,4
exp3287,k3_final_26,A2,kvalita,1,Plná
exp3287,k3_final_26,A2,dopad,1,Dlouhodobý úspěch
exp3287,k3_final_26,A2,vhodnost,1,4
exp3288,k3_final_26,A2,kvalita,1,Plná
exp3288,k3_final_26,A2,dopad,1,Dlouhodobý úspěch
exp3288,k3_final_26,A2,vhodnost,1,4
exp3289,k3_final_26,A2,kvalita,1,Plná
exp3289,k3_final_26,A2,dopad,1,Neúspěch
exp3289,k3_final_26,A2,vhodnost,1,2
exp3290,k3_final_26,A2,kvalita,1,Plná
exp3290,k3_final_26,A2,dopad,1,Neúspěch
exp3290,k3_final_26,A2,vhodnost,1,2
exp3291,k3_final_26,A2,kvalita,1,Plná
exp3291,k3_final_26,A2,dopad,1,Dlouhodobý úspěch
exp3291,k3_final_26,A2,vhodnost,1,4
exp3292,k3_final_26,A2,kvalita,1,Plná
exp3292,k3_final_26,A2,dopad,1,Krátkodobý úspěch
exp3292,k3_final_26,A2,vhodnost,1,3
exp3293,k3_final_26,A2,kvalita,1,Plná
exp3293,k3_final_26,A2,dopad,1,Dlouhodobý úspěch
exp3293,k3_final_26,A2,vhodnost,1,3
exp3294,k3_final_26,A2,kvalita,1,Plná
exp3294,k3_final_26,A2,dopad,1,Neúspěch
exp3294,k3_final_26,A2,vhodnost,1,3
exp3295,k3_final_26,A2,kvalita,1,Plná
exp3295,k3_final_26,A2,dopad,1,Dlouhodobý úspěch
exp3295,k3_final_26,A2,vhodnost,1,3
exp3296,k3_final_26,A2,kvalita,1,Plná
exp3296,k3_final_26,A2,dopad,1,Neúspěch
exp3296,k3_final_26,A2,vhodnost,1,4
exp3297,k3_final_26,A2,kvalita,1,Plná
exp3297,k3_final_26,A2,dopad,1,Neúspěch
exp3297,k3_final_26,A2,vhodnost,1,4
exp3298,k3_final_26,A2,kvalita,1,Plná
exp3298,k3_final_26,A2,dopad,1,Neúspěch
exp3298,k3_final_26,A2,vhodnost,1,4
exp3299,k3_final_26,A2,kvalita,1,Plná
exp3299,k3_final_26,A2,dopad,1,Dlouhodobý úspěch
exp3299,k3_final_26,A2,vhodnost,1,4
exp3300,k3_final_26,A2,kvalita,1,Plná
exp3300,k3_final_26,A2,dopad,1,Krátkodobý úspěch
exp3300,k3_final_26,A2,vhodnost,1,2
exp3301,k3_final_26,A2,kvalita,1,Plná
exp3301,k3_final_26,A2,dopad,1,Neúspěch
exp3301,k3_final_26,A2,vhodnost,1,2
exp3302,k3_final_26,A2,kvalita,1,Plochá
exp3303,k3_final_26,A2,kvalita,1,Plná
exp3303,k3_final_26,A2,dopad,1,Dlouhodobý úspěch
exp3303,k3_final_26,A2,vhodnost,1,4
exp3304,k3_final_26,A2,kvalita,1,Plná
exp3304,k3_final_26,A2,dopad,1,Dlouhodobý úspěch
exp3304,k3_final_26,A2,vhodnost,1,4
exp3305,k3_final_26,A2,kvalita,1,Plná
exp3305,k3_final_26,A2,dopad,1,Dlouhodobý úspěch
exp3305,k3_final_26,A2,vhodnost,1,3
exp3306,k3_final_26,A2,kvalita,1,Plná
exp3306,k3_final_26,A2,dopad,1,Krátkodobý úspěch
exp3306,k3_final_26,A2,vhodnost,1,4
exp3307,k3_final_26,A2,kvalita,1,Plná
exp3307,k3_final_26,A2,dopad,1,Neúspěch
exp3307,k3_final_26,A2,vhodnost,1,3
exp3308,k3_final_26,A2,kvalita,1,Plná
exp3308,k3_final_26,A2,dopad,1,Neúspěch
exp3308,k3_final_26,A2,vhodnost,1,3
exp3309,k3_final_26,A2,kvalita,1,Plná
exp3309,k3_final_26,A2,dopad,1,Krátkodobý úspěch
exp3309,k3_final_26,A2,vhodnost,1,3
exp3310,k3_final_26,A2,kvalita,1,Plná
exp3310,k3_final_26,A2,dopad,1,Krátkodobý úspěch
exp3310,k3_final_26,A2,vhodnost,1,3
exp3311,k3_final_26,A2,kvalita,1,Plná
exp3311,k3_final_26,A2,dopad,1,Dlouhodobý úspěch
exp3311,k3_final_26,A2,vhodnost,1,4
exp3312,k3_final_26,A2,kvalita,1,Plná
exp3312,k3_final_26,A2,dopad,1,Dlouhodobý úspěch
exp3312,k3_final_26,A2,vhodnost,1,4
exp3313,k3_final_26,A2,kvalita,1,Plná
exp3313,k3_final_26,A2,dopad,1,Krátkodobý úspěch
exp3313,k3_final_26,A2,vhodnost,1,4
exp3314,k3_final_26,A2,kvalita,1,Plná
exp3314,k3_final_26,A2,dopad,1,Krátkodobý úspěch
exp3314,k3_final_26,A2,vhodnost,1,4
exp3315,k3_final_26,A2,kvalita,1,Plná
exp3315,k3_final_26,A2,dopad,1,Dlouhodobý úspěch
exp3315,k3_final_26,A2,vhodnost,1,4
exp3316,k3_final_26,A2,kvalita,1,Plná
exp3316,k3_final_26,A2,dopad,1,Dlouhodobý úspěch
exp3316,k3_final_26,A2,vhodnost,1,4
exp3317,k3_final_26,A2,kvalita,1,Plná
exp3317,k3_final_26,A2,dopad,1,Krátkodobý úspěch
exp3317,k3_final_26,A2,vhodnost,1,2
exp3318,k3_final_26,A2,kvalita,1,Plná
exp3318,k3_final_26,A2,dopad,1,Dlouhodobý úspěch
exp3318,k3_final_26,A2,vhodnost,1,4
exp3319,k3_final_26,A2,kvalita,1,Plná
exp3319,k3_final_26,A2,dopad,1,Dlouhodobý úspěch
exp3319,k3_final_26,A2,vhodnost,1,4
exp3320,k3_final_26,A2,kvalita,1,Plochá
exp3321,k3_final_26,A2,kvalita,1,Plochá
exp3322,k3_final_26,A2,kvalita,1,Plná
exp3322,k3_final_26,A2,dopad,1,Dlouhodobý úspěch
exp3322,k3_final_26,A2,vhodnost,1,2
exp3323,k3_final_26,A2,kvalita,1,Plná
exp3323,k3_final_26,A2,dopad,1,Krátkodobý úspěch
exp3323,k3_final_26,A2,vhodnost,1,3
exp3324,k3_final_26,A2,kvalita,1,Plná
exp3324,k3_final_26,A2,dopad,1,Krátkodobý úspěch
exp3324,k3_final_26,A2,vhodnost,1,3
exp3325,k3_final_26,A2,kvalita,1,Plná
exp3325,k3_final_26,A2,dopad,1,Krátkodobý úspěch
exp3325,k3_final_26,A2,vhodnost,1,3
exp3326,k3_final_26,A2,kvalita,1,Plná
exp3326,k3_final_26,A2,dopad,1,Dlouhodobý úspěch
exp3326,k3_final_26,A2,vhodnost,1,4
exp3327,k3_final_26,A2,kvalita,1,Plná
exp3327,k3_final_26,A2,dopad,1,Dlouhodobý úspěch
exp3327,k3_final_26,A2,vhodnost,1,4
exp3328,k3_final_26,A2,kvalita,1,Plná
exp3328,k3_final_26,A2,dopad,1,Krátkodobý úspěch
exp3328,k3_final_26,A2,vhodnost,1,3
exp3329,k3_final_26,A2,kvalita,1,Plná
exp3329,k3_final_26,A2,dopad,1,Dlouhodobý úspěch
exp3329,k3_final_26,A2,vhodnost,1,3
exp3330,k3_final_26,A2,kvalita,1,Plná
exp3330,k3_final_26,A2,dopad,1,Dlouhodobý úspěch
exp3330,k3_final_26,A2,vhodnost,1,4
exp3331,k3_final_26,A2,kvalita,1,Plná
exp3331,k3_final_26,A2,dopad,1,Dlouhodobý úspěch
exp3331,k3_final_26,A2,vhodnost,1,3
exp3332,k3_final_26,A2,kvalita,1,Plná
exp3332,k3_final_26,A2,dopad,1,Krátkodobý úspěch
exp3332,k3_final_26,A2,vhodnost,1,4
exp3333,k3_final_26,A2,kvalita,1,Plná
exp3333,k3_final_26,A2,dopad,1,Neúspěch
exp3333,k3_final_26,A2,vhodnost,1,3
exp3334,k3_final_26,A2,kvalita,1,Plná
exp3334,k3_final_26,A2,dopad,1,Dlouhodobý úspěch
exp3334,k3_final_26,A2,vhodnost,1,4
exp3335,k3_final_26,A2,kvalita,1,Plná
exp3335,k3_final_26,A2,dopad,1,Krátkodobý úspěch
exp3335,k3_final_26,A2,vhodnost,1,4
exp3336,k3_final_26,A2,kvalita,1,Plná
exp3336,k3_final_26,A2,dopad,1,Neúspěch
exp3336,k3_final_26,A2,vhodnost,1,2
exp3337,k3_final_26,A2,kvalita,1,Plná
exp3337,k3_final_26,A2,dopad,1,Dlouhodobý úspěch
exp3337,k3_final_26,A2,vhodnost,1,4
exp3338,k3_final_26,A2,kvalita,1,Plná
exp3338,k3_final_26,A2,dopad,1,Dlouhodobý úspěch
exp3338,k3_final_26,A2,vhodnost,1,4
exp3339,k3_final_26,A2,kvalita,1,Plná
exp3339,k3_final_26,A2,dopad,1,Krátkodobý úspěch
exp3339,k3_final_26,A2,vhodnost,1,3
exp3340,k3_final_26,A2,kvalita,1,Plná
exp3340,k3_final_26,A2,dopad,1,Krátkodobý úspěch
exp3340,k3_final_26,A2,vhodnost,1,3
exp3341,k3_final_26,A2,kvalita,1,Plná
exp3341,k3_final_26,A2,dopad,1,Neúspěch
exp3341,k3_final_26,A2,vhodnost,1,3
exp3342,k3_final_26,A2,kvalita,1,Plná
exp3342,k3_final_26,A2,dopad,1,Dlouhodobý úspěch
exp3342,k3_final_26,A2,vhodnost,1,3
exp3343,k3_final_26,A2,kvalita,1,Plná
exp3343,k3_final_26,A2,dopad,1,Dlouhodobý úspěch
exp3343,k3_final_26,A2,vhodnost,1,4
exp3344,k3_final_26,A2,kvalita,1,Plná
exp3344,k3_final_26,A2,dopad,1,Krátkodobý úspěch
exp3344,k3_final_26,A2,vhodnost,1,4
exp3345,k3_final_26,A2,kvalita,1,Plná
exp3345,k3_final_26,A2,dopad,1,Dlouhodobý úspěch
exp3345,k3_final_26,A2,vhodnost,1,3
exp3346,k3_final_26,A2,kvalita,1,Plná
exp3346,k3_final_26,A2,dopad,1,Krátkodobý úspěch
exp3346,k3_final_26,A2,vhodnost,1,4
exp3347,k3_final_26,A2,kvalita,1,Plná
exp3347,k3_final_26,A2,dopad,1,Dlouhodobý úspěch
exp3347,k3_final_26,A2,vhodnost,1,4
exp3348,k3_final_26,A2,kvalita,1,Plná
exp3348,k3_final_26,A2,dopad,1,Krátkodobý úspěch
exp3348,k3_final_26,A2,vhodnost,1,4
exp3349,k3_final_26,A2,kvalita,1,Plná
exp3349,k3_final_26,A2,dopad,1,Dlouhodobý úspěch
exp3349,k3_final_26,A2,vhodnost,1,4
exp3350,k3_final_26,A2,kvalita,1,Plná
exp3350,k3_final_26,A2,dopad,1,Krátkodobý úspěch
exp3350,k3_final_26,A2,vhodnost,1,2
exp3351,k3_final_26,A2,kvalita,1,Plná
exp3351,k3_final_26,A2,dopad,1,Neúspěch
exp3351,k3_final_26,A2,vhodnost,1,2
exp3352,k3_final_26,A2,kvalita,1,Plná
exp3352,k3_final_26,A2,dopad,1,Krátkodobý úspěch
exp3352,k3_final_26,A2,vhodnost,1,3
exp3353,k3_final_26,A2,kvalita,1,Plná
exp3353,k3_final_26,A2,dopad,1,Krátkodobý úspěch
exp3353,k3_final_26,A2,vhodnost,1,3
exp3354,k3_final_26,A2,kvalita,1,Plná
exp3354,k3_final_26,A2,dopad,1,Dlouhodobý úspěch
exp3354,k3_final_26,A2,vhodnost,1,4
exp3355,k3_final_26,A2,kvalita,1,Plná
exp3355,k3_final_26,A2,dopad,1,Dlouhodobý úspěch
exp3355,k3_final_26,A2,vhodnost,1,3
exp3356,k3_final_26,A2,kvalita,1,Plná
exp3356,k3_final_26,A2,dopad,1,Krátkodobý úspěch
exp3356,k3_final_26,A2,vhodnost,1,4
exp3357,k3_final_26,A2,kvalita,1,Plná
exp3357,k3_final_26,A2,dopad,1,Neúspěch
exp3357,k3_final_26,A2,vhodnost,1,2
exp3358,k3_final_26,A2,kvalita,1,Plná
exp3358,k3_final_26,A2,dopad,1,Krátkodobý úspěch
exp3358,k3_final_26,A2,vhodnost,1,4
exp3359,k3_final_26,A2,kvalita,1,Plná
exp3359,k3_final_26,A2,dopad,1,Dlouhodobý úspěch
exp3359,k3_final_26,A2,vhodnost,1,4
exp3360,k3_final_26,A2,kvalita,1,Plná
exp3360,k3_final_26,A2,dopad,1,Krátkodobý úspěch
exp3360,k3_final_26,A2,vhodnost,1,3
exp3361,k3_final_26,A2,kvalita,1,Plná
exp3361,k3_final_26,A2,dopad,1,Dlouhodobý úspěch
exp3361,k3_final_26,A2,vhodnost,1,4
exp3362,k3_final_26,A2,kvalita,1,Plná
exp3362,k3_final_26,A2,dopad,1,Krátkodobý úspěch
exp3362,k3_final_26,A2,vhodnost,1,3
exp3363,k3_final_26,A2,kvalita,1,Plná
exp3363,k3_final_26,A2,dopad,1,Krátkodobý úspěch
exp3363,k3_final_26,A2,vhodnost,1,3
exp3364,k3_final_26,A2,kvalita,1,Plná
exp3364,k3_final_26,A2,dopad,1,Dlouhodobý úspěch
exp3364,k3_final_26,A2,vhodnost,1,4
exp3365,k3_final_26,A2,kvalita,1,Plná
exp3365,k3_final_26,A2,dopad,1,Krátkodobý úspěch
exp3365,k3_final_26,A2,vhodnost,1,4
exp3366,k3_final_26,A2,kvalita,1,Plná
exp3366,k3_final_26,A2,dopad,1,Krátkodobý úspěch
exp3366,k3_final_26,A2,vhodnost,1,2
exp3367,k3_final_26,A2,kvalita,1,Plná
exp3367,k3_final_26,A2,dopad,1,Dlouhodobý úspěch
exp3367,k3_final_26,A2,vhodnost,1,4
exp3368,k3_final_26,A2,kvalita,1,Plná
exp3368,k3_final_26,A2,dopad,1,Dlouhodobý úspěch
exp3368,k3_final_26,A2,vhodnost,1,3
exp3369,k3_final_26,A2,kvalita,1,Plná
exp3369,k3_final_26,A2,dopad,1,Neúspěch
exp3369,k3_final_26,A2,vhodnost,1,2
exp3370,k3_final_26,A2,kvalita,1,Plná
exp3370,k3_final_26,A2,dopad,1,Krátkodobý úspěch
exp3370,k3_final_26,A2,vhodnost,1,2
exp3371,k3_final_26,A2,kvalita,1,Plná
exp3371,k3_final_26,A2,dopad,1,Dlouhodobý úspěch
exp3371,k3_final_26,A2,vhodnost,1,4
exp3372,k3_final_26,A2,kvalita,1,Plná
exp3372,k3_final_26,A2,dopad,1,Dlouhodobý úspěch
exp3372,k3_final_26,A2,vhodnost,1,4
exp3373,k3_final_26,A2,kvalita,1,Plná
exp3373,k3_final_26,A2,dopad,1,Dlouhodobý úspěch
exp3373,k3_final_26,A2,vhodnost,1,4
exp3374,k3_final_26,A2,kvalita,1,Plná
exp3374,k3_final_26,A2,dopad,1,Krátkodobý úspěch
exp3374,k3_final_26,A2,vhodnost,1,4
exp3375,k3_final_26,A2,kvalita,1,Plná
exp3375,k3_final_26,A2,dopad,1,Dlouhodobý úspěch
exp3375,k3_final_26,A2,vhodnost,1,4
exp3376,k3_final_26,A2,kvalita,1,Plná
exp3376,k3_final_26,A2,dopad,1,Krátkodobý úspěch
exp3376,k3_final_26,A2,vhodnost,1,4
exp3377,k3_final_26,A2,kvalita,1,Plná
exp3377,k3_final_26,A2,dopad,1,Neúspěch
exp3377,k3_final_26,A2,vhodnost,1,3
exp3378,k3_final_26,A2,kvalita,1,Plná
exp3378,k3_final_26,A2,dopad,1,Krátkodobý úspěch
exp3378,k3_final_26,A2,vhodnost,1,4
exp3379,k3_final_26,A2,kvalita,1,Plná
exp3379,k3_final_26,A2,dopad,1,Krátkodobý úspěch
exp3379,k3_final_26,A2,vhodnost,1,3
exp3380,k3_final_26,A2,kvalita,1,Plná
exp3380,k3_final_26,A2,dopad,1,Krátkodobý úspěch
exp3380,k3_final_26,A2,vhodnost,1,4
exp3381,k3_final_26,A2,kvalita,1,Plná
exp3381,k3_final_26,A2,dopad,1,Krátkodobý úspěch
exp3381,k3_final_26,A2,vhodnost,1,4
exp3382,k3_final_26,A2,kvalita,1,Plná
exp3382,k3_final_26,A2,dopad,1,Krátkodobý úspěch
exp3382,k3_final_26,A2,vhodnost,1,3
exp3383,k3_final_26,A2,kvalita,1,Plná
exp3383,k3_final_26,A2,dopad,1,Krátkodobý úspěch
exp3383,k3_final_26,A2,vhodnost,1,3
exp3384,k3_final_26,A2,kvalita,1,Plná
exp3384,k3_final_26,A2,dopad,1,Dlouhodobý úspěch
exp3384,k3_final_26,A2,vhodnost,1,4
exp3385,k3_final_26,A2,kvalita,1,Plná
exp3385,k3_final_26,A2,dopad,1,Dlouhodobý úspěch
exp3385,k3_final_26,A2,vhodnost,1,4
exp3386,k3_final_26,A2,kvalita,1,Plná
exp3386,k3_final_26,A2,dopad,1,Dlouhodobý úspěch
exp3386,k3_final_26,A2,vhodnost,1,4
exp3387,k3_final_26,A2,kvalita,1,Plná
exp3387,k3_final_26,A2,dopad,1,Dlouhodobý úspěch
exp3387,k3_final_26,A2,vhodnost,1,4
exp3388,k3_final_26,A2,kvalita,1,Plná
exp3388,k3_final_26,A2,dopad,1,Krátkodobý úspěch
exp3388,k3_final_26,A2,vhodnost,1,3
exp3389,k3_final_26,A2,kvalita,1,Plná
exp3389,k3_final_26,A2,dopad,1,Neúspěch
exp3389,k3_final_26,A2,vhodnost,1,4
exp3390,k3_final_26,A2,kvalita,1,Plná
exp3390,k3_final_26,A2,dopad,1,Krátkodobý úspěch
exp3390,k3_final_26,A2,vhodnost,1,4
exp3391,k3_final_26,A2,kvalita,1,Plná
exp3391,k3_final_26,A2,dopad,1,Krátkodobý úspěch
exp3391,k3_final_26,A2,vhodnost,1,2
exp3392,k3_final_26,A2,kvalita,1,Plná
exp3392,k3_final_26,A2,dopad,1,Dlouhodobý úspěch
exp3392,k3_final_26,A2,vhodnost,1,4
exp3393,k3_final_26,A2,kvalita,1,Plná
exp3393,k3_final_26,A2,dopad,1,Neúspěch
exp3393,k3_final_26,A2,vhodnost,1,4
exp3394,k3_final_26,A2,kvalita,1,Plná
exp3394,k3_final_26,A2,dopad,1,Krátkodobý úspěch
exp3394,k3_final_26,A2,vhodnost,1,4
exp3395,k3_final_26,A2,kvalita,1,Plná
exp3395,k3_final_26,A2,dopad,1,Dlouhodobý úspěch
exp3395,k3_final_26,A2,vhodnost,1,4
exp3396,k3_final_26,A2,kvalita,1,Plochá
exp3397,k3_final_26,A2,kvalita,1,Plná
exp3397,k3_final_26,A2,dopad,1,Dlouhodobý úspěch
exp3397,k3_final_26,A2,vhodnost,1,4
exp3398,k3_final_26,A2,kvalita,1,Plná
exp3398,k3_final_26,A2,dopad,1,Dlouhodobý úspěch
exp3398,k3_final_26,A2,vhodnost,1,4
exp3399,k3_final_26,A2,kvalita,1,Plná
exp3399,k3_final_26,A2,dopad,1,Dlouhodobý úspěch
exp3399,k3_final_26,A2,vhodnost,1,4
exp3400,k3_final_26,A2,kvalita,1,Plná
exp3400,k3_final_26,A2,dopad,1,Neúspěch
exp3400,k3_final_26,A2,vhodnost,1,3
exp3401,k3_final_26,A2,kvalita,1,Plná
exp3401,k3_final_26,A2,dopad,1,Krátkodobý úspěch
exp3401,k3_final_26,A2,vhodnost,1,3
exp3402,k3_final_26,A2,kvalita,1,Plná
exp3402,k3_final_26,A2,dopad,1,Krátkodobý úspěch
exp3402,k3_final_26,A2,vhodnost,1,2
exp3403,k3_final_26,A2,kvalita,1,Plná
exp3403,k3_final_26,A2,dopad,1,Dlouhodobý úspěch
exp3403,k3_final_26,A2,vhodnost,1,4
exp3404,k3_final_26,A2,kvalita,1,Plná
exp3404,k3_final_26,A2,dopad,1,Krátkodobý úspěch
exp3404,k3_final_26,A2,vhodnost,1,3
exp3405,k3_final_26,A2,kvalita,1,Plná
exp3405,k3_final_26,A2,dopad,1,Krátkodobý úspěch
exp3405,k3_final_26,A2,vhodnost,1,2
exp3406,k3_final_26,A2,kvalita,1,Plná
exp3406,k3_final_26,A2,dopad,1,Dlouhodobý úspěch
exp3406,k3_final_26,A2,vhodnost,1,3
exp3407,k3_final_26,A2,kvalita,1,Plná
exp3407,k3_final_26,A2,dopad,1,Dlouhodobý úspěch
exp3407,k3_final_26,A2,vhodnost,1,4
exp3408,k3_final_26,A2,kvalita,1,Plná
exp3408,k3_final_26,A2,dopad,1,Krátkodobý úspěch
exp3408,k3_final_26,A2,vhodnost,1,4
exp3409,k3_final_26,A2,kvalita,1,Plná
exp3409,k3_final_26,A2,dopad,1,Neúspěch
exp3409,k3_final_26,A2,vhodnost,1,4
exp3410,k3_final_26,A2,kvalita,1,Plná
exp3410,k3_final_26,A2,dopad,1,Dlouhodobý úspěch
exp3410,k3_final_26,A2,vhodnost,1,3
exp3411,k3_final_26,A2,kvalita,1,Plná
exp3411,k3_final_26,A2,dopad,1,Krátkodobý úspěch
exp3411,k3_final_26,A2,vhodnost,1,4
exp3412,k3_final_26,A2,kvalita,1,Plná
exp3412,k3_final_26,A2,dopad,1,Krátkodobý úspěch
exp3412,k3_final_26,A2,vhodnost,1,3
exp3413,k3_final_26,A2,kvalita,1,Plná
exp3413,k3_final_26,A2,dopad,1,Krátkodobý úspěch
exp3413,k3_final_26,A2,vhodnost,1,4
exp3414,k3_final_26,A2,kvalita,1,Plná
exp3414,k3_final_26,A2,dopad,1,Krátkodobý úspěch
exp3414,k3_final_26,A2,vhodnost,1,3
exp3415,k3_final_26,A2,kvalita,1,Plná
exp3415,k3_final_26,A2,dopad,1,Krátkodobý úspěch
exp3415,k3_final_26,A2,vhodnost,1,3
exp3416,k3_final_26,A2,kvalita,1,Plná
exp3416,k3_final_26,A2,dopad,1,Dlouhodobý úspěch
exp3416,k3_final_26,A2,vhodnost,1,4
exp3417,k3_final_26,A2,kvalita,1,Plná
exp3417,k3_final_26,A2,dopad,1,Neúspěch
exp3417,k3_final_26,A2,vhodnost,1,4
exp3418,k3_final_26,A2,kvalita,1,Plná
exp3418,k3_final_26,A2,dopad,1,Krátkodobý úspěch
exp3418,k3_final_26,A2,vhodnost,1,3
exp3419,k3_final_26,A2,kvalita,1,Plná
exp3419,k3_final_26,A2,dopad,1,Neúspěch
exp3419,k3_final_26,A2,vhodnost,1,2
exp3420,k3_final_26,A2,kvalita,1,Plná
exp3420,k3_final_26,A2,dopad,1,Dlouhodobý úspěch
exp3420,k3_final_26,A2,vhodnost,1,4
exp3421,k3_final_26,A2,kvalita,1,Plná
exp3421,k3_final_26,A2,dopad,1,Dlouhodobý úspěch
exp3421,k3_final_26,A2,vhodnost,1,4
exp3422,k3_final_26,A2,kvalita,1,Plná
exp3422,k3_final_26,A2,dopad,1,Dlouhodobý úspěch
exp3422,k3_final_26,A2,vhodnost,1,4
exp3423,k3_final_26,A2,kvalita,1,Plná
exp3423,k3_final_26,A2,dopad,1,Neúspěch
exp3423,k3_final_26,A2,vhodnost,1,4
exp3424,k3_final_26,A2,kvalita,1,Plná
exp3424,k3_final_26,A2,dopad,1,Neúspěch
exp3424,k3_final_26,A2,vhodnost,1,3
exp3425,k3_final_26,A2,kvalita,1,Plná
exp3425,k3_final_26,A2,dopad,1,Dlouhodobý úspěch
exp3425,k3_final_26,A2,vhodnost,1,4
exp3426,k3_final_26,A2,kvalita,1,Plná
exp3426,k3_final_26,A2,dopad,1,Dlouhodobý úspěch
exp3426,k3_final_26,A2,vhodnost,1,4
exp3427,k3_final_26,A2,kvalita,1,Plná
exp3427,k3_final_26,A2,dopad,1,Dlouhodobý úspěch
exp3427,k3_final_26,A2,vhodnost,1,4
exp3428,k3_final_26,A2,kvalita,1,Plná
exp3428,k3_final_26,A2,dopad,1,Krátkodobý úspěch
exp3428,k3_final_26,A2,vhodnost,1,4
exp3429,k3_final_26,A2,kvalita,1,Plná
exp3429,k3_final_26,A2,dopad,1,Neúspěch
exp3429,k3_final_26,A2,vhodnost,1,4
exp3430,k3_final_26,A2,kvalita,1,Plná
exp3430,k3_final_26,A2,dopad,1,Neúspěch
exp3430,k3_final_26,A2,vhodnost,1,3
exp3431,k3_final_26,A2,kvalita,1,Plná
exp3431,k3_final_26,A2,dopad,1,Krátkodobý úspěch
exp3431,k3_final_26,A2,vhodnost,1,3
exp3432,k3_final_26,A2,kvalita,1,Plná
exp3432,k3_final_26,A2,dopad,1,Krátkodobý úspěch
exp3432,k3_final_26,A2,vhodnost,1,4
exp3433,k3_final_26,A2,kvalita,1,Plná
exp3433,k3_final_26,A2,dopad,1,Dlouhodobý úspěch
exp3433,k3_final_26,A2,vhodnost,1,2
exp3434,k3_final_26,A2,kvalita,1,Plná
exp3434,k3_final_26,A2,dopad,1,Neúspěch
exp3434,k3_final_26,A2,vhodnost,1,3
exp3435,k3_final_26,A2,kvalita,1,Plná
exp3435,k3_final_26,A2,dopad,1,Krátkodobý úspěch
exp3435,k3_final_26,A2,vhodnost,1,4
,k3_final_26,A2,kvalita,1,Plná
,k3_final_26,A2,dopad,1,Dlouhodobý úspěch
,k3_final_26,A2,vhodnost,1,4
,k3_final_26,A2,kvalita,1,Plná
,k3_final_26,A2,dopad,1,Dlouhodobý úspěch
,k3_final_26,A2,vhodnost,1,4
exp3455,k3_final_26,A2,kvalita,1,Plná
exp3455,k3_final_26,A2,dopad,1,Krátkodobý úspěch
exp3455,k3_final_26,A2,vhodnost,1,3
exp3456,k3_final_26,A2,kvalita,1,Plná
exp3456,k3_final_26,A2,dopad,1,Dlouhodobý úspěch
exp3456,k3_final_26,A2,vhodnost,1,4
exp3457,k3_final_26,A2,kvalita,1,Plná
exp3457,k3_final_26,A2,dopad,1,Dlouhodobý úspěch
exp3457,k3_final_26,A2,vhodnost,1,3
exp3458,k3_final_26,A2,kvalita,1,Plná
exp3458,k3_final_26,A2,dopad,1,Dlouhodobý úspěch
exp3458,k3_final_26,A2,vhodnost,1,4
exp3459,k3_final_26,A2,kvalita,1,Plná
exp3459,k3_final_26,A2,dopad,1,Krátkodobý úspěch
exp3459,k3_final_26,A2,vhodnost,1,4
exp3460,k3_final_26,A2,kvalita,1,Plná
exp3460,k3_final_26,A2,dopad,1,Krátkodobý úspěch
exp3460,k3_final_26,A2,vhodnost,1,3
exp3461,k3_final_26,A2,kvalita,1,Plná
exp3461,k3_final_26,A2,dopad,1,Krátkodobý úspěch
exp3461,k3_final_26,A2,vhodnost,1,4
exp3462,k3_final_26,A2,kvalita,1,Plná
exp3462,k3_final_26,A2,dopad,1,Dlouhodobý úspěch
exp3462,k3_final_26,A2,vhodnost,1,4
exp3463,k3_final_26,A2,kvalita,1,Plná
exp3463,k3_final_26,A2,dopad,1,Dlouhodobý úspěch
exp3463,k3_final_26,A2,vhodnost,1,4
exp3464,k3_final_26,A2,kvalita,1,Plná
exp3464,k3_final_26,A2,dopad,1,Krátkodobý úspěch
exp3464,k3_final_26,A2,vhodnost,1,4
exp3465,k3_final_26,A2,kvalita,1,Plná
exp3465,k3_final_26,A2,dopad,1,Krátkodobý úspěch
exp3465,k3_final_26,A2,vhodnost,1,4
exp3466,k3_final_26,A2,kvalita,1,Plná
exp3466,k3_final_26,A2,dopad,1,Dlouhodobý úspěch
exp3466,k3_final_26,A2,vhodnost,1,4
exp3467,k3_final_26,A2,kvalita,1,Plná
exp3467,k3_final_26,A2,dopad,1,Dlouhodobý úspěch
exp3467,k3_final_26,A2,vhodnost,1,4
exp3468,k3_final_26,A2,kvalita,1,Plná
exp3468,k3_final_26,A2,dopad,1,Dlouhodobý úspěch
exp3468,k3_final_26,A2,vhodnost,1,4
exp3469,k3_final_26,A2,kvalita,1,Plná
exp3469,k3_final_26,A2,dopad,1,Neúspěch
exp3469,k3_final_26,A2,vhodnost,1,4
exp3471,k3_final_26,A2,kvalita,1,Plná
exp3471,k3_final_26,A2,dopad,1,Neúspěch
exp3471,k3_final_26,A2,vhodnost,1,3
exp3472,k3_final_26,A2,kvalita,1,Plná
exp3472,k3_final_26,A2,dopad,1,Dlouhodobý úspěch
exp3472,k3_final_26,A2,vhodnost,1,4
exp3473,k3_final_26,A2,kvalita,1,Plná
exp3473,k3_final_26,A2,dopad,1,Krátkodobý úspěch
exp3473,k3_final_26,A2,vhodnost,1,3
exp3474,k3_final_26,A2,kvalita,1,Plná
exp3474,k3_final_26,A2,dopad,1,Dlouhodobý úspěch
exp3474,k3_final_26,A2,vhodnost,1,3
exp3475,k3_final_26,A2,kvalita,1,Plná
exp3475,k3_final_26,A2,dopad,1,Dlouhodobý úspěch
exp3475,k3_final_26,A2,vhodnost,1,4
exp3476,k3_final_26,A2,kvalita,1,Plná
exp3476,k3_final_26,A2,dopad,1,Krátkodobý úspěch
exp3476,k3_final_26,A2,vhodnost,1,3
exp3477,k3_final_26,A2,kvalita,1,Plná
exp3477,k3_final_26,A2,dopad,1,Dlouhodobý úspěch
exp3477,k3_final_26,A2,vhodnost,1,3
exp3478,k3_final_26,A2,kvalita,1,Plná
exp3478,k3_final_26,A2,dopad,1,Dlouhodobý úspěch
exp3478,k3_final_26,A2,vhodnost,1,4
exp3479,k3_final_26,A2,kvalita,1,Plná
exp3479,k3_final_26,A2,dopad,1,Krátkodobý úspěch
exp3479,k3_final_26,A2,vhodnost,1,4
exp3480,k3_final_26,A2,kvalita,1,Plná
exp3480,k3_final_26,A2,dopad,1,Krátkodobý úspěch
exp3480,k3_final_26,A2,vhodnost,1,3
exp3481,k3_final_26,A2,kvalita,1,Plná
exp3481,k3_final_26,A2,dopad,1,Dlouhodobý úspěch
exp3481,k3_final_26,A2,vhodnost,1,4
exp3482,k3_final_26,A2,kvalita,1,Plná
exp3482,k3_final_26,A2,dopad,1,Krátkodobý úspěch
exp3482,k3_final_26,A2,vhodnost,1,4
exp3483,k3_final_26,A2,kvalita,1,Plná
exp3483,k3_final_26,A2,dopad,1,Krátkodobý úspěch
exp3483,k3_final_26,A2,vhodnost,1,3
exp3484,k3_final_26,A2,kvalita,1,Plná
exp3484,k3_final_26,A2,dopad,1,Krátkodobý úspěch
exp3484,k3_final_26,A2,vhodnost,1,3
exp3485,k3_final_26,A2,kvalita,1,Plná
exp3485,k3_final_26,A2,dopad,1,Dlouhodobý úspěch
exp3485,k3_final_26,A2,vhodnost,1,4
exp3486,k3_final_26,A2,kvalita,1,Plná
exp3486,k3_final_26,A2,dopad,1,Dlouhodobý úspěch
exp3486,k3_final_26,A2,vhodnost,1,4
exp3487,k3_final_26,A2,kvalita,1,Plná
exp3487,k3_final_26,A2,dopad,1,Dlouhodobý úspěch
exp3487,k3_final_26,A2,vhodnost,1,3
exp3488,k3_final_26,A2,kvalita,1,Plná
exp3488,k3_final_26,A2,dopad,1,Dlouhodobý úspěch
exp3488,k3_final_26,A2,vhodnost,1,3
exp3489,k3_final_26,A2,kvalita,1,Plná
exp3489,k3_final_26,A2,dopad,1,Dlouhodobý úspěch
exp3489,k3_final_26,A2,vhodnost,1,4
exp3490,k3_final_26,A2,kvalita,1,Plochá
exp3490,k3_final_26,A2,dopad,1,Neúspěch
exp3490,k3_final_26,A2,vhodnost,1,3
exp3491,k3_final_26,A2,kvalita,1,Plná
exp3491,k3_final_26,A2,dopad,1,Krátkodobý úspěch
exp3491,k3_final_26,A2,vhodnost,1,3
exp3492,k3_final_26,A2,kvalita,1,Plochá
exp3493,k3_final_26,A2,kvalita,1,Plná
exp3493,k3_final_26,A2,dopad,1,Krátkodobý úspěch
exp3493,k3_final_26,A2,vhodnost,1,4
exp3494,k3_final_26,A2,kvalita,1,Plná
exp3494,k3_final_26,A2,dopad,1,Dlouhodobý úspěch
exp3494,k3_final_26,A2,vhodnost,1,3
exp3495,k3_final_26,A2,kvalita,1,Plná
exp3495,k3_final_26,A2,dopad,1,Neúspěch
exp3495,k3_final_26,A2,vhodnost,1,3
exp3496,k3_final_26,A2,kvalita,1,Plná
exp3496,k3_final_26,A2,dopad,1,Dlouhodobý úspěch
exp3496,k3_final_26,A2,vhodnost,1,2
exp3497,k3_final_26,A2,kvalita,1,Plná
exp3497,k3_final_26,A2,dopad,1,Neúspěch
exp3497,k3_final_26,A2,vhodnost,1,3
exp3498,k3_final_26,A2,kvalita,1,Plná
exp3498,k3_final_26,A2,dopad,1,Krátkodobý úspěch
exp3498,k3_final_26,A2,vhodnost,1,4
exp3499,k3_final_26,A2,kvalita,1,Plná
exp3499,k3_final_26,A2,dopad,1,Dlouhodobý úspěch
exp3499,k3_final_26,A2,vhodnost,1,3
exp3500,k3_final_26,A2,kvalita,1,Plná
exp3500,k3_final_26,A2,dopad,1,Krátkodobý úspěch
exp3500,k3_final_26,A2,vhodnost,1,4
exp3501,k3_final_26,A2,kvalita,1,Plná
exp3501,k3_final_26,A2,dopad,1,Dlouhodobý úspěch
exp3501,k3_final_26,A2,vhodnost,1,4
exp3502,k3_final_26,A2,kvalita,1,Plná
exp3502,k3_final_26,A2,dopad,1,Krátkodobý úspěch
exp3502,k3_final_26,A2,vhodnost,1,4
exp3503,k3_final_26,A2,kvalita,1,Plná
exp3503,k3_final_26,A2,dopad,1,Neúspěch
exp3503,k3_final_26,A2,vhodnost,1,3
exp3504,k3_final_26,A2,kvalita,1,Plná
exp3504,k3_final_26,A2,dopad,1,Neúspěch
exp3504,k3_final_26,A2,vhodnost,1,4
exp3505,k3_final_26,A2,kvalita,1,Plná
exp3505,k3_final_26,A2,dopad,1,Krátkodobý úspěch
exp3505,k3_final_26,A2,vhodnost,1,4
exp3506,k3_final_26,A2,kvalita,1,Plná
exp3506,k3_final_26,A2,dopad,1,Krátkodobý úspěch
exp3506,k3_final_26,A2,vhodnost,1,4
exp3507,k3_final_26,A2,kvalita,1,Plná
exp3507,k3_final_26,A2,dopad,1,Dlouhodobý úspěch
exp3507,k3_final_26,A2,vhodnost,1,4
exp3508,k3_final_26,A2,kvalita,1,Plná
exp3508,k3_final_26,A2,dopad,1,Krátkodobý úspěch
exp3508,k3_final_26,A2,vhodnost,1,4
exp3509,k3_final_26,A2,kvalita,1,Plná
exp3509,k3_final_26,A2,dopad,1,Krátkodobý úspěch
exp3509,k3_final_26,A2,vhodnost,1,2
exp3510,k3_final_26,A2,kvalita,1,Plná
exp3510,k3_final_26,A2,dopad,1,Neúspěch
exp3510,k3_final_26,A2,vhodnost,1,3
exp3511,k3_final_26,A2,kvalita,1,Plná
exp3511,k3_final_26,A2,dopad,1,Dlouhodobý úspěch
exp3511,k3_final_26,A2,vhodnost,1,4
exp3512,k3_final_26,A2,kvalita,1,Plná
exp3512,k3_final_26,A2,dopad,1,Krátkodobý úspěch
exp3512,k3_final_26,A2,vhodnost,1,4
exp3513,k3_final_26,A2,kvalita,1,Plná
exp3513,k3_final_26,A2,dopad,1,Dlouhodobý úspěch
exp3513,k3_final_26,A2,vhodnost,1,3
exp3514,k3_final_26,A2,kvalita,1,Plná
exp3514,k3_final_26,A2,dopad,1,Dlouhodobý úspěch
exp3514,k3_final_26,A2,vhodnost,1,4
exp3515,k3_final_26,A2,kvalita,1,Plná
exp3515,k3_final_26,A2,dopad,1,Dlouhodobý úspěch
exp3515,k3_final_26,A2,vhodnost,1,4
exp3516,k3_final_26,A2,kvalita,1,Plná
exp3516,k3_final_26,A2,dopad,1,Dlouhodobý úspěch
exp3516,k3_final_26,A2,vhodnost,1,3
exp3517,k3_final_26,A2,kvalita,1,Plná
exp3517,k3_final_26,A2,dopad,1,Krátkodobý úspěch
exp3517,k3_final_26,A2,vhodnost,1,4
exp3518,k3_final_26,A2,kvalita,1,Plná
exp3518,k3_final_26,A2,dopad,1,Krátkodobý úspěch
exp3518,k3_final_26,A2,vhodnost,1,4
exp3519,k3_final_26,A2,kvalita,1,Plná
exp3519,k3_final_26,A2,dopad,1,Neúspěch
exp3519,k3_final_26,A2,vhodnost,1,2
exp3520,k3_final_26,A2,kvalita,1,Plná
exp3520,k3_final_26,A2,dopad,1,Neúspěch
exp3520,k3_final_26,A2,vhodnost,1,3
exp3521,k3_final_26,A2,kvalita,1,Plochá
exp3521,k3_final_26,A2,dopad,1,Dlouhodobý úspěch
exp3521,k3_final_26,A2,vhodnost,1,3
exp3522,k3_final_26,A2,kvalita,1,Plná
exp3522,k3_final_26,A2,dopad,1,Krátkodobý úspěch
exp3522,k3_final_26,A2,vhodnost,1,3
exp3523,k3_final_26,A2,kvalita,1,Plná
exp3523,k3_final_26,A2,dopad,1,Dlouhodobý úspěch
exp3523,k3_final_26,A2,vhodnost,1,4
exp3524,k3_final_26,A2,kvalita,1,Plná
exp3524,k3_final_26,A2,dopad,1,Krátkodobý úspěch
exp3524,k3_final_26,A2,vhodnost,1,2
exp3525,k3_final_26,A2,kvalita,1,Plná
exp3525,k3_final_26,A2,dopad,1,Dlouhodobý úspěch
exp3525,k3_final_26,A2,vhodnost,1,4
exp3526,k3_final_26,A2,kvalita,1,Plná
exp3526,k3_final_26,A2,dopad,1,Dlouhodobý úspěch
exp3526,k3_final_26,A2,vhodnost,1,4
exp3527,k3_final_26,A2,kvalita,1,Plná
exp3527,k3_final_26,A2,dopad,1,Krátkodobý úspěch
exp3527,k3_final_26,A2,vhodnost,1,2
exp3528,k3_final_26,A2,kvalita,1,Plná
exp3528,k3_final_26,A2,dopad,1,Dlouhodobý úspěch
exp3528,k3_final_26,A2,vhodnost,1,4
exp3529,k3_final_26,A2,kvalita,1,Plná
exp3529,k3_final_26,A2,dopad,1,Krátkodobý úspěch
exp3529,k3_final_26,A2,vhodnost,1,3
exp3530,k3_final_26,A2,kvalita,1,Plná
exp3530,k3_final_26,A2,dopad,1,Dlouhodobý úspěch
exp3530,k3_final_26,A2,vhodnost,1,2
exp3531,k3_final_26,A2,kvalita,1,Plná
exp3531,k3_final_26,A2,dopad,1,Krátkodobý úspěch
exp3531,k3_final_26,A2,vhodnost,1,4
exp3532,k3_final_26,A2,kvalita,1,Plná
exp3532,k3_final_26,A2,dopad,1,Dlouhodobý úspěch
exp3532,k3_final_26,A2,vhodnost,1,3
exp3533,k3_final_26,A2,kvalita,1,Plochá
exp3534,k3_final_26,A2,kvalita,1,Plná
exp3534,k3_final_26,A2,dopad,1,Dlouhodobý úspěch
exp3534,k3_final_26,A2,vhodnost,1,2
exp3535,k3_final_26,A2,kvalita,1,Plná
exp3535,k3_final_26,A2,dopad,1,Dlouhodobý úspěch
exp3535,k3_final_26,A2,vhodnost,1,3
exp3536,k3_final_26,A2,kvalita,1,Plná
exp3536,k3_final_26,A2,dopad,1,Dlouhodobý úspěch
exp3536,k3_final_26,A2,vhodnost,1,3
exp3537,k3_final_26,A2,kvalita,1,Plochá
exp3537,k3_final_26,A2,dopad,1,Krátkodobý úspěch
exp3537,k3_final_26,A2,vhodnost,1,2
exp3538,k3_final_26,A2,kvalita,1,Plná
exp3538,k3_final_26,A2,dopad,1,Dlouhodobý úspěch
exp3538,k3_final_26,A2,vhodnost,1,2
exp3539,k3_final_26,A2,kvalita,1,Plochá
exp3540,k3_final_26,A2,kvalita,1,Plná
exp3540,k3_final_26,A2,dopad,1,Dlouhodobý úspěch
exp3540,k3_final_26,A2,vhodnost,1,4
exp3541,k3_final_26,A2,kvalita,1,Plná
exp3541,k3_final_26,A2,dopad,1,Krátkodobý úspěch
exp3541,k3_final_26,A2,vhodnost,1,3
exp3542,k3_final_26,A2,kvalita,1,Plná
exp3542,k3_final_26,A2,dopad,1,Dlouhodobý úspěch
exp3542,k3_final_26,A2,vhodnost,1,3
exp3543,k3_final_26,A2,kvalita,1,Plná
exp3543,k3_final_26,A2,dopad,1,Neúspěch
exp3543,k3_final_26,A2,vhodnost,1,2
exp3544,k3_final_26,A2,kvalita,1,Plná
exp3544,k3_final_26,A2,dopad,1,Dlouhodobý úspěch
exp3544,k3_final_26,A2,vhodnost,1,4
exp3545,k3_final_26,A2,kvalita,1,Plná
exp3545,k3_final_26,A2,dopad,1,Krátkodobý úspěch
exp3545,k3_final_26,A2,vhodnost,1,3
exp3546,k3_final_26,A2,kvalita,1,Plná
exp3546,k3_final_26,A2,dopad,1,Krátkodobý úspěch
exp3546,k3_final_26,A2,vhodnost,1,3
exp3547,k3_final_26,A2,kvalita,1,Plná
exp3547,k3_final_26,A2,dopad,1,Dlouhodobý úspěch
exp3547,k3_final_26,A2,vhodnost,1,4
exp3548,k3_final_26,A2,kvalita,1,Plná
exp3548,k3_final_26,A2,dopad,1,Krátkodobý úspěch
exp3548,k3_final_26,A2,vhodnost,1,3
exp3549,k3_final_26,A2,kvalita,1,Plná
exp3549,k3_final_26,A2,dopad,1,Neúspěch
exp3549,k3_final_26,A2,vhodnost,1,3
exp3550,k3_final_26,A2,kvalita,1,Plná
exp3550,k3_final_26,A2,dopad,1,Dlouhodobý úspěch
exp3550,k3_final_26,A2,vhodnost,1,4
exp3551,k3_final_26,A2,kvalita,1,Plná
exp3551,k3_final_26,A2,dopad,1,Krátkodobý úspěch
exp3551,k3_final_26,A2,vhodnost,1,4
exp3552,k3_final_26,A2,kvalita,1,Plná
exp3552,k3_final_26,A2,dopad,1,Dlouhodobý úspěch
exp3552,k3_final_26,A2,vhodnost,1,4
exp3553,k3_final_26,A2,kvalita,1,Plná
exp3553,k3_final_26,A2,dopad,1,Dlouhodobý úspěch
exp3553,k3_final_26,A2,vhodnost,1,4
exp3554,k3_final_26,A2,kvalita,1,Plná
exp3554,k3_final_26,A2,dopad,1,Dlouhodobý úspěch
exp3554,k3_final_26,A2,vhodnost,1,4
exp3555,k3_final_26,A2,kvalita,1,Plná
exp3555,k3_final_26,A2,dopad,1,Dlouhodobý úspěch
exp3555,k3_final_26,A2,vhodnost,1,3
exp3556,k3_final_26,A2,kvalita,1,Plná
exp3556,k3_final_26,A2,dopad,1,Dlouhodobý úspěch
exp3556,k3_final_26,A2,vhodnost,1,3
exp3557,k3_final_26,A2,kvalita,1,Plná
exp3557,k3_final_26,A2,dopad,1,Krátkodobý úspěch
exp3557,k3_final_26,A2,vhodnost,1,3
exp3558,k3_final_26,A2,kvalita,1,Plná
exp3558,k3_final_26,A2,dopad,1,Dlouhodobý úspěch
exp3558,k3_final_26,A2,vhodnost,1,3
exp3559,k3_final_26,A2,kvalita,1,Plná
exp3559,k3_final_26,A2,dopad,1,Krátkodobý úspěch
exp3559,k3_final_26,A2,vhodnost,1,3
exp3560,k3_final_26,A2,kvalita,1,Plná
exp3560,k3_final_26,A2,dopad,1,Krátkodobý úspěch
exp3560,k3_final_26,A2,vhodnost,1,3
exp3561,k3_final_26,A2,kvalita,1,Plná
exp3561,k3_final_26,A2,dopad,1,Dlouhodobý úspěch
exp3561,k3_final_26,A2,vhodnost,1,4
exp3562,k3_final_26,A2,kvalita,1,Plná
exp3562,k3_final_26,A2,dopad,1,Dlouhodobý úspěch
exp3562,k3_final_26,A2,vhodnost,1,4
exp3563,k3_final_26,A2,kvalita,1,Plná
exp3563,k3_final_26,A2,dopad,1,Krátkodobý úspěch
exp3563,k3_final_26,A2,vhodnost,1,4
exp3564,k3_final_26,A2,kvalita,1,Plná
exp3564,k3_final_26,A2,dopad,1,Krátkodobý úspěch
exp3564,k3_final_26,A2,vhodnost,1,3
exp3565,k3_final_26,A2,kvalita,1,Plná
exp3565,k3_final_26,A2,dopad,1,Krátkodobý úspěch
exp3565,k3_final_26,A2,vhodnost,1,3
exp3566,k3_final_26,A2,kvalita,1,Plná
exp3566,k3_final_26,A2,dopad,1,Dlouhodobý úspěch
exp3566,k3_final_26,A2,vhodnost,1,2
exp3567,k3_final_26,A2,kvalita,1,Plná
exp3567,k3_final_26,A2,dopad,1,Krátkodobý úspěch
exp3567,k3_final_26,A2,vhodnost,1,2
exp3568,k3_final_26,A2,kvalita,1,Plná
exp3568,k3_final_26,A2,dopad,1,Krátkodobý úspěch
exp3568,k3_final_26,A2,vhodnost,1,2
exp3569,k3_final_26,A2,kvalita,1,Plná
exp3569,k3_final_26,A2,dopad,1,Krátkodobý úspěch
exp3569,k3_final_26,A2,vhodnost,1,1
exp3570,k3_final_26,A2,kvalita,1,Plná
exp3570,k3_final_26,A2,dopad,1,Dlouhodobý úspěch
exp3570,k3_final_26,A2,vhodnost,1,3
exp3571,k3_final_26,A2,kvalita,1,Plná
exp3571,k3_final_26,A2,dopad,1,Neúspěch
exp3571,k3_final_26,A2,vhodnost,1,2
exp3573,k3_final_26,A2,kvalita,1,Plná
exp3573,k3_final_26,A2,dopad,1,Dlouhodobý úspěch
exp3573,k3_final_26,A2,vhodnost,1,4
exp3574,k3_final_26,A2,kvalita,1,Plná
exp3574,k3_final_26,A2,dopad,1,Krátkodobý úspěch
exp3574,k3_final_26,A2,vhodnost,1,3
exp3575,k3_final_26,A2,kvalita,1,Plná
exp3575,k3_final_26,A2,dopad,1,Krátkodobý úspěch
exp3575,k3_final_26,A2,vhodnost,1,4
exp3576,k3_final_26,A2,kvalita,1,Plná
exp3576,k3_final_26,A2,dopad,1,Dlouhodobý úspěch
exp3576,k3_final_26,A2,vhodnost,1,4
exp3577,k3_final_26,A2,kvalita,1,Plná
exp3577,k3_final_26,A2,dopad,1,Dlouhodobý úspěch
exp3577,k3_final_26,A2,vhodnost,1,4
exp3578,k3_final_26,A2,kvalita,1,Plná
exp3578,k3_final_26,A2,dopad,1,Krátkodobý úspěch
exp3578,k3_final_26,A2,vhodnost,1,2
exp3579,k3_final_26,A2,kvalita,1,Plná
exp3579,k3_final_26,A2,dopad,1,Krátkodobý úspěch
exp3579,k3_final_26,A2,vhodnost,1,3
exp3580,k3_final_26,A2,kvalita,1,Plná
exp3580,k3_final_26,A2,dopad,1,Krátkodobý úspěch
exp3580,k3_final_26,A2,vhodnost,1,4
exp3581,k3_final_26,A2,kvalita,1,Plná
exp3581,k3_final_26,A2,dopad,1,Krátkodobý úspěch
exp3581,k3_final_26,A2,vhodnost,1,3
exp3582,k3_final_26,A2,kvalita,1,Plochá
exp3583,k3_final_26,A2,kvalita,1,Plná
exp3583,k3_final_26,A2,dopad,1,Neúspěch
exp3583,k3_final_26,A2,vhodnost,1,2
exp3584,k3_final_26,A2,kvalita,1,Plná
exp3584,k3_final_26,A2,dopad,1,Krátkodobý úspěch
exp3584,k3_final_26,A2,vhodnost,1,3
exp3585,k3_final_26,A2,kvalita,1,Plná
exp3585,k3_final_26,A2,dopad,1,Krátkodobý úspěch
exp3585,k3_final_26,A2,vhodnost,1,4
exp3586,k3_final_26,A2,kvalita,1,Plná
exp3586,k3_final_26,A2,dopad,1,Krátkodobý úspěch
exp3586,k3_final_26,A2,vhodnost,1,3
exp3587,k3_final_26,A2,kvalita,1,Plochá
exp3588,k3_final_26,A2,kvalita,1,Plná
exp3588,k3_final_26,A2,dopad,1,Krátkodobý úspěch
exp3588,k3_final_26,A2,vhodnost,1,3
exp3589,k3_final_26,A2,kvalita,1,Plná
exp3589,k3_final_26,A2,dopad,1,Dlouhodobý úspěch
exp3589,k3_final_26,A2,vhodnost,1,4
exp3590,k3_final_26,A2,kvalita,1,Plná
exp3590,k3_final_26,A2,dopad,1,Dlouhodobý úspěch
exp3590,k3_final_26,A2,vhodnost,1,4
exp3591,k3_final_26,A2,kvalita,1,Plná
exp3591,k3_final_26,A2,dopad,1,Krátkodobý úspěch
exp3591,k3_final_26,A2,vhodnost,1,2
exp3592,k3_final_26,A2,kvalita,1,Plná
exp3592,k3_final_26,A2,dopad,1,Krátkodobý úspěch
exp3592,k3_final_26,A2,vhodnost,1,2
exp3593,k3_final_26,A2,kvalita,1,Plná
exp3593,k3_final_26,A2,dopad,1,Krátkodobý úspěch
exp3593,k3_final_26,A2,vhodnost,1,3
exp3594,k3_final_26,A2,kvalita,1,Plná
exp3594,k3_final_26,A2,dopad,1,Krátkodobý úspěch
exp3594,k3_final_26,A2,vhodnost,1,4
exp3595,k3_final_26,A2,kvalita,1,Plná
exp3595,k3_final_26,A2,dopad,1,Krátkodobý úspěch
exp3595,k3_final_26,A2,vhodnost,1,2
exp3596,k3_final_26,A2,kvalita,1,Plná
exp3596,k3_final_26,A2,dopad,1,Krátkodobý úspěch
exp3596,k3_final_26,A2,vhodnost,1,3
exp3597,k3_final_26,A2,kvalita,1,Plná
exp3597,k3_final_26,A2,dopad,1,Dlouhodobý úspěch
exp3597,k3_final_26,A2,vhodnost,1,3
exp3598,k3_final_26,A2,kvalita,1,Plná
exp3598,k3_final_26,A2,dopad,1,Krátkodobý úspěch
exp3598,k3_final_26,A2,vhodnost,1,4
exp3599,k3_final_26,A2,kvalita,1,Plná
exp3599,k3_final_26,A2,dopad,1,Dlouhodobý úspěch
exp3599,k3_final_26,A2,vhodnost,1,2
exp3600,k3_final_26,A2,kvalita,1,Plná
exp3600,k3_final_26,A2,dopad,1,Dlouhodobý úspěch
exp3600,k3_final_26,A2,vhodnost,1,3
exp3601,k3_final_26,A2,kvalita,1,Plná
exp3601,k3_final_26,A2,dopad,1,Dlouhodobý úspěch
exp3601,k3_final_26,A2,vhodnost,1,3
exp3602,k3_final_26,A2,kvalita,1,Plná
exp3602,k3_final_26,A2,dopad,1,Dlouhodobý úspěch
exp3602,k3_final_26,A2,vhodnost,1,3
exp3603,k3_final_26,A2,kvalita,1,Plná
exp3603,k3_final_26,A2,dopad,1,Krátkodobý úspěch
exp3603,k3_final_26,A2,vhodnost,1,3
exp3604,k3_final_26,A2,kvalita,1,Plná
exp3604,k3_final_26,A2,dopad,1,Neúspěch
exp3604,k3_final_26,A2,vhodnost,1,2
exp3605,k3_final_26,A2,kvalita,1,Plná
exp3605,k3_final_26,A2,dopad,1,Krátkodobý úspěch
exp3605,k3_final_26,A2,vhodnost,1,3
exp3606,k3_final_26,A2,kvalita,1,Plná
exp3606,k3_final_26,A2,dopad,1,Krátkodobý úspěch
exp3606,k3_final_26,A2,vhodnost,1,4
exp3607,k3_final_26,A2,kvalita,1,Plná
exp3607,k3_final_26,A2,dopad,1,Krátkodobý úspěch
exp3607,k3_final_26,A2,vhodnost,1,3
exp3608,k3_final_26,A2,kvalita,1,Plná
exp3608,k3_final_26,A2,dopad,1,Dlouhodobý úspěch
exp3608,k3_final_26,A2,vhodnost,1,3
exp3609,k3_final_26,A2,kvalita,1,Plochá
exp3609,k3_final_26,A2,dopad,1,Neúspěch
exp3609,k3_final_26,A2,vhodnost,1,2
exp3611,k3_final_26,A2,kvalita,1,Plná
exp3611,k3_final_26,A2,dopad,1,Krátkodobý úspěch
exp3611,k3_final_26,A2,vhodnost,1,2
exp3613,k3_final_26,A2,kvalita,1,Plná
exp3613,k3_final_26,A2,dopad,1,Krátkodobý úspěch
exp3613,k3_final_26,A2,vhodnost,1,2
exp3614,k3_final_26,A2,kvalita,1,Plná
exp3614,k3_final_26,A2,dopad,1,Krátkodobý úspěch
exp3614,k3_final_26,A2,vhodnost,1,2
exp3615,k3_final_26,A2,kvalita,1,Plná
exp3615,k3_final_26,A2,dopad,1,Krátkodobý úspěch
exp3615,k3_final_26,A2,vhodnost,1,4
exp3616,k3_final_26,A2,kvalita,1,Plná
exp3616,k3_final_26,A2,dopad,1,Krátkodobý úspěch
exp3616,k3_final_26,A2,vhodnost,1,3
exp3617,k3_final_26,A2,kvalita,1,Plná
exp3617,k3_final_26,A2,dopad,1,Krátkodobý úspěch
exp3617,k3_final_26,A2,vhodnost,1,3
exp3618,k3_final_26,A2,kvalita,1,Plná
exp3618,k3_final_26,A2,dopad,1,Dlouhodobý úspěch
exp3618,k3_final_26,A2,vhodnost,1,2
exp3619,k3_final_26,A2,kvalita,1,Plná
exp3619,k3_final_26,A2,dopad,1,Krátkodobý úspěch
exp3619,k3_final_26,A2,vhodnost,1,3
exp3620,k3_final_26,A2,kvalita,1,Plná
exp3620,k3_final_26,A2,dopad,1,Krátkodobý úspěch
exp3620,k3_final_26,A2,vhodnost,1,3
exp3621,k3_final_26,A2,kvalita,1,Plná
exp3621,k3_final_26,A2,dopad,1,Dlouhodobý úspěch
exp3621,k3_final_26,A2,vhodnost,1,4
exp3622,k3_final_26,A2,kvalita,1,Plná
exp3622,k3_final_26,A2,dopad,1,Krátkodobý úspěch
exp3622,k3_final_26,A2,vhodnost,1,4
exp3623,k3_final_26,A2,kvalita,1,Plná
exp3623,k3_final_26,A2,dopad,1,Krátkodobý úspěch
exp3623,k3_final_26,A2,vhodnost,1,3
exp3624,k3_final_26,A2,kvalita,1,Plná
exp3624,k3_final_26,A2,dopad,1,Krátkodobý úspěch
exp3624,k3_final_26,A2,vhodnost,1,4
exp3625,k3_final_26,A2,kvalita,1,Plná
exp3625,k3_final_26,A2,dopad,1,Neúspěch
exp3625,k3_final_26,A2,vhodnost,1,3
exp3626,k3_final_26,A2,kvalita,1,Plná
exp3626,k3_final_26,A2,dopad,1,Krátkodobý úspěch
exp3626,k3_final_26,A2,vhodnost,1,3
exp3627,k3_final_26,A2,kvalita,1,Plná
exp3627,k3_final_26,A2,dopad,1,Krátkodobý úspěch
exp3627,k3_final_26,A2,vhodnost,1,3
exp3628,k3_final_26,A2,kvalita,1,Plná
exp3628,k3_final_26,A2,dopad,1,Neúspěch
exp3628,k3_final_26,A2,vhodnost,1,1
exp3629,k3_final_26,A2,kvalita,1,Plná
exp3629,k3_final_26,A2,dopad,1,Dlouhodobý úspěch
exp3629,k3_final_26,A2,vhodnost,1,3
exp3630,k3_final_26,A2,kvalita,1,Plná
exp3630,k3_final_26,A2,dopad,1,Krátkodobý úspěch
exp3630,k3_final_26,A2,vhodnost,1,2
exp3631,k3_final_26,A2,kvalita,1,Plná
exp3631,k3_final_26,A2,dopad,1,Krátkodobý úspěch
exp3631,k3_final_26,A2,vhodnost,1,2
exp3632,k3_final_26,A2,kvalita,1,Plná
exp3632,k3_final_26,A2,dopad,1,Krátkodobý úspěch
exp3632,k3_final_26,A2,vhodnost,1,3
exp3633,k3_final_26,A2,kvalita,1,Plná
exp3633,k3_final_26,A2,dopad,1,Krátkodobý úspěch
exp3633,k3_final_26,A2,vhodnost,1,3
exp3634,k3_final_26,A2,kvalita,1,Plná
exp3634,k3_final_26,A2,dopad,1,Krátkodobý úspěch
exp3634,k3_final_26,A2,vhodnost,1,2
exp3635,k3_final_26,A2,kvalita,1,Plná
exp3635,k3_final_26,A2,dopad,1,Krátkodobý úspěch
exp3635,k3_final_26,A2,vhodnost,1,3
exp3636,k3_final_26,A2,kvalita,1,Plná
exp3636,k3_final_26,A2,dopad,1,Krátkodobý úspěch
exp3636,k3_final_26,A2,vhodnost,1,3
exp3637,k3_final_26,A2,kvalita,1,Plná
exp3637,k3_final_26,A2,dopad,1,Neúspěch
exp3637,k3_final_26,A2,vhodnost,1,2
exp3638,k3_final_26,A2,kvalita,1,Plná
exp3638,k3_final_26,A2,dopad,1,Dlouhodobý úspěch
exp3638,k3_final_26,A2,vhodnost,1,3
exp3639,k3_final_26,A2,kvalita,1,Plná
exp3639,k3_final_26,A2,dopad,1,Dlouhodobý úspěch
exp3639,k3_final_26,A2,vhodnost,1,4
exp3640,k3_final_26,A2,kvalita,1,Plná
exp3640,k3_final_26,A2,dopad,1,Dlouhodobý úspěch
exp3640,k3_final_26,A2,vhodnost,1,4
exp3641,k3_final_26,A2,kvalita,1,Plná
exp3641,k3_final_26,A2,dopad,1,Krátkodobý úspěch
exp3641,k3_final_26,A2,vhodnost,1,2
exp3642,k3_final_26,A2,kvalita,1,Plochá
exp3642,k3_final_26,A2,dopad,1,Krátkodobý úspěch
exp3642,k3_final_26,A2,vhodnost,1,2
exp3643,k3_final_26,A2,kvalita,1,Plná
exp3643,k3_final_26,A2,dopad,1,Krátkodobý úspěch
exp3643,k3_final_26,A2,vhodnost,1,4
exp3644,k3_final_26,A2,kvalita,1,Plná
exp3644,k3_final_26,A2,dopad,1,Krátkodobý úspěch
exp3644,k3_final_26,A2,vhodnost,1,2
exp3645,k3_final_26,A2,kvalita,1,Plná
exp3645,k3_final_26,A2,dopad,1,Krátkodobý úspěch
exp3645,k3_final_26,A2,vhodnost,1,4
exp3646,k3_final_26,A2,kvalita,1,Plná
exp3646,k3_final_26,A2,dopad,1,Krátkodobý úspěch
exp3646,k3_final_26,A2,vhodnost,1,4
exp3647,k3_final_26,A2,kvalita,1,Plná
exp3647,k3_final_26,A2,dopad,1,Dlouhodobý úspěch
exp3647,k3_final_26,A2,vhodnost,1,3
exp3648,k3_final_26,A2,kvalita,1,Plná
exp3648,k3_final_26,A2,dopad,1,Krátkodobý úspěch
exp3648,k3_final_26,A2,vhodnost,1,3
exp3649,k3_final_26,A2,kvalita,1,Plná
exp3649,k3_final_26,A2,dopad,1,Dlouhodobý úspěch
exp3649,k3_final_26,A2,vhodnost,1,3
exp3650,k3_final_26,A2,kvalita,1,Plná
exp3650,k3_final_26,A2,dopad,1,Dlouhodobý úspěch
exp3650,k3_final_26,A2,vhodnost,1,3
exp3651,k3_final_26,A2,kvalita,1,Plochá
exp3652,k3_final_26,A2,kvalita,1,Plná
exp3652,k3_final_26,A2,dopad,1,Krátkodobý úspěch
exp3652,k3_final_26,A2,vhodnost,1,2
exp3653,k3_final_26,A2,kvalita,1,Plná
exp3653,k3_final_26,A2,dopad,1,Krátkodobý úspěch
exp3653,k3_final_26,A2,vhodnost,1,2
exp3654,k3_final_26,A2,kvalita,1,Plná
exp3654,k3_final_26,A2,dopad,1,Dlouhodobý úspěch
exp3654,k3_final_26,A2,vhodnost,1,4
exp3655,k3_final_26,A2,kvalita,1,Plná
exp3655,k3_final_26,A2,dopad,1,Neúspěch
exp3655,k3_final_26,A2,vhodnost,1,2
exp3656,k3_final_26,A2,kvalita,1,Plná
exp3656,k3_final_26,A2,dopad,1,Dlouhodobý úspěch
exp3656,k3_final_26,A2,vhodnost,1,4
exp3657,k3_final_26,A2,kvalita,1,Plná
exp3657,k3_final_26,A2,dopad,1,Krátkodobý úspěch
exp3657,k3_final_26,A2,vhodnost,1,4
exp3658,k3_final_26,A2,kvalita,1,Plná
exp3658,k3_final_26,A2,dopad,1,Krátkodobý úspěch
exp3658,k3_final_26,A2,vhodnost,1,3
exp3659,k3_final_26,A2,kvalita,1,Plná
exp3659,k3_final_26,A2,dopad,1,Krátkodobý úspěch
exp3659,k3_final_26,A2,vhodnost,1,2
exp3660,k3_final_26,A2,kvalita,1,Plná
exp3660,k3_final_26,A2,dopad,1,Krátkodobý úspěch
exp3660,k3_final_26,A2,vhodnost,1,3
exp3661,k3_final_26,A2,kvalita,1,Plná
exp3661,k3_final_26,A2,dopad,1,Neúspěch
exp3661,k3_final_26,A2,vhodnost,1,3
exp3662,k3_final_26,A2,kvalita,1,Plná
exp3662,k3_final_26,A2,dopad,1,Dlouhodobý úspěch
exp3662,k3_final_26,A2,vhodnost,1,4
exp3663,k3_final_26,A2,kvalita,1,Plná
exp3663,k3_final_26,A2,dopad,1,Krátkodobý úspěch
exp3663,k3_final_26,A2,vhodnost,1,3
exp3664,k3_final_26,A2,kvalita,1,Plná
exp3664,k3_final_26,A2,dopad,1,Dlouhodobý úspěch
exp3664,k3_final_26,A2,vhodnost,1,4
exp3665,k3_final_26,A2,kvalita,1,Plná
exp3665,k3_final_26,A2,dopad,1,Neúspěch
exp3665,k3_final_26,A2,vhodnost,1,4
exp3666,k3_final_26,A2,kvalita,1,Plná
exp3666,k3_final_26,A2,dopad,1,Dlouhodobý úspěch
exp3666,k3_final_26,A2,vhodnost,1,4
exp3667,k3_final_26,A2,kvalita,1,Plná
exp3667,k3_final_26,A2,dopad,1,Krátkodobý úspěch
exp3667,k3_final_26,A2,vhodnost,1,3
exp3668,k3_final_26,A2,kvalita,1,Plná
exp3668,k3_final_26,A2,dopad,1,Neúspěch
exp3668,k3_final_26,A2,vhodnost,1,2
exp3669,k3_final_26,A2,kvalita,1,Plná
exp3669,k3_final_26,A2,dopad,1,Dlouhodobý úspěch
exp3669,k3_final_26,A2,vhodnost,1,4
exp3670,k3_final_26,A2,kvalita,1,Plná
exp3670,k3_final_26,A2,dopad,1,Krátkodobý úspěch
exp3670,k3_final_26,A2,vhodnost,1,3
exp3671,k3_final_26,A2,kvalita,1,Plná
exp3671,k3_final_26,A2,dopad,1,Krátkodobý úspěch
exp3671,k3_final_26,A2,vhodnost,1,3
exp3672,k3_final_26,A2,kvalita,1,Plná
exp3672,k3_final_26,A2,dopad,1,Krátkodobý úspěch
exp3672,k3_final_26,A2,vhodnost,1,3
exp3673,k3_final_26,A2,kvalita,1,Plná
exp3673,k3_final_26,A2,dopad,1,Dlouhodobý úspěch
exp3673,k3_final_26,A2,vhodnost,1,3
exp3674,k3_final_26,A2,kvalita,1,Plná
exp3674,k3_final_26,A2,dopad,1,Dlouhodobý úspěch
exp3674,k3_final_26,A2,vhodnost,1,3
exp3675,k3_final_26,A2,kvalita,1,Plná
exp3675,k3_final_26,A2,dopad,1,Krátkodobý úspěch
exp3675,k3_final_26,A2,vhodnost,1,3
exp3676,k3_final_26,A2,kvalita,1,Plná
exp3676,k3_final_26,A2,dopad,1,Dlouhodobý úspěch
exp3676,k3_final_26,A2,vhodnost,1,4
exp3677,k3_final_26,A2,kvalita,1,Plná
exp3677,k3_final_26,A2,dopad,1,Krátkodobý úspěch
exp3677,k3_final_26,A2,vhodnost,1,3
exp3678,k3_final_26,A2,kvalita,1,Plochá
exp3678,k3_final_26,A2,dopad,1,Dlouhodobý úspěch
exp3678,k3_final_26,A2,vhodnost,1,2
exp3679,k3_final_26,A2,kvalita,1,Plná
exp3679,k3_final_26,A2,dopad,1,Krátkodobý úspěch
exp3679,k3_final_26,A2,vhodnost,1,2
exp3680,k3_final_26,A2,kvalita,1,Plná
exp3680,k3_final_26,A2,dopad,1,Krátkodobý úspěch
exp3680,k3_final_26,A2,vhodnost,1,2
exp3681,k3_final_26,A2,kvalita,1,Plná
exp3681,k3_final_26,A2,dopad,1,Krátkodobý úspěch
exp3681,k3_final_26,A2,vhodnost,1,3
exp3682,k3_final_26,A2,kvalita,1,Plná
exp3682,k3_final_26,A2,dopad,1,Krátkodobý úspěch
exp3682,k3_final_26,A2,vhodnost,1,4
exp3683,k3_final_26,A2,kvalita,1,Plná
exp3683,k3_final_26,A2,dopad,1,Dlouhodobý úspěch
exp3683,k3_final_26,A2,vhodnost,1,4
exp3684,k3_final_26,A2,kvalita,1,Plná
exp3684,k3_final_26,A2,dopad,1,Dlouhodobý úspěch
exp3684,k3_final_26,A2,vhodnost,1,3
exp3685,k3_final_26,A2,kvalita,1,Plná
exp3685,k3_final_26,A2,dopad,1,Dlouhodobý úspěch
exp3685,k3_final_26,A2,vhodnost,1,3
exp3686,k3_final_26,A2,kvalita,1,Plná
exp3686,k3_final_26,A2,dopad,1,Krátkodobý úspěch
exp3686,k3_final_26,A2,vhodnost,1,4
exp3687,k3_final_26,A2,kvalita,1,Plná
exp3687,k3_final_26,A2,dopad,1,Krátkodobý úspěch
exp3687,k3_final_26,A2,vhodnost,1,4
exp3688,k3_final_26,A2,kvalita,1,Plná
exp3688,k3_final_26,A2,dopad,1,Dlouhodobý úspěch
exp3688,k3_final_26,A2,vhodnost,1,4
exp3689,k3_final_26,A2,kvalita,1,Plochá
exp3690,k3_final_26,A2,kvalita,1,Plná
exp3690,k3_final_26,A2,dopad,1,Dlouhodobý úspěch
exp3690,k3_final_26,A2,vhodnost,1,2
exp3691,k3_final_26,A2,kvalita,1,Plná
exp3691,k3_final_26,A2,dopad,1,Krátkodobý úspěch
exp3691,k3_final_26,A2,vhodnost,1,4
exp3692,k3_final_26,A2,kvalita,1,Plná
exp3692,k3_final_26,A2,dopad,1,Dlouhodobý úspěch
exp3692,k3_final_26,A2,vhodnost,1,3
exp3693,k3_final_26,A2,kvalita,1,Plná
exp3693,k3_final_26,A2,dopad,1,Krátkodobý úspěch
exp3693,k3_final_26,A2,vhodnost,1,3
,k3_final_26,A2,kvalita,1,Plná
,k3_final_26,A2,dopad,1,Krátkodobý úspěch
,k3_final_26,A2,vhodnost,1,3
exp3728,k3_final_26,A2,kvalita,1,Plná
exp3728,k3_final_26,A2,dopad,1,Dlouhodobý úspěch
exp3728,k3_final_26,A2,vhodnost,1,3
exp3729,k3_final_26,A2,kvalita,1,Plná
exp3729,k3_final_26,A2,dopad,1,Dlouhodobý úspěch
exp3729,k3_final_26,A2,vhodnost,1,3
exp3730,k3_final_26,A2,kvalita,1,Plná
exp3730,k3_final_26,A2,dopad,1,Krátkodobý úspěch
exp3730,k3_final_26,A2,vhodnost,1,3
exp3731,k3_final_26,A2,kvalita,1,Plná
exp3731,k3_final_26,A2,dopad,1,Krátkodobý úspěch
exp3731,k3_final_26,A2,vhodnost,1,3
exp3732,k3_final_26,A2,kvalita,1,Plná
exp3732,k3_final_26,A2,dopad,1,Krátkodobý úspěch
exp3732,k3_final_26,A2,vhodnost,1,2
exp3733,k3_final_26,A2,kvalita,1,Plná
exp3733,k3_final_26,A2,dopad,1,Dlouhodobý úspěch
exp3733,k3_final_26,A2,vhodnost,1,2
exp3734,k3_final_26,A2,kvalita,1,Plná
exp3734,k3_final_26,A2,dopad,1,Krátkodobý úspěch
exp3734,k3_final_26,A2,vhodnost,1,3
exp3735,k3_final_26,A2,kvalita,1,Plná
exp3735,k3_final_26,A2,dopad,1,Krátkodobý úspěch
exp3735,k3_final_26,A2,vhodnost,1,3
exp3736,k3_final_26,A2,kvalita,1,Plná
exp3736,k3_final_26,A2,dopad,1,Neúspěch
exp3736,k3_final_26,A2,vhodnost,1,2
exp3737,k3_final_26,A2,kvalita,1,Plná
exp3737,k3_final_26,A2,dopad,1,Krátkodobý úspěch
exp3737,k3_final_26,A2,vhodnost,1,3
exp3738,k3_final_26,A2,kvalita,1,Plná
exp3738,k3_final_26,A2,dopad,1,Dlouhodobý úspěch
exp3738,k3_final_26,A2,vhodnost,1,4
exp3739,k3_final_26,A2,kvalita,1,Plná
exp3739,k3_final_26,A2,dopad,1,Krátkodobý úspěch
exp3739,k3_final_26,A2,vhodnost,1,4
exp3740,k3_final_26,A2,kvalita,1,Plná
exp3740,k3_final_26,A2,dopad,1,Krátkodobý úspěch
exp3740,k3_final_26,A2,vhodnost,1,3
exp3741,k3_final_26,A2,kvalita,1,Plná
exp3741,k3_final_26,A2,dopad,1,Krátkodobý úspěch
exp3741,k3_final_26,A2,vhodnost,1,4
exp3742,k3_final_26,A2,kvalita,1,Plná
exp3742,k3_final_26,A2,dopad,1,Neúspěch
exp3742,k3_final_26,A2,vhodnost,1,2
exp3743,k3_final_26,A2,kvalita,1,Plná
exp3743,k3_final_26,A2,dopad,1,Krátkodobý úspěch
exp3743,k3_final_26,A2,vhodnost,1,2
exp3744,k3_final_26,A2,kvalita,1,Plná
exp3744,k3_final_26,A2,dopad,1,Dlouhodobý úspěch
exp3744,k3_final_26,A2,vhodnost,1,4
exp3745,k3_final_26,A2,kvalita,1,Plná
exp3745,k3_final_26,A2,dopad,1,Krátkodobý úspěch
exp3745,k3_final_26,A2,vhodnost,1,3
exp3746,k3_final_26,A2,kvalita,1,Plná
exp3746,k3_final_26,A2,dopad,1,Dlouhodobý úspěch
exp3746,k3_final_26,A2,vhodnost,1,3
exp3747,k3_final_26,A2,kvalita,1,Plná
exp3747,k3_final_26,A2,dopad,1,Krátkodobý úspěch
exp3747,k3_final_26,A2,vhodnost,1,3
exp3748,k3_final_26,A2,kvalita,1,Plná
exp3748,k3_final_26,A2,dopad,1,Dlouhodobý úspěch
exp3748,k3_final_26,A2,vhodnost,1,4
exp3749,k3_final_26,A2,kvalita,1,Plná
exp3749,k3_final_26,A2,dopad,1,Neúspěch
exp3749,k3_final_26,A2,vhodnost,1,4
exp3750,k3_final_26,A2,kvalita,1,Plná
exp3750,k3_final_26,A2,dopad,1,Neúspěch
exp3750,k3_final_26,A2,vhodnost,1,4
exp3751,k3_final_26,A2,kvalita,1,Plná
exp3751,k3_final_26,A2,dopad,1,Dlouhodobý úspěch
exp3751,k3_final_26,A2,vhodnost,1,4
exp3752,k3_final_26,A2,kvalita,1,Plná
exp3752,k3_final_26,A2,dopad,1,Dlouhodobý úspěch
exp3752,k3_final_26,A2,vhodnost,1,4
exp3753,k3_final_26,A2,kvalita,1,Plná
exp3753,k3_final_26,A2,dopad,1,Dlouhodobý úspěch
exp3753,k3_final_26,A2,vhodnost,1,4
exp3754,k3_final_26,A2,kvalita,1,Plná
exp3754,k3_final_26,A2,dopad,1,Krátkodobý úspěch
exp3754,k3_final_26,A2,vhodnost,1,4
exp3755,k3_final_26,A2,kvalita,1,Plná
exp3755,k3_final_26,A2,dopad,1,Krátkodobý úspěch
exp3755,k3_final_26,A2,vhodnost,1,4
exp3756,k3_final_26,A2,kvalita,1,Plná
exp3756,k3_final_26,A2,dopad,1,Krátkodobý úspěch
exp3756,k3_final_26,A2,vhodnost,1,1
exp3757,k3_final_26,A2,kvalita,1,Plná
exp3757,k3_final_26,A2,dopad,1,Neúspěch
exp3757,k3_final_26,A2,vhodnost,1,2
exp3758,k3_final_26,A2,kvalita,1,Plná
exp3758,k3_final_26,A2,dopad,1,Dlouhodobý úspěch
exp3758,k3_final_26,A2,vhodnost,1,4
exp3759,k3_final_26,A2,kvalita,1,Plná
exp3759,k3_final_26,A2,dopad,1,Dlouhodobý úspěch
exp3759,k3_final_26,A2,vhodnost,1,4
exp3760,k3_final_26,A2,kvalita,1,Plná
exp3760,k3_final_26,A2,dopad,1,Krátkodobý úspěch
exp3760,k3_final_26,A2,vhodnost,1,3
exp3761,k3_final_26,A2,kvalita,1,Plná
exp3761,k3_final_26,A2,dopad,1,Dlouhodobý úspěch
exp3761,k3_final_26,A2,vhodnost,1,4
exp3762,k3_final_26,A2,kvalita,1,Plná
exp3762,k3_final_26,A2,dopad,1,Krátkodobý úspěch
exp3762,k3_final_26,A2,vhodnost,1,4
exp3763,k3_final_26,A2,kvalita,1,Plná
exp3763,k3_final_26,A2,dopad,1,Neúspěch
exp3763,k3_final_26,A2,vhodnost,1,3
exp3764,k3_final_26,A2,kvalita,1,Plná
exp3764,k3_final_26,A2,dopad,1,Krátkodobý úspěch
exp3764,k3_final_26,A2,vhodnost,1,3
exp3765,k3_final_26,A2,kvalita,1,Plná
exp3765,k3_final_26,A2,dopad,1,Krátkodobý úspěch
exp3765,k3_final_26,A2,vhodnost,1,4
exp3766,k3_final_26,A2,kvalita,1,Plná
exp3766,k3_final_26,A2,dopad,1,Krátkodobý úspěch
exp3766,k3_final_26,A2,vhodnost,1,2
exp3767,k3_final_26,A2,kvalita,1,Plná
exp3767,k3_final_26,A2,dopad,1,Neúspěch
exp3767,k3_final_26,A2,vhodnost,1,3
exp3768,k3_final_26,A2,kvalita,1,Plná
exp3768,k3_final_26,A2,dopad,1,Dlouhodobý úspěch
exp3768,k3_final_26,A2,vhodnost,1,3
exp3769,k3_final_26,A2,kvalita,1,Plná
exp3769,k3_final_26,A2,dopad,1,Krátkodobý úspěch
exp3769,k3_final_26,A2,vhodnost,1,3
exp3770,k3_final_26,A2,kvalita,1,Plná
exp3770,k3_final_26,A2,dopad,1,Dlouhodobý úspěch
exp3770,k3_final_26,A2,vhodnost,1,2
exp3771,k3_final_26,A2,kvalita,1,Plná
exp3771,k3_final_26,A2,dopad,1,Dlouhodobý úspěch
exp3771,k3_final_26,A2,vhodnost,1,4
exp3772,k3_final_26,A2,kvalita,1,Plná
exp3772,k3_final_26,A2,dopad,1,Dlouhodobý úspěch
exp3772,k3_final_26,A2,vhodnost,1,4
exp3773,k3_final_26,A2,kvalita,1,Plná
exp3773,k3_final_26,A2,dopad,1,Dlouhodobý úspěch
exp3773,k3_final_26,A2,vhodnost,1,3
exp3774,k3_final_26,A2,kvalita,1,Plná
exp3774,k3_final_26,A2,dopad,1,Krátkodobý úspěch
exp3774,k3_final_26,A2,vhodnost,1,2
exp3775,k3_final_26,A2,kvalita,1,Plná
exp3775,k3_final_26,A2,dopad,1,Krátkodobý úspěch
exp3775,k3_final_26,A2,vhodnost,1,3
exp3776,k3_final_26,A2,kvalita,1,Plná
exp3776,k3_final_26,A2,dopad,1,Krátkodobý úspěch
exp3776,k3_final_26,A2,vhodnost,1,2
exp3777,k3_final_26,A2,kvalita,1,Plná
exp3777,k3_final_26,A2,dopad,1,Krátkodobý úspěch
exp3777,k3_final_26,A2,vhodnost,1,4
exp3778,k3_final_26,A2,kvalita,1,Plná
exp3778,k3_final_26,A2,dopad,1,Dlouhodobý úspěch
exp3778,k3_final_26,A2,vhodnost,1,4
exp3779,k3_final_26,A2,kvalita,1,Plná
exp3779,k3_final_26,A2,dopad,1,Krátkodobý úspěch
exp3779,k3_final_26,A2,vhodnost,1,3
exp3780,k3_final_26,A2,kvalita,1,Plná
exp3780,k3_final_26,A2,dopad,1,Krátkodobý úspěch
exp3780,k3_final_26,A2,vhodnost,1,3
exp3781,k3_final_26,A2,kvalita,1,Plná
exp3781,k3_final_26,A2,dopad,1,Krátkodobý úspěch
exp3781,k3_final_26,A2,vhodnost,1,4
exp3782,k3_final_26,A2,kvalita,1,Plochá
exp3783,k3_final_26,A2,kvalita,1,Plná
exp3783,k3_final_26,A2,dopad,1,Dlouhodobý úspěch
exp3783,k3_final_26,A2,vhodnost,1,2
exp3784,k3_final_26,A2,kvalita,1,Plná
exp3784,k3_final_26,A2,dopad,1,Krátkodobý úspěch
exp3784,k3_final_26,A2,vhodnost,1,3
exp3785,k3_final_26,A2,kvalita,1,Plná
exp3785,k3_final_26,A2,dopad,1,Krátkodobý úspěch
exp3785,k3_final_26,A2,vhodnost,1,3
exp3786,k3_final_26,A2,kvalita,1,Plochá
exp3787,k3_final_26,A2,kvalita,1,Plná
exp3787,k3_final_26,A2,dopad,1,Neúspěch
exp3787,k3_final_26,A2,vhodnost,1,2
exp3788,k3_final_26,A2,kvalita,1,Plná
exp3788,k3_final_26,A2,dopad,1,Neúspěch
exp3788,k3_final_26,A2,vhodnost,1,2
exp3789,k3_final_26,A2,kvalita,1,Plná
exp3789,k3_final_26,A2,dopad,1,Neúspěch
exp3789,k3_final_26,A2,vhodnost,1,3
exp3790,k3_final_26,A2,kvalita,1,Plná
exp3790,k3_final_26,A2,dopad,1,Krátkodobý úspěch
exp3790,k3_final_26,A2,vhodnost,1,3
exp3791,k3_final_26,A2,kvalita,1,Plná
exp3791,k3_final_26,A2,dopad,1,Krátkodobý úspěch
exp3791,k3_final_26,A2,vhodnost,1,3
exp3792,k3_final_26,A2,kvalita,1,Plná
exp3792,k3_final_26,A2,dopad,1,Dlouhodobý úspěch
exp3792,k3_final_26,A2,vhodnost,1,3
exp3793,k3_final_26,A2,kvalita,1,Plná
exp3793,k3_final_26,A2,dopad,1,Krátkodobý úspěch
exp3793,k3_final_26,A2,vhodnost,1,4
exp3794,k3_final_26,A2,kvalita,1,Plná
exp3794,k3_final_26,A2,dopad,1,Dlouhodobý úspěch
exp3794,k3_final_26,A2,vhodnost,1,3
exp3795,k3_final_26,A2,kvalita,1,Plná
exp3795,k3_final_26,A2,dopad,1,Dlouhodobý úspěch
exp3795,k3_final_26,A2,vhodnost,1,3
exp3796,k3_final_26,A2,kvalita,1,Plná
exp3796,k3_final_26,A2,dopad,1,Krátkodobý úspěch
exp3796,k3_final_26,A2,vhodnost,1,2
exp3797,k3_final_26,A2,kvalita,1,Plochá
exp3798,k3_final_26,A2,kvalita,1,Plná
exp3798,k3_final_26,A2,dopad,1,Krátkodobý úspěch
exp3798,k3_final_26,A2,vhodnost,1,2
exp3799,k3_final_26,A2,kvalita,1,Plná
exp3799,k3_final_26,A2,dopad,1,Dlouhodobý úspěch
exp3799,k3_final_26,A2,vhodnost,1,4
exp3800,k3_final_26,A2,kvalita,1,Plná
exp3800,k3_final_26,A2,dopad,1,Dlouhodobý úspěch
exp3800,k3_final_26,A2,vhodnost,1,4
exp3801,k3_final_26,A2,kvalita,1,Plná
exp3801,k3_final_26,A2,dopad,1,Krátkodobý úspěch
exp3801,k3_final_26,A2,vhodnost,1,3
exp3802,k3_final_26,A2,kvalita,1,Plná
exp3802,k3_final_26,A2,dopad,1,Neúspěch
exp3802,k3_final_26,A2,vhodnost,1,2
exp3803,k3_final_26,A2,kvalita,1,Plná
exp3803,k3_final_26,A2,dopad,1,Krátkodobý úspěch
exp3803,k3_final_26,A2,vhodnost,1,2
exp3804,k3_final_26,A2,kvalita,1,Plná
exp3804,k3_final_26,A2,dopad,1,Dlouhodobý úspěch
exp3804,k3_final_26,A2,vhodnost,1,4
exp3805,k3_final_26,A2,kvalita,1,Plná
exp3805,k3_final_26,A2,dopad,1,Krátkodobý úspěch
exp3805,k3_final_26,A2,vhodnost,1,4
exp3806,k3_final_26,A2,kvalita,1,Plná
exp3806,k3_final_26,A2,dopad,1,Krátkodobý úspěch
exp3806,k3_final_26,A2,vhodnost,1,3
exp3807,k3_final_26,A2,kvalita,1,Plná
exp3807,k3_final_26,A2,dopad,1,Krátkodobý úspěch
exp3807,k3_final_26,A2,vhodnost,1,4
exp3808,k3_final_26,A2,kvalita,1,Plná
exp3808,k3_final_26,A2,dopad,1,Krátkodobý úspěch
exp3808,k3_final_26,A2,vhodnost,1,3
exp3809,k3_final_26,A2,kvalita,1,Plná
exp3809,k3_final_26,A2,dopad,1,Krátkodobý úspěch
exp3809,k3_final_26,A2,vhodnost,1,3
exp3810,k3_final_26,A2,kvalita,1,Plná
exp3810,k3_final_26,A2,dopad,1,Krátkodobý úspěch
exp3810,k3_final_26,A2,vhodnost,1,3
exp3811,k3_final_26,A2,kvalita,1,Plná
exp3811,k3_final_26,A2,dopad,1,Krátkodobý úspěch
exp3811,k3_final_26,A2,vhodnost,1,2
exp3812,k3_final_26,A2,kvalita,1,Plná
exp3812,k3_final_26,A2,dopad,1,Krátkodobý úspěch
exp3812,k3_final_26,A2,vhodnost,1,2
exp3813,k3_final_26,A2,kvalita,1,Plná
exp3813,k3_final_26,A2,dopad,1,Neúspěch
exp3813,k3_final_26,A2,vhodnost,1,2
exp3814,k3_final_26,A2,kvalita,1,Plná
exp3814,k3_final_26,A2,dopad,1,Krátkodobý úspěch
exp3814,k3_final_26,A2,vhodnost,1,3
exp3815,k3_final_26,A2,kvalita,1,Plná
exp3815,k3_final_26,A2,dopad,1,Dlouhodobý úspěch
exp3815,k3_final_26,A2,vhodnost,1,3
exp3816,k3_final_26,A2,kvalita,1,Plná
exp3816,k3_final_26,A2,dopad,1,Dlouhodobý úspěch
exp3816,k3_final_26,A2,vhodnost,1,3
exp3817,k3_final_26,A2,kvalita,1,Plná
exp3817,k3_final_26,A2,dopad,1,Krátkodobý úspěch
exp3817,k3_final_26,A2,vhodnost,1,3
exp3818,k3_final_26,A2,kvalita,1,Plná
exp3818,k3_final_26,A2,dopad,1,Krátkodobý úspěch
exp3818,k3_final_26,A2,vhodnost,1,4
exp3819,k3_final_26,A2,kvalita,1,Plná
exp3819,k3_final_26,A2,dopad,1,Dlouhodobý úspěch
exp3819,k3_final_26,A2,vhodnost,1,3
exp3820,k3_final_26,A2,kvalita,1,Plná
exp3820,k3_final_26,A2,dopad,1,Krátkodobý úspěch
exp3820,k3_final_26,A2,vhodnost,1,2
exp3821,k3_final_26,A2,kvalita,1,Plná
exp3821,k3_final_26,A2,dopad,1,Dlouhodobý úspěch
exp3821,k3_final_26,A2,vhodnost,1,3
exp3822,k3_final_26,A2,kvalita,1,Plná
exp3822,k3_final_26,A2,dopad,1,Krátkodobý úspěch
exp3822,k3_final_26,A2,vhodnost,1,3
exp3823,k3_final_26,A2,kvalita,1,Plná
exp3823,k3_final_26,A2,dopad,1,Krátkodobý úspěch
exp3823,k3_final_26,A2,vhodnost,1,4
exp3824,k3_final_26,A2,kvalita,1,Plná
exp3824,k3_final_26,A2,dopad,1,Krátkodobý úspěch
exp3824,k3_final_26,A2,vhodnost,1,3
exp3825,k3_final_26,A2,kvalita,1,Plná
exp3825,k3_final_26,A2,dopad,1,Krátkodobý úspěch
exp3825,k3_final_26,A2,vhodnost,1,3
exp3826,k3_final_26,A2,kvalita,1,Plná
exp3826,k3_final_26,A2,dopad,1,Dlouhodobý úspěch
exp3826,k3_final_26,A2,vhodnost,1,3
exp3827,k3_final_26,A2,kvalita,1,Plná
exp3827,k3_final_26,A2,dopad,1,Krátkodobý úspěch
exp3827,k3_final_26,A2,vhodnost,1,2
exp3828,k3_final_26,A2,kvalita,1,Plná
exp3828,k3_final_26,A2,dopad,1,Dlouhodobý úspěch
exp3828,k3_final_26,A2,vhodnost,1,3
exp3829,k3_final_26,A2,kvalita,1,Plná
exp3829,k3_final_26,A2,dopad,1,Dlouhodobý úspěch
exp3829,k3_final_26,A2,vhodnost,1,4
exp3830,k3_final_26,A2,kvalita,1,Plná
exp3830,k3_final_26,A2,dopad,1,Krátkodobý úspěch
exp3830,k3_final_26,A2,vhodnost,1,3
exp3831,k3_final_26,A2,kvalita,1,Plná
exp3831,k3_final_26,A2,dopad,1,Dlouhodobý úspěch
exp3831,k3_final_26,A2,vhodnost,1,2
exp3832,k3_final_26,A2,kvalita,1,Plná
exp3832,k3_final_26,A2,dopad,1,Krátkodobý úspěch
exp3832,k3_final_26,A2,vhodnost,1,4
exp3833,k3_final_26,A2,kvalita,1,Plná
exp3833,k3_final_26,A2,dopad,1,Krátkodobý úspěch
exp3833,k3_final_26,A2,vhodnost,1,3
exp3834,k3_final_26,A2,kvalita,1,Plná
exp3834,k3_final_26,A2,dopad,1,Krátkodobý úspěch
exp3834,k3_final_26,A2,vhodnost,1,3
exp3835,k3_final_26,A2,kvalita,1,Plná
exp3835,k3_final_26,A2,dopad,1,Krátkodobý úspěch
exp3835,k3_final_26,A2,vhodnost,1,3
exp3836,k3_final_26,A2,kvalita,1,Plná
exp3836,k3_final_26,A2,dopad,1,Krátkodobý úspěch
exp3836,k3_final_26,A2,vhodnost,1,2
exp3837,k3_final_26,A2,kvalita,1,Plná
exp3837,k3_final_26,A2,dopad,1,Dlouhodobý úspěch
exp3837,k3_final_26,A2,vhodnost,1,3
exp3838,k3_final_26,A2,kvalita,1,Plná
exp3838,k3_final_26,A2,dopad,1,Dlouhodobý úspěch
exp3838,k3_final_26,A2,vhodnost,1,3
exp3839,k3_final_26,A2,kvalita,1,Plná
exp3839,k3_final_26,A2,dopad,1,Dlouhodobý úspěch
exp3839,k3_final_26,A2,vhodnost,1,3
exp3840,k3_final_26,A2,kvalita,1,Plná
exp3840,k3_final_26,A2,dopad,1,Krátkodobý úspěch
exp3840,k3_final_26,A2,vhodnost,1,3
exp3841,k3_final_26,A2,kvalita,1,Plná
exp3841,k3_final_26,A2,dopad,1,Dlouhodobý úspěch
exp3841,k3_final_26,A2,vhodnost,1,3
exp3842,k3_final_26,A2,kvalita,1,Plná
exp3842,k3_final_26,A2,dopad,1,Krátkodobý úspěch
exp3842,k3_final_26,A2,vhodnost,1,4
exp3843,k3_final_26,A2,kvalita,1,Plná
exp3843,k3_final_26,A2,dopad,1,Dlouhodobý úspěch
exp3843,k3_final_26,A2,vhodnost,1,4
exp3844,k3_final_26,A2,kvalita,1,Plochá
exp3845,k3_final_26,A2,kvalita,1,Plná
exp3845,k3_final_26,A2,dopad,1,Krátkodobý úspěch
exp3845,k3_final_26,A2,vhodnost,1,3
exp3846,k3_final_26,A2,kvalita,1,Plná
exp3846,k3_final_26,A2,dopad,1,Krátkodobý úspěch
exp3846,k3_final_26,A2,vhodnost,1,2
exp3847,k3_final_26,A2,kvalita,1,Plná
exp3847,k3_final_26,A2,dopad,1,Dlouhodobý úspěch
exp3847,k3_final_26,A2,vhodnost,1,3
exp3848,k3_final_26,A2,kvalita,1,Plná
exp3848,k3_final_26,A2,dopad,1,Neúspěch
exp3848,k3_final_26,A2,vhodnost,1,2
exp3849,k3_final_26,A2,kvalita,1,Plná
exp3849,k3_final_26,A2,dopad,1,Krátkodobý úspěch
exp3849,k3_final_26,A2,vhodnost,1,3
exp3850,k3_final_26,A2,kvalita,1,Plná
exp3850,k3_final_26,A2,dopad,1,Krátkodobý úspěch
exp3850,k3_final_26,A2,vhodnost,1,3
exp3851,k3_final_26,A2,kvalita,1,Plná
exp3851,k3_final_26,A2,dopad,1,Dlouhodobý úspěch
exp3851,k3_final_26,A2,vhodnost,1,3
exp3852,k3_final_26,A2,kvalita,1,Plná
exp3852,k3_final_26,A2,dopad,1,Krátkodobý úspěch
exp3852,k3_final_26,A2,vhodnost,1,3
exp3853,k3_final_26,A2,kvalita,1,Plná
exp3853,k3_final_26,A2,dopad,1,Krátkodobý úspěch
exp3853,k3_final_26,A2,vhodnost,1,2
exp3854,k3_final_26,A2,kvalita,1,Plná
exp3854,k3_final_26,A2,dopad,1,Dlouhodobý úspěch
exp3854,k3_final_26,A2,vhodnost,1,3
exp3855,k3_final_26,A2,kvalita,1,Plná
exp3855,k3_final_26,A2,dopad,1,Krátkodobý úspěch
exp3855,k3_final_26,A2,vhodnost,1,3
exp3856,k3_final_26,A2,kvalita,1,Plná
exp3856,k3_final_26,A2,dopad,1,Dlouhodobý úspěch
exp3856,k3_final_26,A2,vhodnost,1,3
exp3857,k3_final_26,A2,kvalita,1,Plná
exp3857,k3_final_26,A2,dopad,1,Krátkodobý úspěch
exp3857,k3_final_26,A2,vhodnost,1,2
exp3858,k3_final_26,A2,kvalita,1,Plná
exp3858,k3_final_26,A2,dopad,1,Krátkodobý úspěch
exp3858,k3_final_26,A2,vhodnost,1,3
exp3859,k3_final_26,A2,kvalita,1,Plná
exp3859,k3_final_26,A2,dopad,1,Krátkodobý úspěch
exp3859,k3_final_26,A2,vhodnost,1,3
exp3860,k3_final_26,A2,kvalita,1,Plná
exp3860,k3_final_26,A2,dopad,1,Dlouhodobý úspěch
exp3860,k3_final_26,A2,vhodnost,1,3
exp3861,k3_final_26,A2,kvalita,1,Plná
exp3861,k3_final_26,A2,dopad,1,Krátkodobý úspěch
exp3861,k3_final_26,A2,vhodnost,1,2
exp3862,k3_final_26,A2,kvalita,1,Plná
exp3862,k3_final_26,A2,dopad,1,Krátkodobý úspěch
exp3862,k3_final_26,A2,vhodnost,1,3
exp3863,k3_final_26,A2,kvalita,1,Plná
exp3863,k3_final_26,A2,dopad,1,Krátkodobý úspěch
exp3863,k3_final_26,A2,vhodnost,1,2
exp3864,k3_final_26,A2,kvalita,1,Plná
exp3864,k3_final_26,A2,dopad,1,Dlouhodobý úspěch
exp3864,k3_final_26,A2,vhodnost,1,4
exp3865,k3_final_26,A2,kvalita,1,Plná
exp3865,k3_final_26,A2,dopad,1,Krátkodobý úspěch
exp3865,k3_final_26,A2,vhodnost,1,3
exp3866,k3_final_26,A2,kvalita,1,Plná
exp3866,k3_final_26,A2,dopad,1,Dlouhodobý úspěch
exp3866,k3_final_26,A2,vhodnost,1,2
exp3867,k3_final_26,A2,kvalita,1,Plochá
exp3868,k3_final_26,A2,kvalita,1,Plná
exp3868,k3_final_26,A2,dopad,1,Krátkodobý úspěch
exp3868,k3_final_26,A2,vhodnost,1,3
exp3869,k3_final_26,A2,kvalita,1,Plná
exp3869,k3_final_26,A2,dopad,1,Krátkodobý úspěch
exp3869,k3_final_26,A2,vhodnost,1,2
exp3870,k3_final_26,A2,kvalita,1,Plochá
exp3871,k3_final_26,A2,kvalita,1,Plná
exp3871,k3_final_26,A2,dopad,1,Neúspěch
exp3871,k3_final_26,A2,vhodnost,1,2
exp3872,k3_final_26,A2,kvalita,1,Plná
exp3872,k3_final_26,A2,dopad,1,Dlouhodobý úspěch
exp3872,k3_final_26,A2,vhodnost,1,4
exp3873,k3_final_26,A2,kvalita,1,Plná
exp3873,k3_final_26,A2,dopad,1,Dlouhodobý úspěch
exp3873,k3_final_26,A2,vhodnost,1,3
exp3874,k3_final_26,A2,kvalita,1,Plná
exp3874,k3_final_26,A2,dopad,1,Krátkodobý úspěch
exp3874,k3_final_26,A2,vhodnost,1,4
exp3875,k3_final_26,A2,kvalita,1,Plná
exp3875,k3_final_26,A2,dopad,1,Dlouhodobý úspěch
exp3875,k3_final_26,A2,vhodnost,1,4
exp3876,k3_final_26,A2,kvalita,1,Plná
exp3876,k3_final_26,A2,dopad,1,Krátkodobý úspěch
exp3876,k3_final_26,A2,vhodnost,1,2
exp3877,k3_final_26,A2,kvalita,1,Plná
exp3877,k3_final_26,A2,dopad,1,Neúspěch
exp3877,k3_final_26,A2,vhodnost,1,3
exp3878,k3_final_26,A2,kvalita,1,Plná
exp3878,k3_final_26,A2,dopad,1,Neúspěch
exp3878,k3_final_26,A2,vhodnost,1,2
exp3879,k3_final_26,A2,kvalita,1,Plná
exp3879,k3_final_26,A2,dopad,1,Dlouhodobý úspěch
exp3879,k3_final_26,A2,vhodnost,1,4
exp3880,k3_final_26,A2,kvalita,1,Plná
exp3880,k3_final_26,A2,dopad,1,Krátkodobý úspěch
exp3880,k3_final_26,A2,vhodnost,1,4
exp3881,k3_final_26,A2,kvalita,1,Plná
exp3881,k3_final_26,A2,dopad,1,Dlouhodobý úspěch
exp3881,k3_final_26,A2,vhodnost,1,3
exp3882,k3_final_26,A2,kvalita,1,Plná
exp3882,k3_final_26,A2,dopad,1,Dlouhodobý úspěch
exp3882,k3_final_26,A2,vhodnost,1,3
exp3883,k3_final_26,A2,kvalita,1,Plná
exp3883,k3_final_26,A2,dopad,1,Dlouhodobý úspěch
exp3883,k3_final_26,A2,vhodnost,1,3
exp3884,k3_final_26,A2,kvalita,1,Plná
exp3884,k3_final_26,A2,dopad,1,Krátkodobý úspěch
exp3884,k3_final_26,A2,vhodnost,1,3
exp3885,k3_final_26,A2,kvalita,1,Plná
exp3885,k3_final_26,A2,dopad,1,Dlouhodobý úspěch
exp3885,k3_final_26,A2,vhodnost,1,4
exp3886,k3_final_26,A2,kvalita,1,Plná
exp3886,k3_final_26,A2,dopad,1,Krátkodobý úspěch
exp3886,k3_final_26,A2,vhodnost,1,3
exp3887,k3_final_26,A2,kvalita,1,Plná
exp3887,k3_final_26,A2,dopad,1,Krátkodobý úspěch
exp3887,k3_final_26,A2,vhodnost,1,3
exp3888,k3_final_26,A2,kvalita,1,Plná
exp3888,k3_final_26,A2,dopad,1,Krátkodobý úspěch
exp3888,k3_final_26,A2,vhodnost,1,3
exp3889,k3_final_26,A2,kvalita,1,Plná
exp3889,k3_final_26,A2,dopad,1,Dlouhodobý úspěch
exp3889,k3_final_26,A2,vhodnost,1,2
exp3890,k3_final_26,A2,kvalita,1,Plná
exp3890,k3_final_26,A2,dopad,1,Neúspěch
exp3890,k3_final_26,A2,vhodnost,1,2
exp3891,k3_final_26,A2,kvalita,1,Plná
exp3891,k3_final_26,A2,dopad,1,Dlouhodobý úspěch
exp3891,k3_final_26,A2,vhodnost,1,3
exp3893,k3_final_26,A2,kvalita,1,Plná
exp3893,k3_final_26,A2,dopad,1,Dlouhodobý úspěch
exp3893,k3_final_26,A2,vhodnost,1,2
exp3894,k3_final_26,A2,kvalita,1,Plná
exp3894,k3_final_26,A2,dopad,1,Dlouhodobý úspěch
exp3894,k3_final_26,A2,vhodnost,1,3
exp3895,k3_final_26,A2,kvalita,1,Plná
exp3895,k3_final_26,A2,dopad,1,Krátkodobý úspěch
exp3895,k3_final_26,A2,vhodnost,1,3
exp3896,k3_final_26,A2,kvalita,1,Plná
exp3896,k3_final_26,A2,dopad,1,Krátkodobý úspěch
exp3896,k3_final_26,A2,vhodnost,1,2
exp3897,k3_final_26,A2,kvalita,1,Plná
exp3897,k3_final_26,A2,dopad,1,Dlouhodobý úspěch
exp3897,k3_final_26,A2,vhodnost,1,3
exp3898,k3_final_26,A2,kvalita,1,Plná
exp3898,k3_final_26,A2,dopad,1,Dlouhodobý úspěch
exp3898,k3_final_26,A2,vhodnost,1,4
exp3899,k3_final_26,A2,kvalita,1,Plná
exp3899,k3_final_26,A2,dopad,1,Krátkodobý úspěch
exp3899,k3_final_26,A2,vhodnost,1,3
exp3900,k3_final_26,A2,kvalita,1,Plná
exp3900,k3_final_26,A2,dopad,1,Krátkodobý úspěch
exp3900,k3_final_26,A2,vhodnost,1,3
exp3901,k3_final_26,A2,kvalita,1,Plná
exp3901,k3_final_26,A2,dopad,1,Dlouhodobý úspěch
exp3901,k3_final_26,A2,vhodnost,1,3
exp3902,k3_final_26,A2,kvalita,1,Plná
exp3902,k3_final_26,A2,dopad,1,Krátkodobý úspěch
exp3902,k3_final_26,A2,vhodnost,1,2
exp3903,k3_final_26,A2,kvalita,1,Plná
exp3903,k3_final_26,A2,dopad,1,Krátkodobý úspěch
exp3903,k3_final_26,A2,vhodnost,1,2
exp3904,k3_final_26,A2,kvalita,1,Plná
exp3904,k3_final_26,A2,dopad,1,Krátkodobý úspěch
exp3904,k3_final_26,A2,vhodnost,1,3
exp3905,k3_final_26,A2,kvalita,1,Plná
exp3905,k3_final_26,A2,dopad,1,Dlouhodobý úspěch
exp3905,k3_final_26,A2,vhodnost,1,4
exp3906,k3_final_26,A2,kvalita,1,Plná
exp3906,k3_final_26,A2,dopad,1,Krátkodobý úspěch
exp3906,k3_final_26,A2,vhodnost,1,4
exp3907,k3_final_26,A2,kvalita,1,Plná
exp3907,k3_final_26,A2,dopad,1,Krátkodobý úspěch
exp3907,k3_final_26,A2,vhodnost,1,4
exp3908,k3_final_26,A2,kvalita,1,Plná
exp3908,k3_final_26,A2,dopad,1,Dlouhodobý úspěch
exp3908,k3_final_26,A2,vhodnost,1,3
exp3909,k3_final_26,A2,kvalita,1,Plná
exp3909,k3_final_26,A2,dopad,1,Dlouhodobý úspěch
exp3909,k3_final_26,A2,vhodnost,1,3
exp3910,k3_final_26,A2,kvalita,1,Plná
exp3910,k3_final_26,A2,dopad,1,Krátkodobý úspěch
exp3910,k3_final_26,A2,vhodnost,1,3
exp3911,k3_final_26,A2,kvalita,1,Plná
exp3911,k3_final_26,A2,dopad,1,Dlouhodobý úspěch
exp3911,k3_final_26,A2,vhodnost,1,3
exp3912,k3_final_26,A2,kvalita,1,Plná
exp3912,k3_final_26,A2,dopad,1,Neúspěch
exp3912,k3_final_26,A2,vhodnost,1,2
exp3913,k3_final_26,A2,kvalita,1,Plná
exp3913,k3_final_26,A2,dopad,1,Neúspěch
exp3913,k3_final_26,A2,vhodnost,1,3
exp3914,k3_final_26,A2,kvalita,1,Plná
exp3914,k3_final_26,A2,dopad,1,Krátkodobý úspěch
exp3914,k3_final_26,A2,vhodnost,1,3
exp3915,k3_final_26,A2,kvalita,1,Plná
exp3915,k3_final_26,A2,dopad,1,Krátkodobý úspěch
exp3915,k3_final_26,A2,vhodnost,1,3
exp3916,k3_final_26,A2,kvalita,1,Plná
exp3916,k3_final_26,A2,dopad,1,Dlouhodobý úspěch
exp3916,k3_final_26,A2,vhodnost,1,3
exp3917,k3_final_26,A2,kvalita,1,Plná
exp3917,k3_final_26,A2,dopad,1,Dlouhodobý úspěch
exp3917,k3_final_26,A2,vhodnost,1,3
exp3918,k3_final_26,A2,kvalita,1,Plná
exp3918,k3_final_26,A2,dopad,1,Dlouhodobý úspěch
exp3918,k3_final_26,A2,vhodnost,1,2
exp3919,k3_final_26,A2,kvalita,1,Plná
exp3919,k3_final_26,A2,dopad,1,Dlouhodobý úspěch
exp3919,k3_final_26,A2,vhodnost,1,4
exp3920,k3_final_26,A2,kvalita,1,Plná
exp3920,k3_final_26,A2,dopad,1,Dlouhodobý úspěch
exp3920,k3_final_26,A2,vhodnost,1,3
exp3921,k3_final_26,A2,kvalita,1,Plná
exp3921,k3_final_26,A2,dopad,1,Dlouhodobý úspěch
exp3921,k3_final_26,A2,vhodnost,1,4
exp3922,k3_final_26,A2,kvalita,1,Plná
exp3922,k3_final_26,A2,dopad,1,Dlouhodobý úspěch
exp3922,k3_final_26,A2,vhodnost,1,4
exp3923,k3_final_26,A2,kvalita,1,Plná
exp3923,k3_final_26,A2,dopad,1,Krátkodobý úspěch
exp3923,k3_final_26,A2,vhodnost,1,3
exp3924,k3_final_26,A2,kvalita,1,Plná
exp3924,k3_final_26,A2,dopad,1,Dlouhodobý úspěch
exp3924,k3_final_26,A2,vhodnost,1,4
exp3925,k3_final_26,A2,kvalita,1,Plná
exp3925,k3_final_26,A2,dopad,1,Krátkodobý úspěch
exp3925,k3_final_26,A2,vhodnost,1,2
exp3926,k3_final_26,A2,kvalita,1,Plná
exp3926,k3_final_26,A2,dopad,1,Krátkodobý úspěch
exp3926,k3_final_26,A2,vhodnost,1,3
exp3927,k3_final_26,A2,kvalita,1,Plná
exp3927,k3_final_26,A2,dopad,1,Dlouhodobý úspěch
exp3927,k3_final_26,A2,vhodnost,1,3
exp3928,k3_final_26,A2,kvalita,1,Plná
exp3928,k3_final_26,A2,dopad,1,Krátkodobý úspěch
exp3928,k3_final_26,A2,vhodnost,1,2
exp3929,k3_final_26,A2,kvalita,1,Plná
exp3929,k3_final_26,A2,dopad,1,Krátkodobý úspěch
exp3929,k3_final_26,A2,vhodnost,1,4
exp3930,k3_final_26,A2,kvalita,1,Plná
exp3930,k3_final_26,A2,dopad,1,Krátkodobý úspěch
exp3930,k3_final_26,A2,vhodnost,1,2
exp3931,k3_final_26,A2,kvalita,1,Plná
exp3931,k3_final_26,A2,dopad,1,Krátkodobý úspěch
exp3931,k3_final_26,A2,vhodnost,1,3
exp3932,k3_final_26,A2,kvalita,1,Plná
exp3932,k3_final_26,A2,dopad,1,Krátkodobý úspěch
exp3932,k3_final_26,A2,vhodnost,1,3
exp3933,k3_final_26,A2,kvalita,1,Plná
exp3933,k3_final_26,A2,dopad,1,Krátkodobý úspěch
exp3933,k3_final_26,A2,vhodnost,1,3
exp3934,k3_final_26,A2,kvalita,1,Plná
exp3934,k3_final_26,A2,dopad,1,Dlouhodobý úspěch
exp3934,k3_final_26,A2,vhodnost,1,4
exp3935,k3_final_26,A2,kvalita,1,Plná
exp3935,k3_final_26,A2,dopad,1,Krátkodobý úspěch
exp3935,k3_final_26,A2,vhodnost,1,3
exp3936,k3_final_26,A2,kvalita,1,Plná
exp3936,k3_final_26,A2,dopad,1,Krátkodobý úspěch
exp3936,k3_final_26,A2,vhodnost,1,2
exp3937,k3_final_26,A2,kvalita,1,Plná
exp3937,k3_final_26,A2,dopad,1,Krátkodobý úspěch
exp3937,k3_final_26,A2,vhodnost,1,2
exp3938,k3_final_26,A2,kvalita,1,Plná
exp3938,k3_final_26,A2,dopad,1,Krátkodobý úspěch
exp3938,k3_final_26,A2,vhodnost,1,4
exp3939,k3_final_26,A2,kvalita,1,Plná
exp3939,k3_final_26,A2,dopad,1,Krátkodobý úspěch
exp3939,k3_final_26,A2,vhodnost,1,4
exp3940,k3_final_26,A2,kvalita,1,Plná
exp3940,k3_final_26,A2,dopad,1,Krátkodobý úspěch
exp3940,k3_final_26,A2,vhodnost,1,3
exp3941,k3_final_26,A2,kvalita,1,Plná
exp3941,k3_final_26,A2,dopad,1,Krátkodobý úspěch
exp3941,k3_final_26,A2,vhodnost,1,4
exp3942,k3_final_26,A2,kvalita,1,Plná
exp3942,k3_final_26,A2,dopad,1,Neúspěch
exp3942,k3_final_26,A2,vhodnost,1,2
exp3943,k3_final_26,A2,kvalita,1,Plná
exp3943,k3_final_26,A2,dopad,1,Krátkodobý úspěch
exp3943,k3_final_26,A2,vhodnost,1,3
exp3944,k3_final_26,A2,kvalita,1,Plná
exp3944,k3_final_26,A2,dopad,1,Krátkodobý úspěch
exp3944,k3_final_26,A2,vhodnost,1,3
exp3945,k3_final_26,A2,kvalita,1,Plná
exp3945,k3_final_26,A2,dopad,1,Dlouhodobý úspěch
exp3945,k3_final_26,A2,vhodnost,1,4
exp3946,k3_final_26,A2,kvalita,1,Plná
exp3946,k3_final_26,A2,dopad,1,Dlouhodobý úspěch
exp3946,k3_final_26,A2,vhodnost,1,4
exp3947,k3_final_26,A2,kvalita,1,Plná
exp3947,k3_final_26,A2,dopad,1,Dlouhodobý úspěch
exp3947,k3_final_26,A2,vhodnost,1,4
exp3948,k3_final_26,A2,kvalita,1,Plná
exp3948,k3_final_26,A2,dopad,1,Krátkodobý úspěch
exp3948,k3_final_26,A2,vhodnost,1,3
exp3949,k3_final_26,A2,kvalita,1,Plná
exp3949,k3_final_26,A2,dopad,1,Krátkodobý úspěch
exp3949,k3_final_26,A2,vhodnost,1,2
exp3950,k3_final_26,A2,kvalita,1,Plná
exp3950,k3_final_26,A2,dopad,1,Krátkodobý úspěch
exp3950,k3_final_26,A2,vhodnost,1,2
exp3951,k3_final_26,A2,kvalita,1,Plná
exp3951,k3_final_26,A2,dopad,1,Krátkodobý úspěch
exp3951,k3_final_26,A2,vhodnost,1,2
exp3952,k3_final_26,A2,kvalita,1,Plná
exp3952,k3_final_26,A2,dopad,1,Krátkodobý úspěch
exp3952,k3_final_26,A2,vhodnost,1,3
exp3953,k3_final_26,A2,kvalita,1,Plná
exp3953,k3_final_26,A2,dopad,1,Krátkodobý úspěch
exp3953,k3_final_26,A2,vhodnost,1,4
exp3954,k3_final_26,A2,kvalita,1,Plná
exp3954,k3_final_26,A2,dopad,1,Krátkodobý úspěch
exp3954,k3_final_26,A2,vhodnost,1,4
exp3955,k3_final_26,A2,kvalita,1,Plná
exp3955,k3_final_26,A2,dopad,1,Krátkodobý úspěch
exp3955,k3_final_26,A2,vhodnost,1,2
exp3956,k3_final_26,A2,kvalita,1,Plná
exp3956,k3_final_26,A2,dopad,1,Neúspěch
exp3956,k3_final_26,A2,vhodnost,1,2
exp3957,k3_final_26,A2,kvalita,1,Plná
exp3957,k3_final_26,A2,dopad,1,Krátkodobý úspěch
exp3957,k3_final_26,A2,vhodnost,1,4
exp3958,k3_final_26,A2,kvalita,1,Plná
exp3958,k3_final_26,A2,dopad,1,Krátkodobý úspěch
exp3958,k3_final_26,A2,vhodnost,1,3
exp3959,k3_final_26,A2,kvalita,1,Plná
exp3959,k3_final_26,A2,dopad,1,Krátkodobý úspěch
exp3959,k3_final_26,A2,vhodnost,1,3
exp3960,k3_final_26,A2,kvalita,1,Plná
exp3960,k3_final_26,A2,dopad,1,Krátkodobý úspěch
exp3960,k3_final_26,A2,vhodnost,1,4
exp3961,k3_final_26,A2,kvalita,1,Plná
exp3961,k3_final_26,A2,dopad,1,Dlouhodobý úspěch
exp3961,k3_final_26,A2,vhodnost,1,4
exp3962,k3_final_26,A2,kvalita,1,Plná
exp3962,k3_final_26,A2,dopad,1,Dlouhodobý úspěch
exp3962,k3_final_26,A2,vhodnost,1,4
exp3963,k3_final_26,A2,kvalita,1,Plná
exp3963,k3_final_26,A2,dopad,1,Krátkodobý úspěch
exp3963,k3_final_26,A2,vhodnost,1,3
exp3964,k3_final_26,A2,kvalita,1,Plochá
exp3965,k3_final_26,A2,kvalita,1,Plná
exp3965,k3_final_26,A2,dopad,1,Krátkodobý úspěch
exp3965,k3_final_26,A2,vhodnost,1,3
exp3966,k3_final_26,A2,kvalita,1,Plná
exp3966,k3_final_26,A2,dopad,1,Krátkodobý úspěch
exp3966,k3_final_26,A2,vhodnost,1,2
exp3967,k3_final_26,A2,kvalita,1,Plná
exp3967,k3_final_26,A2,dopad,1,Neúspěch
exp3967,k3_final_26,A2,vhodnost,1,2
exp3968,k3_final_26,A2,kvalita,1,Plná
exp3968,k3_final_26,A2,dopad,1,Krátkodobý úspěch
exp3968,k3_final_26,A2,vhodnost,1,2
exp3969,k3_final_26,A2,kvalita,1,Plochá
exp3970,k3_final_26,A2,kvalita,1,Plná
exp3970,k3_final_26,A2,dopad,1,Krátkodobý úspěch
exp3970,k3_final_26,A2,vhodnost,1,3
exp3971,k3_final_26,A2,kvalita,1,Plochá
exp3972,k3_final_26,A2,kvalita,1,Plná
exp3972,k3_final_26,A2,dopad,1,Dlouhodobý úspěch
exp3972,k3_final_26,A2,vhodnost,1,4
exp3973,k3_final_26,A2,kvalita,1,Plná
exp3973,k3_final_26,A2,dopad,1,Neúspěch
exp3973,k3_final_26,A2,vhodnost,1,2
exp3974,k3_final_26,A2,kvalita,1,Plná
exp3974,k3_final_26,A2,dopad,1,Krátkodobý úspěch
exp3974,k3_final_26,A2,vhodnost,1,3
exp3975,k3_final_26,A2,kvalita,1,Plná
exp3975,k3_final_26,A2,dopad,1,Krátkodobý úspěch
exp3975,k3_final_26,A2,vhodnost,1,3
exp3976,k3_final_26,A2,kvalita,1,Plná
exp3976,k3_final_26,A2,dopad,1,Krátkodobý úspěch
exp3976,k3_final_26,A2,vhodnost,1,3
exp3977,k3_final_26,A2,kvalita,1,Plná
exp3977,k3_final_26,A2,dopad,1,Krátkodobý úspěch
exp3977,k3_final_26,A2,vhodnost,1,4
exp3978,k3_final_26,A2,kvalita,1,Plochá
exp3979,k3_final_26,A2,kvalita,1,Plná
exp3979,k3_final_26,A2,dopad,1,Dlouhodobý úspěch
exp3979,k3_final_26,A2,vhodnost,1,4
exp3980,k3_final_26,A2,kvalita,1,Plná
exp3980,k3_final_26,A2,dopad,1,Dlouhodobý úspěch
exp3980,k3_final_26,A2,vhodnost,1,4
exp3981,k3_final_26,A2,kvalita,1,Plná
exp3981,k3_final_26,A2,dopad,1,Krátkodobý úspěch
exp3981,k3_final_26,A2,vhodnost,1,3
exp3982,k3_final_26,A2,kvalita,1,Plná
exp3982,k3_final_26,A2,dopad,1,Krátkodobý úspěch
exp3982,k3_final_26,A2,vhodnost,1,4
exp3983,k3_final_26,A2,kvalita,1,Plná
exp3983,k3_final_26,A2,dopad,1,Krátkodobý úspěch
exp3983,k3_final_26,A2,vhodnost,1,2
exp3984,k3_final_26,A2,kvalita,1,Plná
exp3984,k3_final_26,A2,dopad,1,Krátkodobý úspěch
exp3984,k3_final_26,A2,vhodnost,1,2
exp3985,k3_final_26,A2,kvalita,1,Plná
exp3985,k3_final_26,A2,dopad,1,Neúspěch
exp3985,k3_final_26,A2,vhodnost,1,2
exp3986,k3_final_26,A2,kvalita,1,Plná
exp3986,k3_final_26,A2,dopad,1,Dlouhodobý úspěch
exp3986,k3_final_26,A2,vhodnost,1,4
exp3987,k3_final_26,A2,kvalita,1,Plná
exp3987,k3_final_26,A2,dopad,1,Krátkodobý úspěch
exp3987,k3_final_26,A2,vhodnost,1,4
exp3988,k3_final_26,A2,kvalita,1,Plochá
exp3989,k3_final_26,A2,kvalita,1,Plná
exp3989,k3_final_26,A2,dopad,1,Dlouhodobý úspěch
exp3989,k3_final_26,A2,vhodnost,1,3
exp3990,k3_final_26,A2,kvalita,1,Plná
exp3990,k3_final_26,A2,dopad,1,Dlouhodobý úspěch
exp3990,k3_final_26,A2,vhodnost,1,4
exp3991,k3_final_26,A2,kvalita,1,Plochá
exp3992,k3_final_26,A2,kvalita,1,Plná
exp3992,k3_final_26,A2,dopad,1,Dlouhodobý úspěch
exp3992,k3_final_26,A2,vhodnost,1,3
exp3993,k3_final_26,A2,kvalita,1,Plná
exp3993,k3_final_26,A2,dopad,1,Dlouhodobý úspěch
exp3993,k3_final_26,A2,vhodnost,1,3
exp3994,k3_final_26,A2,kvalita,1,Plná
exp3994,k3_final_26,A2,dopad,1,Dlouhodobý úspěch
exp3994,k3_final_26,A2,vhodnost,1,4
exp3995,k3_final_26,A2,kvalita,1,Plná
exp3995,k3_final_26,A2,dopad,1,Krátkodobý úspěch
exp3995,k3_final_26,A2,vhodnost,1,3
exp3996,k3_final_26,A2,kvalita,1,Plná
exp3996,k3_final_26,A2,dopad,1,Krátkodobý úspěch
exp3996,k3_final_26,A2,vhodnost,1,3
exp3997,k3_final_26,A2,kvalita,1,Plná
exp3997,k3_final_26,A2,dopad,1,Krátkodobý úspěch
exp3997,k3_final_26,A2,vhodnost,1,2
exp3998,k3_final_26,A2,kvalita,1,Plná
exp3998,k3_final_26,A2,dopad,1,Krátkodobý úspěch
exp3998,k3_final_26,A2,vhodnost,1,3
exp3999,k3_final_26,A2,kvalita,1,Plná
exp3999,k3_final_26,A2,dopad,1,Neúspěch
exp3999,k3_final_26,A2,vhodnost,1,3
exp4000,k3_final_26,A2,kvalita,1,Plná
exp4000,k3_final_26,A2,dopad,1,Dlouhodobý úspěch
exp4000,k3_final_26,A2,vhodnost,1,4
exp4001,k3_final_26,A2,kvalita,1,Plná
exp4001,k3_final_26,A2,dopad,1,Dlouhodobý úspěch
exp4001,k3_final_26,A2,vhodnost,1,4
exp4002,k3_final_26,A2,kvalita,1,Plná
exp4002,k3_final_26,A2,dopad,1,Krátkodobý úspěch
exp4002,k3_final_26,A2,vhodnost,1,4
exp4003,k3_final_26,A2,kvalita,1,Plná
exp4003,k3_final_26,A2,dopad,1,Dlouhodobý úspěch
exp4003,k3_final_26,A2,vhodnost,1,4
exp4004,k3_final_26,A2,kvalita,1,Plná
exp4004,k3_final_26,A2,dopad,1,Krátkodobý úspěch
exp4004,k3_final_26,A2,vhodnost,1,3
exp4005,k3_final_26,A2,kvalita,1,Plná
exp4005,k3_final_26,A2,dopad,1,Krátkodobý úspěch
exp4005,k3_final_26,A2,vhodnost,1,3
exp4006,k3_final_26,A2,kvalita,1,Plná
exp4006,k3_final_26,A2,dopad,1,Krátkodobý úspěch
exp4006,k3_final_26,A2,vhodnost,1,3
exp4007,k3_final_26,A2,kvalita,1,Plná
exp4007,k3_final_26,A2,dopad,1,Krátkodobý úspěch
exp4007,k3_final_26,A2,vhodnost,1,4
exp4008,k3_final_26,A2,kvalita,1,Plná
exp4008,k3_final_26,A2,dopad,1,Neúspěch
exp4008,k3_final_26,A2,vhodnost,1,3
exp4009,k3_final_26,A2,kvalita,1,Plná
exp4009,k3_final_26,A2,dopad,1,Dlouhodobý úspěch
exp4009,k3_final_26,A2,vhodnost,1,3
exp4010,k3_final_26,A2,kvalita,1,Plná
exp4010,k3_final_26,A2,dopad,1,Krátkodobý úspěch
exp4010,k3_final_26,A2,vhodnost,1,3
exp4011,k3_final_26,A2,kvalita,1,Plná
exp4011,k3_final_26,A2,dopad,1,Krátkodobý úspěch
exp4011,k3_final_26,A2,vhodnost,1,3
exp4012,k3_final_26,A2,kvalita,1,Plná
exp4012,k3_final_26,A2,dopad,1,Dlouhodobý úspěch
exp4012,k3_final_26,A2,vhodnost,1,4
exp4013,k3_final_26,A2,kvalita,1,Plná
exp4013,k3_final_26,A2,dopad,1,Krátkodobý úspěch
exp4013,k3_final_26,A2,vhodnost,1,2
exp4014,k3_final_26,A2,kvalita,1,Plná
exp4014,k3_final_26,A2,dopad,1,Neúspěch
exp4014,k3_final_26,A2,vhodnost,1,3
exp4015,k3_final_26,A2,kvalita,1,Plná
exp4015,k3_final_26,A2,dopad,1,Neúspěch
exp4015,k3_final_26,A2,vhodnost,1,2
exp4016,k3_final_26,A2,kvalita,1,Plná
exp4016,k3_final_26,A2,dopad,1,Neúspěch
exp4016,k3_final_26,A2,vhodnost,1,2
exp4017,k3_final_26,A2,kvalita,1,Plná
exp4017,k3_final_26,A2,dopad,1,Krátkodobý úspěch
exp4017,k3_final_26,A2,vhodnost,1,2
exp4018,k3_final_26,A2,kvalita,1,Plná
exp4018,k3_final_26,A2,dopad,1,Dlouhodobý úspěch
exp4018,k3_final_26,A2,vhodnost,1,4
exp4019,k3_final_26,A2,kvalita,1,Plná
exp4019,k3_final_26,A2,dopad,1,Krátkodobý úspěch
exp4019,k3_final_26,A2,vhodnost,1,4
exp4020,k3_final_26,A2,kvalita,1,Plná
exp4020,k3_final_26,A2,dopad,1,Dlouhodobý úspěch
exp4020,k3_final_26,A2,vhodnost,1,3
exp4021,k3_final_26,A2,kvalita,1,Plná
exp4021,k3_final_26,A2,dopad,1,Krátkodobý úspěch
exp4021,k3_final_26,A2,vhodnost,1,3
exp4022,k3_final_26,A2,kvalita,1,Plná
exp4022,k3_final_26,A2,dopad,1,Krátkodobý úspěch
exp4022,k3_final_26,A2,vhodnost,1,3
exp4023,k3_final_26,A2,kvalita,1,Plná
exp4023,k3_final_26,A2,dopad,1,Dlouhodobý úspěch
exp4023,k3_final_26,A2,vhodnost,1,4
exp4024,k3_final_26,A2,kvalita,1,Plná
exp4024,k3_final_26,A2,dopad,1,Krátkodobý úspěch
exp4024,k3_final_26,A2,vhodnost,1,3
exp4025,k3_final_26,A2,kvalita,1,Plná
exp4025,k3_final_26,A2,dopad,1,Krátkodobý úspěch
exp4025,k3_final_26,A2,vhodnost,1,3
exp4026,k3_final_26,A2,kvalita,1,Plná
exp4026,k3_final_26,A2,dopad,1,Dlouhodobý úspěch
exp4026,k3_final_26,A2,vhodnost,1,3
exp4027,k3_final_26,A2,kvalita,1,Plochá
exp4028,k3_final_26,A2,kvalita,1,Plná
exp4028,k3_final_26,A2,dopad,1,Krátkodobý úspěch
exp4028,k3_final_26,A2,vhodnost,1,3
exp4029,k3_final_26,A2,kvalita,1,Plná
exp4029,k3_final_26,A2,dopad,1,Krátkodobý úspěch
exp4029,k3_final_26,A2,vhodnost,1,3
exp4030,k3_final_26,A2,kvalita,1,Plná
exp4030,k3_final_26,A2,dopad,1,Dlouhodobý úspěch
exp4030,k3_final_26,A2,vhodnost,1,4
exp4031,k3_final_26,A2,kvalita,1,Plná
exp4031,k3_final_26,A2,dopad,1,Dlouhodobý úspěch
exp4031,k3_final_26,A2,vhodnost,1,3
exp4032,k3_final_26,A2,kvalita,1,Plná
exp4032,k3_final_26,A2,dopad,1,Dlouhodobý úspěch
exp4032,k3_final_26,A2,vhodnost,1,4
exp4033,k3_final_26,A2,kvalita,1,Plná
exp4033,k3_final_26,A2,dopad,1,Dlouhodobý úspěch
exp4033,k3_final_26,A2,vhodnost,1,4
exp4034,k3_final_26,A2,kvalita,1,Plná
exp4034,k3_final_26,A2,dopad,1,Dlouhodobý úspěch
exp4034,k3_final_26,A2,vhodnost,1,4
exp4035,k3_final_26,A2,kvalita,1,Plná
exp4035,k3_final_26,A2,dopad,1,Krátkodobý úspěch
exp4035,k3_final_26,A2,vhodnost,1,3
exp4036,k3_final_26,A2,kvalita,1,Plná
exp4036,k3_final_26,A2,dopad,1,Krátkodobý úspěch
exp4036,k3_final_26,A2,vhodnost,1,4
exp4037,k3_final_26,A2,kvalita,1,Plná
exp4037,k3_final_26,A2,dopad,1,Krátkodobý úspěch
exp4037,k3_final_26,A2,vhodnost,1,4
exp4038,k3_final_26,A2,kvalita,1,Plná
exp4038,k3_final_26,A2,dopad,1,Krátkodobý úspěch
exp4038,k3_final_26,A2,vhodnost,1,3
exp4039,k3_final_26,A2,kvalita,1,Plná
exp4039,k3_final_26,A2,dopad,1,Dlouhodobý úspěch
exp4039,k3_final_26,A2,vhodnost,1,4
exp4040,k3_final_26,A2,kvalita,1,Plná
exp4040,k3_final_26,A2,dopad,1,Dlouhodobý úspěch
exp4040,k3_final_26,A2,vhodnost,1,3
exp4041,k3_final_26,A2,kvalita,1,Plná
exp4041,k3_final_26,A2,dopad,1,Krátkodobý úspěch
exp4041,k3_final_26,A2,vhodnost,1,4
exp4042,k3_final_26,A2,kvalita,1,Plná
exp4042,k3_final_26,A2,dopad,1,Krátkodobý úspěch
exp4042,k3_final_26,A2,vhodnost,1,4
exp4043,k3_final_26,A2,kvalita,1,Plná
exp4043,k3_final_26,A2,dopad,1,Krátkodobý úspěch
exp4043,k3_final_26,A2,vhodnost,1,4
exp4044,k3_final_26,A2,kvalita,1,Plná
exp4044,k3_final_26,A2,dopad,1,Dlouhodobý úspěch
exp4044,k3_final_26,A2,vhodnost,1,3
exp4045,k3_final_26,A2,kvalita,1,Plná
exp4045,k3_final_26,A2,dopad,1,Krátkodobý úspěch
exp4045,k3_final_26,A2,vhodnost,1,4
exp4046,k3_final_26,A2,kvalita,1,Plná
exp4046,k3_final_26,A2,dopad,1,Neúspěch
exp4046,k3_final_26,A2,vhodnost,1,4
exp4047,k3_final_26,A2,kvalita,1,Plná
exp4047,k3_final_26,A2,dopad,1,Krátkodobý úspěch
exp4047,k3_final_26,A2,vhodnost,1,4
exp4048,k3_final_26,A2,kvalita,1,Plná
exp4048,k3_final_26,A2,dopad,1,Krátkodobý úspěch
exp4048,k3_final_26,A2,vhodnost,1,3
exp4049,k3_final_26,A2,kvalita,1,Plná
exp4049,k3_final_26,A2,dopad,1,Krátkodobý úspěch
exp4049,k3_final_26,A2,vhodnost,1,3
exp4050,k3_final_26,A2,kvalita,1,Plná
exp4050,k3_final_26,A2,dopad,1,Krátkodobý úspěch
exp4050,k3_final_26,A2,vhodnost,1,2
exp4051,k3_final_26,A2,kvalita,1,Plná
exp4051,k3_final_26,A2,dopad,1,Dlouhodobý úspěch
exp4051,k3_final_26,A2,vhodnost,1,3
exp4052,k3_final_26,A2,kvalita,1,Plná
exp4052,k3_final_26,A2,dopad,1,Dlouhodobý úspěch
exp4052,k3_final_26,A2,vhodnost,1,4
exp4053,k3_final_26,A2,kvalita,1,Plná
exp4053,k3_final_26,A2,dopad,1,Krátkodobý úspěch
exp4053,k3_final_26,A2,vhodnost,1,3
exp4054,k3_final_26,A2,kvalita,1,Plná
exp4054,k3_final_26,A2,dopad,1,Krátkodobý úspěch
exp4054,k3_final_26,A2,vhodnost,1,3
exp4055,k3_final_26,A2,kvalita,1,Plná
exp4055,k3_final_26,A2,dopad,1,Krátkodobý úspěch
exp4055,k3_final_26,A2,vhodnost,1,2
exp4056,k3_final_26,A2,kvalita,1,Plná
exp4056,k3_final_26,A2,dopad,1,Dlouhodobý úspěch
exp4056,k3_final_26,A2,vhodnost,1,4
exp4057,k3_final_26,A2,kvalita,1,Plná
exp4057,k3_final_26,A2,dopad,1,Dlouhodobý úspěch
exp4057,k3_final_26,A2,vhodnost,1,4
exp4058,k3_final_26,A2,kvalita,1,Plná
exp4058,k3_final_26,A2,dopad,1,Krátkodobý úspěch
exp4058,k3_final_26,A2,vhodnost,1,3
exp4059,k3_final_26,A2,kvalita,1,Plná
exp4059,k3_final_26,A2,dopad,1,Krátkodobý úspěch
exp4059,k3_final_26,A2,vhodnost,1,4
exp4060,k3_final_26,A2,kvalita,1,Plná
exp4060,k3_final_26,A2,dopad,1,Neúspěch
exp4060,k3_final_26,A2,vhodnost,1,3
exp4061,k3_final_26,A2,kvalita,1,Plná
exp4061,k3_final_26,A2,dopad,1,Krátkodobý úspěch
exp4061,k3_final_26,A2,vhodnost,1,4
exp4062,k3_final_26,A2,kvalita,1,Plná
exp4062,k3_final_26,A2,dopad,1,Krátkodobý úspěch
exp4062,k3_final_26,A2,vhodnost,1,3
exp4063,k3_final_26,A2,kvalita,1,Plná
exp4063,k3_final_26,A2,dopad,1,Dlouhodobý úspěch
exp4063,k3_final_26,A2,vhodnost,1,4
exp4064,k3_final_26,A2,kvalita,1,Plná
exp4064,k3_final_26,A2,dopad,1,Krátkodobý úspěch
exp4064,k3_final_26,A2,vhodnost,1,3
exp4065,k3_final_26,A2,kvalita,1,Plná
exp4065,k3_final_26,A2,dopad,1,Krátkodobý úspěch
exp4065,k3_final_26,A2,vhodnost,1,4
exp4066,k3_final_26,A2,kvalita,1,Plná
exp4066,k3_final_26,A2,dopad,1,Dlouhodobý úspěch
exp4066,k3_final_26,A2,vhodnost,1,4
exp4067,k3_final_26,A2,kvalita,1,Plná
exp4067,k3_final_26,A2,dopad,1,Dlouhodobý úspěch
exp4067,k3_final_26,A2,vhodnost,1,3
exp4068,k3_final_26,A2,kvalita,1,Plná
exp4068,k3_final_26,A2,dopad,1,Krátkodobý úspěch
exp4068,k3_final_26,A2,vhodnost,1,2
exp4069,k3_final_26,A2,kvalita,1,Plná
exp4069,k3_final_26,A2,dopad,1,Krátkodobý úspěch
exp4069,k3_final_26,A2,vhodnost,1,3
exp4070,k3_final_26,A2,kvalita,1,Plná
exp4070,k3_final_26,A2,dopad,1,Krátkodobý úspěch
exp4070,k3_final_26,A2,vhodnost,1,3
exp4071,k3_final_26,A2,kvalita,1,Plná
exp4071,k3_final_26,A2,dopad,1,Dlouhodobý úspěch
exp4071,k3_final_26,A2,vhodnost,1,4
exp4073,k3_final_26,A2,kvalita,1,Plná
exp4073,k3_final_26,A2,dopad,1,Dlouhodobý úspěch
exp4073,k3_final_26,A2,vhodnost,1,3
exp4074,k3_final_26,A2,kvalita,1,Plná
exp4074,k3_final_26,A2,dopad,1,Dlouhodobý úspěch
exp4074,k3_final_26,A2,vhodnost,1,4
exp4075,k3_final_26,A2,kvalita,1,Plná
exp4075,k3_final_26,A2,dopad,1,Krátkodobý úspěch
exp4075,k3_final_26,A2,vhodnost,1,4
exp4076,k3_final_26,A2,kvalita,1,Plná
exp4076,k3_final_26,A2,dopad,1,Krátkodobý úspěch
exp4076,k3_final_26,A2,vhodnost,1,3
exp4077,k3_final_26,A2,kvalita,1,Plná
exp4077,k3_final_26,A2,dopad,1,Dlouhodobý úspěch
exp4077,k3_final_26,A2,vhodnost,1,3
exp4078,k3_final_26,A2,kvalita,1,Plochá
exp4079,k3_final_26,A2,kvalita,1,Plná
exp4079,k3_final_26,A2,dopad,1,Dlouhodobý úspěch
exp4079,k3_final_26,A2,vhodnost,1,4
exp4080,k3_final_26,A2,kvalita,1,Plná
exp4080,k3_final_26,A2,dopad,1,Krátkodobý úspěch
exp4080,k3_final_26,A2,vhodnost,1,3
exp4081,k3_final_26,A2,kvalita,1,Plná
exp4081,k3_final_26,A2,dopad,1,Neúspěch
exp4081,k3_final_26,A2,vhodnost,1,2
exp4082,k3_final_26,A2,kvalita,1,Plná
exp4082,k3_final_26,A2,dopad,1,Krátkodobý úspěch
exp4082,k3_final_26,A2,vhodnost,1,3
exp4083,k3_final_26,A2,kvalita,1,Plná
exp4083,k3_final_26,A2,dopad,1,Krátkodobý úspěch
exp4083,k3_final_26,A2,vhodnost,1,3
exp4084,k3_final_26,A2,kvalita,1,Plná
exp4084,k3_final_26,A2,dopad,1,Krátkodobý úspěch
exp4084,k3_final_26,A2,vhodnost,1,3
exp4085,k3_final_26,A2,kvalita,1,Plná
exp4085,k3_final_26,A2,dopad,1,Krátkodobý úspěch
exp4085,k3_final_26,A2,vhodnost,1,4
exp4086,k3_final_26,A2,kvalita,1,Plná
exp4086,k3_final_26,A2,dopad,1,Dlouhodobý úspěch
exp4086,k3_final_26,A2,vhodnost,1,4
exp4087,k3_final_26,A2,kvalita,1,Plná
exp4087,k3_final_26,A2,dopad,1,Neúspěch
exp4087,k3_final_26,A2,vhodnost,1,2
exp4088,k3_final_26,A2,kvalita,1,Plná
exp4088,k3_final_26,A2,dopad,1,Krátkodobý úspěch
exp4088,k3_final_26,A2,vhodnost,1,2
exp4089,k3_final_26,A2,kvalita,1,Plochá
exp4090,k3_final_26,A2,kvalita,1,Plná
exp4090,k3_final_26,A2,dopad,1,Krátkodobý úspěch
exp4090,k3_final_26,A2,vhodnost,1,2
exp4091,k3_final_26,A2,kvalita,1,Plná
exp4091,k3_final_26,A2,dopad,1,Krátkodobý úspěch
exp4091,k3_final_26,A2,vhodnost,1,4
exp4092,k3_final_26,A2,kvalita,1,Plná
exp4092,k3_final_26,A2,dopad,1,Krátkodobý úspěch
exp4092,k3_final_26,A2,vhodnost,1,3
exp4093,k3_final_26,A2,kvalita,1,Plná
exp4093,k3_final_26,A2,dopad,1,Krátkodobý úspěch
exp4093,k3_final_26,A2,vhodnost,1,2
exp4094,k3_final_26,A2,kvalita,1,Plná
exp4094,k3_final_26,A2,dopad,1,Dlouhodobý úspěch
exp4094,k3_final_26,A2,vhodnost,1,2
exp4095,k3_final_26,A2,kvalita,1,Plná
exp4095,k3_final_26,A2,dopad,1,Krátkodobý úspěch
exp4095,k3_final_26,A2,vhodnost,1,2
exp4096,k3_final_26,A2,kvalita,1,Plná
exp4096,k3_final_26,A2,dopad,1,Dlouhodobý úspěch
exp4096,k3_final_26,A2,vhodnost,1,3
exp4097,k3_final_26,A2,kvalita,1,Plná
exp4097,k3_final_26,A2,dopad,1,Krátkodobý úspěch
exp4097,k3_final_26,A2,vhodnost,1,3
exp4098,k3_final_26,A2,kvalita,1,Plná
exp4098,k3_final_26,A2,dopad,1,Krátkodobý úspěch
exp4098,k3_final_26,A2,vhodnost,1,3
exp4099,k3_final_26,A2,kvalita,1,Plná
exp4099,k3_final_26,A2,dopad,1,Krátkodobý úspěch
exp4099,k3_final_26,A2,vhodnost,1,4
exp4100,k3_final_26,A2,kvalita,1,Plná
exp4100,k3_final_26,A2,dopad,1,Krátkodobý úspěch
exp4100,k3_final_26,A2,vhodnost,1,3
exp4102,k3_final_26,A2,kvalita,1,Plná
exp4102,k3_final_26,A2,dopad,1,Krátkodobý úspěch
exp4102,k3_final_26,A2,vhodnost,1,4
exp4103,k3_final_26,A2,kvalita,1,Plná
exp4103,k3_final_26,A2,dopad,1,Dlouhodobý úspěch
exp4103,k3_final_26,A2,vhodnost,1,3
exp4104,k3_final_26,A2,kvalita,1,Plná
exp4104,k3_final_26,A2,dopad,1,Dlouhodobý úspěch
exp4104,k3_final_26,A2,vhodnost,1,3
exp4105,k3_final_26,A2,kvalita,1,Plná
exp4105,k3_final_26,A2,dopad,1,Krátkodobý úspěch
exp4105,k3_final_26,A2,vhodnost,1,3
exp4106,k3_final_26,A2,kvalita,1,Plná
exp4106,k3_final_26,A2,dopad,1,Dlouhodobý úspěch
exp4106,k3_final_26,A2,vhodnost,1,3
exp4107,k3_final_26,A2,kvalita,1,Plná
exp4107,k3_final_26,A2,dopad,1,Krátkodobý úspěch
exp4107,k3_final_26,A2,vhodnost,1,2
exp4108,k3_final_26,A2,kvalita,1,Plochá
exp4109,k3_final_26,A2,kvalita,1,Plná
exp4109,k3_final_26,A2,dopad,1,Dlouhodobý úspěch
exp4109,k3_final_26,A2,vhodnost,1,3
exp4110,k3_final_26,A2,kvalita,1,Plná
exp4110,k3_final_26,A2,dopad,1,Krátkodobý úspěch
exp4110,k3_final_26,A2,vhodnost,1,4
exp4111,k3_final_26,A2,kvalita,1,Plná
exp4111,k3_final_26,A2,dopad,1,Dlouhodobý úspěch
exp4111,k3_final_26,A2,vhodnost,1,3
exp4112,k3_final_26,A2,kvalita,1,Plná
exp4112,k3_final_26,A2,dopad,1,Krátkodobý úspěch
exp4112,k3_final_26,A2,vhodnost,1,3
exp4113,k3_final_26,A2,kvalita,1,Plná
exp4113,k3_final_26,A2,dopad,1,Dlouhodobý úspěch
exp4113,k3_final_26,A2,vhodnost,1,4
exp4114,k3_final_26,A2,kvalita,1,Plná
exp4114,k3_final_26,A2,dopad,1,Krátkodobý úspěch
exp4114,k3_final_26,A2,vhodnost,1,4
exp4115,k3_final_26,A2,kvalita,1,Plná
exp4115,k3_final_26,A2,dopad,1,Krátkodobý úspěch
exp4115,k3_final_26,A2,vhodnost,1,2
exp4116,k3_final_26,A2,kvalita,1,Plná
exp4116,k3_final_26,A2,dopad,1,Krátkodobý úspěch
exp4116,k3_final_26,A2,vhodnost,1,3
exp4117,k3_final_26,A2,kvalita,1,Plná
exp4117,k3_final_26,A2,dopad,1,Dlouhodobý úspěch
exp4117,k3_final_26,A2,vhodnost,1,4
exp4118,k3_final_26,A2,kvalita,1,Plná
exp4118,k3_final_26,A2,dopad,1,Dlouhodobý úspěch
exp4118,k3_final_26,A2,vhodnost,1,4
exp4119,k3_final_26,A2,kvalita,1,Plná
exp4119,k3_final_26,A2,dopad,1,Dlouhodobý úspěch
exp4119,k3_final_26,A2,vhodnost,1,4
exp4120,k3_final_26,A2,kvalita,1,Plná
exp4120,k3_final_26,A2,dopad,1,Krátkodobý úspěch
exp4120,k3_final_26,A2,vhodnost,1,3
exp4121,k3_final_26,A2,kvalita,1,Plná
exp4121,k3_final_26,A2,dopad,1,Krátkodobý úspěch
exp4121,k3_final_26,A2,vhodnost,1,3
exp4122,k3_final_26,A2,kvalita,1,Plná
exp4122,k3_final_26,A2,dopad,1,Krátkodobý úspěch
exp4122,k3_final_26,A2,vhodnost,1,3
exp4123,k3_final_26,A2,kvalita,1,Plná
exp4123,k3_final_26,A2,dopad,1,Dlouhodobý úspěch
exp4123,k3_final_26,A2,vhodnost,1,2
exp4124,k3_final_26,A2,kvalita,1,Plná
exp4124,k3_final_26,A2,dopad,1,Krátkodobý úspěch
exp4124,k3_final_26,A2,vhodnost,1,2
exp4125,k3_final_26,A2,kvalita,1,Plná
exp4125,k3_final_26,A2,dopad,1,Dlouhodobý úspěch
exp4125,k3_final_26,A2,vhodnost,1,3
exp4126,k3_final_26,A2,kvalita,1,Plná
exp4126,k3_final_26,A2,dopad,1,Neúspěch
exp4126,k3_final_26,A2,vhodnost,1,1
exp4127,k3_final_26,A2,kvalita,1,Plná
exp4127,k3_final_26,A2,dopad,1,Dlouhodobý úspěch
exp4127,k3_final_26,A2,vhodnost,1,4
,k3_final_26,A2,kvalita,1,Plná
,k3_final_26,A2,dopad,1,Neúspěch
,k3_final_26,A2,vhodnost,1,3
,k3_final_26,A2,kvalita,1,Plná
,k3_final_26,A2,dopad,1,Krátkodobý úspěch
,k3_final_26,A2,vhodnost,1,3
exp4157,k3_final_26,A2,kvalita,1,Plná
exp4157,k3_final_26,A2,dopad,1,Krátkodobý úspěch
exp4157,k3_final_26,A2,vhodnost,1,4
exp4158,k3_final_26,A2,kvalita,1,Plná
exp4158,k3_final_26,A2,dopad,1,Krátkodobý úspěch
exp4158,k3_final_26,A2,vhodnost,1,2
exp4159,k3_final_26,A2,kvalita,1,Plná
exp4159,k3_final_26,A2,dopad,1,Neúspěch
exp4159,k3_final_26,A2,vhodnost,1,2
exp4160,k3_final_26,A2,kvalita,1,Plná
exp4160,k3_final_26,A2,dopad,1,Krátkodobý úspěch
exp4160,k3_final_26,A2,vhodnost,1,3
exp4161,k3_final_26,A2,kvalita,1,Plná
exp4161,k3_final_26,A2,dopad,1,Dlouhodobý úspěch
exp4161,k3_final_26,A2,vhodnost,1,3
exp4162,k3_final_26,A2,kvalita,1,Plná
exp4162,k3_final_26,A2,dopad,1,Dlouhodobý úspěch
exp4162,k3_final_26,A2,vhodnost,1,4
exp4163,k3_final_26,A2,kvalita,1,Plná
exp4163,k3_final_26,A2,dopad,1,Krátkodobý úspěch
exp4163,k3_final_26,A2,vhodnost,1,3
exp4164,k3_final_26,A2,kvalita,1,Plná
exp4164,k3_final_26,A2,dopad,1,Krátkodobý úspěch
exp4164,k3_final_26,A2,vhodnost,1,4
exp4165,k3_final_26,A2,kvalita,1,Plná
exp4165,k3_final_26,A2,dopad,1,Dlouhodobý úspěch
exp4165,k3_final_26,A2,vhodnost,1,4
exp4166,k3_final_26,A2,kvalita,1,Plná
exp4166,k3_final_26,A2,dopad,1,Krátkodobý úspěch
exp4166,k3_final_26,A2,vhodnost,1,3
exp4167,k3_final_26,A2,kvalita,1,Plná
exp4167,k3_final_26,A2,dopad,1,Krátkodobý úspěch
exp4167,k3_final_26,A2,vhodnost,1,2
exp4168,k3_final_26,A2,kvalita,1,Plná
exp4168,k3_final_26,A2,dopad,1,Dlouhodobý úspěch
exp4168,k3_final_26,A2,vhodnost,1,2
exp4169,k3_final_26,A2,kvalita,1,Plná
exp4169,k3_final_26,A2,dopad,1,Krátkodobý úspěch
exp4169,k3_final_26,A2,vhodnost,1,3
exp4170,k3_final_26,A2,kvalita,1,Plná
exp4170,k3_final_26,A2,dopad,1,Dlouhodobý úspěch
exp4170,k3_final_26,A2,vhodnost,1,4
exp4171,k3_final_26,A2,kvalita,1,Plná
exp4171,k3_final_26,A2,dopad,1,Krátkodobý úspěch
exp4171,k3_final_26,A2,vhodnost,1,3
exp4172,k3_final_26,A2,kvalita,1,Plná
exp4172,k3_final_26,A2,dopad,1,Dlouhodobý úspěch
exp4172,k3_final_26,A2,vhodnost,1,3
exp4173,k3_final_26,A2,kvalita,1,Plochá
exp4174,k3_final_26,A2,kvalita,1,Plná
exp4174,k3_final_26,A2,dopad,1,Krátkodobý úspěch
exp4174,k3_final_26,A2,vhodnost,1,2
exp4175,k3_final_26,A2,kvalita,1,Plná
exp4175,k3_final_26,A2,dopad,1,Dlouhodobý úspěch
exp4175,k3_final_26,A2,vhodnost,1,4
exp4176,k3_final_26,A2,kvalita,1,Plná
exp4176,k3_final_26,A2,dopad,1,Krátkodobý úspěch
exp4176,k3_final_26,A2,vhodnost,1,3
exp4177,k3_final_26,A2,kvalita,1,Plná
exp4177,k3_final_26,A2,dopad,1,Dlouhodobý úspěch
exp4177,k3_final_26,A2,vhodnost,1,4
exp4178,k3_final_26,A2,kvalita,1,Plná
exp4178,k3_final_26,A2,dopad,1,Dlouhodobý úspěch
exp4178,k3_final_26,A2,vhodnost,1,3
exp4179,k3_final_26,A2,kvalita,1,Plná
exp4179,k3_final_26,A2,dopad,1,Dlouhodobý úspěch
exp4179,k3_final_26,A2,vhodnost,1,4
exp4180,k3_final_26,A2,kvalita,1,Plná
exp4180,k3_final_26,A2,dopad,1,Krátkodobý úspěch
exp4180,k3_final_26,A2,vhodnost,1,2
exp4181,k3_final_26,A2,kvalita,1,Plná
exp4181,k3_final_26,A2,dopad,1,Dlouhodobý úspěch
exp4181,k3_final_26,A2,vhodnost,1,3
exp4182,k3_final_26,A2,kvalita,1,Plná
exp4182,k3_final_26,A2,dopad,1,Krátkodobý úspěch
exp4182,k3_final_26,A2,vhodnost,1,2
exp4183,k3_final_26,A2,kvalita,1,Plná
exp4183,k3_final_26,A2,dopad,1,Krátkodobý úspěch
exp4183,k3_final_26,A2,vhodnost,1,3
exp4184,k3_final_26,A2,kvalita,1,Plná
exp4184,k3_final_26,A2,dopad,1,Dlouhodobý úspěch
exp4184,k3_final_26,A2,vhodnost,1,3
exp4185,k3_final_26,A2,kvalita,1,Plná
exp4185,k3_final_26,A2,dopad,1,Dlouhodobý úspěch
exp4185,k3_final_26,A2,vhodnost,1,3
exp4186,k3_final_26,A2,kvalita,1,Plná
exp4186,k3_final_26,A2,dopad,1,Krátkodobý úspěch
exp4186,k3_final_26,A2,vhodnost,1,4
exp4187,k3_final_26,A2,kvalita,1,Plná
exp4187,k3_final_26,A2,dopad,1,Dlouhodobý úspěch
exp4187,k3_final_26,A2,vhodnost,1,4
exp4188,k3_final_26,A2,kvalita,1,Plná
exp4188,k3_final_26,A2,dopad,1,Krátkodobý úspěch
exp4188,k3_final_26,A2,vhodnost,1,2
exp4189,k3_final_26,A2,kvalita,1,Plná
exp4189,k3_final_26,A2,dopad,1,Krátkodobý úspěch
exp4189,k3_final_26,A2,vhodnost,1,3
exp4190,k3_final_26,A2,kvalita,1,Plná
exp4190,k3_final_26,A2,dopad,1,Krátkodobý úspěch
exp4190,k3_final_26,A2,vhodnost,1,4
exp4191,k3_final_26,A2,kvalita,1,Plná
exp4191,k3_final_26,A2,dopad,1,Krátkodobý úspěch
exp4191,k3_final_26,A2,vhodnost,1,2
exp4192,k3_final_26,A2,kvalita,1,Plná
exp4192,k3_final_26,A2,dopad,1,Krátkodobý úspěch
exp4192,k3_final_26,A2,vhodnost,1,4
exp4193,k3_final_26,A2,kvalita,1,Plná
exp4193,k3_final_26,A2,dopad,1,Krátkodobý úspěch
exp4193,k3_final_26,A2,vhodnost,1,2
exp4194,k3_final_26,A2,kvalita,1,Plochá
exp4195,k3_final_26,A2,kvalita,1,Plná
exp4195,k3_final_26,A2,dopad,1,Krátkodobý úspěch
exp4195,k3_final_26,A2,vhodnost,1,2
exp4196,k3_final_26,A2,kvalita,1,Plná
exp4196,k3_final_26,A2,dopad,1,Dlouhodobý úspěch
exp4196,k3_final_26,A2,vhodnost,1,4
exp4197,k3_final_26,A2,kvalita,1,Plná
exp4197,k3_final_26,A2,dopad,1,Krátkodobý úspěch
exp4197,k3_final_26,A2,vhodnost,1,3
exp4198,k3_final_26,A2,kvalita,1,Plná
exp4198,k3_final_26,A2,dopad,1,Krátkodobý úspěch
exp4198,k3_final_26,A2,vhodnost,1,2
exp4199,k3_final_26,A2,kvalita,1,Plná
exp4199,k3_final_26,A2,dopad,1,Krátkodobý úspěch
exp4199,k3_final_26,A2,vhodnost,1,3
exp4200,k3_final_26,A2,kvalita,1,Plná
exp4200,k3_final_26,A2,dopad,1,Krátkodobý úspěch
exp4200,k3_final_26,A2,vhodnost,1,3
exp4201,k3_final_26,A2,kvalita,1,Plná
exp4201,k3_final_26,A2,dopad,1,Neúspěch
exp4201,k3_final_26,A2,vhodnost,1,3
exp4202,k3_final_26,A2,kvalita,1,Plná
exp4202,k3_final_26,A2,dopad,1,Krátkodobý úspěch
exp4202,k3_final_26,A2,vhodnost,1,3
exp4203,k3_final_26,A2,kvalita,1,Plná
exp4203,k3_final_26,A2,dopad,1,Krátkodobý úspěch
exp4203,k3_final_26,A2,vhodnost,1,2
exp4204,k3_final_26,A2,kvalita,1,Plná
exp4204,k3_final_26,A2,dopad,1,Dlouhodobý úspěch
exp4204,k3_final_26,A2,vhodnost,1,2
exp4205,k3_final_26,A2,kvalita,1,Plná
exp4205,k3_final_26,A2,dopad,1,Dlouhodobý úspěch
exp4205,k3_final_26,A2,vhodnost,1,3
exp4206,k3_final_26,A2,kvalita,1,Plná
exp4206,k3_final_26,A2,dopad,1,Krátkodobý úspěch
exp4206,k3_final_26,A2,vhodnost,1,4
exp4207,k3_final_26,A2,kvalita,1,Plná
exp4207,k3_final_26,A2,dopad,1,Dlouhodobý úspěch
exp4207,k3_final_26,A2,vhodnost,1,3
exp4208,k3_final_26,A2,kvalita,1,Plná
exp4208,k3_final_26,A2,dopad,1,Krátkodobý úspěch
exp4208,k3_final_26,A2,vhodnost,1,3
exp4209,k3_final_26,A2,kvalita,1,Plná
exp4209,k3_final_26,A2,dopad,1,Krátkodobý úspěch
exp4209,k3_final_26,A2,vhodnost,1,4
exp4210,k3_final_26,A2,kvalita,1,Plná
exp4210,k3_final_26,A2,dopad,1,Krátkodobý úspěch
exp4210,k3_final_26,A2,vhodnost,1,2
exp4211,k3_final_26,A2,kvalita,1,Plná
exp4211,k3_final_26,A2,dopad,1,Dlouhodobý úspěch
exp4211,k3_final_26,A2,vhodnost,1,4
exp4212,k3_final_26,A2,kvalita,1,Plná
exp4212,k3_final_26,A2,dopad,1,Neúspěch
exp4212,k3_final_26,A2,vhodnost,1,1
exp4213,k3_final_26,A2,kvalita,1,Plná
exp4213,k3_final_26,A2,dopad,1,Krátkodobý úspěch
exp4213,k3_final_26,A2,vhodnost,1,2
exp4214,k3_final_26,A2,kvalita,1,Plná
exp4214,k3_final_26,A2,dopad,1,Krátkodobý úspěch
exp4214,k3_final_26,A2,vhodnost,1,2
exp4215,k3_final_26,A2,kvalita,1,Plná
exp4215,k3_final_26,A2,dopad,1,Krátkodobý úspěch
exp4215,k3_final_26,A2,vhodnost,1,3
exp4216,k3_final_26,A2,kvalita,1,Plná
exp4216,k3_final_26,A2,dopad,1,Dlouhodobý úspěch
exp4216,k3_final_26,A2,vhodnost,1,4
exp4217,k3_final_26,A2,kvalita,1,Plná
exp4217,k3_final_26,A2,dopad,1,Krátkodobý úspěch
exp4217,k3_final_26,A2,vhodnost,1,4
exp4218,k3_final_26,A2,kvalita,1,Plná
exp4218,k3_final_26,A2,dopad,1,Krátkodobý úspěch
exp4218,k3_final_26,A2,vhodnost,1,3
exp4219,k3_final_26,A2,kvalita,1,Plná
exp4219,k3_final_26,A2,dopad,1,Krátkodobý úspěch
exp4219,k3_final_26,A2,vhodnost,1,2
exp4221,k3_final_26,A2,kvalita,1,Plná
exp4221,k3_final_26,A2,dopad,1,Dlouhodobý úspěch
exp4221,k3_final_26,A2,vhodnost,1,3
exp4222,k3_final_26,A2,kvalita,1,Plná
exp4222,k3_final_26,A2,dopad,1,Neúspěch
exp4222,k3_final_26,A2,vhodnost,1,3
exp4223,k3_final_26,A2,kvalita,1,Plná
exp4223,k3_final_26,A2,dopad,1,Krátkodobý úspěch
exp4223,k3_final_26,A2,vhodnost,1,3
exp4224,k3_final_26,A2,kvalita,1,Plná
exp4224,k3_final_26,A2,dopad,1,Dlouhodobý úspěch
exp4224,k3_final_26,A2,vhodnost,1,4
exp4225,k3_final_26,A2,kvalita,1,Plná
exp4225,k3_final_26,A2,dopad,1,Krátkodobý úspěch
exp4225,k3_final_26,A2,vhodnost,1,3
exp4226,k3_final_26,A2,kvalita,1,Plná
exp4226,k3_final_26,A2,dopad,1,Krátkodobý úspěch
exp4226,k3_final_26,A2,vhodnost,1,3
exp4227,k3_final_26,A2,kvalita,1,Plná
exp4227,k3_final_26,A2,dopad,1,Dlouhodobý úspěch
exp4227,k3_final_26,A2,vhodnost,1,4
exp4228,k3_final_26,A2,kvalita,1,Plná
exp4228,k3_final_26,A2,dopad,1,Dlouhodobý úspěch
exp4228,k3_final_26,A2,vhodnost,1,4
exp4229,k3_final_26,A2,kvalita,1,Plná
exp4229,k3_final_26,A2,dopad,1,Neúspěch
exp4229,k3_final_26,A2,vhodnost,1,2
exp4230,k3_final_26,A2,kvalita,1,Plná
exp4230,k3_final_26,A2,dopad,1,Krátkodobý úspěch
exp4230,k3_final_26,A2,vhodnost,1,4
exp4231,k3_final_26,A2,kvalita,1,Plná
exp4231,k3_final_26,A2,dopad,1,Krátkodobý úspěch
exp4231,k3_final_26,A2,vhodnost,1,2
exp4232,k3_final_26,A2,kvalita,1,Plná
exp4232,k3_final_26,A2,dopad,1,Dlouhodobý úspěch
exp4232,k3_final_26,A2,vhodnost,1,3
exp4233,k3_final_26,A2,kvalita,1,Plná
exp4233,k3_final_26,A2,dopad,1,Dlouhodobý úspěch
exp4233,k3_final_26,A2,vhodnost,1,4
exp4234,k3_final_26,A2,kvalita,1,Plná
exp4234,k3_final_26,A2,dopad,1,Krátkodobý úspěch
exp4234,k3_final_26,A2,vhodnost,1,3
exp4235,k3_final_26,A2,kvalita,1,Plná
exp4235,k3_final_26,A2,dopad,1,Krátkodobý úspěch
exp4235,k3_final_26,A2,vhodnost,1,3
exp4236,k3_final_26,A2,kvalita,1,Plná
exp4236,k3_final_26,A2,dopad,1,Dlouhodobý úspěch
exp4236,k3_final_26,A2,vhodnost,1,4
exp4237,k3_final_26,A2,kvalita,1,Plná
exp4237,k3_final_26,A2,dopad,1,Krátkodobý úspěch
exp4237,k3_final_26,A2,vhodnost,1,3
exp4238,k3_final_26,A2,kvalita,1,Plná
exp4238,k3_final_26,A2,dopad,1,Krátkodobý úspěch
exp4238,k3_final_26,A2,vhodnost,1,4
exp4239,k3_final_26,A2,kvalita,1,Plná
exp4239,k3_final_26,A2,dopad,1,Krátkodobý úspěch
exp4239,k3_final_26,A2,vhodnost,1,3
exp4240,k3_final_26,A2,kvalita,1,Plná
exp4240,k3_final_26,A2,dopad,1,Dlouhodobý úspěch
exp4240,k3_final_26,A2,vhodnost,1,4
exp4241,k3_final_26,A2,kvalita,1,Plná
exp4241,k3_final_26,A2,dopad,1,Krátkodobý úspěch
exp4241,k3_final_26,A2,vhodnost,1,3
exp4242,k3_final_26,A2,kvalita,1,Plná
exp4242,k3_final_26,A2,dopad,1,Krátkodobý úspěch
exp4242,k3_final_26,A2,vhodnost,1,3
exp4243,k3_final_26,A2,kvalita,1,Plná
exp4243,k3_final_26,A2,dopad,1,Dlouhodobý úspěch
exp4243,k3_final_26,A2,vhodnost,1,4
exp4244,k3_final_26,A2,kvalita,1,Plná
exp4244,k3_final_26,A2,dopad,1,Krátkodobý úspěch
exp4244,k3_final_26,A2,vhodnost,1,3
exp4245,k3_final_26,A2,kvalita,1,Plná
exp4245,k3_final_26,A2,dopad,1,Krátkodobý úspěch
exp4245,k3_final_26,A2,vhodnost,1,2
exp4246,k3_final_26,A2,kvalita,1,Plná
exp4246,k3_final_26,A2,dopad,1,Neúspěch
exp4246,k3_final_26,A2,vhodnost,1,3
exp4247,k3_final_26,A2,kvalita,1,Plná
exp4247,k3_final_26,A2,dopad,1,Neúspěch
exp4247,k3_final_26,A2,vhodnost,1,3
exp4248,k3_final_26,A2,kvalita,1,Plná
exp4248,k3_final_26,A2,dopad,1,Neúspěch
exp4248,k3_final_26,A2,vhodnost,1,2
exp4249,k3_final_26,A2,kvalita,1,Plná
exp4249,k3_final_26,A2,dopad,1,Dlouhodobý úspěch
exp4249,k3_final_26,A2,vhodnost,1,3
exp4250,k3_final_26,A2,kvalita,1,Plná
exp4250,k3_final_26,A2,dopad,1,Krátkodobý úspěch
exp4250,k3_final_26,A2,vhodnost,1,3
exp4251,k3_final_26,A2,kvalita,1,Plná
exp4251,k3_final_26,A2,dopad,1,Neúspěch
exp4251,k3_final_26,A2,vhodnost,1,2
exp4252,k3_final_26,A2,kvalita,1,Plná
exp4252,k3_final_26,A2,dopad,1,Neúspěch
exp4252,k3_final_26,A2,vhodnost,1,2
exp4253,k3_final_26,A2,kvalita,1,Plná
exp4253,k3_final_26,A2,dopad,1,Dlouhodobý úspěch
exp4253,k3_final_26,A2,vhodnost,1,4
exp4254,k3_final_26,A2,kvalita,1,Plná
exp4254,k3_final_26,A2,dopad,1,Krátkodobý úspěch
exp4254,k3_final_26,A2,vhodnost,1,2
exp4255,k3_final_26,A2,kvalita,1,Plná
exp4255,k3_final_26,A2,dopad,1,Krátkodobý úspěch
exp4255,k3_final_26,A2,vhodnost,1,3
exp4256,k3_final_26,A2,kvalita,1,Plná
exp4256,k3_final_26,A2,dopad,1,Dlouhodobý úspěch
exp4256,k3_final_26,A2,vhodnost,1,4
exp4257,k3_final_26,A2,kvalita,1,Plná
exp4257,k3_final_26,A2,dopad,1,Dlouhodobý úspěch
exp4257,k3_final_26,A2,vhodnost,1,4
exp4258,k3_final_26,A2,kvalita,1,Plná
exp4258,k3_final_26,A2,dopad,1,Krátkodobý úspěch
exp4258,k3_final_26,A2,vhodnost,1,3
exp4259,k3_final_26,A2,kvalita,1,Plná
exp4259,k3_final_26,A2,dopad,1,Krátkodobý úspěch
exp4259,k3_final_26,A2,vhodnost,1,3
exp4260,k3_final_26,A2,kvalita,1,Plná
exp4260,k3_final_26,A2,dopad,1,Krátkodobý úspěch
exp4260,k3_final_26,A2,vhodnost,1,3
exp4261,k3_final_26,A2,kvalita,1,Plná
exp4261,k3_final_26,A2,dopad,1,Dlouhodobý úspěch
exp4261,k3_final_26,A2,vhodnost,1,4
exp4262,k3_final_26,A2,kvalita,1,Plná
exp4262,k3_final_26,A2,dopad,1,Krátkodobý úspěch
exp4262,k3_final_26,A2,vhodnost,1,4
exp4263,k3_final_26,A2,kvalita,1,Plná
exp4263,k3_final_26,A2,dopad,1,Dlouhodobý úspěch
exp4263,k3_final_26,A2,vhodnost,1,4
exp4264,k3_final_26,A2,kvalita,1,Plná
exp4264,k3_final_26,A2,dopad,1,Dlouhodobý úspěch
exp4264,k3_final_26,A2,vhodnost,1,3
exp4265,k3_final_26,A2,kvalita,1,Plná
exp4265,k3_final_26,A2,dopad,1,Dlouhodobý úspěch
exp4265,k3_final_26,A2,vhodnost,1,3
exp4266,k3_final_26,A2,kvalita,1,Plochá
exp4266,k3_final_26,A2,dopad,1,Krátkodobý úspěch
exp4266,k3_final_26,A2,vhodnost,1,2
exp4267,k3_final_26,A2,kvalita,1,Plná
exp4267,k3_final_26,A2,dopad,1,Krátkodobý úspěch
exp4267,k3_final_26,A2,vhodnost,1,3
exp4268,k3_final_26,A2,kvalita,1,Plná
exp4268,k3_final_26,A2,dopad,1,Dlouhodobý úspěch
exp4268,k3_final_26,A2,vhodnost,1,3
exp4269,k3_final_26,A2,kvalita,1,Plná
exp4269,k3_final_26,A2,dopad,1,Krátkodobý úspěch
exp4269,k3_final_26,A2,vhodnost,1,2
exp4270,k3_final_26,A2,kvalita,1,Plná
exp4270,k3_final_26,A2,dopad,1,Krátkodobý úspěch
exp4270,k3_final_26,A2,vhodnost,1,4
exp4271,k3_final_26,A2,kvalita,1,Plná
exp4271,k3_final_26,A2,dopad,1,Neúspěch
exp4271,k3_final_26,A2,vhodnost,1,2
exp4272,k3_final_26,A2,kvalita,1,Plná
exp4272,k3_final_26,A2,dopad,1,Neúspěch
exp4272,k3_final_26,A2,vhodnost,1,2
exp4273,k3_final_26,A2,kvalita,1,Plná
exp4273,k3_final_26,A2,dopad,1,Krátkodobý úspěch
exp4273,k3_final_26,A2,vhodnost,1,3
exp4274,k3_final_26,A2,kvalita,1,Plná
exp4274,k3_final_26,A2,dopad,1,Krátkodobý úspěch
exp4274,k3_final_26,A2,vhodnost,1,4
exp4275,k3_final_26,A2,kvalita,1,Plochá
exp4276,k3_final_26,A2,kvalita,1,Plná
exp4276,k3_final_26,A2,dopad,1,Neúspěch
exp4276,k3_final_26,A2,vhodnost,1,2
exp4277,k3_final_26,A2,kvalita,1,Plná
exp4277,k3_final_26,A2,dopad,1,Krátkodobý úspěch
exp4277,k3_final_26,A2,vhodnost,1,2
exp4278,k3_final_26,A2,kvalita,1,Plná
exp4278,k3_final_26,A2,dopad,1,Dlouhodobý úspěch
exp4278,k3_final_26,A2,vhodnost,1,4
exp4279,k3_final_26,A2,kvalita,1,Plná
exp4279,k3_final_26,A2,dopad,1,Dlouhodobý úspěch
exp4279,k3_final_26,A2,vhodnost,1,4
exp4280,k3_final_26,A2,kvalita,1,Plná
exp4280,k3_final_26,A2,dopad,1,Neúspěch
exp4280,k3_final_26,A2,vhodnost,1,3
exp4281,k3_final_26,A2,kvalita,1,Plná
exp4281,k3_final_26,A2,dopad,1,Dlouhodobý úspěch
exp4281,k3_final_26,A2,vhodnost,1,4
exp4283,k3_final_26,A2,kvalita,1,Plná
exp4283,k3_final_26,A2,dopad,1,Krátkodobý úspěch
exp4283,k3_final_26,A2,vhodnost,1,4
exp4284,k3_final_26,A2,kvalita,1,Plná
exp4284,k3_final_26,A2,dopad,1,Krátkodobý úspěch
exp4284,k3_final_26,A2,vhodnost,1,2
exp4285,k3_final_26,A2,kvalita,1,Plná
exp4285,k3_final_26,A2,dopad,1,Krátkodobý úspěch
exp4285,k3_final_26,A2,vhodnost,1,2
exp4286,k3_final_26,A2,kvalita,1,Plná
exp4286,k3_final_26,A2,dopad,1,Krátkodobý úspěch
exp4286,k3_final_26,A2,vhodnost,1,3
exp4287,k3_final_26,A2,kvalita,1,Plná
exp4287,k3_final_26,A2,dopad,1,Krátkodobý úspěch
exp4287,k3_final_26,A2,vhodnost,1,2
exp4288,k3_final_26,A2,kvalita,1,Plochá
exp4288,k3_final_26,A2,dopad,1,Neúspěch
exp4288,k3_final_26,A2,vhodnost,1,1
exp4289,k3_final_26,A2,kvalita,1,Plná
exp4289,k3_final_26,A2,dopad,1,Krátkodobý úspěch
exp4289,k3_final_26,A2,vhodnost,1,3
exp4290,k3_final_26,A2,kvalita,1,Plná
exp4290,k3_final_26,A2,dopad,1,Krátkodobý úspěch
exp4290,k3_final_26,A2,vhodnost,1,3
exp4291,k3_final_26,A2,kvalita,1,Plná
exp4291,k3_final_26,A2,dopad,1,Krátkodobý úspěch
exp4291,k3_final_26,A2,vhodnost,1,2
exp4292,k3_final_26,A2,kvalita,1,Plná
exp4292,k3_final_26,A2,dopad,1,Krátkodobý úspěch
exp4292,k3_final_26,A2,vhodnost,1,3
exp4293,k3_final_26,A2,kvalita,1,Plná
exp4293,k3_final_26,A2,dopad,1,Dlouhodobý úspěch
exp4293,k3_final_26,A2,vhodnost,1,4
exp4294,k3_final_26,A2,kvalita,1,Plná
exp4294,k3_final_26,A2,dopad,1,Krátkodobý úspěch
exp4294,k3_final_26,A2,vhodnost,1,3
exp4295,k3_final_26,A2,kvalita,1,Plná
exp4295,k3_final_26,A2,dopad,1,Dlouhodobý úspěch
exp4295,k3_final_26,A2,vhodnost,1,4
exp4296,k3_final_26,A2,kvalita,1,Plná
exp4296,k3_final_26,A2,dopad,1,Krátkodobý úspěch
exp4296,k3_final_26,A2,vhodnost,1,4
exp4297,k3_final_26,A2,kvalita,1,Plná
exp4297,k3_final_26,A2,dopad,1,Krátkodobý úspěch
exp4297,k3_final_26,A2,vhodnost,1,3
exp4298,k3_final_26,A2,kvalita,1,Plná
exp4298,k3_final_26,A2,dopad,1,Krátkodobý úspěch
exp4298,k3_final_26,A2,vhodnost,1,2
exp4299,k3_final_26,A2,kvalita,1,Plná
exp4299,k3_final_26,A2,dopad,1,Dlouhodobý úspěch
exp4299,k3_final_26,A2,vhodnost,1,4
exp4300,k3_final_26,A2,kvalita,1,Plná
exp4300,k3_final_26,A2,dopad,1,Neúspěch
exp4300,k3_final_26,A2,vhodnost,1,4
exp4301,k3_final_26,A2,kvalita,1,Plná
exp4301,k3_final_26,A2,dopad,1,Dlouhodobý úspěch
exp4301,k3_final_26,A2,vhodnost,1,4
exp4302,k3_final_26,A2,kvalita,1,Plná
exp4302,k3_final_26,A2,dopad,1,Krátkodobý úspěch
exp4302,k3_final_26,A2,vhodnost,1,2
exp4303,k3_final_26,A2,kvalita,1,Plná
exp4303,k3_final_26,A2,dopad,1,Krátkodobý úspěch
exp4303,k3_final_26,A2,vhodnost,1,3
exp4304,k3_final_26,A2,kvalita,1,Plná
exp4304,k3_final_26,A2,dopad,1,Dlouhodobý úspěch
exp4304,k3_final_26,A2,vhodnost,1,4
exp4305,k3_final_26,A2,kvalita,1,Plná
exp4305,k3_final_26,A2,dopad,1,Dlouhodobý úspěch
exp4305,k3_final_26,A2,vhodnost,1,4
exp4306,k3_final_26,A2,kvalita,1,Plná
exp4306,k3_final_26,A2,dopad,1,Krátkodobý úspěch
exp4306,k3_final_26,A2,vhodnost,1,3
exp4307,k3_final_26,A2,kvalita,1,Plná
exp4307,k3_final_26,A2,dopad,1,Neúspěch
exp4307,k3_final_26,A2,vhodnost,1,4
exp4308,k3_final_26,A2,kvalita,1,Plná
exp4308,k3_final_26,A2,dopad,1,Neúspěch
exp4308,k3_final_26,A2,vhodnost,1,4
exp4309,k3_final_26,A2,kvalita,1,Plná
exp4309,k3_final_26,A2,dopad,1,Krátkodobý úspěch
exp4309,k3_final_26,A2,vhodnost,1,2
exp4310,k3_final_26,A2,kvalita,1,Plná
exp4310,k3_final_26,A2,dopad,1,Dlouhodobý úspěch
exp4310,k3_final_26,A2,vhodnost,1,4
exp4311,k3_final_26,A2,kvalita,1,Plná
exp4311,k3_final_26,A2,dopad,1,Krátkodobý úspěch
exp4311,k3_final_26,A2,vhodnost,1,1
exp4312,k3_final_26,A2,kvalita,1,Plná
exp4312,k3_final_26,A2,dopad,1,Dlouhodobý úspěch
exp4312,k3_final_26,A2,vhodnost,1,4
exp4313,k3_final_26,A2,kvalita,1,Plná
exp4313,k3_final_26,A2,dopad,1,Krátkodobý úspěch
exp4313,k3_final_26,A2,vhodnost,1,2
exp4314,k3_final_26,A2,kvalita,1,Plná
exp4314,k3_final_26,A2,dopad,1,Krátkodobý úspěch
exp4314,k3_final_26,A2,vhodnost,1,3
exp4315,k3_final_26,A2,kvalita,1,Plná
exp4315,k3_final_26,A2,dopad,1,Krátkodobý úspěch
exp4315,k3_final_26,A2,vhodnost,1,3
exp4316,k3_final_26,A2,kvalita,1,Plná
exp4316,k3_final_26,A2,dopad,1,Dlouhodobý úspěch
exp4316,k3_final_26,A2,vhodnost,1,4
exp4317,k3_final_26,A2,kvalita,1,Plná
exp4317,k3_final_26,A2,dopad,1,Krátkodobý úspěch
exp4317,k3_final_26,A2,vhodnost,1,4
exp4318,k3_final_26,A2,kvalita,1,Plná
exp4318,k3_final_26,A2,dopad,1,Dlouhodobý úspěch
exp4318,k3_final_26,A2,vhodnost,1,3
exp4319,k3_final_26,A2,kvalita,1,Plná
exp4319,k3_final_26,A2,dopad,1,Krátkodobý úspěch
exp4319,k3_final_26,A2,vhodnost,1,3
exp4320,k3_final_26,A2,kvalita,1,Plná
exp4320,k3_final_26,A2,dopad,1,Dlouhodobý úspěch
exp4320,k3_final_26,A2,vhodnost,1,4
exp4321,k3_final_26,A2,kvalita,1,Plná
exp4321,k3_final_26,A2,dopad,1,Dlouhodobý úspěch
exp4321,k3_final_26,A2,vhodnost,1,4
exp4322,k3_final_26,A2,kvalita,1,Plná
exp4322,k3_final_26,A2,dopad,1,Dlouhodobý úspěch
exp4322,k3_final_26,A2,vhodnost,1,4
exp4323,k3_final_26,A2,kvalita,1,Plná
exp4323,k3_final_26,A2,dopad,1,Krátkodobý úspěch
exp4323,k3_final_26,A2,vhodnost,1,3
exp4324,k3_final_26,A2,kvalita,1,Plná
exp4324,k3_final_26,A2,dopad,1,Krátkodobý úspěch
exp4324,k3_final_26,A2,vhodnost,1,3
exp4325,k3_final_26,A2,kvalita,1,Plná
exp4325,k3_final_26,A2,dopad,1,Dlouhodobý úspěch
exp4325,k3_final_26,A2,vhodnost,1,2
exp4326,k3_final_26,A2,kvalita,1,Plná
exp4326,k3_final_26,A2,dopad,1,Krátkodobý úspěch
exp4326,k3_final_26,A2,vhodnost,1,2
exp4327,k3_final_26,A2,kvalita,1,Plná
exp4327,k3_final_26,A2,dopad,1,Dlouhodobý úspěch
exp4327,k3_final_26,A2,vhodnost,1,4
exp4328,k3_final_26,A2,kvalita,1,Plná
exp4328,k3_final_26,A2,dopad,1,Neúspěch
exp4328,k3_final_26,A2,vhodnost,1,2
exp4329,k3_final_26,A2,kvalita,1,Plná
exp4329,k3_final_26,A2,dopad,1,Krátkodobý úspěch
exp4329,k3_final_26,A2,vhodnost,1,3
exp4330,k3_final_26,A2,kvalita,1,Plná
exp4330,k3_final_26,A2,dopad,1,Dlouhodobý úspěch
exp4330,k3_final_26,A2,vhodnost,1,3
exp4331,k3_final_26,A2,kvalita,1,Plná
exp4331,k3_final_26,A2,dopad,1,Krátkodobý úspěch
exp4331,k3_final_26,A2,vhodnost,1,2
exp4332,k3_final_26,A2,kvalita,1,Plná
exp4332,k3_final_26,A2,dopad,1,Krátkodobý úspěch
exp4332,k3_final_26,A2,vhodnost,1,2
exp4334,k3_final_26,A2,kvalita,1,Plná
exp4334,k3_final_26,A2,dopad,1,Krátkodobý úspěch
exp4334,k3_final_26,A2,vhodnost,1,3
exp4335,k3_final_26,A2,kvalita,1,Plná
exp4335,k3_final_26,A2,dopad,1,Krátkodobý úspěch
exp4335,k3_final_26,A2,vhodnost,1,4
exp4337,k3_final_26,A2,kvalita,1,Plná
exp4337,k3_final_26,A2,dopad,1,Krátkodobý úspěch
exp4337,k3_final_26,A2,vhodnost,1,4
exp4338,k3_final_26,A2,kvalita,1,Plná
exp4338,k3_final_26,A2,dopad,1,Krátkodobý úspěch
exp4338,k3_final_26,A2,vhodnost,1,2
exp4339,k3_final_26,A2,kvalita,1,Plná
exp4339,k3_final_26,A2,dopad,1,Krátkodobý úspěch
exp4339,k3_final_26,A2,vhodnost,1,3
exp4340,k3_final_26,A2,kvalita,1,Plná
exp4340,k3_final_26,A2,dopad,1,Krátkodobý úspěch
exp4340,k3_final_26,A2,vhodnost,1,2
exp4341,k3_final_26,A2,kvalita,1,Plná
exp4341,k3_final_26,A2,dopad,1,Krátkodobý úspěch
exp4341,k3_final_26,A2,vhodnost,1,3
exp4343,k3_final_26,A2,kvalita,1,Plná
exp4343,k3_final_26,A2,dopad,1,Dlouhodobý úspěch
exp4343,k3_final_26,A2,vhodnost,1,3
exp4344,k3_final_26,A2,kvalita,1,Plná
exp4344,k3_final_26,A2,dopad,1,Krátkodobý úspěch
exp4344,k3_final_26,A2,vhodnost,1,4
exp4347,k3_final_26,A2,kvalita,1,Plochá
exp4348,k3_final_26,A2,kvalita,1,Plochá
exp4349,k3_final_26,A2,kvalita,1,Plná
exp4349,k3_final_26,A2,dopad,1,Krátkodobý úspěch
exp4349,k3_final_26,A2,vhodnost,1,4
exp4350,k3_final_26,A2,kvalita,1,Plná
exp4350,k3_final_26,A2,dopad,1,Krátkodobý úspěch
exp4350,k3_final_26,A2,vhodnost,1,1
