case_uid,is_published,k1_test_03_24,k1_test_04_24,k1_naostro_05_24,k2_setkani10_04_25,k2_anotace40_04_25,k2_final351_06_25,k3_zacvik_26,k3_pilot1_26,k3_pilot2_26,k3_final_26,llm_anotace_matice_08_24,hf_publikovano_en,n_udalosti_lidske,n_anotaci_lidske
exp1,true,2,0,1,0,0,0,0,0,0,1,1,1,3,4
exp10,true,2,0,1,0,0,0,0,0,0,1,1,1,3,4
exp100,true,0,0,1,0,0,0,0,0,0,1,1,1,2,2
exp1002,true,0,0,1,0,0,0,0,0,0,1,1,1,2,2
exp1004,true,0,0,2,0,0,12,0,0,0,1,2,2,3,15
exp1005,true,0,0,1,0,0,0,0,0,0,1,1,1,2,2
exp1006,true,0,0,1,0,0,0,0,0,0,1,1,1,2,2
exp1007,true,0,0,0,0,0,0,0,0,0,1,0,0,1,1
exp1009,true,0,0,1,0,0,0,0,0,0,1,1,1,2,2
exp101,true,0,0,1,0,0,12,0,0,0,1,1,1,3,14
exp1012,true,0,0,1,0,0,12,0,0,0,1,1,1,3,14
exp1015,true,0,0,1,0,0,0,0,0,0,1,1,1,2,2
exp1016,true,0,0,0,0,0,12,0,0,0,1,1,1,2,13
exp1018,true,0,0,1,0,0,12,0,0,0,1,1,1,3,14
exp1019,true,0,0,1,0,0,0,0,0,0,1,1,1,2,2
exp1020,true,0,0,1,0,0,12,0,0,0,1,1,1,3,14
exp1021,true,0,0,1,0,0,0,0,0,0,1,1,1,2,2
exp1022,true,0,0,1,0,0,0,0,0,0,1,1,1,2,2
exp1023,true,0,0,1,0,0,0,0,0,0,1,1,1,2,2
exp1024,true,0,0,1,0,0,0,0,0,0,1,1,1,2,2
exp1025,true,0,0,1,0,0,0,0,0,0,1,1,1,2,2
exp1026,true,0,0,0,0,0,12,0,0,0,1,1,1,2,13
exp1027,true,0,0,1,0,0,0,0,0,0,1,1,1,2,2
exp1028,true,0,0,1,0,0,0,0,0,0,1,1,1,2,2
exp1029,true,0,0,1,0,0,12,0,0,0,1,1,1,3,14
exp1031,true,0,0,1,0,0,0,0,0,0,1,1,1,2,2
exp1033,true,0,0,1,0,0,12,0,0,0,1,1,1,3,14
exp1034,true,0,0,1,0,8,12,0,0,0,1,1,1,4,22
exp1035,true,0,0,1,0,8,0,0,0,0,1,1,1,3,10
exp1036,true,0,0,1,0,0,0,0,0,0,1,1,1,2,2
exp1037,true,0,0,1,0,0,0,0,0,0,1,1,1,2,2
exp1038,true,0,0,0,0,0,0,0,0,0,1,0,0,1,1
exp1039,true,0,0,1,0,0,0,0,0,0,1,1,1,2,2
exp104,true,0,0,1,0,0,0,0,0,0,1,1,1,2,2
exp1040,true,0,0,1,0,0,0,0,0,0,1,1,1,2,2
exp1042,true,0,0,1,0,0,0,0,0,0,1,1,1,2,2
exp1043,true,0,0,1,0,0,0,0,0,0,1,1,1,2,2
exp1044,true,0,0,1,0,0,12,0,0,0,1,1,1,3,14
exp1045,true,0,0,1,0,0,12,0,0,0,1,1,1,3,14
exp1046,true,0,0,1,0,0,0,0,0,0,1,1,1,2,2
exp1047,true,0,0,1,0,0,0,0,0,0,1,1,1,2,2
exp1048,true,0,0,1,0,0,0,0,0,0,1,1,1,2,2
exp1053,true,0,0,1,0,0,0,0,0,0,1,1,1,2,2
exp1054,true,0,0,1,0,0,12,0,0,0,1,1,1,3,14
exp1056,true,0,0,1,0,0,12,0,0,0,1,1,1,3,14
exp1058,true,0,0,1,0,0,12,0,0,0,1,1,1,3,14
exp1059,true,0,0,1,0,0,12,0,0,0,1,1,1,3,14
exp106,true,0,0,1,0,0,0,0,0,0,1,1,1,2,2
exp1060,true,0,0,1,0,8,12,0,0,0,1,1,1,4,22
exp1061,true,0,0,0,0,0,0,0,0,0,1,0,0,1,1
exp1062,true,0,0,1,0,0,0,0,0,0,1,1,1,2,2
exp1063,true,0,0,1,0,0,0,0,0,0,1,1,1,2,2
exp1065,true,0,0,1,0,0,0,0,0,0,1,1,1,2,2
exp1067,true,0,0,1,0,0,0,0,0,0,1,1,1,2,2
exp1068,true,0,0,1,0,0,0,0,0,0,1,1,1,2,2
exp1070,true,0,0,1,0,0,0,0,0,0,1,1,1,2,2
exp1071,true,0,0,1,0,0,0,0,0,0,1,1,1,2,2
exp1072,true,0,0,1,0,8,0,0,0,0,1,1,1,3,10
exp1073,true,0,0,1,0,0,0,0,0,0,1,1,1,2,2
exp1075,true,0,0,1,0,0,0,0,0,0,1,1,1,2,2
exp1077,true,0,0,1,0,0,0,0,0,0,1,1,1,2,2
exp1079,true,0,0,0,0,0,0,0,0,0,1,0,0,1,1
exp1084,true,0,0,1,0,0,0,0,0,0,1,1,1,2,2
exp1085,true,0,0,1,0,0,0,0,0,0,1,1,1,2,2
exp1088,true,0,0,1,0,0,12,0,0,0,1,1,1,3,14
exp1089,true,0,0,1,0,0,0,0,0,0,1,1,1,2,2
exp1090,true,0,0,0,0,0,0,0,0,0,1,0,0,1,1
exp1091,true,0,0,0,0,0,0,0,0,0,1,0,0,1,1
exp1092,true,0,0,1,0,0,0,0,0,0,1,1,1,2,2
exp1093,true,0,0,1,0,0,0,0,0,0,1,1,1,2,2
exp1094,true,0,0,1,0,0,0,0,0,0,1,1,1,2,2
exp1095,true,0,0,0,0,0,0,0,0,0,1,0,0,1,1
exp1096,true,0,0,1,0,0,0,0,0,0,1,1,1,2,2
exp1099,true,0,0,1,0,0,0,0,0,0,1,1,1,2,2
exp11,true,2,0,1,0,0,0,0,0,0,1,1,1,3,4
exp110,true,0,0,1,0,0,0,0,0,0,1,1,1,2,2
exp1100,true,0,0,1,0,0,0,0,0,0,1,1,1,2,2
exp1101,true,0,0,6,0,0,0,0,0,0,1,6,5,2,7
exp1103,true,0,0,1,0,0,0,0,0,0,1,1,1,2,2
exp1104,true,0,0,1,0,0,0,0,0,0,1,1,1,2,2
exp1105,true,0,0,1,0,0,0,0,0,0,1,1,1,2,2
exp1107,true,0,0,1,0,0,12,0,0,0,1,1,1,3,14
exp1108,true,0,0,1,0,0,0,0,0,0,1,1,1,2,2
exp1109,true,0,0,1,0,0,0,0,0,0,1,1,1,2,2
exp111,true,0,0,1,0,0,0,0,0,0,1,1,1,2,2
exp1111,true,0,0,1,0,0,12,0,0,0,1,1,1,3,14
exp1113,true,0,0,0,0,0,0,0,0,0,1,0,0,1,1
exp1115,true,0,0,1,0,0,12,0,0,0,1,1,1,3,14
exp1118,true,0,0,5,0,0,0,0,0,0,1,5,5,2,6
exp1119,true,0,0,1,0,0,0,0,0,0,1,1,1,2,2
exp1120,true,0,0,1,0,0,12,0,0,0,1,1,1,3,14
exp1121,true,0,0,1,0,0,12,0,0,0,1,1,1,3,14
exp1123,true,0,0,1,0,0,0,0,0,0,1,1,1,2,2
exp1125,true,0,0,5,0,0,0,0,0,0,1,5,5,2,6
exp1126,true,0,0,1,0,0,0,0,0,0,1,1,1,2,2
exp1127,true,0,0,5,0,0,0,0,0,0,1,5,5,2,6
exp1128,true,0,0,1,0,0,0,0,0,0,1,1,1,2,2
exp1129,true,0,0,1,0,0,0,0,0,0,1,1,1,2,2
exp113,true,0,0,1,0,0,12,0,0,0,1,1,1,3,14
exp1130,true,0,0,1,0,0,0,0,0,0,1,1,1,2,2
exp1133,true,0,0,1,0,0,0,0,0,0,1,1,1,2,2
exp1134,true,0,0,1,0,0,12,0,0,0,1,1,1,3,14
exp1136,true,0,0,1,0,0,12,0,0,0,1,1,1,3,14
exp1137,true,0,0,1,0,0,0,0,0,0,1,1,1,2,2
exp1138,true,0,0,1,0,0,0,0,0,0,1,1,1,2,2
exp1139,true,0,0,1,0,0,0,0,0,0,1,1,1,2,2
exp114,true,0,0,1,0,0,0,0,0,0,1,1,1,2,2
exp1140,true,0,0,1,0,0,0,0,0,0,1,1,1,2,2
exp1141,true,0,0,1,0,0,0,0,0,0,1,1,1,2,2
exp1144,true,0,0,1,0,0,0,0,0,0,1,1,1,2,2
exp1145,true,0,0,1,0,0,0,0,0,0,1,1,1,2,2
exp1147,true,0,0,1,0,0,12,0,0,0,1,1,1,3,14
exp1148,true,0,0,1,0,0,0,0,0,0,1,1,1,2,2
exp1149,true,0,0,1,0,0,0,0,0,0,1,1,1,2,2
exp115,true,0,0,1,0,0,0,0,0,0,1,1,1,2,2
exp1151,true,0,0,1,0,0,0,0,0,0,1,1,1,2,2
exp1152,true,0,0,1,0,0,0,0,0,0,1,1,1,2,2
exp1153,true,0,0,1,0,0,0,0,0,0,1,1,1,2,2
exp1154,true,0,0,1,0,0,0,0,0,0,1,1,1,2,2
exp1155,true,0,0,1,0,0,0,0,0,0,1,1,1,2,2
exp1156,true,0,0,1,0,0,0,0,0,0,1,1,1,2,2
exp1157,true,0,0,0,0,0,0,0,0,0,1,0,0,1,1
exp1158,true,0,0,1,0,0,0,0,0,0,1,1,1,2,2
exp1159,true,0,0,1,0,0,0,0,0,0,1,1,1,2,2
exp116,true,0,0,5,0,0,0,0,0,0,1,5,4,2,6
exp1160,true,0,0,1,0,0,0,0,0,0,1,1,1,2,2
exp1161,true,0,0,1,0,0,0,0,0,0,1,1,1,2,2
exp1163,true,0,0,1,0,0,0,0,0,0,1,1,1,2,2
exp1166,true,0,0,1,0,0,0,0,0,0,1,1,1,2,2
exp1167,true,0,0,1,0,0,0,0,0,0,1,1,1,2,2
exp1168,true,0,0,1,0,0,0,0,0,0,1,1,1,2,2
exp1169,true,0,0,8,0,0,0,0,0,0,1,8,8,2,9
exp117,true,0,0,1,0,0,0,0,0,0,1,1,1,2,2
exp1170,true,0,0,1,0,0,12,0,0,0,1,1,1,3,14
exp1172,true,0,0,1,0,0,12,0,0,0,1,1,1,3,14
exp1174,true,0,0,0,0,0,0,0,0,0,1,0,0,1,1
exp1183,true,0,0,1,0,0,12,0,0,0,1,1,1,3,14
exp1185,true,0,0,1,0,0,0,0,0,0,1,1,1,2,2
exp1186,true,0,0,1,0,0,0,0,0,0,1,1,1,2,2
exp1187,true,0,0,1,0,0,0,0,0,0,1,1,1,2,2
exp1189,true,0,0,1,0,0,0,0,0,0,1,1,1,2,2
exp1191,true,0,0,1,0,0,0,0,0,0,1,1,1,2,2
exp1192,true,0,0,1,0,0,0,0,0,0,1,1,1,2,2
exp1193,true,0,0,1,0,0,0,0,0,0,1,1,1,2,2
exp1194,true,0,0,1,0,0,0,0,0,0,1,1,1,2,2
exp1197,true,0,0,1,0,0,0,0,0,0,1,1,1,2,2
exp1198,true,0,0,1,0,0,0,0,0,0,1,1,1,2,2
exp1199,true,0,0,1,0,0,12,0,0,0,1,1,1,3,14
exp1200,true,0,0,1,0,0,12,0,0,0,1,1,1,3,14
exp1201,true,0,0,1,0,0,0,0,0,0,1,1,1,2,2
exp1202,true,0,0,1,0,0,0,0,0,0,1,1,1,2,2
exp1204,true,0,0,1,0,0,0,0,0,0,1,1,1,2,2
exp1206,true,0,0,1,0,0,0,0,0,0,1,1,1,2,2
exp1207,true,0,0,1,0,0,12,0,0,0,1,1,1,3,14
exp1208,true,0,0,1,0,0,0,0,0,0,1,1,1,2,2
exp121,true,0,0,1,0,0,12,0,0,0,1,1,1,3,14
exp1210,true,0,0,1,0,0,12,0,0,0,1,1,1,3,14
exp1211,true,0,0,1,0,0,12,0,0,0,1,1,1,3,14
exp1212,true,0,0,1,0,0,0,0,0,0,1,1,1,2,2
exp1213,true,0,0,0,0,0,0,0,0,0,1,1,1,1,1
exp1214,true,0,0,1,0,0,0,0,0,0,1,1,1,2,2
exp1215,true,0,0,0,0,0,0,0,0,0,1,1,1,1,1
exp1216,true,0,0,1,0,0,0,0,0,0,1,1,1,2,2
exp1217,true,0,0,1,0,0,0,0,0,0,1,1,1,2,2
exp1218,true,0,0,1,0,0,12,0,0,0,1,1,1,3,14
exp1219,true,0,0,1,0,0,0,0,0,0,1,1,1,2,2
exp122,true,0,0,1,0,0,0,0,0,0,1,1,1,2,2
exp1220,true,0,0,1,0,0,0,0,0,0,1,1,1,2,2
exp1222,true,0,0,5,0,0,0,0,0,0,1,5,5,2,6
exp1225,true,0,0,1,0,0,0,0,0,0,1,1,1,2,2
exp1226,true,0,0,1,0,0,0,0,0,0,1,1,1,2,2
exp1227,true,0,0,1,0,0,12,0,0,0,1,1,1,3,14
exp1228,true,0,0,1,0,0,0,0,0,0,1,1,1,2,2
exp123,true,0,0,1,0,0,0,0,0,0,1,1,1,2,2
exp1230,true,0,0,1,0,0,0,0,0,0,1,1,1,2,2
exp1231,true,0,0,1,0,0,0,0,0,0,1,1,1,2,2
exp1232,true,0,0,1,0,0,12,0,0,0,1,1,1,3,14
exp1233,true,0,0,0,0,0,0,0,0,0,1,0,0,1,1
exp1234,true,0,0,1,0,0,0,0,0,0,1,1,1,2,2
exp1236,true,0,0,1,0,0,0,0,0,0,1,1,1,2,2
exp1237,true,0,0,1,0,0,0,0,0,0,1,1,1,2,2
exp1238,true,0,0,1,0,0,0,0,0,0,1,1,1,2,2
exp124,true,0,0,1,0,0,0,0,0,0,1,1,1,2,2
exp1240,true,0,0,1,0,0,0,0,0,0,1,1,1,2,2
exp1242,true,0,0,1,0,0,12,0,0,0,1,1,1,3,14
exp1244,true,0,0,1,0,0,12,0,0,0,1,1,1,3,14
exp1245,true,0,0,0,0,0,0,0,0,0,1,0,0,1,1
exp1246,true,0,0,5,0,0,0,0,0,0,1,5,4,2,6
exp125,true,0,0,1,0,0,0,0,0,0,1,1,1,2,2
exp1250,true,0,0,1,0,8,12,0,0,0,1,1,1,4,22
exp1251,true,0,0,1,0,0,0,0,0,0,1,1,1,2,2
exp1253,true,0,0,1,0,0,0,0,0,0,1,1,1,2,2
exp1255,true,0,0,1,0,0,0,0,0,0,1,1,1,2,2
exp1256,true,0,0,1,0,0,0,0,0,0,1,1,1,2,2
exp1258,true,0,0,1,0,0,12,0,0,0,1,1,1,3,14
exp1259,true,0,0,1,0,0,0,0,0,0,1,1,1,2,2
exp126,true,0,0,1,0,0,0,0,0,0,1,1,1,2,2
exp1261,true,0,0,1,0,0,12,0,0,0,1,1,1,3,14
exp1262,true,0,0,1,0,0,0,0,0,0,1,1,1,2,2
exp1263,true,0,0,1,0,0,0,0,0,0,1,1,1,2,2
exp1265,true,0,0,1,0,0,0,0,0,0,1,1,1,2,2
exp1266,true,0,0,1,0,0,0,0,0,0,1,1,1,2,2
exp1267,true,0,0,1,0,0,0,0,0,0,1,1,1,2,2
exp1268,true,0,0,1,0,0,0,0,0,0,1,1,1,2,2
exp1269,true,0,0,1,0,0,12,0,0,0,1,1,1,3,14
exp127,true,0,0,1,0,0,0,0,0,0,1,1,1,2,2
exp1270,true,0,0,1,0,0,0,0,0,0,1,1,1,2,2
exp1271,true,0,0,1,0,0,0,0,0,0,1,1,1,2,2
exp1272,true,0,0,1,0,0,0,0,0,0,1,1,1,2,2
exp1274,true,0,0,1,0,0,0,0,0,0,1,1,1,2,2
exp1275,true,0,0,1,0,0,0,0,0,0,1,1,1,2,2
exp1276,true,0,0,1,0,0,12,0,0,0,1,1,1,3,14
exp1277,true,0,0,5,0,8,0,0,0,0,1,5,5,3,14
exp1278,true,0,0,1,0,0,0,0,0,0,1,1,1,2,2
exp1279,true,0,0,1,0,0,0,0,0,0,1,1,1,2,2
exp128,true,0,0,1,0,0,0,0,0,0,1,1,1,2,2
exp1280,true,0,0,1,0,0,0,0,0,0,1,1,1,2,2
exp1281,true,0,0,1,0,0,0,0,0,0,1,1,1,2,2
exp1282,true,0,0,1,0,0,0,0,0,0,1,1,1,2,2
exp1283,true,0,0,1,0,0,0,0,0,0,1,1,1,2,2
exp1284,true,0,0,1,0,0,0,0,0,0,1,1,1,2,2
exp1286,true,0,0,1,0,0,0,0,0,0,1,1,1,2,2
exp1288,true,0,0,1,0,0,12,0,0,0,1,1,1,3,14
exp129,true,0,0,1,0,0,12,0,0,0,1,1,1,3,14
exp1291,true,0,0,1,0,0,0,0,0,0,1,1,1,2,2
exp1292,true,0,0,5,0,0,0,0,0,0,1,5,5,2,6
exp1295,true,0,0,1,0,0,0,0,0,0,1,1,1,2,2
exp1296,true,0,0,1,0,0,0,0,0,0,1,1,1,2,2
exp13,true,0,0,1,0,0,0,0,0,0,1,1,1,2,2
exp1300,true,0,0,1,0,0,0,0,0,0,1,1,1,2,2
exp1301,true,0,0,1,0,0,0,0,0,0,1,1,1,2,2
exp1303,true,0,0,1,0,0,0,0,0,0,1,1,1,2,2
exp1304,true,0,0,1,0,0,0,0,0,0,1,1,1,2,2
exp1305,true,0,0,1,0,0,0,0,0,0,1,1,1,2,2
exp1310,true,0,0,1,0,0,0,0,0,0,1,1,1,2,2
exp1313,true,0,0,1,0,0,0,0,0,0,1,1,1,2,2
exp1315,true,0,0,1,0,0,0,0,0,0,1,1,1,2,2
exp1316,true,0,0,1,0,0,0,0,0,0,1,1,1,2,2
exp1317,true,0,0,1,0,0,12,0,0,0,1,1,1,3,14
exp1318,true,0,0,1,0,0,0,0,0,0,1,1,1,2,2
exp1319,true,0,0,1,0,0,0,0,0,0,1,1,1,2,2
exp132,true,0,0,5,0,0,60,0,0,0,1,5,5,3,66
exp1322,true,0,0,1,0,0,0,0,0,0,1,1,1,2,2
exp1323,true,0,0,1,0,0,0,0,0,0,1,1,1,2,2
exp1325,true,0,0,1,0,0,0,0,0,0,1,1,1,2,2
exp1326,true,0,0,1,0,0,0,0,0,0,1,1,1,2,2
exp1327,true,0,0,1,0,0,0,0,0,0,1,1,1,2,2
exp1328,true,0,0,1,0,0,0,0,0,0,1,1,1,2,2
exp1329,true,0,0,1,0,0,12,0,0,0,1,1,1,3,14
exp1331,true,0,0,1,0,0,0,0,0,0,1,1,1,2,2
exp1333,true,0,0,1,0,0,0,0,0,0,1,1,1,2,2
exp1334,true,0,0,1,0,0,12,0,0,0,1,1,1,3,14
exp1337,true,0,0,1,0,0,12,0,0,0,1,1,1,3,14
exp1339,true,0,0,1,0,0,0,0,0,0,1,1,1,2,2
exp134,true,0,0,1,0,0,0,0,0,0,1,1,1,2,2
exp1340,true,0,0,1,0,0,0,0,0,0,1,1,1,2,2
exp1341,true,0,0,1,0,0,12,0,0,0,1,1,1,3,14
exp1342,true,0,0,1,0,0,0,0,0,0,1,1,1,2,2
exp1343,true,0,0,1,0,0,0,0,0,0,1,1,1,2,2
exp1344,true,0,0,1,0,0,0,0,0,0,1,1,1,2,2
exp1345,true,0,0,1,0,0,0,0,0,0,1,1,1,2,2
exp1346,true,0,0,1,0,0,0,0,0,0,1,1,1,2,2
exp1348,true,0,0,1,0,0,0,0,0,0,1,1,1,2,2
exp1349,true,0,0,1,0,0,0,0,0,0,1,1,1,2,2
exp135,true,0,0,1,0,0,0,0,0,0,1,1,1,2,2
exp1351,true,0,0,1,0,0,0,0,0,0,1,1,1,2,2
exp1353,true,0,0,1,0,0,0,0,0,0,1,1,1,2,2
exp1354,true,0,0,1,0,0,0,0,0,0,1,1,1,2,2
exp1356,true,0,0,1,0,0,0,0,0,0,1,1,1,2,2
exp1357,true,0,0,1,0,0,0,0,0,0,1,1,1,2,2
exp1358,true,0,0,1,0,0,0,0,0,0,1,1,1,2,2
exp1359,true,0,0,1,0,0,12,0,0,0,1,1,1,3,14
exp136,true,0,0,1,0,0,0,0,0,0,1,1,1,2,2
exp1360,true,0,0,1,0,0,0,0,0,0,1,1,1,2,2
exp1362,true,0,0,1,0,0,0,0,0,0,1,1,1,2,2
exp1364,true,0,0,0,0,0,0,0,0,0,1,0,0,1,1
exp1366,true,0,0,1,0,0,12,0,0,0,1,1,1,3,14
exp1367,true,0,0,1,0,0,0,0,0,0,1,1,1,2,2
exp1368,true,0,0,1,0,0,12,0,0,0,1,1,1,3,14
exp137,true,0,0,2,0,0,0,0,0,0,1,2,2,2,3
exp1371,true,0,0,1,0,0,0,0,0,0,1,1,1,2,2
exp1374,true,0,0,1,0,0,0,0,0,0,1,1,1,2,2
exp1377,true,0,0,1,0,0,0,0,0,0,1,1,1,2,2
exp1379,true,0,0,1,0,0,0,0,0,0,1,1,1,2,2
exp138,true,0,0,1,0,0,0,0,0,0,1,1,1,2,2
exp1380,true,0,0,1,0,0,0,0,0,0,1,1,1,2,2
exp1382,true,0,0,1,0,0,0,0,0,0,1,1,1,2,2
exp1383,true,0,0,1,0,0,12,0,0,0,1,1,1,3,14
exp1384,true,0,0,1,0,0,0,0,0,0,1,1,1,2,2
exp1387,true,0,0,1,0,0,12,0,0,0,1,1,1,3,14
exp1389,true,0,0,1,0,0,12,0,0,0,1,1,1,3,14
exp139,true,0,0,1,0,0,12,0,0,0,1,1,1,3,14
exp1390,true,0,0,1,0,0,0,0,0,0,1,1,1,2,2
exp1395,true,0,0,1,0,0,0,0,0,0,1,1,1,2,2
exp1398,true,0,0,1,0,0,12,0,0,0,1,1,1,3,14
exp1399,true,0,0,1,0,0,0,0,0,0,1,1,1,2,2
exp14,true,0,0,5,0,0,0,0,0,0,1,5,5,2,6
exp140,true,0,0,1,0,0,12,0,0,0,1,1,1,3,14
exp1402,true,0,0,1,0,0,0,0,0,0,1,1,1,2,2
exp1403,true,0,0,1,0,0,0,0,0,0,1,1,1,2,2
exp1404,true,0,0,1,0,0,0,0,0,0,1,1,1,2,2
exp1405,true,0,0,1,0,0,0,0,0,0,1,1,1,2,2
exp1406,true,0,0,1,0,0,0,0,0,0,1,1,1,2,2
exp1407,true,0,0,1,0,0,0,0,0,0,1,1,1,2,2
exp1408,true,0,0,1,0,0,0,0,0,0,1,1,1,2,2
exp1409,true,0,0,1,0,0,0,0,0,0,1,1,1,2,2
exp1410,true,0,0,1,0,0,12,0,0,0,1,1,1,3,14
exp1411,true,0,0,1,0,0,0,0,0,0,1,1,1,2,2
exp1413,true,0,0,1,0,0,0,0,0,0,1,1,1,2,2
exp1414,true,0,0,1,0,0,0,0,0,0,1,1,1,2,2
exp1415,true,0,0,1,0,0,0,0,0,0,1,1,1,2,2
exp1416,true,0,0,1,0,0,0,0,0,0,1,1,1,2,2
exp1417,true,0,0,1,0,0,0,0,0,0,1,1,1,2,2
exp1418,true,0,0,1,0,0,0,0,0,0,1,1,1,2,2
exp1419,true,0,0,0,0,0,0,0,0,0,1,1,1,1,1
exp1420,true,0,0,0,0,0,0,0,0,0,1,0,0,1,1
exp1421,true,0,0,1,0,0,12,0,0,0,1,1,1,3,14
exp1422,true,0,0,1,0,0,12,0,0,0,1,1,1,3,14
exp1423,true,0,0,1,0,0,12,0,0,0,1,1,1,3,14
exp1424,true,0,0,1,0,0,12,0,0,0,1,1,1,3,14
exp1425,true,0,0,1,0,0,0,0,0,0,1,1,1,2,2
exp1427,true,0,0,1,0,0,0,0,0,0,1,1,1,2,2
exp1429,true,0,0,1,0,0,0,0,0,0,1,1,1,2,2
exp1430,true,0,0,0,0,0,0,0,0,0,1,0,0,1,1
exp1433,true,0,0,1,0,0,0,0,0,0,1,1,1,2,2
exp1435,true,0,0,1,0,0,0,0,0,0,1,1,1,2,2
exp1436,true,0,0,5,0,0,0,0,0,0,1,5,5,2,6
exp1438,true,0,0,1,0,0,0,0,0,0,1,1,1,2,2
exp1439,true,0,0,1,0,0,0,0,0,0,1,1,1,2,2
exp144,true,0,0,1,0,0,0,0,0,0,1,1,1,2,2
exp1440,true,0,0,1,0,0,0,0,0,0,1,1,1,2,2
exp1441,true,0,0,1,0,0,0,0,0,0,1,1,1,2,2
exp1443,true,0,0,1,0,0,0,0,0,0,1,1,1,2,2
exp1444,true,0,0,1,0,0,0,0,0,0,1,1,1,2,2
exp1445,true,0,0,1,0,0,0,0,0,0,1,1,1,2,2
exp1446,true,0,0,1,0,0,0,0,0,0,1,1,1,2,2
exp1447,true,0,0,1,0,0,0,0,0,0,1,1,1,2,2
exp145,true,0,0,1,0,0,0,0,0,0,1,1,1,2,2
exp1450,true,0,0,1,0,0,0,0,0,0,1,1,1,2,2
exp1451,true,0,0,1,0,0,0,0,0,0,1,1,1,2,2
exp1452,true,0,0,1,0,0,0,0,0,0,1,1,1,2,2
exp1453,true,0,0,1,0,0,0,0,0,0,1,1,1,2,2
exp1454,true,0,0,1,0,0,0,0,0,0,1,1,1,2,2
exp1456,true,0,0,1,0,0,0,0,0,0,1,1,1,2,2
exp1458,true,0,0,5,0,0,0,0,0,0,1,5,5,2,6
exp1459,true,0,0,1,0,0,12,0,0,0,1,1,1,3,14
exp146,true,0,0,1,0,8,0,0,0,0,1,1,1,3,10
exp1460,true,0,0,1,0,0,0,0,0,0,1,1,1,2,2
exp1463,true,0,0,1,0,0,0,0,0,0,1,1,1,2,2
exp1465,true,0,0,1,0,0,0,0,0,0,1,1,1,2,2
exp1466,true,0,0,1,0,0,0,0,0,0,1,1,1,2,2
exp1468,true,0,0,0,0,0,0,0,0,0,1,0,0,1,1
exp1469,true,0,0,1,0,0,12,0,0,0,1,1,1,3,14
exp1471,true,0,0,1,0,0,0,0,0,0,1,1,1,2,2
exp1473,true,0,0,1,0,0,0,0,0,0,1,1,1,2,2
exp1475,true,0,0,1,0,0,0,0,0,0,1,1,1,2,2
exp1476,true,0,0,1,0,0,0,0,0,0,1,1,1,2,2
exp1478,true,0,0,1,0,0,0,0,0,0,1,1,1,2,2
exp1479,true,0,0,0,0,0,0,0,0,0,1,0,0,1,1
exp148,true,0,0,0,0,0,0,0,0,0,1,0,0,1,1
exp1480,true,0,0,1,0,0,12,0,0,0,1,1,1,3,14
exp1481,true,0,0,1,11,0,0,0,0,0,1,1,1,3,13
exp1482,true,0,0,1,0,0,0,0,0,0,1,1,1,2,2
exp1485,true,0,0,0,0,0,0,0,0,0,1,1,1,1,1
exp1487,true,0,0,0,0,0,0,0,0,0,1,1,1,1,1
exp1489,true,0,0,1,0,0,0,0,0,0,1,1,1,2,2
exp1490,true,0,0,1,0,0,0,0,0,0,1,1,1,2,2
exp1493,true,0,0,1,11,0,12,0,0,0,1,1,1,4,25
exp1494,true,0,0,1,12,0,12,0,0,0,1,1,1,4,26
exp1495,true,0,0,1,0,0,0,0,0,0,1,1,1,2,2
exp1498,true,0,0,1,11,8,12,0,0,0,1,1,1,5,33
exp15,true,0,5,1,0,0,0,0,0,0,1,1,1,3,7
exp1500,true,0,0,1,0,0,0,0,0,0,1,1,1,2,2
exp1501,true,0,0,1,0,0,0,0,0,0,1,1,1,2,2
exp1502,true,0,0,1,0,0,0,0,0,0,1,1,1,2,2
exp1508,true,0,0,0,9,0,0,0,0,0,1,0,0,2,10
exp1518,true,0,0,0,0,0,0,0,0,0,1,0,0,1,1
exp1523,true,0,0,0,0,0,0,0,0,0,2,0,0,1,2
exp1525,true,0,0,0,0,0,0,0,0,0,2,0,0,1,2
exp1526,true,0,0,0,0,0,0,0,0,0,2,0,0,1,2
exp1528,true,0,0,0,0,0,0,0,0,0,2,0,0,1,2
exp1529,true,0,0,0,0,0,0,0,0,0,2,0,0,1,2
exp153,true,0,0,1,0,0,12,0,0,0,1,1,1,3,14
exp1530,true,0,0,0,0,0,0,0,0,0,2,0,0,1,2
exp1531,true,0,0,0,0,0,0,0,0,0,2,0,0,1,2
exp1532,true,0,0,0,0,0,0,0,0,0,2,0,0,1,2
exp1536,true,0,0,0,0,0,0,0,0,0,2,0,0,1,2
exp1537,true,0,0,0,0,0,0,0,0,0,2,0,0,1,2
exp154,true,0,0,0,0,0,0,0,0,0,1,0,0,1,1
exp1541,true,0,0,0,0,0,0,0,0,0,2,0,0,1,2
exp1544,true,0,0,0,0,0,0,0,0,0,2,0,0,1,2
exp1547,true,0,0,0,0,0,0,0,0,0,2,0,0,1,2
exp1549,true,0,0,0,0,0,0,0,0,0,2,0,0,1,2
exp1554,true,0,0,0,0,0,0,0,0,0,2,0,0,1,2
exp1555,true,0,0,0,0,0,0,0,0,0,2,0,0,1,2
exp1556,true,0,0,0,0,0,0,0,0,0,2,0,0,1,2
exp1557,true,0,0,0,0,0,0,0,0,0,2,0,0,1,2
exp1559,true,0,0,0,0,0,0,0,0,0,2,0,0,1,2
exp156,true,0,0,1,0,0,0,0,0,0,1,1,1,2,2
exp1561,true,0,0,0,0,0,0,0,0,0,2,0,0,1,2
exp1562,true,0,0,0,0,0,0,0,0,0,2,0,0,1,2
exp1565,true,0,0,0,0,0,0,0,0,0,2,0,0,1,2
exp1567,true,0,0,0,0,0,0,0,0,0,2,0,0,1,2
exp1568,true,0,0,0,0,0,0,0,0,0,2,0,0,1,2
exp1569,true,0,0,0,0,0,0,0,0,0,2,0,0,1,2
exp157,true,0,0,1,0,0,12,0,0,0,1,1,1,3,14
exp1570,true,0,0,0,0,0,0,0,0,0,2,0,0,1,2
exp1571,true,0,0,0,0,0,0,0,0,0,2,0,0,1,2
exp1572,true,0,0,0,0,0,0,0,0,0,2,0,0,1,2
exp1573,true,0,0,0,0,0,0,0,0,0,2,0,0,1,2
exp1574,true,0,0,0,0,0,0,0,0,0,2,0,0,1,2
exp1576,true,0,0,0,0,0,0,0,0,0,2,0,0,1,2
exp1577,true,0,0,0,0,0,0,0,0,0,2,0,0,1,2
exp158,true,0,0,1,0,0,0,0,0,0,1,1,1,2,2
exp1583,true,0,0,0,0,0,0,0,0,0,2,0,0,1,2
exp1586,true,0,0,0,0,0,0,0,0,0,2,0,0,1,2
exp1588,true,0,0,0,0,0,0,0,0,0,2,0,0,1,2
exp1589,true,0,0,0,0,0,0,0,0,0,2,0,0,1,2
exp1591,true,0,0,0,0,0,0,0,0,0,2,0,0,1,2
exp1593,true,0,0,0,0,0,0,0,0,0,2,0,0,1,2
exp1594,true,0,0,0,0,0,0,0,0,0,2,0,0,1,2
exp1595,true,0,0,0,0,0,0,0,0,0,2,0,0,1,2
exp1596,true,0,0,0,0,0,0,0,0,0,2,0,0,1,2
exp1598,true,0,0,0,0,0,0,0,0,0,2,0,0,1,2
exp16,true,0,5,1,0,0,12,0,0,0,1,1,1,4,19
exp160,true,0,0,1,0,0,0,0,0,0,1,1,1,2,2
exp1601,true,0,0,0,0,0,0,0,0,0,2,0,0,1,2
exp1602,true,0,0,0,0,0,0,0,0,0,2,0,0,1,2
exp1605,true,0,0,0,0,0,0,0,0,0,2,0,0,1,2
exp1606,true,0,0,0,0,0,0,0,0,0,2,0,0,1,2
exp1607,true,0,0,0,0,0,0,0,0,0,2,0,0,1,2
exp1608,true,0,0,0,0,0,0,0,0,0,2,0,0,1,2
exp161,true,0,0,1,0,0,12,0,0,0,1,1,1,3,14
exp1610,true,0,0,0,0,0,0,0,0,0,2,0,0,1,2
exp1611,true,0,0,0,0,0,0,0,0,0,2,0,0,1,2
exp1613,true,0,0,0,0,0,0,0,0,0,2,0,0,1,2
exp1614,true,0,0,0,0,0,0,0,0,0,2,0,0,1,2
exp1616,true,0,0,0,0,0,0,0,0,0,2,0,0,1,2
exp1617,true,0,0,0,0,0,0,0,0,0,2,0,0,1,2
exp1618,true,0,0,0,0,0,0,0,0,0,2,0,0,1,2
exp1619,true,0,0,0,0,0,0,0,0,0,2,0,0,1,2
exp162,true,0,0,1,0,0,0,0,0,0,1,1,1,2,2
exp1622,true,0,0,0,0,0,0,0,0,0,2,0,0,1,2
exp1623,true,0,0,0,0,0,0,0,0,0,2,0,0,1,2
exp1624,true,0,0,0,0,0,0,0,0,0,2,0,0,1,2
exp1626,true,0,0,0,0,0,0,0,0,0,2,0,0,1,2
exp1627,true,0,0,0,0,0,0,0,0,0,2,0,0,1,2
exp1628,true,0,0,0,0,0,0,0,0,0,2,0,0,1,2
exp1631,true,0,0,0,0,0,0,0,0,0,2,0,0,1,2
exp1632,true,0,0,0,0,0,0,0,0,0,2,0,0,1,2
exp1633,true,0,0,0,0,0,0,0,0,0,2,0,0,1,2
exp1635,true,0,0,0,0,0,0,0,0,0,2,0,0,1,2
exp1637,true,0,0,0,0,0,0,0,0,0,2,0,0,1,2
exp1638,true,0,0,0,0,0,0,0,0,0,2,0,0,1,2
exp1639,true,0,0,0,0,0,0,0,0,0,2,0,0,1,2
exp164,true,0,0,1,0,0,12,0,0,0,1,1,1,3,14
exp1641,true,0,0,0,0,0,0,0,0,0,2,0,0,1,2
exp1642,true,0,0,0,0,0,0,0,0,0,2,0,0,1,2
exp1643,true,0,0,0,0,0,0,0,0,0,2,0,0,1,2
exp1646,true,0,0,0,0,0,0,0,0,0,2,0,0,1,2
exp1649,true,0,0,0,0,0,0,0,0,0,2,0,0,1,2
exp165,true,0,0,0,0,0,0,0,0,0,1,1,1,1,1
exp1651,true,0,0,0,0,0,0,0,0,0,2,0,0,1,2
exp1652,true,0,0,0,0,0,0,0,0,0,2,0,0,1,2
exp1653,true,0,0,0,0,0,0,0,0,0,2,0,0,1,2
exp1654,true,0,0,0,0,0,0,0,0,0,2,0,0,1,2
exp1656,true,0,0,0,0,0,0,0,0,0,2,0,0,1,2
exp1658,true,0,0,0,0,0,0,0,0,0,2,0,0,1,2
exp1659,true,0,0,0,0,0,0,0,0,0,2,0,0,1,2
exp1660,true,0,0,0,0,0,0,0,0,0,2,0,0,1,2
exp1661,true,0,0,0,0,0,0,0,0,0,2,0,0,1,2
exp1663,true,0,0,0,0,0,0,0,0,0,2,0,0,1,2
exp1665,true,0,0,0,0,0,0,0,0,0,2,0,0,1,2
exp1667,true,0,0,0,0,0,0,0,0,0,2,0,0,1,2
exp1668,true,0,0,0,0,0,0,0,0,0,2,0,0,1,2
exp1670,true,0,0,0,0,0,0,0,0,0,2,0,0,1,2
exp1671,true,0,0,0,0,0,0,0,0,0,2,0,0,1,2
exp1672,true,0,0,0,0,0,0,0,0,0,2,0,0,1,2
exp1673,true,0,0,0,0,0,0,0,0,0,2,0,0,1,2
exp1674,true,0,0,0,0,0,0,0,0,0,2,0,0,1,2
exp1676,true,0,0,0,0,0,0,0,0,0,2,0,0,1,2
exp168,true,0,0,1,0,0,12,0,0,0,1,1,1,3,14
exp1681,true,0,0,0,0,0,0,0,0,0,2,0,0,1,2
exp1683,true,0,0,0,0,0,0,0,0,0,2,0,0,1,2
exp1685,true,0,0,0,0,0,0,0,0,0,2,0,0,1,2
exp1693,true,0,0,0,0,0,0,0,0,0,2,0,0,1,2
exp1694,true,0,0,0,0,0,0,0,0,0,2,0,0,1,2
exp1695,true,0,0,0,0,0,0,0,0,0,2,0,0,1,2
exp1696,true,0,0,0,0,0,0,0,0,0,2,0,0,1,2
exp1697,true,0,0,0,0,0,0,0,0,0,2,0,0,1,2
exp1699,true,0,0,0,0,0,0,0,0,0,2,0,0,1,2
exp170,true,0,0,1,0,0,0,0,0,0,1,1,1,2,2
exp1700,true,0,0,0,0,0,0,0,0,0,2,0,0,1,2
exp1701,true,0,0,0,0,0,0,0,0,0,2,0,0,1,2
exp1702,true,0,0,0,0,0,0,0,0,0,2,0,0,1,2
exp1704,true,0,0,0,0,0,0,0,0,0,2,0,0,1,2
exp1705,true,0,0,0,0,0,0,0,0,0,2,0,0,1,2
exp1706,true,0,0,0,0,0,0,0,0,0,2,0,0,1,2
exp1709,true,0,0,0,0,0,0,0,0,0,2,0,0,1,2
exp1711,true,0,0,0,0,0,0,0,0,0,2,0,0,1,2
exp1713,true,0,0,0,0,0,0,0,0,0,2,0,0,1,2
exp1718,true,0,0,0,0,0,0,0,0,0,2,0,0,1,2
exp1719,true,0,0,0,0,0,0,0,0,0,2,0,0,1,2
exp172,true,0,0,1,0,0,12,0,0,0,1,1,1,3,14
exp1723,true,0,0,0,0,0,0,0,0,0,2,0,0,1,2
exp1724,true,0,0,0,0,0,0,0,0,0,2,0,0,1,2
exp1725,true,0,0,0,0,0,0,0,0,0,2,0,0,1,2
exp1726,true,0,0,0,0,0,0,0,0,0,2,0,0,1,2
exp1729,true,0,0,0,0,0,0,0,0,0,2,0,0,1,2
exp173,true,0,0,0,0,0,0,0,0,0,1,1,1,1,1
exp1730,true,0,0,0,0,0,0,0,0,0,2,0,0,1,2
exp1731,true,0,0,0,0,0,0,0,0,0,2,0,0,1,2
exp1733,true,0,0,0,0,0,0,0,0,0,2,0,0,1,2
exp1734,true,0,0,0,0,0,0,0,0,0,2,0,0,1,2
exp1735,true,0,0,0,0,0,0,0,0,0,2,0,0,1,2
exp1736,true,0,0,0,0,0,0,0,0,0,2,0,0,1,2
exp1737,true,0,0,0,0,0,0,0,0,0,2,0,0,1,2
exp1738,true,0,0,0,0,0,0,0,0,0,2,0,0,1,2
exp1739,true,0,0,0,0,0,0,0,0,0,2,0,0,1,2
exp1740,true,0,0,0,0,0,0,0,0,0,2,0,0,1,2
exp1741,true,0,0,0,0,0,0,0,0,0,2,0,0,1,2
exp1742,true,0,0,0,0,0,0,0,0,0,2,0,0,1,2
exp1745,true,0,0,0,0,0,0,0,0,0,2,0,0,1,2
exp1746,true,0,0,0,0,0,0,0,0,0,2,0,0,1,2
exp1747,true,0,0,0,0,0,0,0,0,0,2,0,0,1,2
exp175,true,0,0,1,0,0,12,0,0,0,1,1,1,3,14
exp1752,true,0,0,0,0,0,0,0,0,0,2,0,0,1,2
exp1753,true,0,0,0,0,0,0,0,0,0,2,0,0,1,2
exp1754,true,0,0,0,0,0,0,0,0,0,2,0,0,1,2
exp1756,true,0,0,0,0,0,0,0,0,0,2,0,0,1,2
exp1759,true,0,0,0,0,0,0,0,0,0,2,0,0,1,2
exp176,true,0,0,1,0,0,0,0,0,0,1,1,1,2,2
exp1761,true,0,0,0,0,0,0,0,0,0,2,0,0,1,2
exp1762,true,0,0,0,0,0,0,0,0,0,2,0,0,1,2
exp1768,true,0,0,0,0,0,0,0,0,0,2,0,0,1,2
exp1769,true,0,0,0,0,0,0,0,0,0,2,0,0,1,2
exp177,true,0,0,0,0,0,0,0,0,0,1,0,0,1,1
exp1770,true,0,0,0,0,0,0,0,0,0,2,0,0,1,2
exp1772,true,0,0,0,0,0,0,0,0,0,2,0,0,1,2
exp1774,true,0,0,0,0,0,0,0,0,0,2,0,0,1,2
exp1776,true,0,0,0,0,0,0,0,0,0,2,0,0,1,2
exp1777,true,0,0,0,0,0,0,0,0,0,2,0,0,1,2
exp1778,true,0,0,0,0,0,0,0,0,0,2,0,0,1,2
exp178,true,0,0,1,0,0,0,0,0,0,1,1,1,2,2
exp1780,true,0,0,0,0,0,0,0,0,0,2,0,0,1,2
exp1782,true,0,0,0,0,0,0,0,0,0,2,0,0,1,2
exp1784,true,0,0,0,0,0,0,0,0,0,2,0,0,1,2
exp1785,true,0,0,0,0,0,0,0,0,0,2,0,0,1,2
exp1787,true,0,0,0,0,0,0,0,0,0,2,0,0,1,2
exp1788,true,0,0,0,0,0,0,0,0,0,2,0,0,1,2
exp1789,true,0,0,0,0,0,0,0,0,0,2,0,0,1,2
exp179,true,0,0,1,0,0,0,0,0,0,1,1,1,2,2
exp1792,true,0,0,0,0,0,0,0,0,0,2,0,0,1,2
exp1794,true,0,0,0,0,0,0,0,0,0,2,0,0,1,2
exp1795,true,0,0,0,0,0,0,0,0,0,2,0,0,1,2
exp1796,true,0,0,0,0,0,0,0,0,0,2,0,0,1,2
exp1799,true,0,0,0,0,0,0,0,0,0,2,0,0,1,2
exp18,true,0,5,1,0,0,12,0,0,0,1,1,1,4,19
exp1800,true,0,0,0,0,0,0,0,0,0,2,0,0,1,2
exp1801,true,0,0,0,0,0,0,0,0,0,2,0,0,1,2
exp1802,true,0,0,0,0,0,0,0,0,0,2,0,0,1,2
exp1803,true,0,0,0,0,0,0,0,0,0,2,0,0,1,2
exp1805,true,0,0,0,0,0,0,0,0,0,2,0,0,1,2
exp1808,true,0,0,0,0,0,0,0,0,0,2,0,0,1,2
exp181,true,0,0,1,0,0,0,0,0,0,1,1,1,2,2
exp1811,true,0,0,0,0,0,0,0,0,0,2,0,0,1,2
exp1817,true,0,0,0,0,0,0,0,0,0,2,0,0,1,2
exp1818,true,0,0,0,0,0,0,0,0,0,2,0,0,1,2
exp1819,true,0,0,0,0,0,0,0,0,0,2,0,0,1,2
exp182,true,0,0,1,0,0,11,0,0,0,1,1,1,3,13
exp1822,true,0,0,0,0,0,0,0,0,0,2,0,0,1,2
exp1824,true,0,0,0,0,0,0,0,0,0,2,0,0,1,2
exp1826,true,0,0,0,0,0,0,0,0,0,2,0,0,1,2
exp1827,true,0,0,0,0,0,0,0,0,0,2,0,0,1,2
exp1829,true,0,0,0,0,0,0,0,0,0,2,0,0,1,2
exp183,true,0,0,1,0,0,12,0,0,0,1,1,1,3,14
exp1835,true,0,0,0,0,0,0,0,0,0,2,0,0,1,2
exp1836,true,0,0,0,0,0,0,0,0,0,2,0,0,1,2
exp1837,true,0,0,0,0,0,0,0,0,0,1,0,0,1,1
exp1841,true,0,0,0,0,0,0,0,0,0,1,0,0,1,1
exp1844,true,0,0,0,0,0,0,0,0,0,1,0,0,1,1
exp1845,true,0,0,0,0,0,0,0,0,0,1,0,0,1,1
exp1847,true,0,0,0,0,0,0,0,0,0,1,0,0,1,1
exp1850,true,0,0,0,0,0,0,0,0,0,1,0,0,1,1
exp1851,true,0,0,0,0,0,0,0,0,0,1,0,0,1,1
exp1852,true,0,0,0,0,0,0,0,0,0,1,0,0,1,1
exp1854,true,0,0,0,0,0,0,0,0,0,1,0,0,1,1
exp1856,true,0,0,0,0,0,0,0,0,0,1,0,0,1,1
exp1857,true,0,0,0,0,0,0,0,0,0,1,0,0,1,1
exp1859,true,0,0,0,0,0,0,0,0,0,1,0,0,1,1
exp1860,true,0,0,0,0,0,0,0,0,0,1,0,0,1,1
exp1861,true,0,0,0,0,0,0,0,0,0,1,0,0,1,1
exp1863,true,0,0,0,0,0,0,0,0,0,1,0,0,1,1
exp1864,true,0,0,0,0,0,0,0,0,0,1,0,0,1,1
exp1866,true,0,0,0,0,0,0,0,0,0,1,0,0,1,1
exp1867,true,0,0,0,0,0,0,0,0,0,1,0,0,1,1
exp1868,true,0,0,0,0,0,0,0,0,0,1,0,0,1,1
exp187,true,0,0,1,0,0,0,0,0,0,1,1,1,2,2
exp1870,true,0,0,0,0,0,0,0,0,0,1,0,0,1,1
exp1873,true,0,0,0,0,0,0,0,0,0,1,0,0,1,1
exp1875,true,0,0,0,0,0,0,0,0,0,1,0,0,1,1
exp1878,true,0,0,0,0,0,0,0,0,0,1,0,0,1,1
exp1879,true,0,0,0,0,0,0,0,0,0,1,0,0,1,1
exp1882,true,0,0,0,0,0,0,0,0,0,1,0,0,1,1
exp1883,true,0,0,0,0,0,0,0,0,0,1,0,0,1,1
exp1884,true,0,0,0,0,0,0,0,0,0,1,0,0,1,1
exp1885,true,0,0,0,0,0,0,0,0,0,1,0,0,1,1
exp1886,true,0,0,0,0,0,0,0,0,0,1,0,0,1,1
exp1887,true,0,0,0,0,0,0,0,0,0,1,0,0,1,1
exp1888,true,0,0,0,0,0,0,0,0,0,1,0,0,1,1
exp189,true,0,0,1,0,0,12,0,0,0,1,1,1,3,14
exp1890,true,0,0,0,0,0,0,0,0,0,1,0,0,1,1
exp1891,true,0,0,0,0,0,0,0,0,0,1,0,0,1,1
exp1892,true,0,0,0,0,0,0,0,0,0,1,0,0,1,1
exp1894,true,0,0,0,0,0,0,0,0,0,1,0,0,1,1
exp1895,true,0,0,0,0,0,0,0,0,0,1,0,0,1,1
exp1896,true,0,0,0,0,0,0,0,0,0,1,0,0,1,1
exp1898,true,0,0,0,0,0,0,0,0,0,1,0,0,1,1
exp1899,true,0,0,0,0,0,0,0,0,0,1,0,0,1,1
exp19,true,0,0,1,0,0,0,0,0,0,1,1,1,2,2
exp1901,true,0,0,0,0,0,0,0,0,0,1,0,0,1,1
exp1903,true,0,0,0,0,0,0,0,0,0,1,0,0,1,1
exp1904,true,0,0,0,0,0,0,0,0,0,1,0,0,1,1
exp1906,true,0,0,0,0,0,0,0,0,0,1,0,0,1,1
exp1908,true,0,0,0,0,0,0,0,0,0,1,0,0,1,1
exp191,true,0,0,1,0,0,0,0,0,0,1,1,1,2,2
exp1910,true,0,0,0,0,0,0,0,0,0,1,0,0,1,1
exp1911,true,0,0,0,0,0,0,0,0,0,1,0,0,1,1
exp1915,true,0,0,0,0,0,0,0,0,0,1,0,0,1,1
exp1918,true,0,0,0,0,0,0,0,0,0,1,0,0,1,1
exp1919,true,0,0,0,0,0,0,0,0,0,1,0,0,1,1
exp192,true,0,0,1,0,0,0,0,0,0,1,1,1,2,2
exp1920,true,0,0,0,0,0,0,0,0,0,1,0,0,1,1
exp1921,true,0,0,0,0,0,0,0,0,0,1,0,0,1,1
exp1922,true,0,0,0,0,0,0,0,0,0,1,0,0,1,1
exp1924,true,0,0,0,0,0,0,0,0,0,1,0,0,1,1
exp1926,true,0,0,0,0,0,0,0,0,0,1,0,0,1,1
exp193,true,0,0,1,0,0,12,0,0,0,1,1,1,3,14
exp1930,true,0,0,0,0,0,0,0,0,0,1,0,0,1,1
exp1932,true,0,0,0,0,0,0,0,0,0,1,0,0,1,1
exp1933,true,0,0,0,0,0,0,0,0,0,1,0,0,1,1
exp1934,true,0,0,0,0,0,0,0,0,0,1,0,0,1,1
exp1936,true,0,0,0,0,0,0,0,0,0,1,0,0,1,1
exp1939,true,0,0,0,0,0,0,0,0,0,1,0,0,1,1
exp194,true,0,0,1,0,0,12,0,0,0,1,1,1,3,14
exp1940,true,0,0,0,0,0,0,0,0,0,1,0,0,1,1
exp1941,true,0,0,0,0,0,0,0,0,0,1,0,0,1,1
exp1942,true,0,0,0,0,0,0,0,0,0,1,0,0,1,1
exp1945,true,0,0,0,0,0,0,0,0,0,1,0,0,1,1
exp1946,true,0,0,0,0,0,0,0,0,0,1,0,0,1,1
exp1947,true,0,0,0,0,0,0,0,0,0,1,0,0,1,1
exp1948,true,0,0,0,0,0,0,0,0,0,1,0,0,1,1
exp1949,true,0,0,0,0,0,0,0,0,0,1,0,0,1,1
exp1950,true,0,0,0,0,0,0,0,0,0,1,0,0,1,1
exp1955,true,0,0,0,0,0,0,0,0,0,1,0,0,1,1
exp1956,true,0,0,0,0,0,0,0,0,0,1,0,0,1,1
exp1957,true,0,0,0,0,0,0,0,0,0,1,0,0,1,1
exp1958,true,0,0,0,0,0,0,0,0,0,1,0,0,1,1
exp1961,true,0,0,0,0,0,0,0,0,0,1,0,0,1,1
exp1962,true,0,0,0,0,0,0,0,0,0,1,0,0,1,1
exp1964,true,0,0,0,0,0,0,0,0,0,1,0,0,1,1
exp1967,true,0,0,0,0,0,0,0,0,0,1,0,0,1,1
exp1970,true,0,0,0,0,0,0,0,0,0,1,0,0,1,1
exp1971,true,0,0,0,0,0,0,0,0,0,1,0,0,1,1
exp1972,true,0,0,0,0,0,0,0,0,0,1,0,0,1,1
exp1973,true,0,0,0,0,0,0,0,0,0,1,0,0,1,1
exp1974,true,0,0,0,0,0,0,0,0,0,1,0,0,1,1
exp1975,true,0,0,0,0,0,0,0,0,0,1,0,0,1,1
exp1976,true,0,0,0,0,0,0,0,0,0,1,0,0,1,1
exp1977,true,0,0,0,0,0,0,0,0,0,1,0,0,1,1
exp1979,true,0,0,0,0,0,0,0,0,0,1,0,0,1,1
exp198,true,0,0,1,0,0,12,0,0,0,1,1,1,3,14
exp1983,true,0,0,0,0,0,0,0,0,0,1,0,0,1,1
exp1984,true,0,0,0,0,0,0,0,0,0,1,0,0,1,1
exp1985,true,0,0,0,0,0,0,0,0,0,1,0,0,1,1
exp1986,true,0,0,0,0,0,0,0,0,0,1,0,0,1,1
exp1988,true,0,0,0,0,0,0,0,0,0,1,0,0,1,1
exp199,true,0,0,1,0,0,0,0,0,0,1,1,1,2,2
exp1990,true,0,0,0,0,0,0,0,0,0,1,0,0,1,1
exp1991,true,0,0,0,0,0,0,0,0,0,1,0,0,1,1
exp1993,true,0,0,0,0,0,0,0,0,0,1,0,0,1,1
exp1994,true,0,0,0,0,0,0,0,0,0,1,0,0,1,1
exp1996,true,0,0,0,0,0,0,0,0,0,1,0,0,1,1
exp1997,true,0,0,0,0,0,0,0,0,0,1,0,0,1,1
exp1999,true,0,0,0,0,0,0,0,0,0,1,0,0,1,1
exp2000,true,0,0,0,0,0,0,0,0,0,1,0,0,1,1
exp2001,true,0,0,0,0,0,0,0,0,0,1,0,0,1,1
exp2006,true,0,0,0,0,0,0,0,0,0,1,0,0,1,1
exp2008,true,0,0,0,0,0,0,0,0,0,1,0,0,1,1
exp201,true,0,0,1,0,0,0,0,0,0,1,1,1,2,2
exp2010,true,0,0,0,0,0,0,0,0,0,1,0,0,1,1
exp2011,true,0,0,0,0,0,0,0,0,0,1,0,0,1,1
exp2012,true,0,0,0,0,0,0,0,0,0,1,0,0,1,1
exp2013,true,0,0,0,0,0,0,0,0,0,1,0,0,1,1
exp2015,true,0,0,0,0,0,0,0,0,0,1,0,0,1,1
exp2016,true,0,0,0,0,0,0,0,0,0,1,0,0,1,1
exp2018,true,0,0,0,0,0,0,0,0,0,1,0,0,1,1
exp2019,true,0,0,0,0,0,0,0,0,0,1,0,0,1,1
exp202,true,0,0,1,0,0,12,0,0,0,1,1,1,3,14
exp2020,true,0,0,0,0,0,0,0,0,0,1,0,0,1,1
exp2026,true,0,0,0,0,0,0,0,0,0,1,0,0,1,1
exp2028,true,0,0,0,0,0,0,0,0,0,1,0,0,1,1
exp203,true,0,0,1,0,0,0,0,0,0,1,1,1,2,2
exp2030,true,0,0,0,0,0,0,0,0,0,1,0,0,1,1
exp2031,true,0,0,0,0,0,0,0,0,0,1,0,0,1,1
exp2032,true,0,0,0,0,0,0,0,0,0,1,0,0,1,1
exp2036,true,0,0,0,0,0,0,0,0,0,1,0,0,1,1
exp2037,true,0,0,0,0,0,0,0,0,0,1,0,0,1,1
exp2038,true,0,0,0,0,0,0,0,0,0,1,0,0,1,1
exp204,true,0,0,1,0,0,0,0,0,0,1,1,1,2,2
exp2042,true,0,0,0,0,0,0,0,0,0,1,0,0,1,1
exp2045,true,0,0,0,0,0,0,0,0,0,1,0,0,1,1
exp2046,true,0,0,0,0,0,0,0,0,0,1,0,0,1,1
exp2047,true,0,0,0,0,0,0,0,0,0,1,0,0,1,1
exp2049,true,0,0,0,0,0,0,0,0,0,1,0,0,1,1
exp205,true,0,0,1,0,0,0,0,0,0,1,1,1,2,2
exp2050,true,0,0,0,0,0,0,0,0,0,1,0,0,1,1
exp2052,true,0,0,0,0,0,0,0,0,0,1,0,0,1,1
exp2054,true,0,0,0,0,0,0,0,0,0,1,0,0,1,1
exp2055,true,0,0,0,0,0,0,0,0,0,1,0,0,1,1
exp2056,true,0,0,0,0,0,0,0,0,0,1,0,0,1,1
exp2057,true,0,0,0,0,0,0,0,0,0,1,0,0,1,1
exp2059,true,0,0,0,0,0,0,0,0,0,1,0,0,1,1
exp2062,true,0,0,0,0,0,0,0,0,0,1,0,0,1,1
exp2064,true,0,0,0,0,0,0,0,0,0,1,0,0,1,1
exp2065,true,0,0,0,0,0,0,0,0,0,1,0,0,1,1
exp2066,true,0,0,0,0,0,0,0,0,0,1,0,0,1,1
exp2067,true,0,0,0,0,0,0,0,0,0,1,0,0,1,1
exp2069,true,0,0,0,0,0,0,0,0,0,1,0,0,1,1
exp207,true,0,0,1,0,0,12,0,0,0,1,1,1,3,14
exp2070,true,0,0,0,0,0,0,0,0,0,1,0,0,1,1
exp2071,true,0,0,0,0,0,0,0,0,0,1,0,0,1,1
exp2072,true,0,0,0,0,0,0,0,0,0,1,0,0,1,1
exp2073,true,0,0,0,0,0,0,0,0,0,1,0,0,1,1
exp2074,true,0,0,0,0,0,0,0,0,0,1,0,0,1,1
exp2076,true,0,0,0,0,0,0,0,0,0,1,0,0,1,1
exp2078,true,0,0,0,0,0,0,0,0,0,1,0,0,1,1
exp2080,true,0,0,0,0,0,0,0,0,0,1,0,0,1,1
exp2082,true,0,0,0,0,0,0,0,0,0,1,0,0,1,1
exp2085,true,0,0,0,0,0,0,0,0,0,1,0,0,1,1
exp2086,true,0,0,0,0,0,0,0,0,0,1,0,0,1,1
exp2087,true,0,0,0,0,0,0,0,0,0,1,0,0,1,1
exp2089,true,0,0,0,0,0,0,0,0,0,1,0,0,1,1
exp209,true,0,0,0,0,0,0,0,0,0,1,0,0,1,1
exp2090,true,0,0,0,0,0,0,0,0,0,1,0,0,1,1
exp2091,true,0,0,0,0,0,0,0,0,0,1,0,0,1,1
exp2092,true,0,0,0,0,0,0,0,0,0,1,0,0,1,1
exp2093,true,0,0,0,0,0,0,0,0,0,1,0,0,1,1
exp2094,true,0,0,0,0,0,0,0,0,0,1,0,0,1,1
exp2096,true,0,0,0,0,0,0,0,0,0,1,0,0,1,1
exp2098,true,0,0,0,0,0,0,0,0,0,1,0,0,1,1
exp2099,true,0,0,0,0,0,0,0,0,0,1,0,0,1,1
exp21,true,0,0,1,0,0,12,0,0,0,1,1,1,3,14
exp210,true,0,0,1,0,0,12,0,0,0,1,1,1,3,14
exp2100,true,0,0,0,0,0,0,0,0,0,1,0,0,1,1
exp2102,true,0,0,0,0,0,0,0,0,0,1,0,0,1,1
exp2106,true,0,0,0,0,0,0,0,0,0,1,0,0,1,1
exp211,true,0,0,0,0,0,12,0,0,0,1,1,1,2,13
exp2113,true,0,0,0,0,0,0,0,0,0,1,0,0,1,1
exp2114,true,0,0,0,0,0,0,0,0,0,1,0,0,1,1
exp2117,true,0,0,0,0,0,0,0,0,0,1,0,0,1,1
exp2118,true,0,0,0,0,0,0,0,0,0,1,0,0,1,1
exp2119,true,0,0,0,0,0,0,0,0,0,1,0,0,1,1
exp212,true,0,0,1,0,0,0,0,0,0,1,1,1,2,2
exp2120,true,0,0,0,0,0,0,0,0,0,1,0,0,1,1
exp2124,true,0,0,0,0,0,0,0,0,0,1,0,0,1,1
exp2125,true,0,0,0,0,0,0,0,0,0,1,0,0,1,1
exp2127,true,0,0,0,0,0,0,0,0,0,1,0,0,1,1
exp213,true,0,0,1,0,0,0,0,0,0,1,1,1,2,2
exp2130,true,0,0,0,0,0,0,0,0,0,1,0,0,1,1
exp2131,true,0,0,0,0,0,0,0,0,0,1,0,0,1,1
exp2132,true,0,0,0,0,0,0,0,0,0,1,0,0,1,1
exp2133,true,0,0,0,0,0,0,0,0,0,1,0,0,1,1
exp2134,true,0,0,0,0,0,0,0,0,0,1,0,0,1,1
exp2137,true,0,0,0,0,0,0,0,0,0,1,0,0,1,1
exp2138,true,0,0,0,0,0,0,0,0,0,1,0,0,1,1
exp2139,true,0,0,0,0,0,0,0,0,0,1,0,0,1,1
exp214,true,0,0,1,0,0,0,0,0,0,1,1,1,2,2
exp2140,true,0,0,0,0,0,0,0,0,0,1,0,0,1,1
exp2147,true,0,0,0,0,0,0,0,0,0,1,0,0,1,1
exp215,true,0,0,0,0,0,0,0,0,0,1,0,0,1,1
exp2150,true,0,0,0,0,0,0,0,0,0,1,0,0,1,1
exp2151,true,0,0,0,0,0,0,0,0,0,1,0,0,1,1
exp2154,true,0,0,0,0,0,0,0,0,0,1,0,0,1,1
exp2155,true,0,0,0,0,0,0,0,0,0,1,0,0,1,1
exp2156,true,0,0,0,0,0,0,0,0,0,1,0,0,1,1
exp2157,true,0,0,0,0,0,0,0,0,0,1,0,0,1,1
exp2158,true,0,0,0,0,0,0,0,0,0,1,0,0,1,1
exp216,true,0,0,1,0,0,0,0,0,0,1,1,1,2,2
exp2161,true,0,0,0,0,0,0,0,0,0,1,0,0,1,1
exp2165,true,0,0,0,0,0,0,0,0,0,1,0,0,1,1
exp2166,true,0,0,0,0,0,0,0,0,0,1,0,0,1,1
exp2168,true,0,0,0,0,0,0,0,0,0,1,0,0,1,1
exp217,true,0,0,1,0,0,0,0,0,0,1,1,1,2,2
exp2171,true,0,0,0,0,0,0,0,0,0,1,0,0,1,1
exp2172,true,0,0,0,0,0,0,0,0,0,1,0,0,1,1
exp2175,true,0,0,0,0,0,0,0,0,0,1,0,0,1,1
exp2176,true,0,0,0,0,0,0,0,0,0,1,0,0,1,1
exp2177,true,0,0,0,0,0,0,0,0,0,1,0,0,1,1
exp2178,true,0,0,0,0,0,0,0,0,0,1,0,0,1,1
exp2179,true,0,0,0,0,0,0,0,0,0,1,0,0,1,1
exp218,true,0,0,1,0,0,0,0,0,0,1,1,1,2,2
exp2180,true,0,0,0,0,0,0,0,0,0,1,0,0,1,1
exp2182,true,0,0,0,0,0,0,0,0,0,1,0,0,1,1
exp2190,true,0,0,0,0,0,0,0,0,0,1,0,0,1,1
exp2192,true,0,0,0,0,0,0,0,0,0,1,0,0,1,1
exp2195,true,0,0,0,0,0,0,0,0,0,1,0,0,1,1
exp2196,true,0,0,0,0,0,0,0,0,0,1,0,0,1,1
exp2198,true,0,0,0,0,0,0,0,0,0,1,0,0,1,1
exp2199,true,0,0,0,0,0,0,0,0,0,1,0,0,1,1
exp22,true,0,0,1,0,0,0,0,0,0,1,1,1,2,2
exp2204,true,0,0,0,0,0,0,0,0,0,1,0,0,1,1
exp2206,true,0,0,0,0,0,0,0,0,0,1,0,0,1,1
exp2208,true,0,0,0,0,0,0,0,0,0,1,0,0,1,1
exp2210,true,0,0,0,0,0,0,0,0,0,1,0,0,1,1
exp2212,true,0,0,0,0,0,0,0,0,0,1,0,0,1,1
exp2213,true,0,0,0,0,0,0,0,0,0,1,0,0,1,1
exp2214,true,0,0,0,0,0,0,0,0,0,1,0,0,1,1
exp2215,true,0,0,0,0,0,0,0,0,0,1,0,0,1,1
exp2216,true,0,0,0,0,0,0,0,0,0,1,0,0,1,1
exp2217,true,0,0,0,0,0,0,0,0,0,1,0,0,1,1
exp2221,true,0,0,0,0,0,0,0,0,0,1,0,0,1,1
exp2222,true,0,0,0,0,0,0,0,0,0,1,0,0,1,1
exp2223,true,0,0,0,0,0,0,0,0,0,1,0,0,1,1
exp2226,true,0,0,0,0,0,0,0,0,0,1,0,0,1,1
exp2227,true,0,0,0,0,0,0,0,0,0,1,0,0,1,1
exp223,true,0,0,2,0,0,12,0,0,0,1,2,2,3,15
exp2231,true,0,0,0,0,0,0,0,0,0,1,0,0,1,1
exp2233,true,0,0,0,0,0,0,0,0,0,1,0,0,1,1
exp2235,true,0,0,0,0,0,0,0,0,0,1,0,0,1,1
exp2236,true,0,0,0,0,0,0,0,0,0,1,0,0,1,1
exp2244,true,0,0,0,0,0,0,0,0,0,1,0,0,1,1
exp2245,true,0,0,0,0,0,0,0,0,0,1,0,0,1,1
exp2246,true,0,0,0,0,0,0,0,0,0,1,0,0,1,1
exp225,true,0,0,0,0,0,0,0,0,0,1,1,1,1,1
exp2250,true,0,0,0,0,0,0,0,0,0,1,0,0,1,1
exp2253,true,0,0,0,0,0,0,0,0,0,1,0,0,1,1
exp2254,true,0,0,0,0,0,0,0,0,0,1,0,0,1,1
exp2255,true,0,0,0,0,0,0,0,0,0,1,0,0,1,1
exp2257,true,0,0,0,0,0,0,0,0,0,1,0,0,1,1
exp2258,true,0,0,0,0,0,0,0,0,0,1,0,0,1,1
exp2259,true,0,0,0,0,0,0,0,0,0,1,0,0,1,1
exp226,true,0,0,1,0,0,12,0,0,0,1,1,1,3,14
exp2261,true,0,0,0,0,0,0,0,0,0,1,0,0,1,1
exp2265,true,0,0,0,0,0,0,0,0,0,1,0,0,1,1
exp2266,true,0,0,0,0,0,0,0,0,0,1,0,0,1,1
exp2267,true,0,0,0,0,0,0,0,0,0,1,0,0,1,1
exp2268,true,0,0,0,0,0,0,0,0,0,1,0,0,1,1
exp227,true,0,0,2,0,0,0,0,0,0,1,2,2,2,3
exp2271,true,0,0,0,0,0,0,0,0,0,1,0,0,1,1
exp2272,true,0,0,0,0,0,0,0,0,0,1,0,0,1,1
exp2274,true,0,0,0,0,0,0,0,0,0,1,0,0,1,1
exp2277,true,0,0,0,0,0,0,0,0,0,1,0,0,1,1
exp229,true,0,0,1,0,0,12,0,0,0,1,1,1,3,14
exp2296,true,0,0,0,0,0,0,0,0,0,2,0,0,1,2
exp23,true,0,0,1,0,0,12,0,0,0,1,1,1,3,14
exp230,true,0,0,1,0,0,12,0,0,0,1,1,1,3,14
exp2306,true,0,0,0,0,0,0,0,0,0,2,0,0,1,2
exp231,true,0,0,0,0,0,0,0,0,0,1,0,0,1,1
exp233,true,0,0,1,0,0,12,0,0,0,1,1,1,3,14
exp234,true,0,0,0,0,0,0,0,0,0,1,0,0,1,1
exp2347,true,0,0,0,0,0,0,0,0,0,2,0,0,1,2
exp235,true,0,0,0,0,0,0,0,0,0,1,0,0,1,1
exp236,true,0,0,1,0,0,12,0,0,0,1,1,1,3,14
exp2360,true,0,0,0,0,0,0,0,0,0,2,0,0,1,2
exp237,true,0,0,1,0,0,12,0,0,0,1,1,1,3,14
exp2375,true,0,0,0,0,0,0,0,0,0,2,0,0,1,2
exp2378,true,0,0,0,0,0,0,0,0,0,2,0,0,1,2
exp238,true,0,0,1,0,0,0,0,0,0,1,1,1,2,2
exp2380,true,0,0,0,0,0,0,0,0,0,2,0,0,1,2
exp239,true,0,0,1,0,0,0,0,0,0,1,1,1,2,2
exp241,true,0,0,1,0,0,0,0,0,0,1,1,1,2,2
exp2420,true,0,0,0,0,0,0,0,0,0,0,0,0,0,0
exp2421,true,0,0,0,0,0,0,0,0,0,2,0,0,1,2
exp2426,true,0,0,0,0,0,0,0,0,0,2,0,0,1,2
exp2431,true,0,0,0,0,0,0,0,0,0,2,0,0,1,2
exp2432,true,0,0,0,0,0,0,0,0,0,2,0,0,1,2
exp2435,true,0,0,0,0,0,0,0,0,0,2,0,0,1,2
exp244,true,0,0,1,0,0,12,0,0,0,1,1,1,3,14
exp2448,true,0,0,0,0,0,0,0,0,0,2,0,0,1,2
exp2449,true,0,0,0,0,0,0,0,0,0,2,0,0,1,2
exp245,true,0,0,1,0,0,12,0,0,0,1,1,1,3,14
exp2450,true,0,0,0,0,0,0,0,0,0,0,0,0,0,0
exp2457,true,0,0,0,0,0,0,0,0,0,0,0,0,0,0
exp246,true,0,0,1,0,0,0,0,0,0,1,1,1,2,2
exp2462,true,0,0,0,0,0,0,0,0,0,2,0,0,1,2
exp2463,true,0,0,0,0,0,0,0,0,0,2,0,0,1,2
exp2464,true,0,0,0,0,0,0,0,0,0,2,0,0,1,2
exp2465,true,0,0,0,0,0,0,0,0,0,2,0,0,1,2
exp2471,true,0,0,0,0,0,0,0,0,0,2,0,0,1,2
exp2472,true,0,0,0,0,0,0,0,0,0,2,0,0,1,2
exp2475,true,0,0,0,0,0,0,0,0,0,2,0,0,1,2
exp2476,true,0,0,0,0,0,0,0,0,0,2,0,0,1,2
exp248,true,0,0,0,0,0,0,0,0,0,1,0,0,1,1
exp2488,true,0,0,0,0,0,0,0,0,0,2,0,0,1,2
exp249,true,0,0,5,0,8,0,0,0,0,1,5,5,3,14
exp2491,true,0,0,0,0,0,0,0,0,0,2,0,0,1,2
exp2492,true,0,0,0,0,0,0,0,0,0,2,0,0,1,2
exp2493,true,0,0,0,0,0,0,0,0,0,2,0,0,1,2
exp2495,true,0,0,0,0,0,0,0,0,0,2,0,0,1,2
exp25,true,0,0,1,0,0,0,0,0,0,1,1,1,2,2
exp2500,true,0,0,0,0,0,0,0,0,0,2,0,0,1,2
exp2501,true,0,0,0,0,0,0,0,0,0,2,0,0,1,2
exp2510,true,0,0,0,0,0,0,0,0,0,2,0,0,1,2
exp2511,true,0,0,0,0,0,0,0,0,0,2,0,0,1,2
exp2512,true,0,0,0,0,0,0,0,0,0,2,0,0,1,2
exp2513,true,0,0,0,0,0,0,0,0,0,2,0,0,1,2
exp2519,true,0,0,0,0,0,0,0,0,0,2,0,0,1,2
exp252,true,0,0,1,0,0,0,0,0,0,1,1,1,2,2
exp2522,true,0,0,0,0,0,0,0,0,0,2,0,0,1,2
exp2523,true,0,0,0,0,0,0,0,0,0,2,0,0,1,2
exp2524,true,0,0,0,0,0,0,0,0,0,2,0,0,1,2
exp2528,true,0,0,0,0,0,0,0,0,0,2,0,0,1,2
exp2529,true,0,0,0,0,0,0,0,0,0,2,0,0,1,2
exp253,true,0,0,1,0,0,12,0,0,0,1,1,1,3,14
exp2530,true,0,0,0,0,0,0,0,0,0,2,0,0,1,2
exp2531,true,0,0,0,0,0,0,0,0,0,2,0,0,1,2
exp2532,true,0,0,0,0,0,0,0,0,0,2,0,0,1,2
exp2533,true,0,0,0,0,0,0,0,0,0,2,0,0,1,2
exp2534,true,0,0,0,0,0,0,0,0,0,2,0,0,1,2
exp2535,true,0,0,0,0,0,0,0,0,0,2,0,0,1,2
exp2536,true,0,0,0,0,0,0,0,0,0,2,0,0,1,2
exp2537,true,0,0,0,0,0,0,0,0,0,2,0,0,1,2
exp2538,true,0,0,0,0,0,0,0,0,0,2,0,0,1,2
exp2539,true,0,0,0,0,0,0,0,0,0,2,0,0,1,2
exp254,true,0,0,1,0,0,12,0,0,0,1,1,1,3,14
exp2540,true,0,0,0,0,0,0,0,0,0,2,0,0,1,2
exp2541,true,0,0,0,0,0,0,0,0,0,2,0,0,1,2
exp2542,true,0,0,0,0,0,0,0,0,0,2,0,0,1,2
exp2543,true,0,0,0,0,0,0,0,0,0,2,0,0,1,2
exp2544,true,0,0,0,0,0,0,0,0,0,2,0,0,1,2
exp2545,true,0,0,0,0,0,0,0,0,0,2,0,0,1,2
exp2546,true,0,0,0,0,0,0,0,0,0,2,0,0,1,2
exp2547,true,0,0,0,0,0,0,0,0,0,2,0,0,1,2
exp2548,true,0,0,0,0,0,0,0,0,0,2,0,0,1,2
exp2549,true,0,0,0,0,0,0,0,0,0,2,0,0,1,2
exp255,true,0,0,1,0,0,0,0,0,0,1,1,1,2,2
exp2550,true,0,0,0,0,0,0,0,0,0,2,0,0,1,2
exp2551,true,0,0,0,0,0,0,0,0,0,2,0,0,1,2
exp2552,true,0,0,0,0,0,0,0,0,0,2,0,0,1,2
exp2553,true,0,0,0,0,0,0,0,0,0,2,0,0,1,2
exp2554,true,0,0,0,0,0,0,0,0,0,2,0,0,1,2
exp2555,true,0,0,0,0,0,0,0,0,0,2,0,0,1,2
exp2556,true,0,0,0,0,0,0,0,0,0,2,0,0,1,2
exp2557,true,0,0,0,0,0,0,0,0,0,2,0,0,1,2
exp2558,true,0,0,0,0,0,0,0,0,0,2,0,0,1,2
exp2559,true,0,0,0,0,0,0,0,0,0,2,0,0,1,2
exp256,true,0,0,0,0,0,0,0,0,0,1,1,1,1,1
exp2560,true,0,0,0,0,0,0,0,0,0,2,0,0,1,2
exp2561,true,0,0,0,0,0,0,0,0,0,2,0,0,1,2
exp2562,true,0,0,0,0,0,0,0,0,0,2,0,0,1,2
exp2563,true,0,0,0,0,0,0,0,0,0,2,0,0,1,2
exp2564,true,0,0,0,0,0,0,0,0,0,2,0,0,1,2
exp2565,true,0,0,0,0,0,0,0,0,0,2,0,0,1,2
exp2566,true,0,0,0,0,0,0,0,0,0,2,0,0,1,2
exp2567,true,0,0,0,0,0,0,0,0,0,2,0,0,1,2
exp2568,true,0,0,0,0,0,0,0,0,0,2,0,0,1,2
exp2569,true,0,0,0,0,0,0,0,0,0,2,0,0,1,2
exp257,true,0,0,1,0,0,0,0,0,0,1,1,1,2,2
exp2570,true,0,0,0,0,0,0,0,0,1,2,0,0,2,3
exp2571,true,0,0,0,0,0,0,0,0,0,2,0,0,1,2
exp2572,true,0,0,0,0,0,0,0,0,2,2,0,0,2,4
exp2573,true,0,0,0,0,0,0,0,0,2,2,0,0,2,4
exp2574,true,0,0,0,0,0,0,0,0,2,2,0,0,2,4
exp2575,true,0,0,0,0,0,0,0,0,2,2,0,0,2,4
exp2576,true,0,0,0,0,0,0,0,0,2,2,0,0,2,4
exp2577,true,0,0,0,0,0,0,0,0,2,2,0,0,2,4
exp2578,true,0,0,0,0,0,0,0,0,2,2,0,0,2,4
exp2579,true,0,0,0,0,0,0,0,0,2,2,0,0,2,4
exp2580,true,0,0,0,0,0,0,0,0,2,2,0,0,2,4
exp2581,true,0,0,0,0,0,0,0,0,2,2,0,0,2,4
exp2582,true,0,0,0,0,0,0,0,0,2,2,0,0,2,4
exp2583,true,0,0,0,0,0,0,0,0,2,2,0,0,2,4
exp2584,true,0,0,0,0,0,0,0,0,2,2,0,0,2,4
exp2585,true,0,0,0,0,0,0,0,0,2,2,0,0,2,4
exp2586,true,0,0,0,0,0,0,0,0,2,2,0,0,2,4
exp2587,true,0,0,0,0,0,0,0,0,2,2,0,0,2,4
exp2588,true,0,0,0,0,0,0,0,0,2,2,0,0,2,4
exp2589,true,0,0,0,0,0,0,0,0,2,2,0,0,2,4
exp259,true,0,0,0,0,0,0,0,0,0,1,0,0,1,1
exp2590,true,0,0,0,0,0,0,0,0,2,2,0,0,2,4
exp2592,true,0,0,0,0,0,0,0,0,2,2,0,0,2,4
exp2593,true,0,0,0,0,0,0,0,0,2,2,0,0,2,4
exp2594,true,0,0,0,0,0,0,0,0,2,2,0,0,2,4
exp2595,true,0,0,0,0,0,0,0,0,2,2,0,0,2,4
exp2596,true,0,0,0,0,0,0,0,0,2,2,0,0,2,4
exp2597,true,0,0,0,0,0,0,0,0,2,2,0,0,2,4
exp2598,true,0,0,0,0,0,0,0,0,2,2,0,0,2,4
exp2599,true,0,0,0,0,0,0,0,0,2,2,0,0,2,4
exp2600,true,0,0,0,0,0,0,0,0,2,2,0,0,2,4
exp2601,true,0,0,0,0,0,0,0,0,2,2,0,0,2,4
exp2602,true,0,0,0,0,0,0,0,0,2,2,0,0,2,4
exp2603,true,0,0,0,0,0,0,0,0,2,2,0,0,2,4
exp2604,true,0,0,0,0,0,0,0,0,2,2,0,0,2,4
exp2605,true,0,0,0,0,0,0,0,0,2,2,0,0,2,4
exp2606,true,0,0,0,0,0,0,0,0,2,2,0,0,2,4
exp2607,true,0,0,0,0,0,0,0,0,2,2,0,0,2,4
exp2608,true,0,0,0,0,0,0,0,0,2,2,0,0,2,4
exp2609,true,0,0,0,0,0,0,0,0,2,2,0,0,2,4
exp2610,true,0,0,0,0,0,0,0,0,2,2,0,0,2,4
exp2611,true,0,0,0,0,0,0,0,0,2,2,0,0,2,4
exp2612,true,0,0,0,0,0,0,0,0,2,2,0,0,2,4
exp2613,true,0,0,0,0,0,0,0,0,2,2,0,0,2,4
exp2614,true,0,0,0,0,0,0,0,0,2,2,0,0,2,4
exp2615,true,0,0,0,0,0,0,0,0,2,2,0,0,2,4
exp2616,true,0,0,0,0,0,0,0,0,2,2,0,0,2,4
exp2617,true,0,0,0,0,0,0,0,0,2,2,0,0,2,4
exp2618,true,0,0,0,0,0,0,0,0,2,2,0,0,2,4
exp2619,true,0,0,0,0,0,0,0,0,2,2,0,0,2,4
exp2620,true,0,0,0,0,0,0,0,0,2,2,0,0,2,4
exp2621,true,0,0,0,0,0,0,0,2,0,2,0,0,2,4
exp2622,true,0,0,0,0,0,0,0,2,0,2,0,0,2,4
exp2623,true,0,0,0,0,0,0,0,2,0,2,0,0,2,4
exp2624,true,0,0,0,0,0,0,0,2,0,2,0,0,2,4
exp2625,true,0,0,0,0,0,0,0,2,0,2,0,0,2,4
exp2626,true,0,0,0,0,0,0,0,2,0,2,0,0,2,4
exp2627,true,0,0,0,0,0,0,0,2,0,2,0,0,2,4
exp2628,true,0,0,0,0,0,0,0,2,0,2,0,0,2,4
exp2629,true,0,0,0,0,0,0,0,2,0,2,0,0,2,4
exp263,true,0,0,1,0,0,0,0,0,0,1,1,1,2,2
exp2630,true,0,0,0,0,0,0,0,2,0,2,0,0,2,4
exp2631,true,0,0,0,0,0,0,0,2,0,2,0,0,2,4
exp2632,true,0,0,0,0,0,0,0,2,0,2,0,0,2,4
exp2633,true,0,0,0,0,0,0,0,2,0,2,0,0,2,4
exp2634,true,0,0,0,0,0,0,0,2,0,2,0,0,2,4
exp2635,true,0,0,0,0,0,0,0,2,0,2,0,0,2,4
exp2636,true,0,0,0,0,0,0,0,2,0,2,0,0,2,4
exp2637,true,0,0,0,0,0,0,0,2,0,2,0,0,2,4
exp2639,true,0,0,0,0,0,0,0,2,0,2,0,0,2,4
exp2640,true,0,0,0,0,0,0,0,2,0,2,0,0,2,4
exp2641,true,0,0,0,0,0,0,0,0,0,2,0,0,1,2
exp2642,true,0,0,0,0,0,0,0,0,0,2,0,0,1,2
exp2643,true,0,0,0,0,0,0,2,0,0,2,0,0,2,4
exp2644,true,0,0,0,0,0,0,2,0,0,2,0,0,2,4
exp2645,true,0,0,0,0,0,0,2,0,0,2,0,0,2,4
exp2646,true,0,0,0,0,0,0,2,0,0,2,0,0,2,4
exp2647,true,0,0,0,0,0,0,2,0,0,2,0,0,2,4
exp2648,true,0,0,0,0,0,0,2,0,0,2,0,0,2,4
exp2649,true,0,0,0,0,0,0,0,0,0,2,0,0,1,2
exp2650,true,0,0,0,0,0,0,0,0,0,2,0,0,1,2
exp2651,true,0,0,0,0,0,0,0,0,0,2,0,0,1,2
exp2652,true,0,0,0,0,0,0,0,0,0,2,0,0,1,2
exp2653,true,0,0,0,0,0,0,0,0,0,2,0,0,1,2
exp2654,true,0,0,0,0,0,0,0,0,0,2,0,0,1,2
exp2655,true,0,0,0,0,0,0,0,0,0,2,0,0,1,2
exp2656,true,0,0,0,0,0,0,0,0,0,2,0,0,1,2
exp2657,true,0,0,0,0,0,0,0,0,0,2,0,0,1,2
exp2658,true,0,0,0,0,0,0,0,0,0,2,0,0,1,2
exp2659,true,0,0,0,0,0,0,0,0,0,2,0,0,1,2
exp266,true,0,0,1,0,0,12,0,0,0,1,1,1,3,14
exp2661,true,0,0,0,0,0,0,0,0,0,2,0,0,1,2
exp2662,true,0,0,0,0,0,0,0,0,0,2,0,0,1,2
exp2663,true,0,0,0,0,0,0,0,0,0,2,0,0,1,2
exp2664,true,0,0,0,0,0,0,0,0,0,2,0,0,1,2
exp2665,true,0,0,0,0,0,0,0,0,0,2,0,0,1,2
exp2666,true,0,0,0,0,0,0,0,0,0,2,0,0,1,2
exp2667,true,0,0,0,0,0,0,0,0,0,2,0,0,1,2
exp2668,true,0,0,0,0,0,0,0,0,0,2,0,0,1,2
exp2669,true,0,0,0,0,0,0,0,0,0,2,0,0,1,2
exp267,true,0,0,1,0,8,12,0,0,0,1,1,1,4,22
exp2670,true,0,0,0,0,0,0,0,0,0,2,0,0,1,2
exp2671,true,0,0,0,0,0,0,0,0,0,2,0,0,1,2
exp2672,true,0,0,0,0,0,0,0,0,0,2,0,0,1,2
exp2673,true,0,0,0,0,0,0,0,0,0,2,0,0,1,2
exp2674,true,0,0,0,0,0,0,0,0,0,2,0,0,1,2
exp2675,true,0,0,0,0,0,0,0,0,0,2,0,0,1,2
exp2676,true,0,0,0,0,0,0,0,0,0,2,0,0,1,2
exp2677,true,0,0,0,0,0,0,0,0,0,2,0,0,1,2
exp2678,true,0,0,0,0,0,0,0,0,0,2,0,0,1,2
exp2679,true,0,0,0,0,0,0,0,0,0,2,0,0,1,2
exp2680,true,0,0,0,0,0,0,0,0,0,2,0,0,1,2
exp2681,true,0,0,0,0,0,0,0,0,0,2,0,0,1,2
exp2682,true,0,0,0,0,0,0,0,0,0,2,0,0,1,2
exp2683,true,0,0,0,0,0,0,0,0,0,2,0,0,1,2
exp2684,true,0,0,0,0,0,0,0,0,0,2,0,0,1,2
exp2685,true,0,0,0,0,0,0,0,0,0,2,0,0,1,2
exp2686,true,0,0,0,0,0,0,0,0,0,2,0,0,1,2
exp2687,true,0,0,0,0,0,0,0,0,0,2,0,0,1,2
exp2688,true,0,0,0,0,0,0,0,0,0,2,0,0,1,2
exp2689,true,0,0,0,0,0,0,0,0,0,2,0,0,1,2
exp269,true,0,0,4,0,0,0,0,0,0,1,4,4,2,5
exp2690,true,0,0,0,0,0,0,0,0,0,2,0,0,1,2
exp2691,true,0,0,0,0,0,0,0,0,0,2,0,0,1,2
exp2692,true,0,0,0,0,0,0,0,0,0,2,0,0,1,2
exp2693,true,0,0,0,0,0,0,0,0,0,2,0,0,1,2
exp2694,true,0,0,0,0,0,0,0,0,0,2,0,0,1,2
exp2695,true,0,0,0,0,0,0,0,0,0,2,0,0,1,2
exp2696,true,0,0,0,0,0,0,0,0,0,2,0,0,1,2
exp2697,true,0,0,0,0,0,0,0,0,0,2,0,0,1,2
exp2698,true,0,0,0,0,0,0,0,0,0,2,0,0,1,2
exp2699,true,0,0,0,0,0,0,0,0,0,2,0,0,1,2
exp27,true,0,0,1,0,0,0,0,0,0,1,1,1,2,2
exp2700,true,0,0,0,0,0,0,0,0,0,2,0,0,1,2
exp2701,true,0,0,0,0,0,0,0,0,0,2,0,0,1,2
exp2702,true,0,0,0,0,0,0,0,0,0,2,0,0,1,2
exp2703,true,0,0,0,0,0,0,0,0,0,2,0,0,1,2
exp2704,true,0,0,0,0,0,0,0,0,0,2,0,0,1,2
exp2705,true,0,0,0,0,0,0,0,0,0,2,0,0,1,2
exp2706,true,0,0,0,0,0,0,0,0,0,2,0,0,1,2
exp2707,true,0,0,0,0,0,0,0,0,0,2,0,0,1,2
exp2708,true,0,0,0,0,0,0,0,0,0,2,0,0,1,2
exp2709,true,0,0,0,0,0,0,0,0,0,2,0,0,1,2
exp2710,true,0,0,0,0,0,0,0,0,0,2,0,0,1,2
exp2711,true,0,0,0,0,0,0,0,0,0,2,0,0,1,2
exp2712,true,0,0,0,0,0,0,0,0,0,2,0,0,1,2
exp2713,true,0,0,0,0,0,0,0,0,0,2,0,0,1,2
exp2714,true,0,0,0,0,0,0,0,0,0,2,0,0,1,2
exp2715,true,0,0,0,0,0,0,0,0,0,2,0,0,1,2
exp2716,true,0,0,0,0,0,0,0,0,0,2,0,0,1,2
exp2717,true,0,0,0,0,0,0,0,0,0,2,0,0,1,2
exp2718,true,0,0,0,0,0,0,0,0,0,2,0,0,1,2
exp2719,true,0,0,0,0,0,0,0,0,0,2,0,0,1,2
exp2720,true,0,0,0,0,0,0,0,0,0,2,0,0,1,2
exp2721,true,0,0,0,0,0,0,0,0,0,2,0,0,1,2
exp2722,true,0,0,0,0,0,0,0,0,0,2,0,0,1,2
exp2723,true,0,0,0,0,0,0,0,0,0,2,0,0,1,2
exp2724,true,0,0,0,0,0,0,0,0,0,2,0,0,1,2
exp2725,true,0,0,0,0,0,0,0,0,0,2,0,0,1,2
exp2726,true,0,0,0,0,0,0,0,0,0,2,0,0,1,2
exp2727,true,0,0,0,0,0,0,0,0,0,2,0,0,1,2
exp2728,true,0,0,0,0,0,0,0,0,0,2,0,0,1,2
exp2729,true,0,0,0,0,0,0,0,0,0,2,0,0,1,2
exp2730,true,0,0,0,0,0,0,0,0,0,2,0,0,1,2
exp2731,true,0,0,0,0,0,0,0,0,0,2,0,0,1,2
exp2732,true,0,0,0,0,0,0,0,0,0,2,0,0,1,2
exp2733,true,0,0,0,0,0,0,0,0,0,2,0,0,1,2
exp2734,true,0,0,0,0,0,0,0,0,0,2,0,0,1,2
exp2735,true,0,0,0,0,0,0,0,0,0,2,0,0,1,2
exp2736,true,0,0,0,0,0,0,0,0,0,2,0,0,1,2
exp2737,true,0,0,0,0,0,0,0,0,0,2,0,0,1,2
exp2738,true,0,0,0,0,0,0,0,0,0,2,0,0,1,2
exp2739,true,0,0,0,0,0,0,0,0,0,2,0,0,1,2
exp2740,true,0,0,0,0,0,0,0,0,0,2,0,0,1,2
exp2741,true,0,0,0,0,0,0,0,0,0,2,0,0,1,2
exp2742,true,0,0,0,0,0,0,0,0,0,2,0,0,1,2
exp2743,true,0,0,0,0,0,0,0,0,0,2,0,0,1,2
exp2744,true,0,0,0,0,0,0,0,0,0,2,0,0,1,2
exp2745,true,0,0,0,0,0,0,0,0,0,2,0,0,1,2
exp2746,true,0,0,0,0,0,0,0,0,0,2,0,0,1,2
exp2747,true,0,0,0,0,0,0,0,0,0,2,0,0,1,2
exp2748,true,0,0,0,0,0,0,0,0,0,2,0,0,1,2
exp2749,true,0,0,0,0,0,0,0,0,0,2,0,0,1,2
exp275,true,0,0,1,0,0,0,0,0,0,1,1,1,2,2
exp2750,true,0,0,0,0,0,0,0,0,0,2,0,0,1,2
exp2751,true,0,0,0,0,0,0,0,0,0,2,0,0,1,2
exp2752,true,0,0,0,0,0,0,0,0,0,2,0,0,1,2
exp2753,true,0,0,0,0,0,0,0,0,0,2,0,0,1,2
exp2754,true,0,0,0,0,0,0,0,0,0,2,0,0,1,2
exp2755,true,0,0,0,0,0,0,0,0,0,2,0,0,1,2
exp2756,true,0,0,0,0,0,0,0,0,0,2,0,0,1,2
exp2757,true,0,0,0,0,0,0,0,0,0,2,0,0,1,2
exp2758,true,0,0,0,0,0,0,0,0,0,2,0,0,1,2
exp2759,true,0,0,0,0,0,0,0,0,0,2,0,0,1,2
exp276,true,0,0,1,0,0,12,0,0,0,1,1,1,3,14
exp2760,true,0,0,0,0,0,0,0,0,0,2,0,0,1,2
exp2761,true,0,0,0,0,0,0,0,0,0,2,0,0,1,2
exp2762,true,0,0,0,0,0,0,0,0,0,2,0,0,1,2
exp2763,true,0,0,0,0,0,0,0,0,0,2,0,0,1,2
exp2764,true,0,0,0,0,0,0,0,0,0,2,0,0,1,2
exp2765,true,0,0,0,0,0,0,0,0,0,2,0,0,1,2
exp2766,true,0,0,0,0,0,0,0,0,0,2,0,0,1,2
exp2767,true,0,0,0,0,0,0,0,0,0,2,0,0,1,2
exp2768,true,0,0,0,0,0,0,0,0,0,2,0,0,1,2
exp2769,true,0,0,0,0,0,0,0,0,0,2,0,0,1,2
exp277,true,0,0,1,0,0,12,0,0,0,1,1,1,3,14
exp2770,true,0,0,0,0,0,0,0,0,0,2,0,0,1,2
exp2771,true,0,0,0,0,0,0,0,0,0,2,0,0,1,2
exp2772,true,0,0,0,0,0,0,0,0,0,2,0,0,1,2
exp2773,true,0,0,0,0,0,0,0,0,0,2,0,0,1,2
exp2774,true,0,0,0,0,0,0,0,0,0,2,0,0,1,2
exp2775,true,0,0,0,0,0,0,0,0,0,2,0,0,1,2
exp2776,true,0,0,0,0,0,0,0,0,0,2,0,0,1,2
exp2777,true,0,0,0,0,0,0,0,0,0,2,0,0,1,2
exp2778,true,0,0,0,0,0,0,0,0,0,2,0,0,1,2
exp2779,true,0,0,0,0,0,0,0,0,0,2,0,0,1,2
exp278,true,0,0,1,0,0,0,0,0,0,1,1,1,2,2
exp2780,true,0,0,0,0,0,0,0,0,0,2,0,0,1,2
exp2781,true,0,0,0,0,0,0,0,0,0,2,0,0,1,2
exp2782,true,0,0,0,0,0,0,0,0,0,2,0,0,1,2
exp2783,true,0,0,0,0,0,0,0,0,0,2,0,0,1,2
exp2784,true,0,0,0,0,0,0,0,0,0,2,0,0,1,2
exp2785,true,0,0,0,0,0,0,0,0,0,2,0,0,1,2
exp2786,true,0,0,0,0,0,0,0,0,0,2,0,0,1,2
exp2787,true,0,0,0,0,0,0,0,0,0,2,0,0,1,2
exp2788,true,0,0,0,0,0,0,0,0,0,2,0,0,1,2
exp2789,true,0,0,0,0,0,0,0,0,0,2,0,0,1,2
exp2790,true,0,0,0,0,0,0,0,0,0,2,0,0,1,2
exp2791,true,0,0,0,0,0,0,0,0,0,2,0,0,1,2
exp2792,true,0,0,0,0,0,0,0,0,0,2,0,0,1,2
exp2793,true,0,0,0,0,0,0,0,0,0,2,0,0,1,2
exp2794,true,0,0,0,0,0,0,0,0,0,2,0,0,1,2
exp2795,true,0,0,0,0,0,0,0,0,0,2,0,0,1,2
exp2796,true,0,0,0,0,0,0,0,0,0,2,0,0,1,2
exp2797,true,0,0,0,0,0,0,0,0,0,2,0,0,1,2
exp2798,true,0,0,0,0,0,0,0,0,0,2,0,0,1,2
exp2799,true,0,0,0,0,0,0,0,0,0,2,0,0,1,2
exp28,true,0,5,1,0,0,12,0,0,0,1,1,1,4,19
exp280,true,0,0,1,0,0,0,0,0,0,1,1,1,2,2
exp2800,true,0,0,0,0,0,0,0,0,0,2,0,0,1,2
exp2801,true,0,0,0,0,0,0,0,0,0,2,0,0,1,2
exp2802,true,0,0,0,0,0,0,0,0,0,2,0,0,1,2
exp2803,true,0,0,0,0,0,0,0,0,0,2,0,0,1,2
exp2804,true,0,0,0,0,0,0,0,0,0,2,0,0,1,2
exp2805,true,0,0,0,0,0,0,0,0,0,2,0,0,1,2
exp2806,true,0,0,0,0,0,0,0,0,0,2,0,0,1,2
exp2807,true,0,0,0,0,0,0,0,0,0,2,0,0,1,2
exp2808,true,0,0,0,0,0,0,0,0,0,2,0,0,1,2
exp2809,true,0,0,0,0,0,0,0,0,0,2,0,0,1,2
exp281,true,0,0,1,0,0,0,0,0,0,1,1,1,2,2
exp2810,true,0,0,0,0,0,0,0,0,0,2,0,0,1,2
exp2811,true,0,0,0,0,0,0,0,0,0,2,0,0,1,2
exp2812,true,0,0,0,0,0,0,0,0,0,2,0,0,1,2
exp2813,true,0,0,0,0,0,0,0,0,0,2,0,0,1,2
exp2814,true,0,0,0,0,0,0,0,0,0,2,0,0,1,2
exp2815,true,0,0,0,0,0,0,0,0,0,2,0,0,1,2
exp2816,true,0,0,0,0,0,0,0,0,0,2,0,0,1,2
exp2817,true,0,0,0,0,0,0,0,0,0,2,0,0,1,2
exp2818,true,0,0,0,0,0,0,0,0,0,2,0,0,1,2
exp2820,true,0,0,0,0,0,0,0,0,0,2,0,0,1,2
exp2821,true,0,0,0,0,0,0,0,0,0,2,0,0,1,2
exp2822,true,0,0,0,0,0,0,0,0,0,2,0,0,1,2
exp2823,true,0,0,0,0,0,0,0,0,0,2,0,0,1,2
exp2824,true,0,0,0,0,0,0,0,0,0,2,0,0,1,2
exp2825,true,0,0,0,0,0,0,0,0,0,2,0,0,1,2
exp2827,true,0,0,0,0,0,0,0,0,0,2,0,0,1,2
exp2828,true,0,0,0,0,0,0,0,0,0,2,0,0,1,2
exp2829,true,0,0,0,0,0,0,0,0,0,2,0,0,1,2
exp283,true,0,0,1,0,0,0,0,0,0,1,1,1,2,2
exp2830,true,0,0,0,0,0,0,0,0,0,2,0,0,1,2
exp2831,true,0,0,0,0,0,0,0,0,0,2,0,0,1,2
exp2832,true,0,0,0,0,0,0,0,0,0,2,0,0,1,2
exp2833,true,0,0,0,0,0,0,0,0,0,2,0,0,1,2
exp2834,true,0,0,0,0,0,0,0,0,0,2,0,0,1,2
exp2835,true,0,0,0,0,0,0,0,0,0,2,0,0,1,2
exp2836,true,0,0,0,0,0,0,0,0,0,2,0,0,1,2
exp2837,true,0,0,0,0,0,0,0,0,0,2,0,0,1,2
exp2838,true,0,0,0,0,0,0,0,0,0,2,0,0,1,2
exp2839,true,0,0,0,0,0,0,0,0,0,2,0,0,1,2
exp284,true,0,0,1,0,0,0,0,0,0,1,1,1,2,2
exp2840,true,0,0,0,0,0,0,0,0,0,2,0,0,1,2
exp2841,true,0,0,0,0,0,0,0,0,0,2,0,0,1,2
exp2842,true,0,0,0,0,0,0,0,0,0,2,0,0,1,2
exp2843,true,0,0,0,0,0,0,0,0,0,2,0,0,1,2
exp2844,true,0,0,0,0,0,0,0,0,0,2,0,0,1,2
exp2845,true,0,0,0,0,0,0,0,0,0,2,0,0,1,2
exp2846,true,0,0,0,0,0,0,0,0,0,2,0,0,1,2
exp2847,true,0,0,0,0,0,0,0,0,0,2,0,0,1,2
exp2848,true,0,0,0,0,0,0,0,0,0,2,0,0,1,2
exp2849,true,0,0,0,0,0,0,0,0,0,2,0,0,1,2
exp2850,true,0,0,0,0,0,0,0,0,0,2,0,0,1,2
exp2851,true,0,0,0,0,0,0,0,0,0,2,0,0,1,2
exp2852,true,0,0,0,0,0,0,0,0,0,2,0,0,1,2
exp2853,true,0,0,0,0,0,0,0,0,0,2,0,0,1,2
exp2854,true,0,0,0,0,0,0,0,0,0,2,0,0,1,2
exp2855,true,0,0,0,0,0,0,0,0,0,2,0,0,1,2
exp2856,true,0,0,0,0,0,0,0,0,0,2,0,0,1,2
exp2857,true,0,0,0,0,0,0,0,0,0,2,0,0,1,2
exp2858,true,0,0,0,0,0,0,0,0,0,2,0,0,1,2
exp2859,true,0,0,0,0,0,0,0,0,0,2,0,0,1,2
exp286,true,0,0,1,0,0,0,0,0,0,1,1,1,2,2
exp2860,true,0,0,0,0,0,0,0,0,0,2,0,0,1,2
exp2861,true,0,0,0,0,0,0,0,0,0,2,0,0,1,2
exp2862,true,0,0,0,0,0,0,0,0,0,2,0,0,1,2
exp2863,true,0,0,0,0,0,0,0,0,0,2,0,0,1,2
exp2864,true,0,0,0,0,0,0,0,0,0,2,0,0,1,2
exp2865,true,0,0,0,0,0,0,0,0,0,2,0,0,1,2
exp2866,true,0,0,0,0,0,0,0,0,0,2,0,0,1,2
exp2867,true,0,0,0,0,0,0,0,0,0,2,0,0,1,2
exp2868,true,0,0,0,0,0,0,0,0,0,2,0,0,1,2
exp2869,true,0,0,0,0,0,0,0,0,0,2,0,0,1,2
exp2870,true,0,0,0,0,0,0,0,0,0,2,0,0,1,2
exp2871,true,0,0,0,0,0,0,0,0,0,2,0,0,1,2
exp2872,true,0,0,0,0,0,0,0,0,0,2,0,0,1,2
exp2873,true,0,0,0,0,0,0,0,0,0,2,0,0,1,2
exp2874,true,0,0,0,0,0,0,0,0,0,2,0,0,1,2
exp2875,true,0,0,0,0,0,0,0,0,0,2,0,0,1,2
exp2876,true,0,0,0,0,0,0,0,0,0,2,0,0,1,2
exp2877,true,0,0,0,0,0,0,0,0,0,2,0,0,1,2
exp2878,true,0,0,0,0,0,0,0,0,0,2,0,0,1,2
exp2879,true,0,0,0,0,0,0,0,0,0,2,0,0,1,2
exp288,true,0,0,1,0,0,0,0,0,0,1,1,1,2,2
exp2880,true,0,0,0,0,0,0,0,0,0,2,0,0,1,2
exp2881,true,0,0,0,0,0,0,0,0,0,2,0,0,1,2
exp2882,true,0,0,0,0,0,0,0,0,0,2,0,0,1,2
exp2883,true,0,0,0,0,0,0,0,0,0,2,0,0,1,2
exp2884,true,0,0,0,0,0,0,0,0,0,2,0,0,1,2
exp2885,true,0,0,0,0,0,0,0,0,0,2,0,0,1,2
exp2886,true,0,0,0,0,0,0,0,0,0,2,0,0,1,2
exp2887,true,0,0,0,0,0,0,0,0,0,2,0,0,1,2
exp2888,true,0,0,0,0,0,0,0,0,0,2,0,0,1,2
exp2889,true,0,0,0,0,0,0,0,0,0,2,0,0,1,2
exp289,true,0,0,1,0,0,0,0,0,0,1,1,1,2,2
exp2890,true,0,0,0,0,0,0,0,0,0,2,0,0,1,2
exp2891,true,0,0,0,0,0,0,0,0,0,2,0,0,1,2
exp2892,true,0,0,0,0,0,0,0,0,0,2,0,0,1,2
exp2893,true,0,0,0,0,0,0,0,0,0,2,0,0,1,2
exp2894,true,0,0,0,0,0,0,0,0,0,2,0,0,1,2
exp2895,true,0,0,0,0,0,0,0,0,0,2,0,0,1,2
exp2896,true,0,0,0,0,0,0,0,0,0,2,0,0,1,2
exp2897,true,0,0,0,0,0,0,0,0,0,2,0,0,1,2
exp2898,true,0,0,0,0,0,0,0,0,0,2,0,0,1,2
exp2899,true,0,0,0,0,0,0,0,0,0,2,0,0,1,2
exp290,true,0,0,1,0,0,0,0,0,0,1,1,1,2,2
exp2900,true,0,0,0,0,0,0,0,0,0,2,0,0,1,2
exp2901,true,0,0,0,0,0,0,0,0,0,2,0,0,1,2
exp2902,true,0,0,0,0,0,0,0,0,0,2,0,0,1,2
exp2903,true,0,0,0,0,0,0,0,0,0,2,0,0,1,2
exp2904,true,0,0,0,0,0,0,0,0,0,2,0,0,1,2
exp2905,true,0,0,0,0,0,0,0,0,0,2,0,0,1,2
exp2906,true,0,0,0,0,0,0,0,0,0,2,0,0,1,2
exp2907,true,0,0,0,0,0,0,0,0,0,2,0,0,1,2
exp2908,true,0,0,0,0,0,0,0,0,0,2,0,0,1,2
exp2909,true,0,0,0,0,0,0,0,0,0,2,0,0,1,2
exp291,true,0,0,0,0,0,0,0,0,0,1,0,0,1,1
exp2910,true,0,0,0,0,0,0,0,0,0,2,0,0,1,2
exp2911,true,0,0,0,0,0,0,0,0,0,2,0,0,1,2
exp2912,true,0,0,0,0,0,0,0,0,0,2,0,0,1,2
exp2913,true,0,0,0,0,0,0,0,0,0,2,0,0,1,2
exp2914,true,0,0,0,0,0,0,0,0,0,2,0,0,1,2
exp2915,true,0,0,0,0,0,0,0,0,0,2,0,0,1,2
exp2916,true,0,0,0,0,0,0,0,0,0,2,0,0,1,2
exp2917,true,0,0,0,0,0,0,0,0,0,2,0,0,1,2
exp2918,true,0,0,0,0,0,0,0,0,0,2,0,0,1,2
exp2919,true,0,0,0,0,0,0,0,0,0,2,0,0,1,2
exp292,true,0,0,1,0,0,12,0,0,0,1,1,1,3,14
exp2920,true,0,0,0,0,0,0,0,0,0,2,0,0,1,2
exp2921,true,0,0,0,0,0,0,0,0,0,2,0,0,1,2
exp2922,true,0,0,0,0,0,0,0,0,0,2,0,0,1,2
exp2923,true,0,0,0,0,0,0,0,0,0,2,0,0,1,2
exp2924,true,0,0,0,0,0,0,0,0,0,2,0,0,1,2
exp2925,true,0,0,0,0,0,0,0,0,0,2,0,0,1,2
exp2926,true,0,0,0,0,0,0,0,0,0,2,0,0,1,2
exp2927,true,0,0,0,0,0,0,0,0,0,2,0,0,1,2
exp2928,true,0,0,0,0,0,0,0,0,0,2,0,0,1,2
exp2929,true,0,0,0,0,0,0,0,0,0,2,0,0,1,2
exp293,true,0,0,1,0,0,0,0,0,0,1,1,1,2,2
exp2930,true,0,0,0,0,0,0,0,0,0,2,0,0,1,2
exp2931,true,0,0,0,0,0,0,0,0,0,2,0,0,1,2
exp2932,true,0,0,0,0,0,0,0,0,0,2,0,0,1,2
exp2933,true,0,0,0,0,0,0,0,0,0,2,0,0,1,2
exp2934,true,0,0,0,0,0,0,0,0,0,2,0,0,1,2
exp2935,true,0,0,0,0,0,0,0,0,0,2,0,0,1,2
exp2936,true,0,0,0,0,0,0,0,0,0,2,0,0,1,2
exp2937,true,0,0,0,0,0,0,0,0,0,2,0,0,1,2
exp2938,true,0,0,0,0,0,0,0,0,0,2,0,0,1,2
exp2939,true,0,0,0,0,0,0,0,0,0,2,0,0,1,2
exp294,true,0,0,1,0,0,0,0,0,0,1,1,1,2,2
exp2940,true,0,0,0,0,0,0,0,0,0,2,0,0,1,2
exp2941,true,0,0,0,0,0,0,0,0,0,2,0,0,1,2
exp2942,true,0,0,0,0,0,0,0,0,0,2,0,0,1,2
exp2943,true,0,0,0,0,0,0,0,0,0,2,0,0,1,2
exp2944,true,0,0,0,0,0,0,0,0,0,2,0,0,1,2
exp2945,true,0,0,0,0,0,0,0,0,0,2,0,0,1,2
exp2946,true,0,0,0,0,0,0,0,0,0,2,0,0,1,2
exp2947,true,0,0,0,0,0,0,0,0,0,2,0,0,1,2
exp2948,true,0,0,0,0,0,0,0,0,0,2,0,0,1,2
exp2949,true,0,0,0,0,0,0,0,0,0,2,0,0,1,2
exp295,true,0,0,1,0,0,0,0,0,0,1,1,1,2,2
exp2950,true,0,0,0,0,0,0,0,0,0,2,0,0,1,2
exp2951,true,0,0,0,0,0,0,0,0,0,2,0,0,1,2
exp2952,true,0,0,0,0,0,0,0,0,0,2,0,0,1,2
exp2953,true,0,0,0,0,0,0,0,0,0,2,0,0,1,2
exp2954,true,0,0,0,0,0,0,0,0,0,2,0,0,1,2
exp2955,true,0,0,0,0,0,0,0,0,0,2,0,0,1,2
exp2956,true,0,0,0,0,0,0,0,0,0,2,0,0,1,2
exp2957,true,0,0,0,0,0,0,0,0,0,2,0,0,1,2
exp2958,true,0,0,0,0,0,0,0,0,0,2,0,0,1,2
exp2959,true,0,0,0,0,0,0,0,0,0,2,0,0,1,2
exp296,true,0,0,1,0,0,0,0,0,0,1,1,1,2,2
exp2960,true,0,0,0,0,0,0,0,0,0,2,0,0,1,2
exp2961,true,0,0,0,0,0,0,0,0,0,2,0,0,1,2
exp2962,true,0,0,0,0,0,0,0,0,0,2,0,0,1,2
exp2963,true,0,0,0,0,0,0,0,0,0,2,0,0,1,2
exp2964,true,0,0,0,0,0,0,0,0,0,2,0,0,1,2
exp2965,true,0,0,0,0,0,0,0,0,0,2,0,0,1,2
exp2966,true,0,0,0,0,0,0,0,0,0,2,0,0,1,2
exp2967,true,0,0,0,0,0,0,0,0,0,2,0,0,1,2
exp2968,true,0,0,0,0,0,0,0,0,0,2,0,0,1,2
exp2969,true,0,0,0,0,0,0,0,0,0,2,0,0,1,2
exp297,true,0,0,1,0,0,12,0,0,0,1,1,1,3,14
exp2970,true,0,0,0,0,0,0,0,0,0,2,0,0,1,2
exp2971,true,0,0,0,0,0,0,0,0,0,2,0,0,1,2
exp2972,true,0,0,0,0,0,0,0,0,0,2,0,0,1,2
exp2973,true,0,0,0,0,0,0,0,0,0,2,0,0,1,2
exp2974,true,0,0,0,0,0,0,0,0,0,2,0,0,1,2
exp2975,true,0,0,0,0,0,0,0,0,0,2,0,0,1,2
exp2976,true,0,0,0,0,0,0,0,0,0,2,0,0,1,2
exp2977,true,0,0,0,0,0,0,0,0,0,2,0,0,1,2
exp2978,true,0,0,0,0,0,0,0,0,0,2,0,0,1,2
exp2979,true,0,0,0,0,0,0,0,0,0,2,0,0,1,2
exp2980,true,0,0,0,0,0,0,0,0,0,2,0,0,1,2
exp2981,true,0,0,0,0,0,0,0,0,0,2,0,0,1,2
exp2982,true,0,0,0,0,0,0,0,0,0,2,0,0,1,2
exp2983,true,0,0,0,0,0,0,0,0,0,2,0,0,1,2
exp2984,true,0,0,0,0,0,0,0,0,0,2,0,0,1,2
exp2985,true,0,0,0,0,0,0,0,0,0,2,0,0,1,2
exp2986,true,0,0,0,0,0,0,0,0,0,2,0,0,1,2
exp2987,true,0,0,0,0,0,0,0,0,0,2,0,0,1,2
exp2988,true,0,0,0,0,0,0,0,0,0,2,0,0,1,2
exp2989,true,0,0,0,0,0,0,0,0,0,2,0,0,1,2
exp299,true,0,0,1,0,0,12,0,0,0,1,1,1,3,14
exp2990,true,0,0,0,0,0,0,0,0,0,2,0,0,1,2
exp2991,true,0,0,0,0,0,0,0,0,0,2,0,0,1,2
exp2992,true,0,0,0,0,0,0,0,0,0,2,0,0,1,2
exp2993,true,0,0,0,0,0,0,0,0,0,2,0,0,1,2
exp2994,true,0,0,0,0,0,0,0,0,0,2,0,0,1,2
exp2995,true,0,0,0,0,0,0,0,0,0,2,0,0,1,2
exp2996,true,0,0,0,0,0,0,0,0,0,2,0,0,1,2
exp2997,true,0,0,0,0,0,0,0,0,0,2,0,0,1,2
exp2998,true,0,0,0,0,0,0,0,0,0,2,0,0,1,2
exp2999,true,0,0,0,0,0,0,0,0,0,2,0,0,1,2
exp3,true,2,0,1,0,0,0,0,0,0,1,1,1,3,4
exp30,true,0,0,1,0,0,0,0,0,0,1,1,1,2,2
exp300,true,0,0,1,0,0,0,0,0,0,1,1,1,2,2
exp3000,true,0,0,0,0,0,0,0,0,0,2,0,0,1,2
exp3001,true,0,0,0,0,0,0,0,0,0,2,0,0,1,2
exp3002,true,0,0,0,0,0,0,0,0,0,2,0,0,1,2
exp3003,true,0,0,0,0,0,0,0,0,0,2,0,0,1,2
exp3004,true,0,0,0,0,0,0,0,0,0,2,0,0,1,2
exp3005,true,0,0,0,0,0,0,0,0,0,2,0,0,1,2
exp3006,true,0,0,0,0,0,0,0,0,0,2,0,0,1,2
exp3007,true,0,0,0,0,0,0,0,0,0,2,0,0,1,2
exp3008,true,0,0,0,0,0,0,0,0,0,2,0,0,1,2
exp3009,true,0,0,0,0,0,0,0,0,0,2,0,0,1,2
exp3010,true,0,0,0,0,0,0,0,0,0,2,0,0,1,2
exp3011,true,0,0,0,0,0,0,0,0,0,2,0,0,1,2
exp3012,true,0,0,0,0,0,0,0,0,0,1,0,0,1,1
exp3013,true,0,0,0,0,0,0,0,0,0,1,0,0,1,1
exp3014,true,0,0,0,0,0,0,0,0,0,1,0,0,1,1
exp3015,true,0,0,0,0,0,0,0,0,0,1,0,0,1,1
exp3016,true,0,0,0,0,0,0,0,0,0,1,0,0,1,1
exp3017,true,0,0,0,0,0,0,0,0,0,1,0,0,1,1
exp3018,true,0,0,0,0,0,0,0,0,0,1,0,0,1,1
exp3019,true,0,0,0,0,0,0,0,0,0,1,0,0,1,1
exp302,true,0,0,1,0,0,0,0,0,0,1,1,1,2,2
exp3020,true,0,0,0,0,0,0,0,0,0,1,0,0,1,1
exp3021,true,0,0,0,0,0,0,0,0,0,1,0,0,1,1
exp3022,true,0,0,0,0,0,0,0,0,0,1,0,0,1,1
exp3023,true,0,0,0,0,0,0,0,0,0,1,0,0,1,1
exp3024,true,0,0,0,0,0,0,0,0,0,1,0,0,1,1
exp3025,true,0,0,0,0,0,0,0,0,0,1,0,0,1,1
exp3026,true,0,0,0,0,0,0,0,0,0,1,0,0,1,1
exp3027,true,0,0,0,0,0,0,0,0,0,1,0,0,1,1
exp3028,true,0,0,0,0,0,0,0,0,0,1,0,0,1,1
exp3029,true,0,0,0,0,0,0,0,0,0,1,0,0,1,1
exp303,true,0,0,1,0,0,0,0,0,0,1,1,1,2,2
exp3030,true,0,0,0,0,0,0,0,0,0,1,0,0,1,1
exp3031,true,0,0,0,0,0,0,0,0,0,1,0,0,1,1
exp3033,true,0,0,0,0,0,0,0,0,0,1,0,0,1,1
exp3034,true,0,0,0,0,0,0,0,0,0,1,0,0,1,1
exp3035,true,0,0,0,0,0,0,0,0,0,1,0,0,1,1
exp3036,true,0,0,0,0,0,0,0,0,0,1,0,0,1,1
exp3037,true,0,0,0,0,0,0,0,0,0,1,0,0,1,1
exp3038,true,0,0,0,0,0,0,0,0,0,1,0,0,1,1
exp3039,true,0,0,0,0,0,0,0,0,0,1,0,0,1,1
exp304,true,0,0,1,0,0,0,0,0,0,1,1,1,2,2
exp3040,true,0,0,0,0,0,0,0,0,0,1,0,0,1,1
exp3041,true,0,0,0,0,0,0,0,0,0,1,0,0,1,1
exp3042,true,0,0,0,0,0,0,0,0,0,1,0,0,1,1
exp3043,true,0,0,0,0,0,0,0,0,0,1,0,0,1,1
exp3044,true,0,0,0,0,0,0,0,0,0,1,0,0,1,1
exp3045,true,0,0,0,0,0,0,0,0,0,1,0,0,1,1
exp3046,true,0,0,0,0,0,0,0,0,0,1,0,0,1,1
exp3047,true,0,0,0,0,0,0,0,0,0,1,0,0,1,1
exp3048,true,0,0,0,0,0,0,0,0,0,1,0,0,1,1
exp3049,true,0,0,0,0,0,0,0,0,0,1,0,0,1,1
exp305,true,0,0,1,0,0,0,0,0,0,1,1,1,2,2
exp3050,true,0,0,0,0,0,0,0,0,0,1,0,0,1,1
exp3051,true,0,0,0,0,0,0,0,0,0,1,0,0,1,1
exp3052,true,0,0,0,0,0,0,0,0,0,1,0,0,1,1
exp3053,true,0,0,0,0,0,0,0,0,0,1,0,0,1,1
exp3054,true,0,0,0,0,0,0,0,0,0,1,0,0,1,1
exp3055,true,0,0,0,0,0,0,0,0,0,1,0,0,1,1
exp3056,true,0,0,0,0,0,0,0,0,0,1,0,0,1,1
exp3057,true,0,0,0,0,0,0,0,0,0,1,0,0,1,1
exp3058,true,0,0,0,0,0,0,0,0,0,1,0,0,1,1
exp3059,true,0,0,0,0,0,0,0,0,0,1,0,0,1,1
exp3060,true,0,0,0,0,0,0,0,0,0,1,0,0,1,1
exp3061,true,0,0,0,0,0,0,0,0,0,1,0,0,1,1
exp3062,true,0,0,0,0,0,0,0,0,0,1,0,0,1,1
exp3063,true,0,0,0,0,0,0,0,0,0,1,0,0,1,1
exp3064,true,0,0,0,0,0,0,0,0,0,1,0,0,1,1
exp3065,true,0,0,0,0,0,0,0,0,0,1,0,0,1,1
exp3066,true,0,0,0,0,0,0,0,0,0,1,0,0,1,1
exp3067,true,0,0,0,0,0,0,0,0,0,1,0,0,1,1
exp3068,true,0,0,0,0,0,0,0,0,0,1,0,0,1,1
exp3069,true,0,0,0,0,0,0,0,0,0,1,0,0,1,1
exp307,true,0,0,1,0,0,0,0,0,0,1,1,1,2,2
exp3070,true,0,0,0,0,0,0,0,0,0,1,0,0,1,1
exp3071,true,0,0,0,0,0,0,0,0,0,1,0,0,1,1
exp3072,true,0,0,0,0,0,0,0,0,0,1,0,0,1,1
exp3073,true,0,0,0,0,0,0,0,0,0,1,0,0,1,1
exp3074,true,0,0,0,0,0,0,0,0,0,1,0,0,1,1
exp3075,true,0,0,0,0,0,0,0,0,0,1,0,0,1,1
exp3076,true,0,0,0,0,0,0,0,0,0,1,0,0,1,1
exp3077,true,0,0,0,0,0,0,0,0,0,1,0,0,1,1
exp3078,true,0,0,0,0,0,0,0,0,0,1,0,0,1,1
exp3079,true,0,0,0,0,0,0,0,0,0,1,0,0,1,1
exp308,true,0,0,1,0,0,0,0,0,0,1,1,1,2,2
exp3080,true,0,0,0,0,0,0,0,0,0,1,0,0,1,1
exp3081,true,0,0,0,0,0,0,0,0,0,1,0,0,1,1
exp3082,true,0,0,0,0,0,0,0,0,0,1,0,0,1,1
exp3083,true,0,0,0,0,0,0,0,0,0,1,0,0,1,1
exp3084,true,0,0,0,0,0,0,0,0,0,1,0,0,1,1
exp3085,true,0,0,0,0,0,0,0,0,0,1,0,0,1,1
exp3086,true,0,0,0,0,0,0,0,0,0,1,0,0,1,1
exp3087,true,0,0,0,0,0,0,0,0,0,1,0,0,1,1
exp3088,true,0,0,0,0,0,0,0,0,0,1,0,0,1,1
exp3089,true,0,0,0,0,0,0,0,0,0,1,0,0,1,1
exp309,true,0,0,1,0,0,0,0,0,0,1,1,1,2,2
exp3090,true,0,0,0,0,0,0,0,0,0,1,0,0,1,1
exp3091,true,0,0,0,0,0,0,0,0,0,1,0,0,1,1
exp3092,true,0,0,0,0,0,0,0,0,0,1,0,0,1,1
exp3093,true,0,0,0,0,0,0,0,0,0,1,0,0,1,1
exp3094,true,0,0,0,0,0,0,0,0,0,1,0,0,1,1
exp3095,true,0,0,0,0,0,0,0,0,0,1,0,0,1,1
exp3096,true,0,0,0,0,0,0,0,0,0,1,0,0,1,1
exp3097,true,0,0,0,0,0,0,0,0,0,1,0,0,1,1
exp3098,true,0,0,0,0,0,0,0,0,0,1,0,0,1,1
exp31,true,0,0,1,0,0,0,0,0,0,1,1,1,2,2
exp310,true,0,0,1,0,0,0,0,0,0,1,1,1,2,2
exp3100,true,0,0,0,0,0,0,0,0,0,1,0,0,1,1
exp3101,true,0,0,0,0,0,0,0,0,0,1,0,0,1,1
exp3102,true,0,0,0,0,0,0,0,0,0,1,0,0,1,1
exp3103,true,0,0,0,0,0,0,0,0,0,1,0,0,1,1
exp3104,true,0,0,0,0,0,0,0,0,0,1,0,0,1,1
exp3105,true,0,0,0,0,0,0,0,0,0,1,0,0,1,1
exp3106,true,0,0,0,0,0,0,0,0,0,1,0,0,1,1
exp3107,true,0,0,0,0,0,0,0,0,0,1,0,0,1,1
exp3108,true,0,0,0,0,0,0,0,0,0,1,0,0,1,1
exp3109,true,0,0,0,0,0,0,0,0,0,1,0,0,1,1
exp311,true,0,0,1,0,0,0,0,0,0,1,1,1,2,2
exp3110,true,0,0,0,0,0,0,0,0,0,1,0,0,1,1
exp3111,true,0,0,0,0,0,0,0,0,0,1,0,0,1,1
exp3112,true,0,0,0,0,0,0,0,0,0,1,0,0,1,1
exp3114,true,0,0,0,0,0,0,0,0,0,1,0,0,1,1
exp3115,true,0,0,0,0,0,0,0,0,0,1,0,0,1,1
exp3116,true,0,0,0,0,0,0,0,0,0,1,0,0,1,1
exp3117,true,0,0,0,0,0,0,0,0,0,1,0,0,1,1
exp3118,true,0,0,0,0,0,0,0,0,0,1,0,0,1,1
exp3119,true,0,0,0,0,0,0,0,0,0,1,0,0,1,1
exp312,true,0,0,1,0,0,0,0,0,0,1,1,1,2,2
exp3120,true,0,0,0,0,0,0,0,0,0,1,0,0,1,1
exp3121,true,0,0,0,0,0,0,0,0,0,1,0,0,1,1
exp3122,true,0,0,0,0,0,0,0,0,0,1,0,0,1,1
exp3123,true,0,0,0,0,0,0,0,0,0,1,0,0,1,1
exp3124,true,0,0,0,0,0,0,0,0,0,1,0,0,1,1
exp3125,true,0,0,0,0,0,0,0,0,0,1,0,0,1,1
exp3126,true,0,0,0,0,0,0,0,0,0,1,0,0,1,1
exp3127,true,0,0,0,0,0,0,0,0,0,1,0,0,1,1
exp3128,true,0,0,0,0,0,0,0,0,0,1,0,0,1,1
exp3129,true,0,0,0,0,0,0,0,0,0,1,0,0,1,1
exp313,true,0,0,1,0,0,0,0,0,0,1,1,1,2,2
exp3130,true,0,0,0,0,0,0,0,0,0,1,0,0,1,1
exp3131,true,0,0,0,0,0,0,0,0,0,1,0,0,1,1
exp3132,true,0,0,0,0,0,0,0,0,0,1,0,0,1,1
exp3133,true,0,0,0,0,0,0,0,0,0,1,0,0,1,1
exp3134,true,0,0,0,0,0,0,0,0,0,1,0,0,1,1
exp3135,true,0,0,0,0,0,0,0,0,0,1,0,0,1,1
exp3136,true,0,0,0,0,0,0,0,0,0,1,0,0,1,1
exp3137,true,0,0,0,0,0,0,0,0,0,1,0,0,1,1
exp3138,true,0,0,0,0,0,0,0,0,0,1,0,0,1,1
exp3139,true,0,0,0,0,0,0,0,0,0,1,0,0,1,1
exp314,true,0,0,1,0,0,12,0,0,0,1,1,1,3,14
exp3140,true,0,0,0,0,0,0,0,0,0,1,0,0,1,1
exp3141,true,0,0,0,0,0,0,0,0,0,1,0,0,1,1
exp3142,true,0,0,0,0,0,0,0,0,0,1,0,0,1,1
exp3143,true,0,0,0,0,0,0,0,0,0,1,0,0,1,1
exp3144,true,0,0,0,0,0,0,0,0,0,1,0,0,1,1
exp3145,true,0,0,0,0,0,0,0,0,0,1,0,0,1,1
exp3146,true,0,0,0,0,0,0,0,0,0,1,0,0,1,1
exp3147,true,0,0,0,0,0,0,0,0,0,1,0,0,1,1
exp3148,true,0,0,0,0,0,0,0,0,0,1,0,0,1,1
exp3149,true,0,0,0,0,0,0,0,0,0,1,0,0,1,1
exp315,true,0,0,0,0,0,0,0,0,0,1,0,0,1,1
exp3150,true,0,0,0,0,0,0,0,0,0,1,0,0,1,1
exp3151,true,0,0,0,0,0,0,0,0,0,1,0,0,1,1
exp3152,true,0,0,0,0,0,0,0,0,0,1,0,0,1,1
exp3153,true,0,0,0,0,0,0,0,0,0,1,0,0,1,1
exp3154,true,0,0,0,0,0,0,0,0,0,1,0,0,1,1
exp3155,true,0,0,0,0,0,0,0,0,0,1,0,0,1,1
exp3156,true,0,0,0,0,0,0,0,0,0,1,0,0,1,1
exp3157,true,0,0,0,0,0,0,0,0,0,1,0,0,1,1
exp3158,true,0,0,0,0,0,0,0,0,0,1,0,0,1,1
exp3159,true,0,0,0,0,0,0,0,0,0,1,0,0,1,1
exp316,true,0,0,1,0,0,0,0,0,0,1,1,1,2,2
exp3160,true,0,0,0,0,0,0,0,0,0,1,0,0,1,1
exp3161,true,0,0,0,0,0,0,0,0,0,1,0,0,1,1
exp3162,true,0,0,0,0,0,0,0,0,0,1,0,0,1,1
exp3163,true,0,0,0,0,0,0,0,0,0,1,0,0,1,1
exp3164,true,0,0,0,0,0,0,0,0,0,1,0,0,1,1
exp3165,true,0,0,0,0,0,0,0,0,0,1,0,0,1,1
exp3166,true,0,0,0,0,0,0,0,0,0,1,0,0,1,1
exp3167,true,0,0,0,0,0,0,0,0,0,1,0,0,1,1
exp3168,true,0,0,0,0,0,0,0,0,0,1,0,0,1,1
exp3169,true,0,0,0,0,0,0,0,0,0,1,0,0,1,1
exp317,true,0,0,1,0,0,0,0,0,0,1,1,1,2,2
exp3170,true,0,0,0,0,0,0,0,0,0,1,0,0,1,1
exp3171,true,0,0,0,0,0,0,0,0,0,1,0,0,1,1
exp3172,true,0,0,0,0,0,0,0,0,0,1,0,0,1,1
exp3173,true,0,0,0,0,0,0,0,0,0,1,0,0,1,1
exp3174,true,0,0,0,0,0,0,0,0,0,1,0,0,1,1
exp3175,true,0,0,0,0,0,0,0,0,0,1,0,0,1,1
exp3176,true,0,0,0,0,0,0,0,0,0,1,0,0,1,1
exp3177,true,0,0,0,0,0,0,0,0,0,1,0,0,1,1
exp3178,true,0,0,0,0,0,0,0,0,0,1,0,0,1,1
exp3179,true,0,0,0,0,0,0,0,0,0,1,0,0,1,1
exp318,true,0,0,0,0,0,0,0,0,0,1,0,0,1,1
exp3180,true,0,0,0,0,0,0,0,0,0,1,0,0,1,1
exp3181,true,0,0,0,0,0,0,0,0,0,1,0,0,1,1
exp3182,true,0,0,0,0,0,0,0,0,0,1,0,0,1,1
exp3183,true,0,0,0,0,0,0,0,0,0,1,0,0,1,1
exp3184,true,0,0,0,0,0,0,0,0,0,1,0,0,1,1
exp3185,true,0,0,0,0,0,0,0,0,0,1,0,0,1,1
exp3186,true,0,0,0,0,0,0,0,0,0,1,0,0,1,1
exp3187,true,0,0,0,0,0,0,0,0,0,1,0,0,1,1
exp3188,true,0,0,0,0,0,0,0,0,0,1,0,0,1,1
exp3189,true,0,0,0,0,0,0,0,0,0,1,0,0,1,1
exp319,true,0,0,1,0,0,0,0,0,0,1,1,1,2,2
exp3190,true,0,0,0,0,0,0,0,0,0,1,0,0,1,1
exp3192,true,0,0,0,0,0,0,0,0,0,1,0,0,1,1
exp3193,true,0,0,0,0,0,0,0,0,0,1,0,0,1,1
exp3194,true,0,0,0,0,0,0,0,0,0,1,0,0,1,1
exp3195,true,0,0,0,0,0,0,0,0,0,1,0,0,1,1
exp3196,true,0,0,0,0,0,0,0,0,0,1,0,0,1,1
exp3197,true,0,0,0,0,0,0,0,0,0,1,0,0,1,1
exp3198,true,0,0,0,0,0,0,0,0,0,1,0,0,1,1
exp3199,true,0,0,0,0,0,0,0,0,0,1,0,0,1,1
exp320,true,0,0,1,0,0,0,0,0,0,1,1,1,2,2
exp3200,true,0,0,0,0,0,0,0,0,0,1,0,0,1,1
exp3201,true,0,0,0,0,0,0,0,0,0,1,0,0,1,1
exp3202,true,0,0,0,0,0,0,0,0,0,1,0,0,1,1
exp3203,true,0,0,0,0,0,0,0,0,0,1,0,0,1,1
exp3204,true,0,0,0,0,0,0,0,0,0,1,0,0,1,1
exp3205,true,0,0,0,0,0,0,0,0,0,1,0,0,1,1
exp3206,true,0,0,0,0,0,0,0,0,0,1,0,0,1,1
exp3207,true,0,0,0,0,0,0,0,0,0,1,0,0,1,1
exp3208,true,0,0,0,0,0,0,0,0,0,1,0,0,1,1
exp3209,true,0,0,0,0,0,0,0,0,0,1,0,0,1,1
exp321,true,0,0,1,0,0,12,0,0,0,1,1,1,3,14
exp3210,true,0,0,0,0,0,0,0,0,0,1,0,0,1,1
exp3211,true,0,0,0,0,0,0,0,0,0,1,0,0,1,1
exp3212,true,0,0,0,0,0,0,0,0,0,1,0,0,1,1
exp3213,true,0,0,0,0,0,0,0,0,0,1,0,0,1,1
exp3214,true,0,0,0,0,0,0,0,0,0,1,0,0,1,1
exp3215,true,0,0,0,0,0,0,0,0,0,1,0,0,1,1
exp3216,true,0,0,0,0,0,0,0,0,0,1,0,0,1,1
exp3217,true,0,0,0,0,0,0,0,0,0,1,0,0,1,1
exp3218,true,0,0,0,0,0,0,0,0,0,1,0,0,1,1
exp3219,true,0,0,0,0,0,0,0,0,0,1,0,0,1,1
exp322,true,0,0,1,0,0,12,0,0,0,1,1,1,3,14
exp3220,true,0,0,0,0,0,0,0,0,0,1,0,0,1,1
exp3221,true,0,0,0,0,0,0,0,0,0,1,0,0,1,1
exp3222,true,0,0,0,0,0,0,0,0,0,1,0,0,1,1
exp3223,true,0,0,0,0,0,0,0,0,0,1,0,0,1,1
exp3224,true,0,0,0,0,0,0,0,0,0,1,0,0,1,1
exp3225,true,0,0,0,0,0,0,0,0,0,1,0,0,1,1
exp3226,true,0,0,0,0,0,0,0,0,0,1,0,0,1,1
exp3227,true,0,0,0,0,0,0,0,0,0,1,0,0,1,1
exp3228,true,0,0,0,0,0,0,0,0,0,1,0,0,1,1
exp3229,true,0,0,0,0,0,0,0,0,0,1,0,0,1,1
exp323,true,0,0,1,0,0,0,0,0,0,1,1,1,2,2
exp3230,true,0,0,0,0,0,0,0,0,0,1,0,0,1,1
exp3231,true,0,0,0,0,0,0,0,0,0,1,0,0,1,1
exp3232,true,0,0,0,0,0,0,0,0,0,1,0,0,1,1
exp3233,true,0,0,0,0,0,0,0,0,0,1,0,0,1,1
exp3234,true,0,0,0,0,0,0,0,0,0,1,0,0,1,1
exp3235,true,0,0,0,0,0,0,0,0,0,1,0,0,1,1
exp3236,true,0,0,0,0,0,0,0,0,0,1,0,0,1,1
exp3237,true,0,0,0,0,0,0,0,0,0,1,0,0,1,1
exp3238,true,0,0,0,0,0,0,0,0,0,1,0,0,1,1
exp3239,true,0,0,0,0,0,0,0,0,0,1,0,0,1,1
exp324,true,0,0,0,0,0,0,0,0,0,1,1,1,1,1
exp3240,true,0,0,0,0,0,0,0,0,0,1,0,0,1,1
exp3241,true,0,0,0,0,0,0,0,0,0,1,0,0,1,1
exp3242,true,0,0,0,0,0,0,0,0,0,1,0,0,1,1
exp3243,true,0,0,0,0,0,0,0,0,0,1,0,0,1,1
exp3244,true,0,0,0,0,0,0,0,0,0,1,0,0,1,1
exp3245,true,0,0,0,0,0,0,0,0,0,1,0,0,1,1
exp3246,true,0,0,0,0,0,0,0,0,0,1,0,0,1,1
exp3247,true,0,0,0,0,0,0,0,0,0,1,0,0,1,1
exp3248,true,0,0,0,0,0,0,0,0,0,1,0,0,1,1
exp3249,true,0,0,0,0,0,0,0,0,0,1,0,0,1,1
exp325,true,0,0,1,0,0,0,0,0,0,1,1,1,2,2
exp3250,true,0,0,0,0,0,0,0,0,0,1,0,0,1,1
exp3251,true,0,0,0,0,0,0,0,0,0,1,0,0,1,1
exp3252,true,0,0,0,0,0,0,0,0,0,1,0,0,1,1
exp3253,true,0,0,0,0,0,0,0,0,0,1,0,0,1,1
exp3254,true,0,0,0,0,0,0,0,0,0,1,0,0,1,1
exp3255,true,0,0,0,0,0,0,0,0,0,1,0,0,1,1
exp3256,true,0,0,0,0,0,0,0,0,0,1,0,0,1,1
exp3257,true,0,0,0,0,0,0,0,0,0,1,0,0,1,1
exp3258,true,0,0,0,0,0,0,0,0,0,1,0,0,1,1
exp3259,true,0,0,0,0,0,0,0,0,0,1,0,0,1,1
exp326,true,0,0,0,0,0,0,0,0,0,1,1,1,1,1
exp3260,true,0,0,0,0,0,0,0,0,0,1,0,0,1,1
exp3261,true,0,0,0,0,0,0,0,0,0,1,0,0,1,1
exp3262,true,0,0,0,0,0,0,0,0,0,1,0,0,1,1
exp3263,true,0,0,0,0,0,0,0,0,0,1,0,0,1,1
exp3264,true,0,0,0,0,0,0,0,0,0,1,0,0,1,1
exp3265,true,0,0,0,0,0,0,0,0,0,1,0,0,1,1
exp3266,true,0,0,0,0,0,0,0,0,0,1,0,0,1,1
exp3267,true,0,0,0,0,0,0,0,0,0,1,0,0,1,1
exp3268,true,0,0,0,0,0,0,0,0,0,1,0,0,1,1
exp3269,true,0,0,0,0,0,0,0,0,0,1,0,0,1,1
exp327,true,0,0,1,0,0,0,0,0,0,1,1,1,2,2
exp3270,true,0,0,0,0,0,0,0,0,0,1,0,0,1,1
exp3271,true,0,0,0,0,0,0,0,0,0,1,0,0,1,1
exp3272,true,0,0,0,0,0,0,0,0,0,1,0,0,1,1
exp3273,true,0,0,0,0,0,0,0,0,0,1,0,0,1,1
exp3274,true,0,0,0,0,0,0,0,0,0,1,0,0,1,1
exp3275,true,0,0,0,0,0,0,0,0,0,1,0,0,1,1
exp3276,true,0,0,0,0,0,0,0,0,0,1,0,0,1,1
exp3277,true,0,0,0,0,0,0,0,0,0,1,0,0,1,1
exp3278,true,0,0,0,0,0,0,0,0,0,1,0,0,1,1
exp3279,true,0,0,0,0,0,0,0,0,0,1,0,0,1,1
exp328,true,0,0,1,0,0,0,0,0,0,1,1,1,2,2
exp3280,true,0,0,0,0,0,0,0,0,0,1,0,0,1,1
exp3281,true,0,0,0,0,0,0,0,0,0,1,0,0,1,1
exp3282,true,0,0,0,0,0,0,0,0,0,1,0,0,1,1
exp3283,true,0,0,0,0,0,0,0,0,0,1,0,0,1,1
exp3284,true,0,0,0,0,0,0,0,0,0,1,0,0,1,1
exp3285,true,0,0,0,0,0,0,0,0,0,1,0,0,1,1
exp3286,true,0,0,0,0,0,0,0,0,0,1,0,0,1,1
exp3287,true,0,0,0,0,0,0,0,0,0,1,0,0,1,1
exp3288,true,0,0,0,0,0,0,0,0,0,1,0,0,1,1
exp3289,true,0,0,0,0,0,0,0,0,0,1,0,0,1,1
exp329,true,0,0,1,0,0,0,0,0,0,1,1,1,2,2
exp3290,true,0,0,0,0,0,0,0,0,0,1,0,0,1,1
exp3291,true,0,0,0,0,0,0,0,0,0,1,0,0,1,1
exp3292,true,0,0,0,0,0,0,0,0,0,1,0,0,1,1
exp3293,true,0,0,0,0,0,0,0,0,0,1,0,0,1,1
exp3294,true,0,0,0,0,0,0,0,0,0,1,0,0,1,1
exp3295,true,0,0,0,0,0,0,0,0,0,1,0,0,1,1
exp3296,true,0,0,0,0,0,0,0,0,0,1,0,0,1,1
exp3297,true,0,0,0,0,0,0,0,0,0,1,0,0,1,1
exp3298,true,0,0,0,0,0,0,0,0,0,1,0,0,1,1
exp3299,true,0,0,0,0,0,0,0,0,0,1,0,0,1,1
exp33,true,0,0,1,0,0,0,0,0,0,1,1,1,2,2
exp3300,true,0,0,0,0,0,0,0,0,0,1,0,0,1,1
exp3301,true,0,0,0,0,0,0,0,0,0,1,0,0,1,1
exp3302,true,0,0,0,0,0,0,0,0,0,1,0,0,1,1
exp3303,true,0,0,0,0,0,0,0,0,0,1,0,0,1,1
exp3304,true,0,0,0,0,0,0,0,0,0,1,0,0,1,1
exp3305,true,0,0,0,0,0,0,0,0,0,1,0,0,1,1
exp3306,true,0,0,0,0,0,0,0,0,0,1,0,0,1,1
exp3307,true,0,0,0,0,0,0,0,0,0,1,0,0,1,1
exp3308,true,0,0,0,0,0,0,0,0,0,1,0,0,1,1
exp3309,true,0,0,0,0,0,0,0,0,0,1,0,0,1,1
exp331,true,0,0,1,0,8,12,0,0,0,1,1,1,4,22
exp3310,true,0,0,0,0,0,0,0,0,0,1,0,0,1,1
exp3311,true,0,0,0,0,0,0,0,0,0,1,0,0,1,1
exp3312,true,0,0,0,0,0,0,0,0,0,1,0,0,1,1
exp3313,true,0,0,0,0,0,0,0,0,0,1,0,0,1,1
exp3314,true,0,0,0,0,0,0,0,0,0,1,0,0,1,1
exp3315,true,0,0,0,0,0,0,0,0,0,1,0,0,1,1
exp3316,true,0,0,0,0,0,0,0,0,0,1,0,0,1,1
exp3317,true,0,0,0,0,0,0,0,0,0,1,0,0,1,1
exp3318,true,0,0,0,0,0,0,0,0,0,1,0,0,1,1
exp3319,true,0,0,0,0,0,0,0,0,0,1,0,0,1,1
exp3320,true,0,0,0,0,0,0,0,0,0,1,0,0,1,1
exp3321,true,0,0,0,0,0,0,0,0,0,1,0,0,1,1
exp3322,true,0,0,0,0,0,0,0,0,0,1,0,0,1,1
exp3323,true,0,0,0,0,0,0,0,0,0,1,0,0,1,1
exp3324,true,0,0,0,0,0,0,0,0,0,1,0,0,1,1
exp3325,true,0,0,0,0,0,0,0,0,0,1,0,0,1,1
exp3326,true,0,0,0,0,0,0,0,0,0,1,0,0,1,1
exp3327,true,0,0,0,0,0,0,0,0,0,1,0,0,1,1
exp3328,true,0,0,0,0,0,0,0,0,0,1,0,0,1,1
exp3329,true,0,0,0,0,0,0,0,0,0,1,0,0,1,1
exp333,true,0,0,0,0,0,0,0,0,0,1,0,0,1,1
exp3330,true,0,0,0,0,0,0,0,0,0,1,0,0,1,1
exp3331,true,0,0,0,0,0,0,0,0,0,1,0,0,1,1
exp3332,true,0,0,0,0,0,0,0,0,0,1,0,0,1,1
exp3333,true,0,0,0,0,0,0,0,0,0,1,0,0,1,1
exp3334,true,0,0,0,0,0,0,0,0,0,1,0,0,1,1
exp3335,true,0,0,0,0,0,0,0,0,0,1,0,0,1,1
exp3336,true,0,0,0,0,0,0,0,0,0,1,0,0,1,1
exp3337,true,0,0,0,0,0,0,0,0,0,1,0,0,1,1
exp3338,true,0,0,0,0,0,0,0,0,0,1,0,0,1,1
exp3339,true,0,0,0,0,0,0,0,0,0,1,0,0,1,1
exp334,true,0,0,1,0,0,0,0,0,0,1,1,1,2,2
exp3340,true,0,0,0,0,0,0,0,0,0,1,0,0,1,1
exp3341,true,0,0,0,0,0,0,0,0,0,1,0,0,1,1
exp3342,true,0,0,0,0,0,0,0,0,0,1,0,0,1,1
exp3343,true,0,0,0,0,0,0,0,0,0,1,0,0,1,1
exp3344,true,0,0,0,0,0,0,0,0,0,1,0,0,1,1
exp3345,true,0,0,0,0,0,0,0,0,0,1,0,0,1,1
exp3346,true,0,0,0,0,0,0,0,0,0,1,0,0,1,1
exp3347,true,0,0,0,0,0,0,0,0,0,1,0,0,1,1
exp3348,true,0,0,0,0,0,0,0,0,0,1,0,0,1,1
exp3349,true,0,0,0,0,0,0,0,0,0,1,0,0,1,1
exp335,true,0,0,1,0,0,0,0,0,0,1,1,1,2,2
exp3350,true,0,0,0,0,0,0,0,0,0,1,0,0,1,1
exp3351,true,0,0,0,0,0,0,0,0,0,1,0,0,1,1
exp3352,true,0,0,0,0,0,0,0,0,0,1,0,0,1,1
exp3353,true,0,0,0,0,0,0,0,0,0,1,0,0,1,1
exp3354,true,0,0,0,0,0,0,0,0,0,1,0,0,1,1
exp3355,true,0,0,0,0,0,0,0,0,0,1,0,0,1,1
exp3356,true,0,0,0,0,0,0,0,0,0,1,0,0,1,1
exp3357,true,0,0,0,0,0,0,0,0,0,1,0,0,1,1
exp3358,true,0,0,0,0,0,0,0,0,0,1,0,0,1,1
exp3359,true,0,0,0,0,0,0,0,0,0,1,0,0,1,1
exp336,true,0,0,1,0,0,0,0,0,0,1,1,1,2,2
exp3360,true,0,0,0,0,0,0,0,0,0,1,0,0,1,1
exp3361,true,0,0,0,0,0,0,0,0,0,1,0,0,1,1
exp3362,true,0,0,0,0,0,0,0,0,0,1,0,0,1,1
exp3363,true,0,0,0,0,0,0,0,0,0,1,0,0,1,1
exp3364,true,0,0,0,0,0,0,0,0,0,1,0,0,1,1
exp3365,true,0,0,0,0,0,0,0,0,0,1,0,0,1,1
exp3366,true,0,0,0,0,0,0,0,0,0,1,0,0,1,1
exp3367,true,0,0,0,0,0,0,0,0,0,1,0,0,1,1
exp3368,true,0,0,0,0,0,0,0,0,0,1,0,0,1,1
exp3369,true,0,0,0,0,0,0,0,0,0,1,0,0,1,1
exp337,true,0,0,1,0,0,0,0,0,0,1,1,1,2,2
exp3370,true,0,0,0,0,0,0,0,0,0,1,0,0,1,1
exp3371,true,0,0,0,0,0,0,0,0,0,1,0,0,1,1
exp3372,true,0,0,0,0,0,0,0,0,0,1,0,0,1,1
exp3373,true,0,0,0,0,0,0,0,0,0,1,0,0,1,1
exp3374,true,0,0,0,0,0,0,0,0,0,1,0,0,1,1
exp3375,true,0,0,0,0,0,0,0,0,0,1,0,0,1,1
exp3376,true,0,0,0,0,0,0,0,0,0,1,0,0,1,1
exp3377,true,0,0,0,0,0,0,0,0,0,1,0,0,1,1
exp3378,true,0,0,0,0,0,0,0,0,0,1,0,0,1,1
exp3379,true,0,0,0,0,0,0,0,0,0,1,0,0,1,1
exp338,true,0,0,1,0,0,0,0,0,0,1,1,1,2,2
exp3380,true,0,0,0,0,0,0,0,0,0,1,0,0,1,1
exp3381,true,0,0,0,0,0,0,0,0,0,1,0,0,1,1
exp3382,true,0,0,0,0,0,0,0,0,0,1,0,0,1,1
exp3383,true,0,0,0,0,0,0,0,0,0,1,0,0,1,1
exp3384,true,0,0,0,0,0,0,0,0,0,1,0,0,1,1
exp3385,true,0,0,0,0,0,0,0,0,0,1,0,0,1,1
exp3386,true,0,0,0,0,0,0,0,0,0,1,0,0,1,1
exp3387,true,0,0,0,0,0,0,0,0,0,1,0,0,1,1
exp3388,true,0,0,0,0,0,0,0,0,0,1,0,0,1,1
exp3389,true,0,0,0,0,0,0,0,0,0,1,0,0,1,1
exp3390,true,0,0,0,0,0,0,0,0,0,1,0,0,1,1
exp3391,true,0,0,0,0,0,0,0,0,0,1,0,0,1,1
exp3392,true,0,0,0,0,0,0,0,0,0,1,0,0,1,1
exp3393,true,0,0,0,0,0,0,0,0,0,1,0,0,1,1
exp3394,true,0,0,0,0,0,0,0,0,0,1,0,0,1,1
exp3395,true,0,0,0,0,0,0,0,0,0,1,0,0,1,1
exp3396,true,0,0,0,0,0,0,0,0,0,1,0,0,1,1
exp3397,true,0,0,0,0,0,0,0,0,0,1,0,0,1,1
exp3398,true,0,0,0,0,0,0,0,0,0,1,0,0,1,1
exp3399,true,0,0,0,0,0,0,0,0,0,1,0,0,1,1
exp340,true,0,0,5,0,0,0,0,0,0,1,5,5,2,6
exp3400,true,0,0,0,0,0,0,0,0,0,1,0,0,1,1
exp3401,true,0,0,0,0,0,0,0,0,0,1,0,0,1,1
exp3402,true,0,0,0,0,0,0,0,0,0,1,0,0,1,1
exp3403,true,0,0,0,0,0,0,0,0,0,1,0,0,1,1
exp3404,true,0,0,0,0,0,0,0,0,0,1,0,0,1,1
exp3405,true,0,0,0,0,0,0,0,0,0,1,0,0,1,1
exp3406,true,0,0,0,0,0,0,0,0,0,1,0,0,1,1
exp3407,true,0,0,0,0,0,0,0,0,0,1,0,0,1,1
exp3408,true,0,0,0,0,0,0,0,0,0,1,0,0,1,1
exp3409,true,0,0,0,0,0,0,0,0,0,1,0,0,1,1
exp341,true,0,0,1,0,0,0,0,0,0,1,1,1,2,2
exp3410,true,0,0,0,0,0,0,0,0,0,1,0,0,1,1
exp3411,true,0,0,0,0,0,0,0,0,0,1,0,0,1,1
exp3412,true,0,0,0,0,0,0,0,0,0,1,0,0,1,1
exp3413,true,0,0,0,0,0,0,0,0,0,1,0,0,1,1
exp3414,true,0,0,0,0,0,0,0,0,0,1,0,0,1,1
exp3415,true,0,0,0,0,0,0,0,0,0,1,0,0,1,1
exp3416,true,0,0,0,0,0,0,0,0,0,1,0,0,1,1
exp3417,true,0,0,0,0,0,0,0,0,0,1,0,0,1,1
exp3418,true,0,0,0,0,0,0,0,0,0,1,0,0,1,1
exp3419,true,0,0,0,0,0,0,0,0,0,1,0,0,1,1
exp3420,true,0,0,0,0,0,0,0,0,0,1,0,0,1,1
exp3421,true,0,0,0,0,0,0,0,0,0,1,0,0,1,1
exp3422,true,0,0,0,0,0,0,0,0,0,1,0,0,1,1
exp3423,true,0,0,0,0,0,0,0,0,0,1,0,0,1,1
exp3424,true,0,0,0,0,0,0,0,0,0,1,0,0,1,1
exp3425,true,0,0,0,0,0,0,0,0,0,1,0,0,1,1
exp3426,true,0,0,0,0,0,0,0,0,0,1,0,0,1,1
exp3427,true,0,0,0,0,0,0,0,0,0,1,0,0,1,1
exp3428,true,0,0,0,0,0,0,0,0,0,1,0,0,1,1
exp3429,true,0,0,0,0,0,0,0,0,0,1,0,0,1,1
exp343,true,0,0,1,0,0,0,0,0,0,1,1,1,2,2
exp3430,true,0,0,0,0,0,0,0,0,0,1,0,0,1,1
exp3431,true,0,0,0,0,0,0,0,0,0,1,0,0,1,1
exp3432,true,0,0,0,0,0,0,0,0,0,1,0,0,1,1
exp3433,true,0,0,0,0,0,0,0,0,0,1,0,0,1,1
exp3434,true,0,0,0,0,0,0,0,0,0,1,0,0,1,1
exp3435,true,0,0,0,0,0,0,0,0,0,1,0,0,1,1
exp3436,true,0,0,0,0,0,0,0,0,0,0,0,0,0,0
exp3437,true,0,0,0,0,0,0,0,0,0,0,0,0,0,0
exp344,true,0,0,1,0,0,0,0,0,0,1,1,1,2,2
exp345,true,0,0,1,0,0,0,0,0,0,1,1,1,2,2
exp3455,true,0,0,0,0,0,0,0,0,0,1,0,0,1,1
exp3456,true,0,0,0,0,0,0,0,0,0,1,0,0,1,1
exp3457,true,0,0,0,0,0,0,0,0,0,1,0,0,1,1
exp3458,true,0,0,0,0,0,0,0,0,0,1,0,0,1,1
exp3459,true,0,0,0,0,0,0,0,0,0,1,0,0,1,1
exp3460,true,0,0,0,0,0,0,0,0,0,1,0,0,1,1
exp3461,true,0,0,0,0,0,0,0,0,0,1,0,0,1,1
exp3462,true,0,0,0,0,0,0,0,0,0,1,0,0,1,1
exp3463,true,0,0,0,0,0,0,0,0,0,1,0,0,1,1
exp3464,true,0,0,0,0,0,0,0,0,0,1,0,0,1,1
exp3465,true,0,0,0,0,0,0,0,0,0,1,0,0,1,1
exp3466,true,0,0,0,0,0,0,0,0,0,1,0,0,1,1
exp3467,true,0,0,0,0,0,0,0,0,0,1,0,0,1,1
exp3468,true,0,0,0,0,0,0,0,0,0,1,0,0,1,1
exp3469,true,0,0,0,0,0,0,0,0,0,1,0,0,1,1
exp347,true,0,0,1,0,0,12,0,0,0,1,1,1,3,14
exp3470,true,0,0,0,0,0,0,0,0,0,0,0,0,0,0
exp3471,true,0,0,0,0,0,0,0,0,0,1,0,0,1,1
exp3472,true,0,0,0,0,0,0,0,0,0,1,0,0,1,1
exp3473,true,0,0,0,0,0,0,0,0,0,1,0,0,1,1
exp3474,true,0,0,0,0,0,0,0,0,0,1,0,0,1,1
exp3475,true,0,0,0,0,0,0,0,0,0,1,0,0,1,1
exp3476,true,0,0,0,0,0,0,0,0,0,1,0,0,1,1
exp3477,true,0,0,0,0,0,0,0,0,0,1,0,0,1,1
exp3478,true,0,0,0,0,0,0,0,0,0,1,0,0,1,1
exp3479,true,0,0,0,0,0,0,0,0,0,1,0,0,1,1
exp348,true,0,0,1,0,0,0,0,0,0,1,1,1,2,2
exp3480,true,0,0,0,0,0,0,0,0,0,1,0,0,1,1
exp3481,true,0,0,0,0,0,0,0,0,0,1,0,0,1,1
exp3482,true,0,0,0,0,0,0,0,0,0,1,0,0,1,1
exp3483,true,0,0,0,0,0,0,0,0,0,1,0,0,1,1
exp3484,true,0,0,0,0,0,0,0,0,0,1,0,0,1,1
exp3485,true,0,0,0,0,0,0,0,0,0,1,0,0,1,1
exp3486,true,0,0,0,0,0,0,0,0,0,1,0,0,1,1
exp3487,true,0,0,0,0,0,0,0,0,0,1,0,0,1,1
exp3488,true,0,0,0,0,0,0,0,0,0,1,0,0,1,1
exp3489,true,0,0,0,0,0,0,0,0,0,1,0,0,1,1
exp349,true,0,0,2,0,0,0,0,0,0,1,2,2,2,3
exp3490,true,0,0,0,0,0,0,0,0,0,1,0,0,1,1
exp3491,true,0,0,0,0,0,0,0,0,0,1,0,0,1,1
exp3492,true,0,0,0,0,0,0,0,0,0,1,0,0,1,1
exp3493,true,0,0,0,0,0,0,0,0,0,1,0,0,1,1
exp3494,true,0,0,0,0,0,0,0,0,0,1,0,0,1,1
exp3495,true,0,0,0,0,0,0,0,0,0,1,0,0,1,1
exp3496,true,0,0,0,0,0,0,0,0,0,1,0,0,1,1
exp3497,true,0,0,0,0,0,0,0,0,0,1,0,0,1,1
exp3498,true,0,0,0,0,0,0,0,0,0,1,0,0,1,1
exp3499,true,0,0,0,0,0,0,0,0,0,1,0,0,1,1
exp35,true,0,0,0,0,0,0,0,0,0,1,0,0,1,1
exp3500,true,0,0,0,0,0,0,0,0,0,1,0,0,1,1
exp3501,true,0,0,0,0,0,0,0,0,0,1,0,0,1,1
exp3502,true,0,0,0,0,0,0,0,0,0,1,0,0,1,1
exp3503,true,0,0,0,0,0,0,0,0,0,1,0,0,1,1
exp3504,true,0,0,0,0,0,0,0,0,0,1,0,0,1,1
exp3505,true,0,0,0,0,0,0,0,0,0,1,0,0,1,1
exp3506,true,0,0,0,0,0,0,0,0,0,1,0,0,1,1
exp3507,true,0,0,0,0,0,0,0,0,0,1,0,0,1,1
exp3508,true,0,0,0,0,0,0,0,0,0,1,0,0,1,1
exp3509,true,0,0,0,0,0,0,0,0,0,1,0,0,1,1
exp351,true,0,0,4,0,8,12,0,0,0,1,4,4,4,25
exp3510,true,0,0,0,0,0,0,0,0,0,1,0,0,1,1
exp3511,true,0,0,0,0,0,0,0,0,0,1,0,0,1,1
exp3512,true,0,0,0,0,0,0,0,0,0,1,0,0,1,1
exp3513,true,0,0,0,0,0,0,0,0,0,1,0,0,1,1
exp3514,true,0,0,0,0,0,0,0,0,0,1,0,0,1,1
exp3515,true,0,0,0,0,0,0,0,0,0,1,0,0,1,1
exp3516,true,0,0,0,0,0,0,0,0,0,1,0,0,1,1
exp3517,true,0,0,0,0,0,0,0,0,0,1,0,0,1,1
exp3518,true,0,0,0,0,0,0,0,0,0,1,0,0,1,1
exp3519,true,0,0,0,0,0,0,0,0,0,1,0,0,1,1
exp3520,true,0,0,0,0,0,0,0,0,0,1,0,0,1,1
exp3521,true,0,0,0,0,0,0,0,0,0,1,0,0,1,1
exp3522,true,0,0,0,0,0,0,0,0,0,1,0,0,1,1
exp3523,true,0,0,0,0,0,0,0,0,0,1,0,0,1,1
exp3524,true,0,0,0,0,0,0,0,0,0,1,0,0,1,1
exp3525,true,0,0,0,0,0,0,0,0,0,1,0,0,1,1
exp3526,true,0,0,0,0,0,0,0,0,0,1,0,0,1,1
exp3527,true,0,0,0,0,0,0,0,0,0,1,0,0,1,1
exp3528,true,0,0,0,0,0,0,0,0,0,1,0,0,1,1
exp3529,true,0,0,0,0,0,0,0,0,0,1,0,0,1,1
exp353,true,0,0,0,0,0,0,0,0,0,1,0,0,1,1
exp3530,true,0,0,0,0,0,0,0,0,0,1,0,0,1,1
exp3531,true,0,0,0,0,0,0,0,0,0,1,0,0,1,1
exp3532,true,0,0,0,0,0,0,0,0,0,1,0,0,1,1
exp3533,true,0,0,0,0,0,0,0,0,0,1,0,0,1,1
exp3534,true,0,0,0,0,0,0,0,0,0,1,0,0,1,1
exp3535,true,0,0,0,0,0,0,0,0,0,1,0,0,1,1
exp3536,true,0,0,0,0,0,0,0,0,0,1,0,0,1,1
exp3537,true,0,0,0,0,0,0,0,0,0,1,0,0,1,1
exp3538,true,0,0,0,0,0,0,0,0,0,1,0,0,1,1
exp3539,true,0,0,0,0,0,0,0,0,0,1,0,0,1,1
exp3540,true,0,0,0,0,0,0,0,0,0,1,0,0,1,1
exp3541,true,0,0,0,0,0,0,0,0,0,1,0,0,1,1
exp3542,true,0,0,0,0,0,0,0,0,0,1,0,0,1,1
exp3543,true,0,0,0,0,0,0,0,0,0,1,0,0,1,1
exp3544,true,0,0,0,0,0,0,0,0,0,1,0,0,1,1
exp3545,true,0,0,0,0,0,0,0,0,0,1,0,0,1,1
exp3546,true,0,0,0,0,0,0,0,0,0,1,0,0,1,1
exp3547,true,0,0,0,0,0,0,0,0,0,1,0,0,1,1
exp3548,true,0,0,0,0,0,0,0,0,0,1,0,0,1,1
exp3549,true,0,0,0,0,0,0,0,0,0,1,0,0,1,1
exp355,true,0,0,0,0,0,0,0,0,0,1,0,0,1,1
exp3550,true,0,0,0,0,0,0,0,0,0,1,0,0,1,1
exp3551,true,0,0,0,0,0,0,0,0,0,1,0,0,1,1
exp3552,true,0,0,0,0,0,0,0,0,0,1,0,0,1,1
exp3553,true,0,0,0,0,0,0,0,0,0,1,0,0,1,1
exp3554,true,0,0,0,0,0,0,0,0,0,1,0,0,1,1
exp3555,true,0,0,0,0,0,0,0,0,0,1,0,0,1,1
exp3556,true,0,0,0,0,0,0,0,0,0,1,0,0,1,1
exp3557,true,0,0,0,0,0,0,0,0,0,1,0,0,1,1
exp3558,true,0,0,0,0,0,0,0,0,0,1,0,0,1,1
exp3559,true,0,0,0,0,0,0,0,0,0,1,0,0,1,1
exp3560,true,0,0,0,0,0,0,0,0,0,1,0,0,1,1
exp3561,true,0,0,0,0,0,0,0,0,0,1,0,0,1,1
exp3562,true,0,0,0,0,0,0,0,0,0,1,0,0,1,1
exp3563,true,0,0,0,0,0,0,0,0,0,1,0,0,1,1
exp3564,true,0,0,0,0,0,0,0,0,0,1,0,0,1,1
exp3565,true,0,0,0,0,0,0,0,0,0,1,0,0,1,1
exp3566,true,0,0,0,0,0,0,0,0,0,1,0,0,1,1
exp3567,true,0,0,0,0,0,0,0,0,0,1,0,0,1,1
exp3568,true,0,0,0,0,0,0,0,0,0,1,0,0,1,1
exp3569,true,0,0,0,0,0,0,0,0,0,1,0,0,1,1
exp3570,true,0,0,0,0,0,0,0,0,0,1,0,0,1,1
exp3571,true,0,0,0,0,0,0,0,0,0,1,0,0,1,1
exp3573,true,0,0,0,0,0,0,0,0,0,1,0,0,1,1
exp3574,true,0,0,0,0,0,0,0,0,0,1,0,0,1,1
exp3575,true,0,0,0,0,0,0,0,0,0,1,0,0,1,1
exp3576,true,0,0,0,0,0,0,0,0,0,1,0,0,1,1
exp3577,true,0,0,0,0,0,0,0,0,0,1,0,0,1,1
exp3578,true,0,0,0,0,0,0,0,0,0,1,0,0,1,1
exp3579,true,0,0,0,0,0,0,0,0,0,1,0,0,1,1
exp358,true,0,0,4,0,0,0,0,0,0,1,4,4,2,5
exp3580,true,0,0,0,0,0,0,0,0,0,1,0,0,1,1
exp3581,true,0,0,0,0,0,0,0,0,0,1,0,0,1,1
exp3582,true,0,0,0,0,0,0,0,0,0,1,0,0,1,1
exp3583,true,0,0,0,0,0,0,0,0,0,1,0,0,1,1
exp3584,true,0,0,0,0,0,0,0,0,0,1,0,0,1,1
exp3585,true,0,0,0,0,0,0,0,0,0,1,0,0,1,1
exp3586,true,0,0,0,0,0,0,0,0,0,1,0,0,1,1
exp3587,true,0,0,0,0,0,0,0,0,0,1,0,0,1,1
exp3588,true,0,0,0,0,0,0,0,0,0,1,0,0,1,1
exp3589,true,0,0,0,0,0,0,0,0,0,1,0,0,1,1
exp3590,true,0,0,0,0,0,0,0,0,0,1,0,0,1,1
exp3591,true,0,0,0,0,0,0,0,0,0,1,0,0,1,1
exp3592,true,0,0,0,0,0,0,0,0,0,1,0,0,1,1
exp3593,true,0,0,0,0,0,0,0,0,0,1,0,0,1,1
exp3594,true,0,0,0,0,0,0,0,0,0,1,0,0,1,1
exp3595,true,0,0,0,0,0,0,0,0,0,1,0,0,1,1
exp3596,true,0,0,0,0,0,0,0,0,0,1,0,0,1,1
exp3597,true,0,0,0,0,0,0,0,0,0,1,0,0,1,1
exp3598,true,0,0,0,0,0,0,0,0,0,1,0,0,1,1
exp3599,true,0,0,0,0,0,0,0,0,0,1,0,0,1,1
exp36,true,0,0,1,0,0,12,0,0,0,1,1,1,3,14
exp360,true,0,0,1,0,0,12,0,0,0,1,1,1,3,14
exp3600,true,0,0,0,0,0,0,0,0,0,1,0,0,1,1
exp3601,true,0,0,0,0,0,0,0,0,0,1,0,0,1,1
exp3602,true,0,0,0,0,0,0,0,0,0,1,0,0,1,1
exp3603,true,0,0,0,0,0,0,0,0,0,1,0,0,1,1
exp3604,true,0,0,0,0,0,0,0,0,0,1,0,0,1,1
exp3605,true,0,0,0,0,0,0,0,0,0,1,0,0,1,1
exp3606,true,0,0,0,0,0,0,0,0,0,1,0,0,1,1
exp3607,true,0,0,0,0,0,0,0,0,0,1,0,0,1,1
exp3608,true,0,0,0,0,0,0,0,0,0,1,0,0,1,1
exp3609,true,0,0,0,0,0,0,0,0,0,1,0,0,1,1
exp361,true,0,0,1,0,0,0,0,0,0,1,1,1,2,2
exp3611,true,0,0,0,0,0,0,0,0,0,1,0,0,1,1
exp3613,true,0,0,0,0,0,0,0,0,0,1,0,0,1,1
exp3614,true,0,0,0,0,0,0,0,0,0,1,0,0,1,1
exp3615,true,0,0,0,0,0,0,0,0,0,1,0,0,1,1
exp3616,true,0,0,0,0,0,0,0,0,0,1,0,0,1,1
exp3617,true,0,0,0,0,0,0,0,0,0,1,0,0,1,1
exp3618,true,0,0,0,0,0,0,0,0,0,1,0,0,1,1
exp3619,true,0,0,0,0,0,0,0,0,0,1,0,0,1,1
exp362,true,0,0,1,0,0,12,0,0,0,1,1,1,3,14
exp3620,true,0,0,0,0,0,0,0,0,0,1,0,0,1,1
exp3621,true,0,0,0,0,0,0,0,0,0,1,0,0,1,1
exp3622,true,0,0,0,0,0,0,0,0,0,1,0,0,1,1
exp3623,true,0,0,0,0,0,0,0,0,0,1,0,0,1,1
exp3624,true,0,0,0,0,0,0,0,0,0,1,0,0,1,1
exp3625,true,0,0,0,0,0,0,0,0,0,1,0,0,1,1
exp3626,true,0,0,0,0,0,0,0,0,0,1,0,0,1,1
exp3627,true,0,0,0,0,0,0,0,0,0,1,0,0,1,1
exp3628,true,0,0,0,0,0,0,0,0,0,1,0,0,1,1
exp3629,true,0,0,0,0,0,0,0,0,0,1,0,0,1,1
exp363,true,0,0,1,0,0,0,0,0,0,1,1,1,2,2
exp3630,true,0,0,0,0,0,0,0,0,0,1,0,0,1,1
exp3631,true,0,0,0,0,0,0,0,0,0,1,0,0,1,1
exp3632,true,0,0,0,0,0,0,0,0,0,1,0,0,1,1
exp3633,true,0,0,0,0,0,0,0,0,0,1,0,0,1,1
exp3634,true,0,0,0,0,0,0,0,0,0,1,0,0,1,1
exp3635,true,0,0,0,0,0,0,0,0,0,1,0,0,1,1
exp3636,true,0,0,0,0,0,0,0,0,0,1,0,0,1,1
exp3637,true,0,0,0,0,0,0,0,0,0,1,0,0,1,1
exp3638,true,0,0,0,0,0,0,0,0,0,1,0,0,1,1
exp3639,true,0,0,0,0,0,0,0,0,0,1,0,0,1,1
exp364,true,0,0,1,0,8,12,0,0,0,1,1,1,4,22
exp3640,true,0,0,0,0,0,0,0,0,0,1,0,0,1,1
exp3641,true,0,0,0,0,0,0,0,0,0,1,0,0,1,1
exp3642,true,0,0,0,0,0,0,0,0,0,1,0,0,1,1
exp3643,true,0,0,0,0,0,0,0,0,0,1,0,0,1,1
exp3644,true,0,0,0,0,0,0,0,0,0,1,0,0,1,1
exp3645,true,0,0,0,0,0,0,0,0,0,1,0,0,1,1
exp3646,true,0,0,0,0,0,0,0,0,0,1,0,0,1,1
exp3647,true,0,0,0,0,0,0,0,0,0,1,0,0,1,1
exp3648,true,0,0,0,0,0,0,0,0,0,1,0,0,1,1
exp3649,true,0,0,0,0,0,0,0,0,0,1,0,0,1,1
exp365,true,0,0,1,0,0,12,0,0,0,1,1,1,3,14
exp3650,true,0,0,0,0,0,0,0,0,0,1,0,0,1,1
exp3651,true,0,0,0,0,0,0,0,0,0,1,0,0,1,1
exp3652,true,0,0,0,0,0,0,0,0,0,1,0,0,1,1
exp3653,true,0,0,0,0,0,0,0,0,0,1,0,0,1,1
exp3654,true,0,0,0,0,0,0,0,0,0,1,0,0,1,1
exp3655,true,0,0,0,0,0,0,0,0,0,1,0,0,1,1
exp3656,true,0,0,0,0,0,0,0,0,0,1,0,0,1,1
exp3657,true,0,0,0,0,0,0,0,0,0,1,0,0,1,1
exp3658,true,0,0,0,0,0,0,0,0,0,1,0,0,1,1
exp3659,true,0,0,0,0,0,0,0,0,0,1,0,0,1,1
exp366,true,0,0,1,0,0,0,0,0,0,1,1,1,2,2
exp3660,true,0,0,0,0,0,0,0,0,0,1,0,0,1,1
exp3661,true,0,0,0,0,0,0,0,0,0,1,0,0,1,1
exp3662,true,0,0,0,0,0,0,0,0,0,1,0,0,1,1
exp3663,true,0,0,0,0,0,0,0,0,0,1,0,0,1,1
exp3664,true,0,0,0,0,0,0,0,0,0,1,0,0,1,1
exp3665,true,0,0,0,0,0,0,0,0,0,1,0,0,1,1
exp3666,true,0,0,0,0,0,0,0,0,0,1,0,0,1,1
exp3667,true,0,0,0,0,0,0,0,0,0,1,0,0,1,1
exp3668,true,0,0,0,0,0,0,0,0,0,1,0,0,1,1
exp3669,true,0,0,0,0,0,0,0,0,0,1,0,0,1,1
exp367,true,0,0,1,0,0,0,0,0,0,1,1,1,2,2
exp3670,true,0,0,0,0,0,0,0,0,0,1,0,0,1,1
exp3671,true,0,0,0,0,0,0,0,0,0,1,0,0,1,1
exp3672,true,0,0,0,0,0,0,0,0,0,1,0,0,1,1
exp3673,true,0,0,0,0,0,0,0,0,0,1,0,0,1,1
exp3674,true,0,0,0,0,0,0,0,0,0,1,0,0,1,1
exp3675,true,0,0,0,0,0,0,0,0,0,1,0,0,1,1
exp3676,true,0,0,0,0,0,0,0,0,0,1,0,0,1,1
exp3677,true,0,0,0,0,0,0,0,0,0,1,0,0,1,1
exp3678,true,0,0,0,0,0,0,0,0,0,1,0,0,1,1
exp3679,true,0,0,0,0,0,0,0,0,0,1,0,0,1,1
exp368,true,0,0,1,0,0,0,0,0,0,1,1,1,2,2
exp3680,true,0,0,0,0,0,0,0,0,0,1,0,0,1,1
exp3681,true,0,0,0,0,0,0,0,0,0,1,0,0,1,1
exp3682,true,0,0,0,0,0,0,0,0,0,1,0,0,1,1
exp3683,true,0,0,0,0,0,0,0,0,0,1,0,0,1,1
exp3684,true,0,0,0,0,0,0,0,0,0,1,0,0,1,1
exp3685,true,0,0,0,0,0,0,0,0,0,1,0,0,1,1
exp3686,true,0,0,0,0,0,0,0,0,0,1,0,0,1,1
exp3687,true,0,0,0,0,0,0,0,0,0,1,0,0,1,1
exp3688,true,0,0,0,0,0,0,0,0,0,1,0,0,1,1
exp3689,true,0,0,0,0,0,0,0,0,0,1,0,0,1,1
exp369,true,0,0,0,0,0,0,0,0,0,1,0,0,1,1
exp3690,true,0,0,0,0,0,0,0,0,0,1,0,0,1,1
exp3691,true,0,0,0,0,0,0,0,0,0,1,0,0,1,1
exp3692,true,0,0,0,0,0,0,0,0,0,1,0,0,1,1
exp3693,true,0,0,0,0,0,0,0,0,0,1,0,0,1,1
exp3694,true,0,0,0,0,0,0,0,0,0,0,0,0,0,0
exp3695,true,0,0,0,0,0,0,0,0,0,0,0,0,0,0
exp371,true,0,0,1,0,0,0,0,0,0,1,1,1,2,2
exp3728,true,0,0,0,0,0,0,0,0,0,1,0,0,1,1
exp3729,true,0,0,0,0,0,0,0,0,0,1,0,0,1,1
exp373,true,0,0,1,0,0,0,0,0,0,1,1,1,2,2
exp3730,true,0,0,0,0,0,0,0,0,0,1,0,0,1,1
exp3731,true,0,0,0,0,0,0,0,0,0,1,0,0,1,1
exp3732,true,0,0,0,0,0,0,0,0,0,1,0,0,1,1
exp3733,true,0,0,0,0,0,0,0,0,0,1,0,0,1,1
exp3734,true,0,0,0,0,0,0,0,0,0,1,0,0,1,1
exp3735,true,0,0,0,0,0,0,0,0,0,1,0,0,1,1
exp3736,true,0,0,0,0,0,0,0,0,0,1,0,0,1,1
exp3737,true,0,0,0,0,0,0,0,0,0,1,0,0,1,1
exp3738,true,0,0,0,0,0,0,0,0,0,1,0,0,1,1
exp3739,true,0,0,0,0,0,0,0,0,0,1,0,0,1,1
exp3740,true,0,0,0,0,0,0,0,0,0,1,0,0,1,1
exp3741,true,0,0,0,0,0,0,0,0,0,1,0,0,1,1
exp3742,true,0,0,0,0,0,0,0,0,0,1,0,0,1,1
exp3743,true,0,0,0,0,0,0,0,0,0,1,0,0,1,1
exp3744,true,0,0,0,0,0,0,0,0,0,1,0,0,1,1
exp3745,true,0,0,0,0,0,0,0,0,0,1,0,0,1,1
exp3746,true,0,0,0,0,0,0,0,0,0,1,0,0,1,1
exp3747,true,0,0,0,0,0,0,0,0,0,1,0,0,1,1
exp3748,true,0,0,0,0,0,0,0,0,0,1,0,0,1,1
exp3749,true,0,0,0,0,0,0,0,0,0,1,0,0,1,1
exp375,true,0,0,1,0,0,0,0,0,0,1,1,1,2,2
exp3750,true,0,0,0,0,0,0,0,0,0,1,0,0,1,1
exp3751,true,0,0,0,0,0,0,0,0,0,1,0,0,1,1
exp3752,true,0,0,0,0,0,0,0,0,0,1,0,0,1,1
exp3753,true,0,0,0,0,0,0,0,0,0,1,0,0,1,1
exp3754,true,0,0,0,0,0,0,0,0,0,1,0,0,1,1
exp3755,true,0,0,0,0,0,0,0,0,0,1,0,0,1,1
exp3756,true,0,0,0,0,0,0,0,0,0,1,0,0,1,1
exp3757,true,0,0,0,0,0,0,0,0,0,1,0,0,1,1
exp3758,true,0,0,0,0,0,0,0,0,0,1,0,0,1,1
exp3759,true,0,0,0,0,0,0,0,0,0,1,0,0,1,1
exp376,true,0,0,0,0,0,0,0,0,0,1,1,1,1,1
exp3760,true,0,0,0,0,0,0,0,0,0,1,0,0,1,1
exp3761,true,0,0,0,0,0,0,0,0,0,1,0,0,1,1
exp3762,true,0,0,0,0,0,0,0,0,0,1,0,0,1,1
exp3763,true,0,0,0,0,0,0,0,0,0,1,0,0,1,1
exp3764,true,0,0,0,0,0,0,0,0,0,1,0,0,1,1
exp3765,true,0,0,0,0,0,0,0,0,0,1,0,0,1,1
exp3766,true,0,0,0,0,0,0,0,0,0,1,0,0,1,1
exp3767,true,0,0,0,0,0,0,0,0,0,1,0,0,1,1
exp3768,true,0,0,0,0,0,0,0,0,0,1,0,0,1,1
exp3769,true,0,0,0,0,0,0,0,0,0,1,0,0,1,1
exp377,true,0,0,1,0,0,0,0,0,0,1,1,1,2,2
exp3770,true,0,0,0,0,0,0,0,0,0,1,0,0,1,1
exp3771,true,0,0,0,0,0,0,0,0,0,1,0,0,1,1
exp3772,true,0,0,0,0,0,0,0,0,0,1,0,0,1,1
exp3773,true,0,0,0,0,0,0,0,0,0,1,0,0,1,1
exp3774,true,0,0,0,0,0,0,0,0,0,1,0,0,1,1
exp3775,true,0,0,0,0,0,0,0,0,0,1,0,0,1,1
exp3776,true,0,0,0,0,0,0,0,0,0,1,0,0,1,1
exp3777,true,0,0,0,0,0,0,0,0,0,1,0,0,1,1
exp3778,true,0,0,0,0,0,0,0,0,0,1,0,0,1,1
exp3779,true,0,0,0,0,0,0,0,0,0,1,0,0,1,1
exp378,true,0,0,1,0,0,0,0,0,0,1,1,1,2,2
exp3780,true,0,0,0,0,0,0,0,0,0,1,0,0,1,1
exp3781,true,0,0,0,0,0,0,0,0,0,1,0,0,1,1
exp3782,true,0,0,0,0,0,0,0,0,0,1,0,0,1,1
exp3783,true,0,0,0,0,0,0,0,0,0,1,0,0,1,1
exp3784,true,0,0,0,0,0,0,0,0,0,1,0,0,1,1
exp3785,true,0,0,0,0,0,0,0,0,0,1,0,0,1,1
exp3786,true,0,0,0,0,0,0,0,0,0,1,0,0,1,1
exp3787,true,0,0,0,0,0,0,0,0,0,1,0,0,1,1
exp3788,true,0,0,0,0,0,0,0,0,0,1,0,0,1,1
exp3789,true,0,0,0,0,0,0,0,0,0,1,0,0,1,1
exp379,true,0,0,0,0,0,0,0,0,0,1,0,0,1,1
exp3790,true,0,0,0,0,0,0,0,0,0,1,0,0,1,1
exp3791,true,0,0,0,0,0,0,0,0,0,1,0,0,1,1
exp3792,true,0,0,0,0,0,0,0,0,0,1,0,0,1,1
exp3793,true,0,0,0,0,0,0,0,0,0,1,0,0,1,1
exp3794,true,0,0,0,0,0,0,0,0,0,1,0,0,1,1
exp3795,true,0,0,0,0,0,0,0,0,0,1,0,0,1,1
exp3796,true,0,0,0,0,0,0,0,0,0,1,0,0,1,1
exp3797,true,0,0,0,0,0,0,0,0,0,1,0,0,1,1
exp3798,true,0,0,0,0,0,0,0,0,0,1,0,0,1,1
exp3799,true,0,0,0,0,0,0,0,0,0,1,0,0,1,1
exp38,true,0,0,1,0,0,12,0,0,0,1,1,1,3,14
exp3800,true,0,0,0,0,0,0,0,0,0,1,0,0,1,1
exp3801,true,0,0,0,0,0,0,0,0,0,1,0,0,1,1
exp3802,true,0,0,0,0,0,0,0,0,0,1,0,0,1,1
exp3803,true,0,0,0,0,0,0,0,0,0,1,0,0,1,1
exp3804,true,0,0,0,0,0,0,0,0,0,1,0,0,1,1
exp3805,true,0,0,0,0,0,0,0,0,0,1,0,0,1,1
exp3806,true,0,0,0,0,0,0,0,0,0,1,0,0,1,1
exp3807,true,0,0,0,0,0,0,0,0,0,1,0,0,1,1
exp3808,true,0,0,0,0,0,0,0,0,0,1,0,0,1,1
exp3809,true,0,0,0,0,0,0,0,0,0,1,0,0,1,1
exp381,true,0,0,1,0,0,0,0,0,0,1,1,1,2,2
exp3810,true,0,0,0,0,0,0,0,0,0,1,0,0,1,1
exp3811,true,0,0,0,0,0,0,0,0,0,1,0,0,1,1
exp3812,true,0,0,0,0,0,0,0,0,0,1,0,0,1,1
exp3813,true,0,0,0,0,0,0,0,0,0,1,0,0,1,1
exp3814,true,0,0,0,0,0,0,0,0,0,1,0,0,1,1
exp3815,true,0,0,0,0,0,0,0,0,0,1,0,0,1,1
exp3816,true,0,0,0,0,0,0,0,0,0,1,0,0,1,1
exp3817,true,0,0,0,0,0,0,0,0,0,1,0,0,1,1
exp3818,true,0,0,0,0,0,0,0,0,0,1,0,0,1,1
exp3819,true,0,0,0,0,0,0,0,0,0,1,0,0,1,1
exp382,true,0,0,1,0,0,0,0,0,0,1,1,1,2,2
exp3820,true,0,0,0,0,0,0,0,0,0,1,0,0,1,1
exp3821,true,0,0,0,0,0,0,0,0,0,1,0,0,1,1
exp3822,true,0,0,0,0,0,0,0,0,0,1,0,0,1,1
exp3823,true,0,0,0,0,0,0,0,0,0,1,0,0,1,1
exp3824,true,0,0,0,0,0,0,0,0,0,1,0,0,1,1
exp3825,true,0,0,0,0,0,0,0,0,0,1,0,0,1,1
exp3826,true,0,0,0,0,0,0,0,0,0,1,0,0,1,1
exp3827,true,0,0,0,0,0,0,0,0,0,1,0,0,1,1
exp3828,true,0,0,0,0,0,0,0,0,0,1,0,0,1,1
exp3829,true,0,0,0,0,0,0,0,0,0,1,0,0,1,1
exp383,true,0,0,1,0,0,0,0,0,0,1,1,1,2,2
exp3830,true,0,0,0,0,0,0,0,0,0,1,0,0,1,1
exp3831,true,0,0,0,0,0,0,0,0,0,1,0,0,1,1
exp3832,true,0,0,0,0,0,0,0,0,0,1,0,0,1,1
exp3833,true,0,0,0,0,0,0,0,0,0,1,0,0,1,1
exp3834,true,0,0,0,0,0,0,0,0,0,1,0,0,1,1
exp3835,true,0,0,0,0,0,0,0,0,0,1,0,0,1,1
exp3836,true,0,0,0,0,0,0,0,0,0,1,0,0,1,1
exp3837,true,0,0,0,0,0,0,0,0,0,1,0,0,1,1
exp3838,true,0,0,0,0,0,0,0,0,0,1,0,0,1,1
exp3839,true,0,0,0,0,0,0,0,0,0,1,0,0,1,1
exp3840,true,0,0,0,0,0,0,0,0,0,1,0,0,1,1
exp3841,true,0,0,0,0,0,0,0,0,0,1,0,0,1,1
exp3842,true,0,0,0,0,0,0,0,0,0,1,0,0,1,1
exp3843,true,0,0,0,0,0,0,0,0,0,1,0,0,1,1
exp3844,true,0,0,0,0,0,0,0,0,0,1,0,0,1,1
exp3845,true,0,0,0,0,0,0,0,0,0,1,0,0,1,1
exp3846,true,0,0,0,0,0,0,0,0,0,1,0,0,1,1
exp3847,true,0,0,0,0,0,0,0,0,0,1,0,0,1,1
exp3848,true,0,0,0,0,0,0,0,0,0,1,0,0,1,1
exp3849,true,0,0,0,0,0,0,0,0,0,1,0,0,1,1
exp385,true,0,0,5,0,0,12,0,0,0,1,5,5,3,18
exp3850,true,0,0,0,0,0,0,0,0,0,1,0,0,1,1
exp3851,true,0,0,0,0,0,0,0,0,0,1,0,0,1,1
exp3852,true,0,0,0,0,0,0,0,0,0,1,0,0,1,1
exp3853,true,0,0,0,0,0,0,0,0,0,1,0,0,1,1
exp3854,true,0,0,0,0,0,0,0,0,0,1,0,0,1,1
exp3855,true,0,0,0,0,0,0,0,0,0,1,0,0,1,1
exp3856,true,0,0,0,0,0,0,0,0,0,1,0,0,1,1
exp3857,true,0,0,0,0,0,0,0,0,0,1,0,0,1,1
exp3858,true,0,0,0,0,0,0,0,0,0,1,0,0,1,1
exp3859,true,0,0,0,0,0,0,0,0,0,1,0,0,1,1
exp3860,true,0,0,0,0,0,0,0,0,0,1,0,0,1,1
exp3861,true,0,0,0,0,0,0,0,0,0,1,0,0,1,1
exp3862,true,0,0,0,0,0,0,0,0,0,1,0,0,1,1
exp3863,true,0,0,0,0,0,0,0,0,0,1,0,0,1,1
exp3864,true,0,0,0,0,0,0,0,0,0,1,0,0,1,1
exp3865,true,0,0,0,0,0,0,0,0,0,1,0,0,1,1
exp3866,true,0,0,0,0,0,0,0,0,0,1,0,0,1,1
exp3867,true,0,0,0,0,0,0,0,0,0,1,0,0,1,1
exp3868,true,0,0,0,0,0,0,0,0,0,1,0,0,1,1
exp3869,true,0,0,0,0,0,0,0,0,0,1,0,0,1,1
exp3870,true,0,0,0,0,0,0,0,0,0,1,0,0,1,1
exp3871,true,0,0,0,0,0,0,0,0,0,1,0,0,1,1
exp3872,true,0,0,0,0,0,0,0,0,0,1,0,0,1,1
exp3873,true,0,0,0,0,0,0,0,0,0,1,0,0,1,1
exp3874,true,0,0,0,0,0,0,0,0,0,1,0,0,1,1
exp3875,true,0,0,0,0,0,0,0,0,0,1,0,0,1,1
exp3876,true,0,0,0,0,0,0,0,0,0,1,0,0,1,1
exp3877,true,0,0,0,0,0,0,0,0,0,1,0,0,1,1
exp3878,true,0,0,0,0,0,0,0,0,0,1,0,0,1,1
exp3879,true,0,0,0,0,0,0,0,0,0,1,0,0,1,1
exp388,true,0,0,1,0,0,0,0,0,0,1,1,1,2,2
exp3880,true,0,0,0,0,0,0,0,0,0,1,0,0,1,1
exp3881,true,0,0,0,0,0,0,0,0,0,1,0,0,1,1
exp3882,true,0,0,0,0,0,0,0,0,0,1,0,0,1,1
exp3883,true,0,0,0,0,0,0,0,0,0,1,0,0,1,1
exp3884,true,0,0,0,0,0,0,0,0,0,1,0,0,1,1
exp3885,true,0,0,0,0,0,0,0,0,0,1,0,0,1,1
exp3886,true,0,0,0,0,0,0,0,0,0,1,0,0,1,1
exp3887,true,0,0,0,0,0,0,0,0,0,1,0,0,1,1
exp3888,true,0,0,0,0,0,0,0,0,0,1,0,0,1,1
exp3889,true,0,0,0,0,0,0,0,0,0,1,0,0,1,1
exp389,true,0,0,1,0,0,12,0,0,0,1,1,1,3,14
exp3890,true,0,0,0,0,0,0,0,0,0,1,0,0,1,1
exp3891,true,0,0,0,0,0,0,0,0,0,1,0,0,1,1
exp3893,true,0,0,0,0,0,0,0,0,0,1,0,0,1,1
exp3894,true,0,0,0,0,0,0,0,0,0,1,0,0,1,1
exp3895,true,0,0,0,0,0,0,0,0,0,1,0,0,1,1
exp3896,true,0,0,0,0,0,0,0,0,0,1,0,0,1,1
exp3897,true,0,0,0,0,0,0,0,0,0,1,0,0,1,1
exp3898,true,0,0,0,0,0,0,0,0,0,1,0,0,1,1
exp3899,true,0,0,0,0,0,0,0,0,0,1,0,0,1,1
exp390,true,0,0,1,0,0,0,0,0,0,1,1,1,2,2
exp3900,true,0,0,0,0,0,0,0,0,0,1,0,0,1,1
exp3901,true,0,0,0,0,0,0,0,0,0,1,0,0,1,1
exp3902,true,0,0,0,0,0,0,0,0,0,1,0,0,1,1
exp3903,true,0,0,0,0,0,0,0,0,0,1,0,0,1,1
exp3904,true,0,0,0,0,0,0,0,0,0,1,0,0,1,1
exp3905,true,0,0,0,0,0,0,0,0,0,1,0,0,1,1
exp3906,true,0,0,0,0,0,0,0,0,0,1,0,0,1,1
exp3907,true,0,0,0,0,0,0,0,0,0,1,0,0,1,1
exp3908,true,0,0,0,0,0,0,0,0,0,1,0,0,1,1
exp3909,true,0,0,0,0,0,0,0,0,0,1,0,0,1,1
exp391,true,0,0,1,0,0,0,0,0,0,1,1,1,2,2
exp3910,true,0,0,0,0,0,0,0,0,0,1,0,0,1,1
exp3911,true,0,0,0,0,0,0,0,0,0,1,0,0,1,1
exp3912,true,0,0,0,0,0,0,0,0,0,1,0,0,1,1
exp3913,true,0,0,0,0,0,0,0,0,0,1,0,0,1,1
exp3914,true,0,0,0,0,0,0,0,0,0,1,0,0,1,1
exp3915,true,0,0,0,0,0,0,0,0,0,1,0,0,1,1
exp3916,true,0,0,0,0,0,0,0,0,0,1,0,0,1,1
exp3917,true,0,0,0,0,0,0,0,0,0,1,0,0,1,1
exp3918,true,0,0,0,0,0,0,0,0,0,1,0,0,1,1
exp3919,true,0,0,0,0,0,0,0,0,0,1,0,0,1,1
exp3920,true,0,0,0,0,0,0,0,0,0,1,0,0,1,1
exp3921,true,0,0,0,0,0,0,0,0,0,1,0,0,1,1
exp3922,true,0,0,0,0,0,0,0,0,0,1,0,0,1,1
exp3923,true,0,0,0,0,0,0,0,0,0,1,0,0,1,1
exp3924,true,0,0,0,0,0,0,0,0,0,1,0,0,1,1
exp3925,true,0,0,0,0,0,0,0,0,0,1,0,0,1,1
exp3926,true,0,0,0,0,0,0,0,0,0,1,0,0,1,1
exp3927,true,0,0,0,0,0,0,0,0,0,1,0,0,1,1
exp3928,true,0,0,0,0,0,0,0,0,0,1,0,0,1,1
exp3929,true,0,0,0,0,0,0,0,0,0,1,0,0,1,1
exp393,true,0,0,2,0,0,12,0,0,0,1,2,1,3,15
exp3930,true,0,0,0,0,0,0,0,0,0,1,0,0,1,1
exp3931,true,0,0,0,0,0,0,0,0,0,1,0,0,1,1
exp3932,true,0,0,0,0,0,0,0,0,0,1,0,0,1,1
exp3933,true,0,0,0,0,0,0,0,0,0,1,0,0,1,1
exp3934,true,0,0,0,0,0,0,0,0,0,1,0,0,1,1
exp3935,true,0,0,0,0,0,0,0,0,0,1,0,0,1,1
exp3936,true,0,0,0,0,0,0,0,0,0,1,0,0,1,1
exp3937,true,0,0,0,0,0,0,0,0,0,1,0,0,1,1
exp3938,true,0,0,0,0,0,0,0,0,0,1,0,0,1,1
exp3939,true,0,0,0,0,0,0,0,0,0,1,0,0,1,1
exp3940,true,0,0,0,0,0,0,0,0,0,1,0,0,1,1
exp3941,true,0,0,0,0,0,0,0,0,0,1,0,0,1,1
exp3942,true,0,0,0,0,0,0,0,0,0,1,0,0,1,1
exp3943,true,0,0,0,0,0,0,0,0,0,1,0,0,1,1
exp3944,true,0,0,0,0,0,0,0,0,0,1,0,0,1,1
exp3945,true,0,0,0,0,0,0,0,0,0,1,0,0,1,1
exp3946,true,0,0,0,0,0,0,0,0,0,1,0,0,1,1
exp3947,true,0,0,0,0,0,0,0,0,0,1,0,0,1,1
exp3948,true,0,0,0,0,0,0,0,0,0,1,0,0,1,1
exp3949,true,0,0,0,0,0,0,0,0,0,1,0,0,1,1
exp395,true,0,0,1,0,0,12,0,0,0,1,1,1,3,14
exp3950,true,0,0,0,0,0,0,0,0,0,1,0,0,1,1
exp3951,true,0,0,0,0,0,0,0,0,0,1,0,0,1,1
exp3952,true,0,0,0,0,0,0,0,0,0,1,0,0,1,1
exp3953,true,0,0,0,0,0,0,0,0,0,1,0,0,1,1
exp3954,true,0,0,0,0,0,0,0,0,0,1,0,0,1,1
exp3955,true,0,0,0,0,0,0,0,0,0,1,0,0,1,1
exp3956,true,0,0,0,0,0,0,0,0,0,1,0,0,1,1
exp3957,true,0,0,0,0,0,0,0,0,0,1,0,0,1,1
exp3958,true,0,0,0,0,0,0,0,0,0,1,0,0,1,1
exp3959,true,0,0,0,0,0,0,0,0,0,1,0,0,1,1
exp396,true,0,0,1,0,0,0,0,0,0,1,1,1,2,2
exp3960,true,0,0,0,0,0,0,0,0,0,1,0,0,1,1
exp3961,true,0,0,0,0,0,0,0,0,0,1,0,0,1,1
exp3962,true,0,0,0,0,0,0,0,0,0,1,0,0,1,1
exp3963,true,0,0,0,0,0,0,0,0,0,1,0,0,1,1
exp3964,true,0,0,0,0,0,0,0,0,0,1,0,0,1,1
exp3965,true,0,0,0,0,0,0,0,0,0,1,0,0,1,1
exp3966,true,0,0,0,0,0,0,0,0,0,1,0,0,1,1
exp3967,true,0,0,0,0,0,0,0,0,0,1,0,0,1,1
exp3968,true,0,0,0,0,0,0,0,0,0,1,0,0,1,1
exp3969,true,0,0,0,0,0,0,0,0,0,1,0,0,1,1
exp3970,true,0,0,0,0,0,0,0,0,0,1,0,0,1,1
exp3971,true,0,0,0,0,0,0,0,0,0,1,0,0,1,1
exp3972,true,0,0,0,0,0,0,0,0,0,1,0,0,1,1
exp3973,true,0,0,0,0,0,0,0,0,0,1,0,0,1,1
exp3974,true,0,0,0,0,0,0,0,0,0,1,0,0,1,1
exp3975,true,0,0,0,0,0,0,0,0,0,1,0,0,1,1
exp3976,true,0,0,0,0,0,0,0,0,0,1,0,0,1,1
exp3977,true,0,0,0,0,0,0,0,0,0,1,0,0,1,1
exp3978,true,0,0,0,0,0,0,0,0,0,1,0,0,1,1
exp3979,true,0,0,0,0,0,0,0,0,0,1,0,0,1,1
exp398,true,0,0,1,0,0,12,0,0,0,1,1,1,3,14
exp3980,true,0,0,0,0,0,0,0,0,0,1,0,0,1,1
exp3981,true,0,0,0,0,0,0,0,0,0,1,0,0,1,1
exp3982,true,0,0,0,0,0,0,0,0,0,1,0,0,1,1
exp3983,true,0,0,0,0,0,0,0,0,0,1,0,0,1,1
exp3984,true,0,0,0,0,0,0,0,0,0,1,0,0,1,1
exp3985,true,0,0,0,0,0,0,0,0,0,1,0,0,1,1
exp3986,true,0,0,0,0,0,0,0,0,0,1,0,0,1,1
exp3987,true,0,0,0,0,0,0,0,0,0,1,0,0,1,1
exp3988,true,0,0,0,0,0,0,0,0,0,1,0,0,1,1
exp3989,true,0,0,0,0,0,0,0,0,0,1,0,0,1,1
exp399,true,0,0,1,0,0,12,0,0,0,1,1,1,3,14
exp3990,true,0,0,0,0,0,0,0,0,0,1,0,0,1,1
exp3991,true,0,0,0,0,0,0,0,0,0,1,0,0,1,1
exp3992,true,0,0,0,0,0,0,0,0,0,1,0,0,1,1
exp3993,true,0,0,0,0,0,0,0,0,0,1,0,0,1,1
exp3994,true,0,0,0,0,0,0,0,0,0,1,0,0,1,1
exp3995,true,0,0,0,0,0,0,0,0,0,1,0,0,1,1
exp3996,true,0,0,0,0,0,0,0,0,0,1,0,0,1,1
exp3997,true,0,0,0,0,0,0,0,0,0,1,0,0,1,1
exp3998,true,0,0,0,0,0,0,0,0,0,1,0,0,1,1
exp3999,true,0,0,0,0,0,0,0,0,0,1,0,0,1,1
exp4,true,2,5,1,0,0,0,0,0,0,1,1,1,4,9
exp40,true,0,0,1,0,0,0,0,0,0,1,1,1,2,2
exp400,true,0,0,1,0,0,0,0,0,0,1,1,1,2,2
exp4000,true,0,0,0,0,0,0,0,0,0,1,0,0,1,1
exp4001,true,0,0,0,0,0,0,0,0,0,1,0,0,1,1
exp4002,true,0,0,0,0,0,0,0,0,0,1,0,0,1,1
exp4003,true,0,0,0,0,0,0,0,0,0,1,0,0,1,1
exp4004,true,0,0,0,0,0,0,0,0,0,1,0,0,1,1
exp4005,true,0,0,0,0,0,0,0,0,0,1,0,0,1,1
exp4006,true,0,0,0,0,0,0,0,0,0,1,0,0,1,1
exp4007,true,0,0,0,0,0,0,0,0,0,1,0,0,1,1
exp4008,true,0,0,0,0,0,0,0,0,0,1,0,0,1,1
exp4009,true,0,0,0,0,0,0,0,0,0,1,0,0,1,1
exp401,true,0,0,1,0,0,0,0,0,0,1,1,1,2,2
exp4010,true,0,0,0,0,0,0,0,0,0,1,0,0,1,1
exp4011,true,0,0,0,0,0,0,0,0,0,1,0,0,1,1
exp4012,true,0,0,0,0,0,0,0,0,0,1,0,0,1,1
exp4013,true,0,0,0,0,0,0,0,0,0,1,0,0,1,1
exp4014,true,0,0,0,0,0,0,0,0,0,1,0,0,1,1
exp4015,true,0,0,0,0,0,0,0,0,0,1,0,0,1,1
exp4016,true,0,0,0,0,0,0,0,0,0,1,0,0,1,1
exp4017,true,0,0,0,0,0,0,0,0,0,1,0,0,1,1
exp4018,true,0,0,0,0,0,0,0,0,0,1,0,0,1,1
exp4019,true,0,0,0,0,0,0,0,0,0,1,0,0,1,1
exp4020,true,0,0,0,0,0,0,0,0,0,1,0,0,1,1
exp4021,true,0,0,0,0,0,0,0,0,0,1,0,0,1,1
exp4022,true,0,0,0,0,0,0,0,0,0,1,0,0,1,1
exp4023,true,0,0,0,0,0,0,0,0,0,1,0,0,1,1
exp4024,true,0,0,0,0,0,0,0,0,0,1,0,0,1,1
exp4025,true,0,0,0,0,0,0,0,0,0,1,0,0,1,1
exp4026,true,0,0,0,0,0,0,0,0,0,1,0,0,1,1
exp4027,true,0,0,0,0,0,0,0,0,0,1,0,0,1,1
exp4028,true,0,0,0,0,0,0,0,0,0,1,0,0,1,1
exp4029,true,0,0,0,0,0,0,0,0,0,1,0,0,1,1
exp4030,true,0,0,0,0,0,0,0,0,0,1,0,0,1,1
exp4031,true,0,0,0,0,0,0,0,0,0,1,0,0,1,1
exp4032,true,0,0,0,0,0,0,0,0,0,1,0,0,1,1
exp4033,true,0,0,0,0,0,0,0,0,0,1,0,0,1,1
exp4034,true,0,0,0,0,0,0,0,0,0,1,0,0,1,1
exp4035,true,0,0,0,0,0,0,0,0,0,1,0,0,1,1
exp4036,true,0,0,0,0,0,0,0,0,0,1,0,0,1,1
exp4037,true,0,0,0,0,0,0,0,0,0,1,0,0,1,1
exp4038,true,0,0,0,0,0,0,0,0,0,1,0,0,1,1
exp4039,true,0,0,0,0,0,0,0,0,0,1,0,0,1,1
exp404,true,0,0,0,0,0,0,0,0,0,1,0,0,1,1
exp4040,true,0,0,0,0,0,0,0,0,0,1,0,0,1,1
exp4041,true,0,0,0,0,0,0,0,0,0,1,0,0,1,1
exp4042,true,0,0,0,0,0,0,0,0,0,1,0,0,1,1
exp4043,true,0,0,0,0,0,0,0,0,0,1,0,0,1,1
exp4044,true,0,0,0,0,0,0,0,0,0,1,0,0,1,1
exp4045,true,0,0,0,0,0,0,0,0,0,1,0,0,1,1
exp4046,true,0,0,0,0,0,0,0,0,0,1,0,0,1,1
exp4047,true,0,0,0,0,0,0,0,0,0,1,0,0,1,1
exp4048,true,0,0,0,0,0,0,0,0,0,1,0,0,1,1
exp4049,true,0,0,0,0,0,0,0,0,0,1,0,0,1,1
exp405,true,0,0,1,0,0,0,0,0,0,1,1,1,2,2
exp4050,true,0,0,0,0,0,0,0,0,0,1,0,0,1,1
exp4051,true,0,0,0,0,0,0,0,0,0,1,0,0,1,1
exp4052,true,0,0,0,0,0,0,0,0,0,1,0,0,1,1
exp4053,true,0,0,0,0,0,0,0,0,0,1,0,0,1,1
exp4054,true,0,0,0,0,0,0,0,0,0,1,0,0,1,1
exp4055,true,0,0,0,0,0,0,0,0,0,1,0,0,1,1
exp4056,true,0,0,0,0,0,0,0,0,0,1,0,0,1,1
exp4057,true,0,0,0,0,0,0,0,0,0,1,0,0,1,1
exp4058,true,0,0,0,0,0,0,0,0,0,1,0,0,1,1
exp4059,true,0,0,0,0,0,0,0,0,0,1,0,0,1,1
exp406,true,0,0,1,0,0,0,0,0,0,1,1,1,2,2
exp4060,true,0,0,0,0,0,0,0,0,0,1,0,0,1,1
exp4061,true,0,0,0,0,0,0,0,0,0,1,0,0,1,1
exp4062,true,0,0,0,0,0,0,0,0,0,1,0,0,1,1
exp4063,true,0,0,0,0,0,0,0,0,0,1,0,0,1,1
exp4064,true,0,0,0,0,0,0,0,0,0,1,0,0,1,1
exp4065,true,0,0,0,0,0,0,0,0,0,1,0,0,1,1
exp4066,true,0,0,0,0,0,0,0,0,0,1,0,0,1,1
exp4067,true,0,0,0,0,0,0,0,0,0,1,0,0,1,1
exp4068,true,0,0,0,0,0,0,0,0,0,1,0,0,1,1
exp4069,true,0,0,0,0,0,0,0,0,0,1,0,0,1,1
exp407,true,0,0,1,0,0,12,0,0,0,1,1,1,3,14
exp4070,true,0,0,0,0,0,0,0,0,0,1,0,0,1,1
exp4071,true,0,0,0,0,0,0,0,0,0,1,0,0,1,1
exp4072,true,0,0,0,0,0,0,0,0,0,0,0,0,0,0
exp4073,true,0,0,0,0,0,0,0,0,0,1,0,0,1,1
exp4074,true,0,0,0,0,0,0,0,0,0,1,0,0,1,1
exp4075,true,0,0,0,0,0,0,0,0,0,1,0,0,1,1
exp4076,true,0,0,0,0,0,0,0,0,0,1,0,0,1,1
exp4077,true,0,0,0,0,0,0,0,0,0,1,0,0,1,1
exp4078,true,0,0,0,0,0,0,0,0,0,1,0,0,1,1
exp4079,true,0,0,0,0,0,0,0,0,0,1,0,0,1,1
exp408,true,0,0,1,0,0,0,0,0,0,1,1,1,2,2
exp4080,true,0,0,0,0,0,0,0,0,0,1,0,0,1,1
exp4081,true,0,0,0,0,0,0,0,0,0,1,0,0,1,1
exp4082,true,0,0,0,0,0,0,0,0,0,1,0,0,1,1
exp4083,true,0,0,0,0,0,0,0,0,0,1,0,0,1,1
exp4084,true,0,0,0,0,0,0,0,0,0,1,0,0,1,1
exp4085,true,0,0,0,0,0,0,0,0,0,1,0,0,1,1
exp4086,true,0,0,0,0,0,0,0,0,0,1,0,0,1,1
exp4087,true,0,0,0,0,0,0,0,0,0,1,0,0,1,1
exp4088,true,0,0,0,0,0,0,0,0,0,1,0,0,1,1
exp4089,true,0,0,0,0,0,0,0,0,0,1,0,0,1,1
exp409,true,0,0,1,0,0,0,0,0,0,1,1,1,2,2
exp4090,true,0,0,0,0,0,0,0,0,0,1,0,0,1,1
exp4091,true,0,0,0,0,0,0,0,0,0,1,0,0,1,1
exp4092,true,0,0,0,0,0,0,0,0,0,1,0,0,1,1
exp4093,true,0,0,0,0,0,0,0,0,0,1,0,0,1,1
exp4094,true,0,0,0,0,0,0,0,0,0,1,0,0,1,1
exp4095,true,0,0,0,0,0,0,0,0,0,1,0,0,1,1
exp4096,true,0,0,0,0,0,0,0,0,0,1,0,0,1,1
exp4097,true,0,0,0,0,0,0,0,0,0,1,0,0,1,1
exp4098,true,0,0,0,0,0,0,0,0,0,1,0,0,1,1
exp4099,true,0,0,0,0,0,0,0,0,0,1,0,0,1,1
exp41,true,0,0,1,0,0,0,0,0,0,1,1,1,2,2
exp410,true,0,0,0,0,0,0,0,0,0,1,0,0,1,1
exp4100,true,0,0,0,0,0,0,0,0,0,1,0,0,1,1
exp4102,true,0,0,0,0,0,0,0,0,0,1,0,0,1,1
exp4103,true,0,0,0,0,0,0,0,0,0,1,0,0,1,1
exp4104,true,0,0,0,0,0,0,0,0,0,1,0,0,1,1
exp4105,true,0,0,0,0,0,0,0,0,0,1,0,0,1,1
exp4106,true,0,0,0,0,0,0,0,0,0,1,0,0,1,1
exp4107,true,0,0,0,0,0,0,0,0,0,1,0,0,1,1
exp4108,true,0,0,0,0,0,0,0,0,0,1,0,0,1,1
exp4109,true,0,0,0,0,0,0,0,0,0,1,0,0,1,1
exp411,true,0,0,1,0,0,12,0,0,0,1,1,1,3,14
exp4110,true,0,0,0,0,0,0,0,0,0,1,0,0,1,1
exp4111,true,0,0,0,0,0,0,0,0,0,1,0,0,1,1
exp4112,true,0,0,0,0,0,0,0,0,0,1,0,0,1,1
exp4113,true,0,0,0,0,0,0,0,0,0,1,0,0,1,1
exp4114,true,0,0,0,0,0,0,0,0,0,1,0,0,1,1
exp4115,true,0,0,0,0,0,0,0,0,0,1,0,0,1,1
exp4116,true,0,0,0,0,0,0,0,0,0,1,0,0,1,1
exp4117,true,0,0,0,0,0,0,0,0,0,1,0,0,1,1
exp4118,true,0,0,0,0,0,0,0,0,0,1,0,0,1,1
exp4119,true,0,0,0,0,0,0,0,0,0,1,0,0,1,1
exp412,true,0,0,1,0,0,12,0,0,0,1,1,1,3,14
exp4120,true,0,0,0,0,0,0,0,0,0,1,0,0,1,1
exp4121,true,0,0,0,0,0,0,0,0,0,1,0,0,1,1
exp4122,true,0,0,0,0,0,0,0,0,0,1,0,0,1,1
exp4123,true,0,0,0,0,0,0,0,0,0,1,0,0,1,1
exp4124,true,0,0,0,0,0,0,0,0,0,1,0,0,1,1
exp4125,true,0,0,0,0,0,0,0,0,0,1,0,0,1,1
exp4126,true,0,0,0,0,0,0,0,0,0,1,0,0,1,1
exp4127,true,0,0,0,0,0,0,0,0,0,1,0,0,1,1
exp4128,true,0,0,0,0,0,0,0,0,0,0,0,0,0,0
exp4129,true,0,0,0,0,0,0,0,0,0,0,0,0,0,0
exp414,true,0,0,1,0,0,12,0,0,0,1,1,1,3,14
exp4157,true,0,0,0,0,0,0,0,0,0,1,0,0,1,1
exp4158,true,0,0,0,0,0,0,0,0,0,1,0,0,1,1
exp4159,true,0,0,0,0,0,0,0,0,0,1,0,0,1,1
exp416,true,0,0,1,0,0,0,0,0,0,1,1,1,2,2
exp4160,true,0,0,0,0,0,0,0,0,0,1,0,0,1,1
exp4161,true,0,0,0,0,0,0,0,0,0,1,0,0,1,1
exp4162,true,0,0,0,0,0,0,0,0,0,1,0,0,1,1
exp4163,true,0,0,0,0,0,0,0,0,0,1,0,0,1,1
exp4164,true,0,0,0,0,0,0,0,0,0,1,0,0,1,1
exp4165,true,0,0,0,0,0,0,0,0,0,1,0,0,1,1
exp4166,true,0,0,0,0,0,0,0,0,0,1,0,0,1,1
exp4167,true,0,0,0,0,0,0,0,0,0,1,0,0,1,1
exp4168,true,0,0,0,0,0,0,0,0,0,1,0,0,1,1
exp4169,true,0,0,0,0,0,0,0,0,0,1,0,0,1,1
exp4170,true,0,0,0,0,0,0,0,0,0,1,0,0,1,1
exp4171,true,0,0,0,0,0,0,0,0,0,1,0,0,1,1
exp4172,true,0,0,0,0,0,0,0,0,0,1,0,0,1,1
exp4173,true,0,0,0,0,0,0,0,0,0,1,0,0,1,1
exp4174,true,0,0,0,0,0,0,0,0,0,1,0,0,1,1
exp4175,true,0,0,0,0,0,0,0,0,0,1,0,0,1,1
exp4176,true,0,0,0,0,0,0,0,0,0,1,0,0,1,1
exp4177,true,0,0,0,0,0,0,0,0,0,1,0,0,1,1
exp4178,true,0,0,0,0,0,0,0,0,0,1,0,0,1,1
exp4179,true,0,0,0,0,0,0,0,0,0,1,0,0,1,1
exp418,true,0,0,1,0,0,0,0,0,0,1,1,1,2,2
exp4180,true,0,0,0,0,0,0,0,0,0,1,0,0,1,1
exp4181,true,0,0,0,0,0,0,0,0,0,1,0,0,1,1
exp4182,true,0,0,0,0,0,0,0,0,0,1,0,0,1,1
exp4183,true,0,0,0,0,0,0,0,0,0,1,0,0,1,1
exp4184,true,0,0,0,0,0,0,0,0,0,1,0,0,1,1
exp4185,true,0,0,0,0,0,0,0,0,0,1,0,0,1,1
exp4186,true,0,0,0,0,0,0,0,0,0,1,0,0,1,1
exp4187,true,0,0,0,0,0,0,0,0,0,1,0,0,1,1
exp4188,true,0,0,0,0,0,0,0,0,0,1,0,0,1,1
exp4189,true,0,0,0,0,0,0,0,0,0,1,0,0,1,1
exp419,true,0,0,1,0,0,0,0,0,0,1,1,1,2,2
exp4190,true,0,0,0,0,0,0,0,0,0,1,0,0,1,1
exp4191,true,0,0,0,0,0,0,0,0,0,1,0,0,1,1
exp4192,true,0,0,0,0,0,0,0,0,0,1,0,0,1,1
exp4193,true,0,0,0,0,0,0,0,0,0,1,0,0,1,1
exp4194,true,0,0,0,0,0,0,0,0,0,1,0,0,1,1
exp4195,true,0,0,0,0,0,0,0,0,0,1,0,0,1,1
exp4196,true,0,0,0,0,0,0,0,0,0,1,0,0,1,1
exp4197,true,0,0,0,0,0,0,0,0,0,1,0,0,1,1
exp4198,true,0,0,0,0,0,0,0,0,0,1,0,0,1,1
exp4199,true,0,0,0,0,0,0,0,0,0,1,0,0,1,1
exp42,true,0,0,1,0,0,12,0,0,0,1,1,1,3,14
exp4200,true,0,0,0,0,0,0,0,0,0,1,0,0,1,1
exp4201,true,0,0,0,0,0,0,0,0,0,1,0,0,1,1
exp4202,true,0,0,0,0,0,0,0,0,0,1,0,0,1,1
exp4203,true,0,0,0,0,0,0,0,0,0,1,0,0,1,1
exp4204,true,0,0,0,0,0,0,0,0,0,1,0,0,1,1
exp4205,true,0,0,0,0,0,0,0,0,0,1,0,0,1,1
exp4206,true,0,0,0,0,0,0,0,0,0,1,0,0,1,1
exp4207,true,0,0,0,0,0,0,0,0,0,1,0,0,1,1
exp4208,true,0,0,0,0,0,0,0,0,0,1,0,0,1,1
exp4209,true,0,0,0,0,0,0,0,0,0,1,0,0,1,1
exp421,true,0,0,1,0,0,0,0,0,0,1,1,1,2,2
exp4210,true,0,0,0,0,0,0,0,0,0,1,0,0,1,1
exp4211,true,0,0,0,0,0,0,0,0,0,1,0,0,1,1
exp4212,true,0,0,0,0,0,0,0,0,0,1,0,0,1,1
exp4213,true,0,0,0,0,0,0,0,0,0,1,0,0,1,1
exp4214,true,0,0,0,0,0,0,0,0,0,1,0,0,1,1
exp4215,true,0,0,0,0,0,0,0,0,0,1,0,0,1,1
exp4216,true,0,0,0,0,0,0,0,0,0,1,0,0,1,1
exp4217,true,0,0,0,0,0,0,0,0,0,1,0,0,1,1
exp4218,true,0,0,0,0,0,0,0,0,0,1,0,0,1,1
exp4219,true,0,0,0,0,0,0,0,0,0,1,0,0,1,1
exp422,true,0,0,1,0,0,0,0,0,0,1,1,1,2,2
exp4220,true,0,0,0,0,0,0,0,0,0,0,0,0,0,0
exp4221,true,0,0,0,0,0,0,0,0,0,1,0,0,1,1
exp4222,true,0,0,0,0,0,0,0,0,0,1,0,0,1,1
exp4223,true,0,0,0,0,0,0,0,0,0,1,0,0,1,1
exp4224,true,0,0,0,0,0,0,0,0,0,1,0,0,1,1
exp4225,true,0,0,0,0,0,0,0,0,0,1,0,0,1,1
exp4226,true,0,0,0,0,0,0,0,0,0,1,0,0,1,1
exp4227,true,0,0,0,0,0,0,0,0,0,1,0,0,1,1
exp4228,true,0,0,0,0,0,0,0,0,0,1,0,0,1,1
exp4229,true,0,0,0,0,0,0,0,0,0,1,0,0,1,1
exp423,true,0,0,1,0,0,0,0,0,0,1,1,1,2,2
exp4230,true,0,0,0,0,0,0,0,0,0,1,0,0,1,1
exp4231,true,0,0,0,0,0,0,0,0,0,1,0,0,1,1
exp4232,true,0,0,0,0,0,0,0,0,0,1,0,0,1,1
exp4233,true,0,0,0,0,0,0,0,0,0,1,0,0,1,1
exp4234,true,0,0,0,0,0,0,0,0,0,1,0,0,1,1
exp4235,true,0,0,0,0,0,0,0,0,0,1,0,0,1,1
exp4236,true,0,0,0,0,0,0,0,0,0,1,0,0,1,1
exp4237,true,0,0,0,0,0,0,0,0,0,1,0,0,1,1
exp4238,true,0,0,0,0,0,0,0,0,0,1,0,0,1,1
exp4239,true,0,0,0,0,0,0,0,0,0,1,0,0,1,1
exp4240,true,0,0,0,0,0,0,0,0,0,1,0,0,1,1
exp4241,true,0,0,0,0,0,0,0,0,0,1,0,0,1,1
exp4242,true,0,0,0,0,0,0,0,0,0,1,0,0,1,1
exp4243,true,0,0,0,0,0,0,0,0,0,1,0,0,1,1
exp4244,true,0,0,0,0,0,0,0,0,0,1,0,0,1,1
exp4245,true,0,0,0,0,0,0,0,0,0,1,0,0,1,1
exp4246,true,0,0,0,0,0,0,0,0,0,1,0,0,1,1
exp4247,true,0,0,0,0,0,0,0,0,0,1,0,0,1,1
exp4248,true,0,0,0,0,0,0,0,0,0,1,0,0,1,1
exp4249,true,0,0,0,0,0,0,0,0,0,1,0,0,1,1
exp425,true,0,0,1,0,0,0,0,0,0,1,1,1,2,2
exp4250,true,0,0,0,0,0,0,0,0,0,1,0,0,1,1
exp4251,true,0,0,0,0,0,0,0,0,0,1,0,0,1,1
exp4252,true,0,0,0,0,0,0,0,0,0,1,0,0,1,1
exp4253,true,0,0,0,0,0,0,0,0,0,1,0,0,1,1
exp4254,true,0,0,0,0,0,0,0,0,0,1,0,0,1,1
exp4255,true,0,0,0,0,0,0,0,0,0,1,0,0,1,1
exp4256,true,0,0,0,0,0,0,0,0,0,1,0,0,1,1
exp4257,true,0,0,0,0,0,0,0,0,0,1,0,0,1,1
exp4258,true,0,0,0,0,0,0,0,0,0,1,0,0,1,1
exp4259,true,0,0,0,0,0,0,0,0,0,1,0,0,1,1
exp426,true,0,0,1,0,0,0,0,0,0,1,1,1,2,2
exp4260,true,0,0,0,0,0,0,0,0,0,1,0,0,1,1
exp4261,true,0,0,0,0,0,0,0,0,0,1,0,0,1,1
exp4262,true,0,0,0,0,0,0,0,0,0,1,0,0,1,1
exp4263,true,0,0,0,0,0,0,0,0,0,1,0,0,1,1
exp4264,true,0,0,0,0,0,0,0,0,0,1,0,0,1,1
exp4265,true,0,0,0,0,0,0,0,0,0,1,0,0,1,1
exp4266,true,0,0,0,0,0,0,0,0,0,1,0,0,1,1
exp4267,true,0,0,0,0,0,0,0,0,0,1,0,0,1,1
exp4268,true,0,0,0,0,0,0,0,0,0,1,0,0,1,1
exp4269,true,0,0,0,0,0,0,0,0,0,1,0,0,1,1
exp427,true,0,0,1,0,0,0,0,0,0,1,1,1,2,2
exp4270,true,0,0,0,0,0,0,0,0,0,1,0,0,1,1
exp4271,true,0,0,0,0,0,0,0,0,0,1,0,0,1,1
exp4272,true,0,0,0,0,0,0,0,0,0,1,0,0,1,1
exp4273,true,0,0,0,0,0,0,0,0,0,1,0,0,1,1
exp4274,true,0,0,0,0,0,0,0,0,0,1,0,0,1,1
exp4275,true,0,0,0,0,0,0,0,0,0,1,0,0,1,1
exp4276,true,0,0,0,0,0,0,0,0,0,1,0,0,1,1
exp4277,true,0,0,0,0,0,0,0,0,0,1,0,0,1,1
exp4278,true,0,0,0,0,0,0,0,0,0,1,0,0,1,1
exp4279,true,0,0,0,0,0,0,0,0,0,1,0,0,1,1
exp428,true,0,0,1,0,0,0,0,0,0,1,1,1,2,2
exp4280,true,0,0,0,0,0,0,0,0,0,1,0,0,1,1
exp4281,true,0,0,0,0,0,0,0,0,0,1,0,0,1,1
exp4283,true,0,0,0,0,0,0,0,0,0,1,0,0,1,1
exp4284,true,0,0,0,0,0,0,0,0,0,1,0,0,1,1
exp4285,true,0,0,0,0,0,0,0,0,0,1,0,0,1,1
exp4286,true,0,0,0,0,0,0,0,0,0,1,0,0,1,1
exp4287,true,0,0,0,0,0,0,0,0,0,1,0,0,1,1
exp4288,true,0,0,0,0,0,0,0,0,0,1,0,0,1,1
exp4289,true,0,0,0,0,0,0,0,0,0,1,0,0,1,1
exp4290,true,0,0,0,0,0,0,0,0,0,1,0,0,1,1
exp4291,true,0,0,0,0,0,0,0,0,0,1,0,0,1,1
exp4292,true,0,0,0,0,0,0,0,0,0,1,0,0,1,1
exp4293,true,0,0,0,0,0,0,0,0,0,1,0,0,1,1
exp4294,true,0,0,0,0,0,0,0,0,0,1,0,0,1,1
exp4295,true,0,0,0,0,0,0,0,0,0,1,0,0,1,1
exp4296,true,0,0,0,0,0,0,0,0,0,1,0,0,1,1
exp4297,true,0,0,0,0,0,0,0,0,0,1,0,0,1,1
exp4298,true,0,0,0,0,0,0,0,0,0,1,0,0,1,1
exp4299,true,0,0,0,0,0,0,0,0,0,1,0,0,1,1
exp43,true,0,0,1,0,0,0,0,0,0,1,1,1,2,2
exp430,true,0,0,1,0,0,0,0,0,0,1,1,1,2,2
exp4300,true,0,0,0,0,0,0,0,0,0,1,0,0,1,1
exp4301,true,0,0,0,0,0,0,0,0,0,1,0,0,1,1
exp4302,true,0,0,0,0,0,0,0,0,0,1,0,0,1,1
exp4303,true,0,0,0,0,0,0,0,0,0,1,0,0,1,1
exp4304,true,0,0,0,0,0,0,0,0,0,1,0,0,1,1
exp4305,true,0,0,0,0,0,0,0,0,0,1,0,0,1,1
exp4306,true,0,0,0,0,0,0,0,0,0,1,0,0,1,1
exp4307,true,0,0,0,0,0,0,0,0,0,1,0,0,1,1
exp4308,true,0,0,0,0,0,0,0,0,0,1,0,0,1,1
exp4309,true,0,0,0,0,0,0,0,0,0,1,0,0,1,1
exp4310,true,0,0,0,0,0,0,0,0,0,1,0,0,1,1
exp4311,true,0,0,0,0,0,0,0,0,0,1,0,0,1,1
exp4312,true,0,0,0,0,0,0,0,0,0,1,0,0,1,1
exp4313,true,0,0,0,0,0,0,0,0,0,1,0,0,1,1
exp4314,true,0,0,0,0,0,0,0,0,0,1,0,0,1,1
exp4315,true,0,0,0,0,0,0,0,0,0,1,0,0,1,1
exp4316,true,0,0,0,0,0,0,0,0,0,1,0,0,1,1
exp4317,true,0,0,0,0,0,0,0,0,0,1,0,0,1,1
exp4318,true,0,0,0,0,0,0,0,0,0,1,0,0,1,1
exp4319,true,0,0,0,0,0,0,0,0,0,1,0,0,1,1
exp432,true,0,0,1,0,0,0,0,0,0,1,1,1,2,2
exp4320,true,0,0,0,0,0,0,0,0,0,1,0,0,1,1
exp4321,true,0,0,0,0,0,0,0,0,0,1,0,0,1,1
exp4322,true,0,0,0,0,0,0,0,0,0,1,0,0,1,1
exp4323,true,0,0,0,0,0,0,0,0,0,1,0,0,1,1
exp4324,true,0,0,0,0,0,0,0,0,0,1,0,0,1,1
exp4325,true,0,0,0,0,0,0,0,0,0,1,0,0,1,1
exp4326,true,0,0,0,0,0,0,0,0,0,1,0,0,1,1
exp4327,true,0,0,0,0,0,0,0,0,0,1,0,0,1,1
exp4328,true,0,0,0,0,0,0,0,0,0,1,0,0,1,1
exp4329,true,0,0,0,0,0,0,0,0,0,1,0,0,1,1
exp4330,true,0,0,0,0,0,0,0,0,0,1,0,0,1,1
exp4331,true,0,0,0,0,0,0,0,0,0,1,0,0,1,1
exp4332,true,0,0,0,0,0,0,0,0,0,1,0,0,1,1
exp4333,true,0,0,0,0,0,0,0,0,0,0,0,0,0,0
exp4334,true,0,0,0,0,0,0,0,0,0,1,0,0,1,1
exp4335,true,0,0,0,0,0,0,0,0,0,1,0,0,1,1
exp4336,true,0,0,0,0,0,0,0,0,0,0,0,0,0,0
exp4337,true,0,0,0,0,0,0,0,0,0,1,0,0,1,1
exp4338,true,0,0,0,0,0,0,0,0,0,1,0,0,1,1
exp4339,true,0,0,0,0,0,0,0,0,0,1,0,0,1,1
exp434,true,0,0,1,0,0,0,0,0,0,1,1,1,2,2
exp4340,true,0,0,0,0,0,0,0,0,0,1,0,0,1,1
exp4341,true,0,0,0,0,0,0,0,0,0,1,0,0,1,1
exp4342,true,0,0,0,0,0,0,0,0,0,0,0,0,0,0
exp4343,true,0,0,0,0,0,0,0,0,0,1,0,0,1,1
exp4344,true,0,0,0,0,0,0,0,0,0,1,0,0,1,1
exp4345,true,0,0,0,0,0,0,0,0,0,0,0,0,0,0
exp4346,true,0,0,0,0,0,0,0,0,0,0,0,0,0,0
exp4347,true,0,0,0,0,0,0,0,0,0,1,0,0,1,1
exp4348,true,0,0,0,0,0,0,0,0,0,1,0,0,1,1
exp4349,true,0,0,0,0,0,0,0,0,0,1,0,0,1,1
exp435,true,0,0,0,0,0,12,0,0,0,1,2,2,2,13
exp4350,true,0,0,0,0,0,0,0,0,0,1,0,0,1,1
exp437,true,0,0,1,0,0,0,0,0,0,1,1,1,2,2
exp438,true,0,0,1,0,0,0,0,0,0,1,1,1,2,2
exp439,true,0,0,0,0,0,0,0,0,0,1,3,3,1,1
exp44,true,0,0,4,0,8,48,0,0,0,1,4,4,4,61
exp442,true,0,0,0,0,0,12,0,0,0,1,1,1,2,13
exp443,true,0,0,1,0,0,0,0,0,0,1,1,1,2,2
exp444,true,0,0,1,0,0,0,0,0,0,1,1,1,2,2
exp445,true,0,0,1,0,0,0,0,0,0,1,1,1,2,2
exp446,true,0,0,1,0,0,12,0,0,0,1,1,1,3,14
exp449,true,0,0,1,0,0,12,0,0,0,1,1,1,3,14
exp45,true,0,0,1,0,0,0,0,0,0,1,1,1,2,2
exp450,true,0,0,1,0,0,0,0,0,0,1,1,1,2,2
exp451,true,0,0,1,0,0,0,0,0,0,1,1,1,2,2
exp452,true,0,0,5,0,0,0,0,0,0,1,4,3,2,6
exp453,true,0,0,0,0,0,0,0,0,0,1,0,0,1,1
exp455,true,0,0,1,0,0,0,0,0,0,1,1,1,2,2
exp456,true,0,0,1,0,0,0,0,0,0,1,1,1,2,2
exp457,true,0,0,1,0,0,0,0,0,0,1,1,1,2,2
exp458,true,0,0,1,0,0,0,0,0,0,1,1,1,2,2
exp459,true,0,0,0,0,0,0,0,0,0,1,0,0,1,1
exp46,true,0,0,4,0,0,0,0,0,0,1,4,4,2,5
exp460,true,0,0,1,0,0,0,0,0,0,1,1,1,2,2
exp461,true,0,0,1,0,0,0,0,0,0,1,1,1,2,2
exp462,true,0,0,1,0,0,0,0,0,0,1,1,1,2,2
exp463,true,0,0,1,0,0,12,0,0,0,1,1,1,3,14
exp464,true,0,0,1,0,0,12,0,0,0,1,1,1,3,14
exp465,true,0,0,1,0,0,0,0,0,0,1,1,1,2,2
exp466,true,0,0,1,0,0,0,0,0,0,1,1,1,2,2
exp468,true,0,0,1,0,0,0,0,0,0,1,1,1,2,2
exp469,true,0,0,1,0,0,0,0,0,0,1,1,1,2,2
exp470,true,0,0,1,0,0,0,0,0,0,1,1,1,2,2
exp472,true,0,0,1,0,0,12,0,0,0,1,1,1,3,14
exp473,true,0,0,1,0,0,0,0,0,0,1,1,1,2,2
exp475,true,0,0,5,0,0,48,0,0,0,1,4,4,3,54
exp477,true,0,0,1,0,0,0,0,0,0,1,1,1,2,2
exp478,true,0,0,0,0,0,0,0,0,0,1,0,0,1,1
exp480,true,0,0,1,0,0,0,0,0,0,1,1,1,2,2
exp481,true,0,0,1,0,0,0,0,0,0,1,1,1,2,2
exp482,true,0,0,2,0,0,0,0,0,0,1,2,2,2,3
exp483,true,0,0,1,0,0,12,0,0,0,1,1,1,3,14
exp484,true,0,0,1,0,0,0,0,0,0,1,1,1,2,2
exp485,true,0,0,1,0,0,0,0,0,0,1,1,1,2,2
exp491,true,0,0,1,0,0,0,0,0,0,1,1,1,2,2
exp494,true,0,0,1,0,0,0,0,0,0,1,1,1,2,2
exp495,true,0,0,1,0,0,0,0,0,0,1,1,1,2,2
exp496,true,0,0,1,0,0,12,0,0,0,1,1,1,3,14
exp498,true,0,0,1,0,0,0,0,0,0,1,1,1,2,2
exp499,true,0,0,1,0,0,0,0,0,0,1,1,1,2,2
exp5,true,0,5,2,0,0,0,0,0,0,1,2,2,3,8
exp500,true,0,0,1,0,0,0,0,0,0,1,1,1,2,2
exp501,true,0,0,1,0,0,0,0,0,0,1,1,1,2,2
exp502,true,0,0,1,0,0,0,0,0,0,1,1,1,2,2
exp503,true,0,0,1,0,0,0,0,0,0,1,1,1,2,2
exp506,true,0,0,1,0,0,0,0,0,0,1,1,1,2,2
exp507,true,0,0,1,0,0,0,0,0,0,1,1,1,2,2
exp508,true,0,0,5,0,0,0,0,0,0,1,5,5,2,6
exp509,true,0,0,1,0,0,0,0,0,0,1,1,1,2,2
exp510,true,0,0,1,0,8,0,0,0,0,1,1,1,3,10
exp512,true,0,0,1,0,0,0,0,0,0,1,1,1,2,2
exp514,true,0,0,1,0,0,0,0,0,0,1,1,1,2,2
exp515,true,0,0,1,0,0,12,0,0,0,1,1,1,3,14
exp516,true,0,0,0,0,0,12,0,0,0,1,2,2,2,13
exp519,true,0,0,0,0,0,0,0,0,0,1,0,0,1,1
exp520,true,0,0,1,0,0,12,0,0,0,1,1,1,3,14
exp521,true,0,0,0,0,0,0,0,0,0,1,0,0,1,1
exp522,true,0,0,1,0,0,0,0,0,0,1,1,1,2,2
exp523,true,0,0,1,0,0,0,0,0,0,1,1,1,2,2
exp525,true,0,0,1,0,0,12,0,0,0,1,1,1,3,14
exp527,true,0,0,1,0,0,0,0,0,0,1,1,1,2,2
exp528,true,0,0,1,0,0,0,0,0,0,1,1,1,2,2
exp529,true,0,0,1,0,0,12,0,0,0,1,1,1,3,14
exp531,true,0,0,1,0,0,12,0,0,0,1,1,1,3,14
exp532,true,0,0,1,0,0,0,0,0,0,1,1,1,2,2
exp533,true,0,0,1,0,0,12,0,0,0,1,1,1,3,14
exp534,true,0,0,1,0,0,0,0,0,0,1,1,1,2,2
exp536,true,0,0,0,0,0,0,0,0,0,1,0,0,1,1
exp537,true,0,0,1,0,0,0,0,0,0,1,1,1,2,2
exp540,true,0,0,1,0,0,0,0,0,0,1,1,1,2,2
exp542,true,0,0,1,0,0,0,0,0,0,1,1,1,2,2
exp543,true,0,0,1,0,0,0,0,0,0,1,1,1,2,2
exp544,true,0,0,1,0,0,12,0,0,0,1,1,1,3,14
exp545,true,0,0,1,0,0,0,0,0,0,1,1,1,2,2
exp546,true,0,0,1,0,0,0,0,0,0,1,1,1,2,2
exp548,true,0,0,1,0,0,12,0,0,0,1,1,1,3,14
exp549,true,0,0,1,0,0,12,0,0,0,1,1,1,3,14
exp55,true,0,0,1,0,0,0,0,0,0,1,1,1,2,2
exp550,true,0,0,0,0,0,0,0,0,0,1,0,0,1,1
exp551,true,0,0,1,0,0,0,0,0,0,1,1,1,2,2
exp552,true,0,0,0,0,0,0,0,0,0,1,0,0,1,1
exp553,true,0,0,1,0,0,0,0,0,0,1,1,1,2,2
exp555,true,0,0,1,0,0,0,0,0,0,1,1,1,2,2
exp556,true,0,0,1,0,0,12,0,0,0,1,1,1,3,14
exp558,true,0,0,0,0,0,24,0,0,0,1,3,3,2,25
exp559,true,0,0,0,0,0,0,0,0,0,1,0,0,1,1
exp56,true,0,0,0,0,0,0,0,0,0,1,0,0,1,1
exp560,true,0,0,0,0,0,0,0,0,0,1,0,0,1,1
exp561,true,0,0,4,0,0,12,0,0,0,1,5,5,3,17
exp562,true,0,0,0,0,0,48,0,0,0,1,10,10,2,49
exp564,true,0,0,0,0,0,0,0,0,0,1,0,0,1,1
exp567,true,0,0,1,0,0,0,0,0,0,1,1,1,2,2
exp57,true,0,0,1,0,0,12,0,0,0,1,1,1,3,14
exp570,true,0,0,1,0,0,0,0,0,0,1,1,1,2,2
exp571,true,0,0,1,0,0,0,0,0,0,1,1,1,2,2
exp574,true,0,0,0,0,0,0,0,0,0,1,0,0,1,1
exp577,true,0,0,1,0,0,0,0,0,0,1,1,1,2,2
exp579,true,0,0,0,0,0,0,0,0,0,1,0,0,1,1
exp58,true,0,0,1,0,0,12,0,0,0,1,1,1,3,14
exp582,true,0,0,0,0,0,0,0,0,0,1,3,3,1,1
exp584,true,0,0,0,0,16,12,0,0,0,1,5,4,3,29
exp59,true,0,0,1,0,0,12,0,0,0,1,1,1,3,14
exp595,true,0,0,1,0,0,0,0,0,0,1,1,1,2,2
exp596,true,0,0,0,0,0,0,0,0,0,1,0,0,1,1
exp597,true,0,0,1,0,0,12,0,0,0,1,1,1,3,14
exp598,true,0,0,1,0,0,12,0,0,0,1,1,1,3,14
exp599,true,0,0,4,0,3,24,0,0,0,1,2,2,4,32
exp6,true,2,0,1,0,0,12,0,0,0,1,1,1,4,16
exp61,true,0,0,1,0,0,0,0,0,0,1,1,1,2,2
exp612,true,0,0,0,0,0,24,0,0,0,1,2,2,2,25
exp613,true,0,0,1,0,0,0,0,0,0,1,1,1,2,2
exp615,true,0,0,1,0,0,0,0,0,0,1,1,1,2,2
exp616,true,0,0,0,0,0,0,0,0,0,1,0,0,1,1
exp617,true,0,0,1,0,0,0,0,0,0,1,1,1,2,2
exp619,true,0,0,0,0,0,0,0,0,0,1,0,0,1,1
exp62,true,0,0,1,0,0,0,0,0,0,1,1,1,2,2
exp620,true,0,0,1,0,0,0,0,0,0,1,1,1,2,2
exp622,true,0,0,1,0,0,12,0,0,0,1,1,1,3,14
exp623,true,0,0,1,0,0,12,0,0,0,1,1,1,3,14
exp624,true,0,0,1,0,0,0,0,0,0,1,1,1,2,2
exp626,true,0,0,1,0,0,0,0,0,0,1,1,1,2,2
exp627,true,0,0,0,0,0,0,0,0,0,1,0,0,1,1
exp628,true,0,0,1,0,0,0,0,0,0,1,1,1,2,2
exp629,true,0,0,1,0,0,0,0,0,0,1,1,1,2,2
exp63,true,0,0,1,0,0,0,0,0,0,1,1,1,2,2
exp630,true,0,0,1,0,0,0,0,0,0,1,1,1,2,2
exp631,true,0,0,1,0,0,0,0,0,0,1,1,1,2,2
exp634,true,0,0,1,0,0,0,0,0,0,1,1,1,2,2
exp636,true,0,0,1,0,0,0,0,0,0,1,1,1,2,2
exp637,true,0,0,1,0,0,0,0,0,0,1,1,1,2,2
exp638,true,0,0,1,0,0,0,0,0,0,1,1,1,2,2
exp639,true,0,0,0,0,0,0,0,0,0,1,0,0,1,1
exp64,true,0,0,1,0,0,12,0,0,0,1,1,1,3,14
exp640,true,0,0,0,0,0,0,0,0,0,1,0,0,1,1
exp641,true,0,0,1,0,0,0,0,0,0,1,1,1,2,2
exp643,true,0,0,1,0,0,0,0,0,0,1,1,1,2,2
exp644,true,0,0,1,0,0,12,0,0,0,1,1,1,3,14
exp645,true,0,0,1,0,0,0,0,0,0,1,1,1,2,2
exp646,true,0,0,1,0,0,0,0,0,0,1,1,1,2,2
exp647,true,0,0,1,0,8,0,0,0,0,1,1,1,3,10
exp648,true,0,0,1,0,0,0,0,0,0,1,1,1,2,2
exp65,true,0,0,1,0,0,0,0,0,0,1,1,1,2,2
exp650,true,0,0,1,0,0,12,0,0,0,1,1,1,3,14
exp651,true,0,0,5,0,0,0,0,0,0,1,5,5,2,6
exp652,true,0,0,0,0,0,0,0,0,0,1,0,0,1,1
exp653,true,0,0,1,0,0,0,0,0,0,1,1,1,2,2
exp654,true,0,0,1,0,0,0,0,0,0,1,1,1,2,2
exp655,true,0,0,1,0,0,12,0,0,0,1,1,1,3,14
exp656,true,0,0,0,0,0,0,0,0,0,1,0,0,1,1
exp657,true,0,0,0,0,0,0,0,0,0,1,0,0,1,1
exp659,true,0,0,1,0,0,12,0,0,0,1,1,1,3,14
exp660,true,0,0,1,0,0,12,0,0,0,1,1,1,3,14
exp662,true,0,0,1,0,0,0,0,0,0,1,1,1,2,2
exp663,true,0,0,1,0,0,0,0,0,0,1,1,1,2,2
exp664,true,0,0,1,0,0,0,0,0,0,1,1,1,2,2
exp665,true,0,0,1,0,0,0,0,0,0,1,1,1,2,2
exp666,true,0,0,1,0,0,0,0,0,0,1,1,1,2,2
exp668,true,0,0,1,0,0,0,0,0,0,1,1,1,2,2
exp669,true,0,0,1,0,0,0,0,0,0,1,1,1,2,2
exp67,true,0,0,1,0,0,12,0,0,0,1,1,1,3,14
exp670,true,0,0,1,0,0,0,0,0,0,1,1,1,2,2
exp671,true,0,0,1,0,0,0,0,0,0,1,1,1,2,2
exp672,true,0,0,1,0,0,0,0,0,0,1,1,1,2,2
exp673,true,0,0,0,0,0,0,0,0,0,1,1,1,1,1
exp675,true,0,0,1,0,0,0,0,0,0,1,1,1,2,2
exp676,true,0,0,1,0,0,0,0,0,0,1,1,1,2,2
exp677,true,0,0,1,0,0,0,0,0,0,1,1,1,2,2
exp678,true,0,0,0,0,0,0,0,0,0,1,1,1,1,1
exp68,true,0,0,1,0,0,0,0,0,0,1,1,1,2,2
exp680,true,0,0,1,0,0,12,0,0,0,1,1,1,3,14
exp681,true,0,0,1,0,0,0,0,0,0,1,1,1,2,2
exp682,true,0,0,1,0,0,12,0,0,0,1,1,1,3,14
exp683,true,0,0,1,0,0,12,0,0,0,1,1,1,3,14
exp684,true,0,0,1,0,0,0,0,0,0,1,1,1,2,2
exp685,true,0,0,0,0,0,0,0,0,0,1,0,0,1,1
exp686,true,0,0,1,0,0,0,0,0,0,1,1,1,2,2
exp69,true,0,0,1,0,8,12,0,0,0,1,1,1,4,22
exp690,true,0,0,1,0,0,0,0,0,0,1,1,1,2,2
exp691,true,0,0,1,0,0,12,0,0,0,1,1,1,3,14
exp692,true,0,0,0,0,0,0,0,0,0,1,0,0,1,1
exp693,true,0,0,1,0,0,0,0,0,0,1,1,1,2,2
exp694,true,0,0,5,0,0,0,0,0,0,1,5,5,2,6
exp695,true,0,0,5,0,0,0,0,0,0,1,5,5,2,6
exp696,true,0,0,1,0,0,12,0,0,0,1,1,1,3,14
exp698,true,0,0,0,0,0,0,0,0,0,1,0,0,1,1
exp699,true,0,0,1,0,0,0,0,0,0,1,1,1,2,2
exp7,true,0,5,2,0,0,0,0,0,0,1,2,2,3,8
exp70,true,0,0,2,0,0,0,0,0,0,1,2,2,2,3
exp700,true,0,0,1,0,0,0,0,0,0,1,1,1,2,2
exp701,true,0,0,1,0,0,0,0,0,0,1,1,1,2,2
exp702,true,0,0,1,0,0,12,0,0,0,1,1,1,3,14
exp704,true,0,0,1,0,0,12,0,0,0,1,1,1,3,14
exp706,true,0,0,1,0,0,0,0,0,0,1,1,1,2,2
exp707,true,0,0,1,0,0,0,0,0,0,1,1,1,2,2
exp708,true,0,0,1,0,0,0,0,0,0,1,1,1,2,2
exp709,true,0,0,1,0,0,0,0,0,0,1,1,1,2,2
exp71,true,0,0,1,0,0,12,0,0,0,1,1,1,3,14
exp710,true,0,0,0,0,0,0,0,0,0,1,0,0,1,1
exp711,true,0,0,1,0,0,0,0,0,0,1,1,1,2,2
exp712,true,0,0,1,0,0,0,0,0,0,1,1,1,2,2
exp713,true,0,0,1,0,0,12,0,0,0,1,1,1,3,14
exp715,true,0,0,1,0,0,0,0,0,0,1,1,1,2,2
exp716,true,0,0,1,0,0,0,0,0,0,1,1,1,2,2
exp717,true,0,0,1,0,0,0,0,0,0,1,1,1,2,2
exp718,true,0,0,0,0,0,0,0,0,0,1,0,0,1,1
exp72,true,0,0,1,0,0,12,0,0,0,1,1,1,3,14
exp720,true,0,0,1,0,0,12,0,0,0,1,1,1,3,14
exp722,true,0,0,1,0,0,0,0,0,0,1,1,1,2,2
exp723,true,0,0,1,0,0,0,0,0,0,1,1,1,2,2
exp724,true,0,0,1,0,0,12,0,0,0,1,1,1,3,14
exp725,true,0,0,1,0,0,0,0,0,0,1,1,1,2,2
exp726,true,0,0,1,0,0,0,0,0,0,1,1,1,2,2
exp728,true,0,0,1,0,0,0,0,0,0,1,1,1,2,2
exp729,true,0,0,1,0,0,0,0,0,0,1,1,1,2,2
exp73,true,0,0,1,0,0,0,0,0,0,1,1,1,2,2
exp730,true,0,0,4,0,0,0,0,0,0,1,4,4,2,5
exp733,true,0,0,4,0,0,36,0,0,0,1,4,4,3,41
exp735,true,0,0,1,0,0,0,0,0,0,1,1,1,2,2
exp740,true,0,0,2,0,0,12,0,0,0,1,2,2,3,15
exp741,true,0,0,1,0,0,0,0,0,0,1,1,1,2,2
exp743,true,0,0,1,0,0,12,0,0,0,1,1,1,3,14
exp744,true,0,0,8,0,0,0,0,0,0,1,8,8,2,9
exp745,true,0,0,0,0,0,0,0,0,0,1,0,0,1,1
exp754,true,0,0,1,0,0,12,0,0,0,1,1,1,3,14
exp755,true,0,0,1,0,0,0,0,0,0,1,1,1,2,2
exp756,true,0,0,1,0,0,0,0,0,0,1,1,1,2,2
exp757,true,0,0,1,0,0,0,0,0,0,1,1,1,2,2
exp759,true,0,0,1,0,0,0,0,0,0,1,1,1,2,2
exp760,true,0,0,1,0,0,0,0,0,0,1,1,1,2,2
exp762,true,0,0,1,0,0,12,0,0,0,1,1,1,3,14
exp763,true,0,0,1,0,0,0,0,0,0,1,1,1,2,2
exp764,true,0,0,1,0,0,0,0,0,0,1,1,1,2,2
exp765,true,0,0,1,0,0,12,0,0,0,1,1,1,3,14
exp767,true,0,0,1,0,0,0,0,0,0,1,1,1,2,2
exp768,true,0,0,1,0,0,0,0,0,0,1,1,1,2,2
exp769,true,0,0,1,0,0,0,0,0,0,1,1,1,2,2
exp77,true,0,0,1,0,0,0,0,0,0,1,1,1,2,2
exp770,true,0,0,1,0,0,0,0,0,0,1,1,1,2,2
exp771,true,0,0,5,0,0,0,0,0,0,1,5,5,2,6
exp772,true,0,0,1,0,0,0,0,0,0,1,1,1,2,2
exp775,true,0,0,0,0,0,0,0,0,0,1,1,1,1,1
exp778,true,0,0,0,0,0,24,0,0,0,1,2,2,2,25
exp78,true,0,0,0,0,0,0,0,0,0,1,1,1,1,1
exp781,true,0,0,1,0,0,12,0,0,0,1,1,1,3,14
exp782,true,0,0,1,0,0,0,0,0,0,1,1,1,2,2
exp784,true,0,0,1,0,0,0,0,0,0,1,1,1,2,2
exp785,true,0,0,0,0,8,0,0,0,0,1,2,2,2,9
exp787,true,0,0,1,0,0,12,0,0,0,1,1,1,3,14
exp790,true,0,0,1,0,0,12,0,0,0,1,1,1,3,14
exp791,true,0,0,1,0,0,0,0,0,0,1,1,1,2,2
exp792,true,0,0,1,0,0,0,0,0,0,1,1,1,2,2
exp794,true,0,0,1,0,0,0,0,0,0,1,1,1,2,2
exp795,true,0,0,1,0,0,0,0,0,0,1,1,1,2,2
exp797,true,0,0,1,0,0,12,0,0,0,1,1,1,3,14
exp798,true,0,0,1,0,0,0,0,0,0,1,1,1,2,2
exp799,true,0,0,1,0,0,0,0,0,0,1,1,1,2,2
exp8,true,2,0,1,0,0,0,0,0,0,1,1,1,3,4
exp801,true,0,0,1,0,0,12,0,0,0,1,1,1,3,14
exp802,true,0,0,1,0,0,0,0,0,0,1,1,1,2,2
exp803,true,0,0,5,0,0,0,0,0,0,1,5,5,2,6
exp804,true,0,0,0,0,0,0,0,0,0,1,0,0,1,1
exp805,true,0,0,1,0,0,0,0,0,0,1,1,1,2,2
exp806,true,0,0,1,0,0,12,0,0,0,1,1,1,3,14
exp807,true,0,0,1,0,0,12,0,0,0,1,1,1,3,14
exp808,true,0,0,1,0,0,0,0,0,0,1,1,1,2,2
exp809,true,0,0,1,0,0,12,0,0,0,1,1,1,3,14
exp81,true,0,0,1,0,0,0,0,0,0,1,1,1,2,2
exp810,true,0,0,1,0,0,0,0,0,0,1,1,1,2,2
exp811,true,0,0,1,0,0,0,0,0,0,1,1,1,2,2
exp813,true,0,0,1,0,0,0,0,0,0,1,1,1,2,2
exp814,true,0,0,0,0,0,0,0,0,0,1,0,0,1,1
exp815,true,0,0,1,0,0,12,0,0,0,1,1,1,3,14
exp816,true,0,0,1,0,0,0,0,0,0,1,1,1,2,2
exp817,true,0,0,1,0,0,0,0,0,0,1,1,1,2,2
exp818,true,0,0,1,0,0,0,0,0,0,1,1,1,2,2
exp819,true,0,0,1,0,0,12,0,0,0,1,1,1,3,14
exp820,true,0,0,1,0,0,0,0,0,0,1,1,1,2,2
exp821,true,0,0,1,0,0,12,0,0,0,1,1,1,3,14
exp824,true,0,0,1,0,0,0,0,0,0,1,1,1,2,2
exp825,true,0,0,1,0,0,0,0,0,0,1,1,1,2,2
exp826,true,0,0,1,0,0,0,0,0,0,1,1,1,2,2
exp829,true,0,0,1,0,0,12,0,0,0,1,1,1,3,14
exp83,true,0,0,1,0,0,0,0,0,0,1,1,1,2,2
exp830,true,0,0,1,0,0,0,0,0,0,1,1,1,2,2
exp831,true,0,0,4,0,0,0,0,0,0,1,5,5,2,5
exp832,true,0,0,0,0,0,24,0,0,0,1,3,2,2,25
exp834,true,0,0,1,0,0,0,0,0,0,1,1,1,2,2
exp836,true,0,0,1,0,0,0,0,0,0,1,1,1,2,2
exp837,true,0,0,1,0,0,12,0,0,0,1,1,1,3,14
exp838,true,0,0,0,0,0,0,0,0,0,1,1,1,1,1
exp840,true,0,0,1,0,0,0,0,0,0,1,1,1,2,2
exp842,true,0,0,1,0,0,12,0,0,0,1,1,1,3,14
exp843,true,0,0,1,0,0,0,0,0,0,1,1,1,2,2
exp844,true,0,0,1,0,0,0,0,0,0,1,1,1,2,2
exp847,true,0,0,1,0,0,0,0,0,0,1,1,1,2,2
exp848,true,0,0,1,0,0,0,0,0,0,1,1,1,2,2
exp849,true,0,0,1,0,0,0,0,0,0,1,1,1,2,2
exp850,true,0,0,1,0,0,0,0,0,0,1,1,1,2,2
exp851,true,0,0,1,0,0,12,0,0,0,1,1,1,3,14
exp852,true,0,0,1,0,0,0,0,0,0,1,1,1,2,2
exp853,true,0,0,1,0,0,0,0,0,0,1,1,1,2,2
exp854,true,0,0,1,0,0,12,0,0,0,1,1,1,3,14
exp855,true,0,0,5,0,0,0,0,0,0,1,5,5,2,6
exp856,true,0,0,1,0,0,0,0,0,0,1,1,1,2,2
exp857,true,0,0,1,0,0,12,0,0,0,1,1,1,3,14
exp859,true,0,0,1,0,0,0,0,0,0,1,1,1,2,2
exp86,true,0,0,1,0,0,12,0,0,0,1,1,1,3,14
exp860,true,0,0,6,0,0,0,0,0,0,1,6,5,2,7
exp861,true,0,0,1,0,0,0,0,0,0,1,1,1,2,2
exp862,true,0,0,2,0,8,24,0,0,0,1,2,2,4,35
exp863,true,0,0,0,0,0,0,0,0,0,1,2,2,1,1
exp867,true,0,0,0,0,0,0,0,0,0,1,2,1,1,1
exp869,true,0,0,1,0,0,12,0,0,0,1,1,1,3,14
exp870,true,0,0,1,0,0,0,0,0,0,1,1,1,2,2
exp871,true,0,0,5,0,0,0,0,0,0,1,4,4,2,6
exp874,true,0,0,1,0,0,0,0,0,0,1,1,1,2,2
exp875,true,0,0,1,0,0,0,0,0,0,1,1,1,2,2
exp876,true,0,0,1,0,0,0,0,0,0,1,1,1,2,2
exp88,true,0,0,1,0,0,12,0,0,0,1,1,1,3,14
exp882,true,0,0,1,0,0,12,0,0,0,1,1,1,3,14
exp883,true,0,0,1,0,0,0,0,0,0,1,1,1,2,2
exp884,true,0,0,0,0,0,0,0,0,0,1,0,0,1,1
exp886,true,0,0,1,0,0,0,0,0,0,1,1,1,2,2
exp887,true,0,0,1,0,0,0,0,0,0,1,1,1,2,2
exp888,true,0,0,1,0,0,12,0,0,0,1,1,1,3,14
exp89,true,0,0,1,0,0,0,0,0,0,1,1,1,2,2
exp891,true,0,0,1,0,0,12,0,0,0,1,1,1,3,14
exp893,true,0,0,1,0,8,12,0,0,0,1,1,1,4,22
exp894,true,0,0,1,0,0,0,0,0,0,1,1,1,2,2
exp895,true,0,0,1,0,0,0,0,0,0,1,1,1,2,2
exp897,true,0,0,1,0,0,12,0,0,0,1,1,1,3,14
exp899,true,0,0,1,0,0,0,0,0,0,1,1,1,2,2
exp9,true,2,0,1,0,0,0,0,0,0,1,1,1,3,4
exp90,true,0,0,5,0,0,60,0,0,0,1,5,5,3,66
exp901,true,0,0,1,0,0,0,0,0,0,1,1,1,2,2
exp902,true,0,0,1,0,0,0,0,0,0,1,1,1,2,2
exp904,true,0,0,1,0,0,0,0,0,0,1,1,1,2,2
exp905,true,0,0,0,0,0,0,0,0,0,1,0,0,1,1
exp91,true,0,0,0,0,0,12,0,0,0,1,1,1,2,13
exp910,true,0,0,1,0,0,12,0,0,0,1,1,1,3,14
exp911,true,0,0,1,0,0,0,0,0,0,1,1,1,2,2
exp912,true,0,0,1,0,0,0,0,0,0,1,1,1,2,2
exp913,true,0,0,1,0,0,0,0,0,0,1,1,1,2,2
exp914,true,0,0,1,0,0,0,0,0,0,1,1,1,2,2
exp915,true,0,0,0,0,0,0,0,0,0,1,0,0,1,1
exp916,true,0,0,1,0,0,0,0,0,0,1,1,1,2,2
exp918,true,0,0,1,0,0,0,0,0,0,1,1,1,2,2
exp919,true,0,0,0,0,0,0,0,0,0,1,0,0,1,1
exp92,true,0,0,1,0,0,0,0,0,0,1,1,1,2,2
exp923,true,0,0,1,0,0,12,0,0,0,1,1,1,3,14
exp925,true,0,0,0,0,0,0,0,0,0,1,0,0,1,1
exp928,true,0,0,1,0,0,0,0,0,0,1,1,1,2,2
exp93,true,0,0,0,0,0,0,0,0,0,1,0,0,1,1
exp930,true,0,0,0,0,0,0,0,0,0,1,0,0,1,1
exp931,true,0,0,1,0,0,0,0,0,0,1,1,1,2,2
exp932,true,0,0,1,0,0,0,0,0,0,1,1,1,2,2
exp934,true,0,0,1,0,0,0,0,0,0,1,1,1,2,2
exp935,true,0,0,1,0,0,0,0,0,0,1,1,1,2,2
exp937,true,0,0,1,0,0,0,0,0,0,1,1,1,2,2
exp938,true,0,0,1,0,8,12,0,0,0,1,1,1,4,22
exp939,true,0,0,1,0,0,0,0,0,0,1,1,1,2,2
exp940,true,0,0,1,0,0,0,0,0,0,1,1,1,2,2
exp941,true,0,0,1,0,0,12,0,0,0,1,1,1,3,14
exp943,true,0,0,1,0,0,0,0,0,0,1,1,1,2,2
exp946,true,0,0,1,0,0,0,0,0,0,1,1,1,2,2
exp947,true,0,0,1,0,0,0,0,0,0,1,1,1,2,2
exp948,true,0,0,1,0,0,0,0,0,0,1,1,1,2,2
exp95,true,0,0,1,0,0,12,0,0,0,1,1,1,3,14
exp950,true,0,0,1,0,0,0,0,0,0,1,1,1,2,2
exp951,true,0,0,1,0,0,0,0,0,0,1,1,1,2,2
exp952,true,0,0,1,0,0,0,0,0,0,1,1,1,2,2
exp953,true,0,0,1,0,0,0,0,0,0,1,1,1,2,2
exp954,true,0,0,0,0,0,0,0,0,0,1,0,0,1,1
exp956,true,0,0,5,0,0,0,0,0,0,1,5,5,2,6
exp957,true,0,0,1,0,0,12,0,0,0,1,1,1,3,14
exp959,true,0,0,1,0,0,0,0,0,0,1,1,1,2,2
exp96,true,0,0,1,0,0,0,0,0,0,1,1,1,2,2
exp960,true,0,0,1,0,0,0,0,0,0,1,1,1,2,2
exp961,true,0,0,1,0,0,0,0,0,0,1,1,1,2,2
exp962,true,0,0,1,0,0,12,0,0,0,1,1,1,3,14
exp963,true,0,0,1,0,0,0,0,0,0,1,1,1,2,2
exp966,true,0,0,1,0,0,12,0,0,0,1,1,1,3,14
exp97,true,0,0,0,0,0,0,0,0,0,1,0,0,1,1
exp970,true,0,0,1,0,0,0,0,0,0,1,1,1,2,2
exp973,true,0,0,5,0,0,0,0,0,0,1,5,5,2,6
exp974,true,0,0,1,0,0,0,0,0,0,1,1,1,2,2
exp976,true,0,0,1,0,0,12,0,0,0,1,1,1,3,14
exp977,true,0,0,1,0,0,0,0,0,0,1,1,1,2,2
exp979,true,0,0,1,0,0,0,0,0,0,1,1,1,2,2
exp98,true,0,0,1,0,0,12,0,0,0,1,1,1,3,14
exp981,true,0,0,1,0,0,0,0,0,0,1,1,1,2,2
exp983,true,0,0,1,0,0,0,0,0,0,1,1,1,2,2
exp984,true,0,0,1,0,0,0,0,0,0,1,1,1,2,2
exp985,true,0,0,1,0,0,0,0,0,0,1,1,1,2,2
exp986,true,0,0,1,0,0,0,0,0,0,1,1,1,2,2
exp987,true,0,0,1,0,0,0,0,0,0,1,1,1,2,2
exp988,true,0,0,1,0,0,0,0,0,0,1,1,1,2,2
exp989,true,0,0,1,0,0,12,0,0,0,1,1,1,3,14
exp990,true,0,0,1,0,0,0,0,0,0,1,1,1,2,2
exp991,true,0,0,1,0,0,0,0,0,0,1,1,1,2,2
exp993,true,0,0,1,0,0,0,0,0,0,1,1,1,2,2
exp995,true,0,0,1,0,0,12,0,0,0,1,1,1,3,14
exp998,true,0,0,1,0,0,0,0,0,0,1,1,1,2,2
fp003a112b,,0,0,0,0,0,0,0,0,0,0,0,0,0,0
fp0065efff,,0,0,0,0,0,0,0,0,0,0,0,0,0,0
fp006bf8c8,,0,0,0,0,0,0,0,0,0,0,0,0,0,0
fp0148814a,,0,0,0,0,0,0,0,0,0,0,0,0,0,0
fp0189116c,,0,0,0,0,0,0,0,0,0,0,0,0,0,0
fp018b1c26,,0,0,0,0,0,0,0,0,0,0,0,0,0,0
fp01ab5aec,,0,0,0,0,0,0,0,0,0,0,0,0,0,0
fp01f4d450,,0,0,0,0,0,0,0,0,0,0,0,0,0,0
fp02316c45,,0,0,0,0,0,0,0,0,0,0,0,0,0,0
fp02867f7b,,0,0,0,0,0,0,0,0,0,0,0,0,0,0
fp02a417ce,,0,0,0,0,0,0,0,0,0,0,0,0,0,0
fp02cf254a,,0,0,0,0,0,0,0,0,0,0,0,0,0,0
fp03cdbd4b,,0,0,0,0,0,0,0,0,0,0,0,0,0,0
fp03d75c5d,,0,0,0,0,0,0,0,0,0,0,0,0,0,0
fp04a069fe,,0,0,0,0,0,0,0,0,0,0,0,0,0,0
fp04ad3f26,,0,0,0,0,0,0,0,0,0,0,0,0,0,0
fp052423b0,,0,0,0,0,0,0,0,0,0,0,0,0,0,0
fp0534b737,,0,0,0,0,0,0,0,0,0,0,0,0,0,0
fp0638c5ea,,0,0,0,0,0,0,0,0,0,0,0,0,0,0
fp08026ff3,,0,0,0,0,0,0,0,0,0,0,0,0,0,0
fp080675cf,,0,0,0,0,0,0,0,0,0,0,0,0,0,0
fp086d9ed0,,0,0,0,0,0,0,0,0,0,0,0,0,0,0
fp08bf5c77,,0,0,0,0,0,0,0,0,0,0,0,0,0,0
fp08d3f90c,,0,0,0,0,0,0,0,0,0,0,0,0,0,0
fp08fd71f0,,0,0,0,0,0,0,0,0,0,0,0,0,0,0
fp0a38cf51,,0,0,0,0,0,0,0,0,0,0,0,0,0,0
fp0a42196b,,0,0,0,0,0,0,0,0,0,0,0,0,0,0
fp0a6a9641,,0,0,0,0,0,0,0,0,0,0,0,0,0,0
fp0ab254dc,,0,0,0,0,0,0,0,0,0,0,0,0,0,0
fp0b092b7d,,0,0,0,0,0,0,0,0,0,0,0,0,0,0
fp0b2e198e,,0,0,0,0,0,0,0,0,0,0,0,0,0,0
fp0bcd5848,,0,0,0,0,0,0,0,0,0,0,0,0,0,0
fp0cf9862e,,0,0,0,0,0,0,0,0,0,0,0,0,0,0
fp0d34ef01,,0,0,0,0,0,0,0,0,0,0,0,0,0,0
fp0e8441fe,,0,0,0,0,0,0,0,0,0,0,0,0,0,0
fp0f6bc841,,0,0,0,0,0,0,0,0,0,0,0,0,0,0
fp0f82df7b,,0,0,0,0,0,0,0,0,0,0,0,0,0,0
fp0f82e968,,0,0,0,0,0,0,0,0,0,0,0,0,0,0
fp0ff6d57e,,0,0,0,0,0,0,0,0,0,0,0,0,0,0
fp104c0577,,0,0,0,0,0,0,0,0,0,0,0,0,0,0
fp10a3700a,,0,0,0,0,0,0,0,0,0,0,0,0,0,0
fp116a026b,,0,0,0,0,0,0,0,0,0,0,0,0,0,0
fp1190aeaa,,0,0,0,0,0,0,0,0,0,0,0,0,0,0
fp11cc6b7d,,0,0,0,0,0,0,0,0,0,0,0,0,0,0
fp1203dcc6,,0,0,0,0,0,0,0,0,0,0,0,0,0,0
fp1259c312,,0,0,0,0,0,0,0,0,0,0,0,0,0,0
fp12611916,,0,0,0,0,0,0,0,0,0,0,0,0,0,0
fp12e46167,,0,0,0,0,0,0,0,0,0,0,0,0,0,0
fp12fffc26,,0,0,0,0,0,0,0,0,0,0,0,0,0,0
fp13534cbc,,0,0,0,0,0,0,0,0,0,0,0,0,0,0
fp13c6f7b6,,0,0,0,0,0,0,0,0,0,0,0,0,0,0
fp14371eb2,,0,0,0,0,0,0,0,0,0,0,0,0,0,0
fp147401c3,,0,0,0,0,0,0,0,0,0,0,0,0,0,0
fp14ab81ce,,0,0,0,0,0,0,0,0,0,0,0,0,0,0
fp14bc337e,,0,0,0,0,0,0,0,0,0,0,0,0,0,0
fp154d2594,,0,0,0,0,0,0,0,0,0,0,0,0,0,0
fp155cd88b,,0,0,0,0,0,0,0,0,0,0,0,0,0,0
fp15673675,,0,0,0,0,0,0,0,0,0,0,0,0,0,0
fp15855491,,0,0,0,0,0,0,0,0,0,0,0,0,0,0
fp15bb62bd,,0,0,0,0,0,0,0,0,0,0,0,0,0,0
fp15bc344d,,0,0,0,0,0,0,0,0,0,0,0,0,0,0
fp16164c1e,,0,0,0,0,0,0,0,0,0,0,0,0,0,0
fp172df665,,0,0,0,0,0,0,0,0,0,0,0,0,0,0
fp1772b793,,0,0,0,0,0,0,0,0,0,0,0,0,0,0
fp17fc5795,,0,0,0,0,0,0,0,0,0,0,0,0,0,0
fp185c04a4,,0,0,0,0,0,0,0,0,0,0,0,0,0,0
fp18757809,,0,0,0,0,0,0,0,0,0,0,0,0,0,0
fp1916b3c0,,0,0,0,0,0,0,0,0,0,0,0,0,0,0
fp192d714b,,0,0,0,0,0,0,0,0,0,0,0,0,0,0
fp19737774,,0,0,0,0,0,0,0,0,0,0,0,0,0,0
fp19922de5,,0,0,0,0,0,0,0,0,0,0,0,0,0,0
fp1aa634ea,,0,0,0,0,0,0,0,0,0,0,0,0,0,0
fp1af48346,,0,0,0,0,0,0,0,0,0,0,0,0,0,0
fp1b78e740,,0,0,0,0,0,0,0,0,0,0,0,0,0,0
fp1b90fac0,,0,0,0,0,0,0,0,0,0,0,0,0,0,0
fp1c093249,,0,0,0,0,0,0,0,0,0,0,0,0,0,0
fp1c17e4de,,0,0,0,0,0,0,0,0,0,0,0,0,0,0
fp1ccf0842,,0,0,0,0,0,0,0,0,0,0,0,0,0,0
fp1d26da2b,,0,0,0,0,0,0,0,0,0,0,0,0,0,0
fp1db70dd9,,0,0,0,0,0,0,0,0,0,0,0,0,0,0
fp1e4401a2,,0,0,0,0,0,0,0,0,0,0,0,0,0,0
fp1f8dddd0,,0,0,0,0,0,0,0,0,0,0,0,0,0,0
fp1fdaf3f2,,0,0,0,0,0,0,0,0,0,0,0,0,0,0
fp1fe473d6,,0,0,0,0,0,0,0,0,0,0,0,0,0,0
fp202464d8,,0,0,0,0,0,0,0,0,0,0,0,0,0,0
fp205308cd,,0,0,0,0,0,0,0,0,0,0,0,0,0,0
fp20a1fd49,,0,0,0,0,0,0,0,0,0,0,0,0,0,0
fp20af6098,,0,0,0,0,0,0,0,0,0,0,0,0,0,0
fp211c49b9,,0,0,0,0,0,0,0,0,0,0,0,0,0,0
fp214cb1ae,,0,0,0,0,0,0,0,0,0,0,0,0,0,0
fp215e13eb,,0,0,0,0,0,0,0,0,0,0,0,0,0,0
fp216ebf00,,0,0,0,0,0,0,0,0,0,0,0,0,0,0
fp21768dbb,,0,0,0,0,0,0,0,0,0,0,0,0,0,0
fp21c1b8c3,,0,0,0,0,0,0,0,0,0,0,0,0,0,0
fp21dfdc7f,,0,0,0,0,0,0,0,0,0,0,0,0,0,0
fp22122c4a,,0,0,0,0,0,0,0,0,0,0,0,0,0,0
fp225dc50a,,0,0,0,0,0,0,0,0,0,0,0,0,0,0
fp2271fb1c,,0,0,0,0,0,0,0,0,0,0,0,0,0,0
fp229e6518,,0,0,0,0,0,0,0,0,0,0,0,0,0,0
fp22b29bd3,,0,0,0,0,0,0,0,0,0,0,0,0,0,0
fp22b49f24,,0,0,0,0,0,0,0,0,0,0,0,0,0,0
fp238fa6c5,,0,0,0,0,0,0,0,0,0,0,0,0,0,0
fp23b477dd,,0,0,0,0,0,0,0,0,0,0,0,0,0,0
fp23b9f791,,0,0,0,0,0,0,0,0,0,0,0,0,0,0
fp2442a6e5,,0,0,0,0,0,0,0,0,0,0,0,0,0,0
fp2460ef45,,0,0,0,0,0,0,0,0,0,0,0,0,0,0
fp2495c114,,0,0,0,0,0,0,0,0,0,0,0,0,0,0
fp24afd89e,,0,0,0,0,0,0,0,0,0,0,0,0,0,0
fp2524ff7d,,0,0,0,0,0,0,0,0,0,0,0,0,0,0
fp252b855c,,0,0,0,0,0,0,0,0,0,0,0,0,0,0
fp26ea1e50,,0,0,0,0,0,0,0,0,0,0,0,0,0,0
fp26f227f8,,0,0,0,0,0,0,0,0,0,0,0,0,0,0
fp26fb2fb9,,0,0,0,0,0,0,0,0,0,0,0,0,0,0
fp276775ae,,0,0,0,0,0,0,0,0,0,0,0,0,0,0
fp2840044d,,0,0,0,0,0,0,0,0,0,0,0,0,0,0
fp2854f976,,0,0,0,0,0,0,0,0,0,0,0,0,0,0
fp285ea075,,0,0,0,0,0,0,0,0,0,0,0,0,0,0
fp28fb96a1,,0,0,0,0,0,0,0,0,0,0,0,0,0,0
fp29ec9880,,0,0,0,0,0,0,0,0,0,0,0,0,0,0
fp2ac6799b,,0,0,0,0,0,0,0,0,0,0,0,0,0,0
fp2afa2966,,0,0,0,0,0,0,0,0,0,0,0,0,0,0
fp2bb1e4b8,,0,0,0,0,0,0,0,0,0,0,0,0,0,0
fp2bfaf0c8,,0,0,0,0,0,0,0,0,0,0,0,0,0,0
fp2c65ab4f,,0,0,0,0,0,0,0,0,0,0,0,0,0,0
fp2c7b337b,,0,0,0,0,0,0,0,0,0,0,0,0,0,0
fp2cb8622c,,0,0,0,0,0,0,0,0,0,0,0,0,0,0
fp2e071ff5,,0,0,0,0,0,0,0,0,0,0,0,0,0,0
fp2e0824c4,,0,0,0,0,0,0,0,0,0,0,0,0,0,0
fp2e818e64,,0,0,0,0,0,0,0,0,0,0,0,0,0,0
fp2eca1e99,,0,0,0,0,0,0,0,0,0,0,0,0,0,0
fp2f356d49,,0,0,0,0,0,0,0,0,0,0,0,0,0,0
fp2f4bc9af,,0,0,0,0,0,0,0,0,0,0,0,0,0,0
fp2f5a989c,,0,0,0,0,0,0,0,0,0,0,0,0,0,0
fp2f96caa3,,0,0,0,0,0,0,0,0,0,0,0,0,0,0
fp2fb22558,,0,0,0,0,0,0,0,0,0,0,0,0,0,0
fp2fb9c938,,0,0,0,0,0,0,0,0,0,0,0,0,0,0
fp2ffdcd68,,0,0,0,0,0,0,0,0,0,0,0,0,0,0
fp3008b24d,,0,0,0,0,0,0,0,0,0,0,0,0,0,0
fp30939182,,0,0,0,0,0,0,0,0,0,0,0,0,0,0
fp30c8f7d5,,0,0,0,0,0,0,0,0,0,0,0,0,0,0
fp310a59c7,,0,0,0,0,0,0,0,0,0,0,0,0,0,0
fp3142d596,,0,0,0,0,0,0,0,0,0,0,0,0,0,0
fp31491112,,0,0,0,0,0,0,0,0,0,0,0,0,0,0
fp31d8b884,,0,0,0,0,0,0,0,0,0,0,0,0,0,0
fp32341883,,0,0,0,0,0,0,0,0,0,0,0,0,0,0
fp327a3cb4,,0,0,0,0,0,0,0,0,0,0,0,0,0,0
fp33224fbe,,0,0,0,0,0,0,0,0,0,0,0,0,0,0
fp34324800,,0,0,0,0,0,0,0,0,0,0,0,0,0,0
fp3471ac90,,0,0,0,0,0,0,0,0,0,0,0,0,0,0
fp350df98f,,0,0,0,0,0,0,0,0,0,0,0,0,0,0
fp35a3b574,,0,0,0,0,0,0,0,0,0,0,0,0,0,0
fp35ccf86a,,0,0,0,0,0,0,0,0,0,0,0,0,0,0
fp3635b428,,0,0,0,0,0,0,0,0,0,0,0,0,0,0
fp36773c8e,,0,0,0,0,0,0,0,0,0,0,0,0,0,0
fp36cae880,,0,0,0,0,0,0,0,0,0,0,0,0,0,0
fp370a368d,,0,0,0,0,0,0,0,0,0,0,0,0,0,0
fp371e308e,,0,0,0,0,0,0,0,0,0,0,0,0,0,0
fp37726508,,0,0,0,0,0,0,0,0,0,0,0,0,0,0
fp3868d564,,0,0,0,0,0,0,0,0,0,0,0,0,0,0
fp3893e02e,,0,0,0,0,0,0,0,0,0,0,0,0,0,0
fp39dc1571,,0,0,0,0,0,0,0,0,0,0,0,0,0,0
fp39f6464f,,0,0,0,0,0,0,0,0,0,0,0,0,0,0
fp39f81a09,,0,0,0,0,0,0,0,0,0,0,0,0,0,0
fp3ae4c761,,0,0,0,0,0,0,0,0,0,0,0,0,0,0
fp3aec5501,,0,0,0,0,0,0,0,0,0,0,0,0,0,0
fp3b8428d1,,0,0,0,0,0,0,0,0,0,0,0,0,0,0
fp3bc50de3,,0,0,0,0,0,0,0,0,0,0,0,0,0,0
fp3bd69e87,,0,0,0,0,0,0,0,0,0,0,0,0,0,0
fp3c45937f,,0,0,0,0,0,0,0,0,0,0,0,0,0,0
fp3c4fa90d,,0,0,0,0,0,0,0,0,0,0,0,0,0,0
fp3c9760f5,,0,0,0,0,0,0,0,0,0,0,0,0,0,0
fp3cbce92b,,0,0,0,0,0,0,0,0,0,0,0,0,0,0
fp3d44fd40,,0,0,0,0,0,0,0,0,0,0,0,0,0,0
fp3e56c775,,0,0,0,0,0,0,0,0,0,0,0,0,0,0
fp3e70129a,,0,0,0,0,0,0,0,0,0,0,0,0,0,0
fp3fb4faec,,0,0,0,0,0,0,0,0,0,0,0,0,0,0
fp3fed213b,,0,0,0,0,0,0,0,0,0,0,0,0,0,0
fp40cd477d,,0,0,0,0,0,0,0,0,0,0,0,0,0,0
fp4145c5c5,,0,0,0,0,0,0,0,0,0,0,0,0,0,0
fp416846bc,,0,0,0,0,0,0,0,0,0,0,0,0,0,0
fp41ce5b71,,0,0,0,0,0,0,0,0,0,0,0,0,0,0
fp41e9a330,,0,0,0,0,0,0,0,0,0,0,0,0,0,0
fp4212665d,,0,0,0,0,0,0,0,0,0,0,0,0,0,0
fp4228ca49,,0,0,0,0,0,0,0,0,0,0,0,0,0,0
fp4232996f,,0,0,0,0,0,0,0,0,0,0,0,0,0,0
fp42bfceb0,,0,0,0,0,0,0,0,0,0,0,0,0,0,0
fp42f8da03,,0,0,0,0,0,0,0,0,0,0,0,0,0,0
fp43331f19,,0,0,0,0,0,0,0,0,0,0,0,0,0,0
fp435780f9,,0,0,0,0,0,0,0,0,0,0,0,0,0,0
fp4399a63f,,0,0,0,0,0,0,0,0,0,0,0,0,0,0
fp4448fe23,,0,0,0,0,0,0,0,0,0,0,0,0,0,0
fp4465e877,,0,0,0,0,0,0,0,0,0,0,0,0,0,0
fp44d05a00,,0,0,0,0,0,0,0,0,0,0,0,0,0,0
fp4511c8bc,,0,0,0,0,0,0,0,0,0,0,0,0,0,0
fp45508309,,0,0,0,0,0,0,0,0,0,0,0,0,0,0
fp45c71495,,0,0,0,0,0,0,0,0,0,0,0,0,0,0
fp46f88d79,,0,0,0,0,0,0,0,0,0,0,0,0,0,0
fp47c10ca2,,0,0,0,0,0,0,0,0,0,0,0,0,0,0
fp487fa74a,,0,0,0,0,0,0,0,0,0,0,0,0,0,0
fp489d72b9,,0,0,0,0,0,0,0,0,0,0,0,0,0,0
fp48a3bf86,,0,0,0,0,0,0,0,0,0,0,0,0,0,0
fp48ec256d,,0,0,0,0,0,0,0,0,0,0,0,0,0,0
fp490b1d26,,0,0,0,0,0,0,0,0,0,0,0,0,0,0
fp497cf961,,0,0,0,0,0,0,0,0,0,0,0,0,0,0
fp49a07d26,,0,0,0,0,0,0,0,0,0,0,0,0,0,0
fp4a8fb657,,0,0,0,0,0,0,0,0,0,0,0,0,0,0
fp4afd2d1d,,0,0,0,0,0,0,0,0,0,0,0,0,0,0
fp4b3e868b,,0,0,0,0,0,0,0,0,0,0,0,0,0,0
fp4b4875c8,,0,0,0,0,0,0,0,0,0,0,0,0,0,0
fp4b571917,,0,0,0,0,0,0,0,0,0,0,0,0,0,0
fp4bcf60db,,0,0,0,0,0,0,0,0,0,0,0,0,0,0
fp4ca2084f,,0,0,0,0,0,0,0,0,0,0,0,0,0,0
fp4f21989c,,0,0,0,0,0,0,0,0,0,0,0,0,0,0
fp4f366630,,0,0,0,0,0,0,0,0,0,0,0,0,0,0
fp4f7cd210,,0,0,0,0,0,0,0,0,0,0,0,0,0,0
fp4fe01ac3,,0,0,0,0,0,0,0,0,0,0,0,0,0,0
fp4fe81768,,0,0,0,0,0,0,0,0,0,0,0,0,0,0
fp5112b909,,0,0,0,0,0,0,0,0,0,0,0,0,0,0
fp514121a3,,0,0,0,0,0,0,0,0,0,0,0,0,0,0
fp51715a3f,,0,0,0,0,0,0,0,0,0,0,0,0,0,0
fp51d47a3c,,0,0,0,0,0,0,0,0,0,0,0,0,0,0
fp527ea1ee,,0,0,0,0,0,0,0,0,0,0,0,0,0,0
fp52d5cf8e,,0,0,0,0,0,0,0,0,0,0,0,0,0,0
fp52f23286,,0,0,0,0,0,0,0,0,0,0,0,0,0,0
fp5307f9c1,,0,0,0,0,0,0,0,0,0,0,0,0,0,0
fp533396d1,,0,0,0,0,0,0,0,0,0,0,0,0,0,0
fp5393509a,,0,0,0,0,0,0,0,0,0,0,0,0,0,0
fp53a642c9,,0,0,0,0,0,0,0,0,0,0,0,0,0,0
fp53c42e43,,0,0,0,0,0,0,0,0,0,0,0,0,0,0
fp54073b5b,,0,0,0,0,0,0,0,0,0,0,0,0,0,0
fp54149e28,,0,0,0,0,0,0,0,0,0,0,0,0,0,0
fp545b9994,,0,0,0,0,0,0,0,0,0,0,0,0,0,0
fp54bde556,,0,0,0,0,0,0,0,0,0,0,0,0,0,0
fp551b5382,,0,0,0,0,0,0,0,0,0,0,0,0,0,0
fp551b8803,,0,0,0,0,0,0,0,0,0,0,0,0,0,0
fp55e81de8,,0,0,0,0,0,0,0,0,0,0,0,0,0,0
fp561f21da,,0,0,0,0,0,0,0,0,0,0,0,0,0,0
fp56b90310,,0,0,0,0,0,0,0,0,0,0,0,0,0,0
fp5702592a,,0,0,0,0,0,0,0,0,0,0,0,0,0,0
fp5773fc31,,0,0,0,0,0,0,0,0,0,0,0,0,0,0
fp578de5f6,,0,0,0,0,0,0,0,0,0,0,0,0,0,0
fp5901ef6c,,0,0,0,0,0,0,0,0,0,0,0,0,0,0
fp5909fe9a,,0,0,0,0,0,0,0,0,0,0,0,0,0,0
fp5a429366,,0,0,0,0,0,0,0,0,0,0,0,0,0,0
fp5a79a2c3,,0,0,0,0,0,0,0,0,0,0,0,0,0,0
fp5a983609,,0,0,0,0,0,0,0,0,0,0,0,0,0,0
fp5aa3c38c,,0,0,0,0,0,0,0,0,0,0,0,0,0,0
fp5ab7dcf5,,0,0,0,0,0,0,0,0,0,0,0,0,0,0
fp5b3552b2,,0,0,0,0,0,0,0,0,0,0,0,0,0,0
fp5b91714e,,0,0,0,0,0,0,0,0,0,0,0,0,0,0
fp5bfe4861,,0,0,0,0,0,0,0,0,0,0,0,0,0,0
fp5c150bf6,,0,0,0,0,0,0,0,0,0,0,0,0,0,0
fp5c391172,,0,0,0,0,0,0,0,0,0,0,0,0,0,0
fp5d8c5c0f,,0,0,0,0,0,0,0,0,0,0,0,0,0,0
fp5e06591a,,0,0,0,0,0,0,0,0,0,0,0,0,0,0
fp5e0f682f,,0,0,0,0,0,0,0,0,0,0,0,0,0,0
fp5e4e3b5a,,0,0,0,0,0,0,0,0,0,0,0,0,0,0
fp5ec783e9,,0,0,0,0,0,0,0,0,0,0,0,0,0,0
fp5f173a89,,0,0,0,0,0,0,0,0,0,0,0,0,0,0
fp5fbf1334,,0,0,0,0,0,0,0,0,0,0,0,0,0,0
fp61d55fce,,0,0,0,0,0,0,0,0,0,0,0,0,0,0
fp61ff3fd4,,0,0,0,0,0,0,0,0,0,0,0,0,0,0
fp62b3177e,,0,0,0,0,0,0,0,0,0,0,0,0,0,0
fp63122d14,,0,0,0,0,0,0,0,0,0,0,0,0,0,0
fp63456a4c,,0,0,0,0,0,0,0,0,0,0,0,0,0,0
fp64126d65,,0,0,0,0,0,0,0,0,0,0,0,0,0,0
fp64c34971,,0,0,0,0,0,0,0,0,0,0,0,0,0,0
fp64c6d574,,0,0,0,0,0,0,0,0,0,0,0,0,0,0
fp65003770,,0,0,0,0,0,0,0,0,0,0,0,0,0,0
fp65a660a1,,0,0,0,0,0,0,0,0,0,0,0,0,0,0
fp65b328d7,,0,0,0,0,0,0,0,0,0,0,0,0,0,0
fp65bc26dd,,0,0,0,0,0,0,0,0,0,0,0,0,0,0
fp6685ac0f,,0,0,0,0,0,0,0,0,0,0,0,0,0,0
fp66a09e66,,0,0,0,0,0,0,0,0,0,0,0,0,0,0
fp66c25904,,0,0,0,0,0,0,0,0,0,0,0,0,0,0
fp67965d65,,0,0,0,0,0,0,0,0,0,0,0,0,0,0
fp681bf65a,,0,0,0,0,0,0,0,0,0,0,0,0,0,0
fp69152035,,0,0,0,0,0,0,0,0,0,0,0,0,0,0
fp6997cdbe,,0,0,0,0,0,0,0,0,0,0,0,0,0,0
fp69c2f171,,0,0,0,0,0,0,0,0,0,0,0,0,0,0
fp69e355ea,,0,0,0,0,0,0,0,0,0,0,0,0,0,0
fp6a5583d5,,0,0,0,0,0,0,0,0,0,0,0,0,0,0
fp6a8f591a,,0,0,0,0,0,0,0,0,0,0,0,0,0,0
fp6aae08b1,,0,0,0,0,0,0,0,0,0,0,0,0,0,0
fp6bb594bf,,0,0,0,0,0,0,0,0,0,0,0,0,0,0
fp6bcd7d0e,,0,0,0,0,0,0,0,0,0,0,0,0,0,0
fp6c4d9bf9,,0,0,0,0,0,0,0,0,0,0,0,0,0,0
fp6cb08da4,,0,0,0,0,0,0,0,0,0,0,0,0,0,0
fp6d3b2663,,0,0,0,0,0,0,0,0,0,0,0,0,0,0
fp6d67871d,,0,0,0,0,0,0,0,0,0,0,0,0,0,0
fp6ddbcc12,,0,0,0,0,0,0,0,0,0,0,0,0,0,0
fp6eaebcd2,,0,0,0,0,0,0,0,0,0,0,0,0,0,0
fp6ec1ff55,,0,0,0,0,0,0,0,0,0,0,0,0,0,0
fp6ec5fab0,,0,0,0,0,0,0,0,0,0,0,0,0,0,0
fp6f074b85,,0,0,0,0,0,0,0,0,0,0,0,0,0,0
fp6f149f59,,0,0,0,0,0,0,0,0,0,0,0,0,0,0
fp6f1cc26e,,0,0,0,0,0,0,0,0,0,0,0,0,0,0
fp7020acdc,,0,0,0,0,0,0,0,0,0,0,0,0,0,0
fp703a5eb7,,0,0,0,0,0,0,0,0,0,0,0,0,0,0
fp70771c3e,,0,0,0,0,0,0,0,0,0,0,0,0,0,0
fp70f36c69,,0,0,0,0,0,0,0,0,0,0,0,0,0,0
fp70fcef60,,0,0,0,0,0,0,0,0,0,0,0,0,0,0
fp7198fd14,,0,0,0,0,0,0,0,0,0,0,0,0,0,0
fp71c72382,,0,0,0,0,0,0,0,0,0,0,0,0,0,0
fp723de279,,0,0,0,0,0,0,0,0,0,0,0,0,0,0
fp724f3328,,0,0,0,0,0,0,0,0,0,0,0,0,0,0
fp72ac6d31,,0,0,0,0,0,0,0,0,0,0,0,0,0,0
fp73046018,,0,0,0,0,0,0,0,0,0,0,0,0,0,0
fp736f6424,,0,0,0,0,0,0,0,0,0,0,0,0,0,0
fp737c68cb,,0,0,0,0,0,0,0,0,0,0,0,0,0,0
fp7409c9d4,,0,0,0,0,0,0,0,0,0,0,0,0,0,0
fp742acadd,,0,0,0,0,0,0,0,0,0,0,0,0,0,0
fp745e5916,,0,0,0,0,0,0,0,0,0,0,0,0,0,0
fp75f737a4,,0,0,0,0,0,0,0,0,0,0,0,0,0,0
fp762e77d7,,0,0,0,0,0,0,0,0,0,0,0,0,0,0
fp7647b464,,0,0,0,0,0,0,0,0,0,0,0,0,0,0
fp778fdd45,,0,0,0,0,0,0,0,0,0,0,0,0,0,0
fp78475054,,0,0,0,0,0,0,0,0,0,0,0,0,0,0
fp78d14cac,,0,0,0,0,0,0,0,0,0,0,0,0,0,0
fp790556d9,,0,0,0,0,0,0,0,0,0,0,0,0,0,0
fp79c6056a,,0,0,0,0,0,0,0,0,0,0,0,0,0,0
fp79c61f09,,0,0,0,0,0,0,0,0,0,0,0,0,0,0
fp79e70a4e,,0,0,0,0,0,0,0,0,0,0,0,0,0,0
fp7a07a408,,0,0,0,0,0,0,0,0,0,0,0,0,0,0
fp7a0d8306,,0,0,0,0,0,0,0,0,0,0,0,0,0,0
fp7a2d7c66,,0,0,0,0,0,0,0,0,0,0,0,0,0,0
fp7b052e64,,0,0,0,0,0,0,0,0,0,0,0,0,0,0
fp7c18bd42,,0,0,0,0,0,0,0,0,0,0,0,0,0,0
fp7c2302e3,,0,0,0,0,0,0,0,0,0,0,0,0,0,0
fp7cdeef71,,0,0,0,0,0,0,0,0,0,0,0,0,0,0
fp7d9fc3ee,,0,0,0,0,0,0,0,0,0,0,0,0,0,0
fp7dc2705c,,0,0,0,0,0,0,0,0,0,0,0,0,0,0
fp7dd334c8,,0,0,0,0,0,0,0,0,0,0,0,0,0,0
fp7e074838,,0,0,0,0,0,0,0,0,0,0,0,0,0,0
fp7e323e1f,,0,0,0,0,0,0,0,0,0,0,0,0,0,0
fp7e381306,,0,0,0,0,0,0,0,0,0,0,0,0,0,0
fp7e41a858,,0,0,0,0,0,0,0,0,0,0,0,0,0,0
fp7ef4f8bc,,0,0,0,0,0,0,0,0,0,0,0,0,0,0
fp7f4f3fbe,,0,0,0,0,0,0,0,0,0,0,0,0,0,0
fp7f62b093,,0,0,0,0,0,0,0,0,0,0,0,0,0,0
fp7f680dc5,,0,0,0,0,0,0,0,0,0,0,0,0,0,0
fp7fad959f,,0,0,0,0,0,0,0,0,0,0,0,0,0,0
fp810b9ff3,,0,0,0,0,0,0,0,0,0,0,0,0,0,0
fp8161a47b,,0,0,0,0,0,0,0,0,0,0,0,0,0,0
fp8174d7fa,,0,0,0,0,0,0,0,0,0,0,0,0,0,0
fp8179dbb7,,0,0,0,0,0,0,0,0,0,0,0,0,0,0
fp81abf96e,,0,0,0,0,0,0,0,0,0,0,0,0,0,0
fp81d01d81,,0,0,0,0,0,0,0,0,0,0,0,0,0,0
fp81da63ab,,0,0,0,0,0,0,0,0,0,0,0,0,0,0
fp83106d16,,0,0,0,0,0,0,0,0,0,0,0,0,0,0
fp835cd225,,0,0,0,0,0,0,0,0,0,0,0,0,0,0
fp8370d1a2,,0,0,0,0,0,0,0,0,0,0,0,0,0,0
fp83c54a6c,,0,0,0,0,0,0,0,0,0,0,0,0,0,0
fp842387ea,,0,0,0,0,0,0,0,0,0,0,0,0,0,0
fp843f9dd2,,0,0,0,0,0,0,0,0,0,0,0,0,0,0
fp84ca3423,,0,0,0,0,0,0,0,0,0,0,0,0,0,0
fp84eba561,,0,0,0,0,0,0,0,0,0,0,0,0,0,0
fp850cafe7,,0,0,0,0,0,0,0,0,0,0,0,0,0,0
fp85221c15,,0,0,0,0,0,0,0,0,0,0,0,0,0,0
fp8559ff95,,0,0,0,0,0,0,0,0,0,0,0,0,0,0
fp8573b21d,,0,0,0,0,0,0,0,0,0,0,0,0,0,0
fp85aa6290,,0,0,0,0,0,0,0,0,0,0,0,0,0,0
fp8605fdd2,,0,0,0,0,0,0,0,0,0,0,0,0,0,0
fp86af0565,,0,0,0,0,0,0,0,0,0,0,0,0,0,0
fp86b52351,,0,0,0,0,0,0,0,0,0,0,0,0,0,0
fp873c743d,,0,0,0,0,0,0,0,0,0,0,0,0,0,0
fp874edda1,,0,0,0,0,0,0,0,0,0,0,0,0,0,0
fp87576dad,,0,0,0,0,0,0,0,0,0,0,0,0,0,0
fp8797b28b,,0,0,0,0,0,0,0,0,0,0,0,0,0,0
fp87ed21cd,,0,0,0,0,0,0,0,0,0,0,0,0,0,0
fp8814878a,,0,0,0,0,0,0,0,0,0,0,0,0,0,0
fp88e6ce13,,0,0,0,0,0,0,0,0,0,0,0,0,0,0
fp893b0256,,0,0,0,0,0,0,0,0,0,0,0,0,0,0
fp8964c550,,0,0,0,0,0,0,0,0,0,0,0,0,0,0
fp8968312b,,0,0,0,0,0,0,0,0,0,0,0,0,0,0
fp8988f9a6,,0,0,0,0,0,0,0,0,0,0,0,0,0,0
fp8a3229ea,,0,0,0,0,0,0,0,0,0,0,0,0,0,0
fp8a7abcc2,,0,0,0,0,0,0,0,0,0,0,0,0,0,0
fp8a7b5e2b,,0,0,0,0,0,0,0,0,0,0,0,0,0,0
fp8a9122e5,,0,0,0,0,0,0,0,0,0,0,0,0,0,0
fp8aa513c4,,0,0,0,0,0,0,0,0,0,0,0,0,0,0
fp8b3c14ae,,0,0,0,0,0,0,0,0,0,0,0,0,0,0
fp8b6de709,,0,0,0,0,0,0,0,0,0,0,0,0,0,0
fp8be5b9a8,,0,0,0,0,0,0,0,0,0,0,0,0,0,0
fp8d075779,,0,0,0,0,0,0,0,0,0,0,0,0,0,0
fp8d089731,,0,0,0,0,0,0,0,0,0,0,0,0,0,0
fp8d8ae260,,0,0,0,0,0,0,0,0,0,0,0,0,0,0
fp8e31efb9,,0,0,0,0,0,0,0,0,0,0,0,0,0,0
fp8f574ed5,,0,0,0,0,0,0,0,0,0,0,0,0,0,0
fp8f761193,,0,0,0,0,0,0,0,0,0,0,0,0,0,0
fp903f8d20,,0,0,0,0,0,0,0,0,0,0,0,0,0,0
fp90bcc0af,,0,0,0,0,0,0,0,0,0,0,0,0,0,0
fp910837d8,,0,0,0,0,0,0,0,0,0,0,0,0,0,0
fp917a9f11,,0,0,0,0,0,0,0,0,0,0,0,0,0,0
fp91bb915e,,0,0,0,0,0,0,0,0,0,0,0,0,0,0
fp91c488c9,,0,0,0,0,0,0,0,0,0,0,0,0,0,0
fp92c2d23e,,0,0,0,0,0,0,0,0,0,0,0,0,0,0
fp92f14bb3,,0,0,0,0,0,0,0,0,0,0,0,0,0,0
fp937626e7,,0,0,0,0,0,0,0,0,0,0,0,0,0,0
fp93e21ec0,,0,0,0,0,0,0,0,0,0,0,0,0,0,0
fp941def8f,,0,0,0,0,0,0,0,0,0,0,0,0,0,0
fp94200365,,0,0,0,0,0,0,0,0,0,0,0,0,0,0
fp94400166,,0,0,0,0,0,0,0,0,0,0,0,0,0,0
fp954349cf,,0,0,0,0,0,0,0,0,0,0,0,0,0,0
fp95d4bb37,,0,0,0,0,0,0,0,0,0,0,0,0,0,0
fp960226fa,,0,0,0,0,0,0,0,0,0,0,0,0,0,0
fp960f90ea,,0,0,0,0,0,0,0,0,0,0,0,0,0,0
fp965aee4d,,0,0,0,0,0,0,0,0,0,0,0,0,0,0
fp9667aed1,,0,0,0,0,0,0,0,0,0,0,0,0,0,0
fp9675a887,,0,0,0,0,0,0,0,0,0,0,0,0,0,0
fp96954d0d,,0,0,0,0,0,0,0,0,0,0,0,0,0,0
fp96c1228b,,0,0,0,0,0,0,0,0,0,0,0,0,0,0
fp9752dbc0,,0,0,0,0,0,0,0,0,0,0,0,0,0,0
fp980f1348,,0,0,0,0,0,0,0,0,0,0,0,0,0,0
fp985f34f1,,0,0,0,0,0,0,0,0,0,0,0,0,0,0
fp98bb679c,,0,0,0,0,0,0,0,0,0,0,0,0,0,0
fp98c1abef,,0,0,0,0,0,0,0,0,0,0,0,0,0,0
fp98c74c81,,0,0,0,0,0,0,0,0,0,0,0,0,0,0
fp997727fe,,0,0,0,0,0,0,0,0,0,0,0,0,0,0
fp9a431f43,,0,0,0,0,0,0,0,0,0,0,0,0,0,0
fp9a98235c,,0,0,0,0,0,0,0,0,0,0,0,0,0,0
fp9aab62a4,,0,0,0,0,0,0,0,0,0,0,0,0,0,0
fp9ac94060,,0,0,0,0,0,0,0,0,0,0,0,0,0,0
fp9b3bb45c,,0,0,0,0,0,0,0,0,0,0,0,0,0,0
fp9b97f0df,,0,0,0,0,0,0,0,0,0,0,0,0,0,0
fp9c2180c5,,0,0,0,0,0,0,0,0,0,0,0,0,0,0
fp9c42678f,,0,0,0,0,0,0,0,0,0,0,0,0,0,0
fp9c96300c,,0,0,0,0,0,0,0,0,0,0,0,0,0,0
fp9ce8ad0e,,0,0,0,0,0,0,0,0,0,0,0,0,0,0
fp9cf0318c,,0,0,0,0,0,0,0,0,0,0,0,0,0,0
fp9d061da5,,0,0,0,0,0,0,0,0,0,0,0,0,0,0
fp9d1860f1,,0,0,0,0,0,0,0,0,0,0,0,0,0,0
fp9d66e06f,,0,0,0,0,0,0,0,0,0,0,0,0,0,0
fp9da11055,,0,0,0,0,0,0,0,0,0,0,0,0,0,0
fp9ddeadfd,,0,0,0,0,0,0,0,0,0,0,0,0,0,0
fp9e5396c8,,0,0,0,0,0,0,0,0,0,0,0,0,0,0
fp9e86117f,,0,0,0,0,0,0,0,0,0,0,0,0,0,0
fp9e902759,,0,0,0,0,0,0,0,0,0,0,0,0,0,0
fp9f839c21,,0,0,0,0,0,0,0,0,0,0,0,0,0,0
fp9f94e68d,,0,0,0,0,0,0,0,0,0,0,0,0,0,0
fp9fa19115,,0,0,0,0,0,0,0,0,0,0,0,0,0,0
fp9faf0008,,0,0,0,0,0,0,0,0,0,0,0,0,0,0
fp9fd839a6,,0,0,0,0,0,0,0,0,0,0,0,0,0,0
fp9ff8ec94,,0,0,0,0,0,0,0,0,0,0,0,0,0,0
fpa053d5a7,,0,0,0,0,0,0,0,0,0,0,0,0,0,0
fpa0558d90,,0,0,0,0,0,0,0,0,0,0,0,0,0,0
fpa061cf62,,0,0,0,0,0,0,0,0,0,0,0,0,0,0
fpa0771cc3,,0,0,0,0,0,0,0,0,0,0,0,0,0,0
fpa1214cfe,,0,0,0,0,0,0,0,0,0,0,0,0,0,0
fpa29f2e8d,,0,0,0,0,0,0,0,0,0,0,0,0,0,0
fpa34b1289,,0,0,0,0,0,0,0,0,0,0,0,0,0,0
fpa464ed59,,0,0,0,0,0,0,0,0,0,0,0,0,0,0
fpa47f258d,,0,0,0,0,0,0,0,0,0,0,0,0,0,0
fpa4e1d6d0,,0,0,0,0,0,0,0,0,0,0,0,0,0,0
fpa4f135e4,,0,0,0,0,0,0,0,0,0,0,0,0,0,0
fpa4fde0cb,,0,0,0,0,0,0,0,0,0,0,0,0,0,0
fpa51a9117,,0,0,0,0,0,0,0,0,0,0,0,0,0,0
fpa568190a,,0,0,0,0,0,0,0,0,0,0,0,0,0,0
fpa64e6cd2,,0,0,0,0,0,0,0,0,0,0,0,0,0,0
fpa6c2b898,,0,0,0,0,0,0,0,0,0,0,0,0,0,0
fpa7ca20c1,,0,0,0,0,0,0,0,0,0,0,0,0,0,0
fpa8094e04,,0,0,0,0,0,0,0,0,0,0,0,0,0,0
fpa8e87a4e,,0,0,0,0,0,0,0,0,0,0,0,0,0,0
fpa8f766cd,,0,0,0,0,0,0,0,0,0,0,0,0,0,0
fpa90d8564,,0,0,0,0,0,0,0,0,0,0,0,0,0,0
fpa9c6006c,,0,0,0,0,0,0,0,0,0,0,0,0,0,0
fpaa275d76,,0,0,0,0,0,0,0,0,0,0,0,0,0,0
fpaa99dd2e,,0,0,0,0,0,0,0,0,0,0,0,0,0,0
fpaae033a8,,0,0,0,0,0,0,0,0,0,0,0,0,0,0
fpaafd2a79,,0,0,0,0,0,0,0,0,0,0,0,0,0,0
fpabe0a0ad,,0,0,0,0,0,0,0,0,0,0,0,0,0,0
fpac195b84,,0,0,0,0,0,0,0,0,0,0,0,0,0,0
fpac7586fd,,0,0,0,0,0,0,0,0,0,0,0,0,0,0
fpac8a969e,,0,0,0,0,0,0,0,0,0,0,0,0,0,0
fpac928b14,,0,0,0,0,0,0,0,0,0,0,0,0,0,0
fpacca11b8,,0,0,0,0,0,0,0,0,0,0,0,0,0,0
fpacf1d0af,,0,0,0,0,0,0,0,0,0,0,0,0,0,0
fpad07352f,,0,0,0,0,0,0,0,0,0,0,0,0,0,0
fpad49d160,,0,0,0,0,0,0,0,0,0,0,0,0,0,0
fpad7b9abd,,0,0,0,0,0,0,0,0,0,0,0,0,0,0
fpae3b3738,,0,0,0,0,0,0,0,0,0,0,0,0,0,0
fpae4ffa95,,0,0,0,0,0,0,0,0,0,0,0,0,0,0
fpae678c45,,0,0,0,0,0,0,0,0,0,0,0,0,0,0
fpaefd2d50,,0,0,0,0,0,0,0,0,0,0,0,0,0,0
fpaf11e50d,,0,0,0,0,0,0,0,0,0,0,0,0,0,0
fpaf9abf26,,0,0,0,0,0,0,0,0,0,0,0,0,0,0
fpb058cd59,,0,0,0,0,0,0,0,0,0,0,0,0,0,0
fpb1054b6d,,0,0,0,0,0,0,0,0,0,0,0,0,0,0
fpb14d5344,,0,0,0,0,0,0,0,0,0,0,0,0,0,0
fpb157d50f,,0,0,0,0,0,0,0,0,0,0,0,0,0,0
fpb21af4f7,,0,0,0,0,0,0,0,0,0,0,0,0,0,0
fpb2703263,,0,0,0,0,0,0,0,0,0,0,0,0,0,0
fpb354d2ca,,0,0,0,0,0,0,0,0,0,0,0,0,0,0
fpb3909963,,0,0,0,0,0,0,0,0,0,0,0,0,0,0
fpb3cb34e2,,0,0,0,0,0,0,0,0,0,0,0,0,0,0
fpb3cd14e1,,0,0,0,0,0,0,0,0,0,0,0,0,0,0
fpb3e264fe,,0,0,0,0,0,0,0,0,0,0,0,0,0,0
fpb4244f42,,0,0,0,0,0,0,0,0,0,0,0,0,0,0
fpb4533e77,,0,0,0,0,0,0,0,0,0,0,0,0,0,0
fpb48f3884,,0,0,0,0,0,0,0,0,0,0,0,0,0,0
fpb4d9bccc,,0,0,0,0,0,0,0,0,0,0,0,0,0,0
fpb5055fd6,,0,0,0,0,0,0,0,0,0,0,0,0,0,0
fpb509e6ea,,0,0,0,0,0,0,0,0,0,0,0,0,0,0
fpb5676e8c,,0,0,0,0,0,0,0,0,0,0,0,0,0,0
fpb59ce2ab,,0,0,0,0,0,0,0,0,0,0,0,0,0,0
fpb621daaf,,0,0,0,0,0,0,0,0,0,0,0,0,0,0
fpb65b251d,,0,0,0,0,0,0,0,0,0,0,0,0,0,0
fpb6642ef8,,0,0,0,0,0,0,0,0,0,0,0,0,0,0
fpb6aed99e,,0,0,0,0,0,0,0,0,0,0,0,0,0,0
fpb75e01cb,,0,0,0,0,0,0,0,0,0,0,0,0,0,0
fpb78b7617,,0,0,0,0,0,0,0,0,0,0,0,0,0,0
fpb8148fc2,,0,0,0,0,0,0,0,0,0,0,0,0,0,0
fpb8df7dca,,0,0,0,0,0,0,0,0,0,0,0,0,0,0
fpba3174f2,,0,0,0,0,0,0,0,0,0,0,0,0,0,0
fpba98a2be,,0,0,0,0,0,0,0,0,0,0,0,0,0,0
fpbaaa3715,,0,0,0,0,0,0,0,0,0,0,0,0,0,0
fpbad64165,,0,0,0,0,0,0,0,0,0,0,0,0,0,0
fpbb00eae4,,0,0,0,0,0,0,0,0,0,0,0,0,0,0
fpbb5fb9b0,,0,0,0,0,0,0,0,0,0,0,0,0,0,0
fpbbc980d0,,0,0,0,0,0,0,0,0,0,0,0,0,0,0
fpbc3e7c06,,0,0,0,0,0,0,0,0,0,0,0,0,0,0
fpbc61fdd1,,0,0,0,0,0,0,0,0,0,0,0,0,0,0
fpbc75efa6,,0,0,0,0,0,0,0,0,0,0,0,0,0,0
fpbc8ea2cf,,0,0,0,0,0,0,0,0,0,0,0,0,0,0
fpbd158f04,,0,0,0,0,0,0,0,0,0,0,0,0,0,0
fpbd556c06,,0,0,0,0,0,0,0,0,0,0,0,0,0,0
fpbd6d25e1,,0,0,0,0,0,0,0,0,0,0,0,0,0,0
fpbdeffc9d,,0,0,0,0,0,0,0,0,0,0,0,0,0,0
fpbdfd192c,,0,0,0,0,0,0,0,0,0,0,0,0,0,0
fpbe00db49,,0,0,0,0,0,0,0,0,0,0,0,0,0,0
fpbe540633,,0,0,0,0,0,0,0,0,0,0,0,0,0,0
fpbe925fbe,,0,0,0,0,0,0,0,0,0,0,0,0,0,0
fpbea454ad,,0,0,0,0,0,0,0,0,0,0,0,0,0,0
fpbf029fc7,,0,0,0,0,0,0,0,0,0,0,0,0,0,0
fpbf6d78b9,,0,0,0,0,0,0,0,0,0,0,0,0,0,0
fpbf864bae,,0,0,0,0,0,0,0,0,0,0,0,0,0,0
fpc01e4e7e,,0,0,0,0,0,0,0,0,0,0,0,0,0,0
fpc0ab7b93,,0,0,0,0,0,0,0,0,0,0,0,0,0,0
fpc0ad3079,,0,0,0,0,0,0,0,0,0,0,0,0,0,0
fpc0feb7d8,,0,0,0,0,0,0,0,0,0,0,0,0,0,0
fpc23d6d55,,0,0,0,0,0,0,0,0,0,0,0,0,0,0
fpc23f6173,,0,0,0,0,0,0,0,0,0,0,0,0,0,0
fpc2b4f508,,0,0,0,0,0,0,0,0,0,0,0,0,0,0
fpc350a319,,0,0,0,0,0,0,0,0,0,0,0,0,0,0
fpc35b1f4c,,0,0,0,0,0,0,0,0,0,0,0,0,0,0
fpc3bbc8a5,,0,0,0,0,0,0,0,0,0,0,0,0,0,0
fpc3e6f019,,0,0,0,0,0,0,0,0,0,0,0,0,0,0
fpc3e9e1e3,,0,0,0,0,0,0,0,0,0,0,0,0,0,0
fpc40d628e,,0,0,0,0,0,0,0,0,0,0,0,0,0,0
fpc427e7a3,,0,0,0,0,0,0,0,0,0,0,0,0,0,0
fpc4c1d111,,0,0,0,0,0,0,0,0,0,0,0,0,0,0
fpc4fb4cc9,,0,0,0,0,0,0,0,0,0,0,0,0,0,0
fpc63e4b28,,0,0,0,0,0,0,0,0,0,0,0,0,0,0
fpc66a110a,,0,0,0,0,0,0,0,0,0,0,0,0,0,0
fpc679c531,,0,0,0,0,0,0,0,0,0,0,0,0,0,0
fpc7091821,,0,0,0,0,0,0,0,0,0,0,0,0,0,0
fpc75d6b7b,,0,0,0,0,0,0,0,0,0,0,0,0,0,0
fpc7655261,,0,0,0,0,0,0,0,0,0,0,0,0,0,0
fpc7739c07,,0,0,0,0,0,0,0,0,0,0,0,0,0,0
fpc77cf5d6,,0,0,0,0,0,0,0,0,0,0,0,0,0,0
fpc7b04080,,0,0,0,0,0,0,0,0,0,0,0,0,0,0
fpc7d9e40c,,0,0,0,0,0,0,0,0,0,0,0,0,0,0
fpc7e74d1a,,0,0,0,0,0,0,0,0,0,0,0,0,0,0
fpc7f3e937,,0,0,0,0,0,0,0,0,0,0,0,0,0,0
fpc81ade2f,,0,0,0,0,0,0,0,0,0,0,0,0,0,0
fpc83dec98,,0,0,0,0,0,0,0,0,0,0,0,0,0,0
fpc84d5015,,0,0,0,0,0,0,0,0,0,0,0,0,0,0
fpc875aa64,,0,0,0,0,0,0,0,0,0,0,0,0,0,0
fpc8b29062,,0,0,0,0,0,0,0,0,0,0,0,0,0,0
fpc8bc40d7,,0,0,0,0,0,0,0,0,0,0,0,0,0,0
fpc8ebbf4e,,0,0,0,0,0,0,0,0,0,0,0,0,0,0
fpc8fa801a,,0,0,0,0,0,0,0,0,0,0,0,0,0,0
fpc9764d89,,0,0,0,0,0,0,0,0,0,0,0,0,0,0
fpc986ed91,,0,0,0,0,0,0,0,0,0,0,0,0,0,0
fpc9a108f8,,0,0,0,0,0,0,0,0,0,0,0,0,0,0
fpca573451,,0,0,0,0,0,0,0,0,0,0,0,0,0,0
fpcb004a93,,0,0,0,0,0,0,0,0,0,0,0,0,0,0
fpcb3fffa8,,0,0,0,0,0,0,0,0,0,0,0,0,0,0
fpcb4a6d4e,,0,0,0,0,0,0,0,0,0,0,0,0,0,0
fpcb6f6ece,,0,0,0,0,0,0,0,0,0,0,0,0,0,0
fpcb7d1a99,,0,0,0,0,0,0,0,0,0,0,0,0,0,0
fpcb93d98f,,0,0,0,0,0,0,0,0,0,0,0,0,0,0
fpcc1a9f5d,,0,0,0,0,0,0,0,0,0,0,0,0,0,0
fpcc6dda1c,,0,0,0,0,0,0,0,0,0,0,0,0,0,0
fpcc90ccf8,,0,0,0,0,0,0,0,0,0,0,0,0,0,0
fpcca4d9a0,,0,0,0,0,0,0,0,0,0,0,0,0,0,0
fpcd19b7fc,,0,0,0,0,0,0,0,0,0,0,0,0,0,0
fpcd85dd8c,,0,0,0,0,0,0,0,0,0,0,0,0,0,0
fpcdaaae22,,0,0,0,0,0,0,0,0,0,0,0,0,0,0
fpcdb0fb8e,,0,0,0,0,0,0,0,0,0,0,0,0,0,0
fpcdf0374e,,0,0,0,0,0,0,0,0,0,0,0,0,0,0
fpce2a1106,,0,0,0,0,0,0,0,0,0,0,0,0,0,0
fpce64ee79,,0,0,0,0,0,0,0,0,0,0,0,0,0,0
fpce740fc4,,0,0,0,0,0,0,0,0,0,0,0,0,0,0
fpced6c251,,0,0,0,0,0,0,0,0,0,0,0,0,0,0
fpcef7df68,,0,0,0,0,0,0,0,0,0,0,0,0,0,0
fpcf8ccdd5,,0,0,0,0,0,0,0,0,0,0,0,0,0,0
fpcfe58f81,,0,0,0,0,0,0,0,0,0,0,0,0,0,0
fpcfe94271,,0,0,0,0,0,0,0,0,0,0,0,0,0,0
fpcff2bac7,,0,0,0,0,0,0,0,0,0,0,0,0,0,0
fpd006c20d,,0,0,0,0,0,0,0,0,0,0,0,0,0,0
fpd0361d22,,0,0,0,0,0,0,0,0,0,0,0,0,0,0
fpd0775dc0,,0,0,0,0,0,0,0,0,0,0,0,0,0,0
fpd11015ac,,0,0,0,0,0,0,0,0,0,0,0,0,0,0
fpd11a9d4d,,0,0,0,0,0,0,0,0,0,0,0,0,0,0
fpd12b9b1d,,0,0,0,0,0,0,0,0,0,0,0,0,0,0
fpd15b791d,,0,0,0,0,0,0,0,0,0,0,0,0,0,0
fpd19e0bf5,,0,0,0,0,0,0,0,0,0,0,0,0,0,0
fpd1a78985,,0,0,0,0,0,0,0,0,0,0,0,0,0,0
fpd267dd9e,,0,0,0,0,0,0,0,0,0,0,0,0,0,0
fpd2981a60,,0,0,0,0,0,0,0,0,0,0,0,0,0,0
fpd2ac2e47,,0,0,0,0,0,0,0,0,0,0,0,0,0,0
fpd2b63f3e,,0,0,0,0,0,0,0,0,0,0,0,0,0,0
fpd2c31a40,,0,0,0,0,0,0,0,0,0,0,0,0,0,0
fpd3273d71,,0,0,0,0,0,0,0,0,0,0,0,0,0,0
fpd3cfd33f,,0,0,0,0,0,0,0,0,0,0,0,0,0,0
fpd3da6ccb,,0,0,0,0,0,0,0,0,0,0,0,0,0,0
fpd40608a7,,0,0,0,0,0,0,0,0,0,0,0,0,0,0
fpd4167eb7,,0,0,0,0,0,0,0,0,0,0,0,0,0,0
fpd463fdce,,0,0,0,0,0,0,0,0,0,0,0,0,0,0
fpd4755099,,0,0,0,0,0,0,0,0,0,0,0,0,0,0
fpd48ea2fa,,0,0,0,0,0,0,0,0,0,0,0,0,0,0
fpd4fc107c,,0,0,0,0,0,0,0,0,0,0,0,0,0,0
fpd54d28a6,,0,0,0,0,0,0,0,0,0,0,0,0,0,0
fpd56bc2ca,,0,0,0,0,0,0,0,0,0,0,0,0,0,0
fpd62852ca,,0,0,0,0,0,0,0,0,0,0,0,0,0,0
fpd66cbfcc,,0,0,0,0,0,0,0,0,0,0,0,0,0,0
fpd6e3e463,,0,0,0,0,0,0,0,0,0,0,0,0,0,0
fpd7bf6b75,,0,0,0,0,0,0,0,0,0,0,0,0,0,0
fpd7e6cec7,,0,0,0,0,0,0,0,0,0,0,0,0,0,0
fpd898d658,,0,0,0,0,0,0,0,0,0,0,0,0,0,0
fpd8abd92b,,0,0,0,0,0,0,0,0,0,0,0,0,0,0
fpd90ab37f,,0,0,0,0,0,0,0,0,0,0,0,0,0,0
fpd9f226aa,,0,0,0,0,0,0,0,0,0,0,0,0,0,0
fpd9fba10b,,0,0,0,0,0,0,0,0,0,0,0,0,0,0
fpda4839ac,,0,0,0,0,0,0,0,0,0,0,0,0,0,0
fpda83ec7d,,0,0,0,0,0,0,0,0,0,0,0,0,0,0
fpdaac24c5,,0,0,0,0,0,0,0,0,0,0,0,0,0,0
fpdb374a4a,,0,0,0,0,0,0,0,0,0,0,0,0,0,0
fpdb76a8d0,,0,0,0,0,0,0,0,0,0,0,0,0,0,0
fpdbe91f18,,0,0,0,0,0,0,0,0,0,0,0,0,0,0
fpdbf57c87,,0,0,0,0,0,0,0,0,0,0,0,0,0,0
fpdc1ea4ca,,0,0,0,0,0,0,0,0,0,0,0,0,0,0
fpdc95bf55,,0,0,0,0,0,0,0,0,0,0,0,0,0,0
fpdcfeeab0,,0,0,0,0,0,0,0,0,0,0,0,0,0,0
fpdd3a31eb,,0,0,0,0,0,0,0,0,0,0,0,0,0,0
fpdd8faffb,,0,0,0,0,0,0,0,0,0,0,0,0,0,0
fpdde5581d,,0,0,0,0,0,0,0,0,0,0,0,0,0,0
fpde26b148,,0,0,0,0,0,0,0,0,0,0,0,0,0,0
fpde7b8e8a,,0,0,0,0,0,0,0,0,0,0,0,0,0,0
fpde849e9a,,0,0,0,0,0,0,0,0,0,0,0,0,0,0
fpdf58b7e6,,0,0,0,0,0,0,0,0,0,0,0,0,0,0
fpdf91e9a4,,0,0,0,0,0,0,0,0,0,0,0,0,0,0
fpe04d285f,,0,0,0,0,0,0,0,0,0,0,0,0,0,0
fpe1174cf7,,0,0,0,0,0,0,0,0,0,0,0,0,0,0
fpe16c5c76,,0,0,0,0,0,0,0,0,0,0,0,0,0,0
fpe1c6b1d6,,0,0,0,0,0,0,0,0,0,0,0,0,0,0
fpe1e78b5d,,0,0,0,0,0,0,0,0,0,0,0,0,0,0
fpe2367a3e,,0,0,0,0,0,0,0,0,0,0,0,0,0,0
fpe297ab63,,0,0,0,0,0,0,0,0,0,0,0,0,0,0
fpe2fe9c41,,0,0,0,0,0,0,0,0,0,0,0,0,0,0
fpe33234b8,,0,0,0,0,0,0,0,0,0,0,0,0,0,0
fpe3379632,,0,0,0,0,0,0,0,0,0,0,0,0,0,0
fpe341a6ca,,0,0,0,0,0,0,0,0,0,0,0,0,0,0
fpe3d0aec6,,0,0,0,0,0,0,0,0,0,0,0,0,0,0
fpe4e3c931,,0,0,0,0,0,0,0,0,0,0,0,0,0,0
fpe5414541,,0,0,0,0,0,0,0,0,0,0,0,0,0,0
fpe55b0b08,,0,0,0,0,0,0,0,0,0,0,0,0,0,0
fpe5654b2b,,0,0,0,0,0,0,0,0,0,0,0,0,0,0
fpe57296bf,,0,0,0,0,0,0,0,0,0,0,0,0,0,0
fpe5faf633,,0,0,0,0,0,0,0,0,0,0,0,0,0,0
fpe6413d53,,0,0,0,0,0,0,0,0,0,0,0,0,0,0
fpe67acbfe,,0,0,0,0,0,0,0,0,0,0,0,0,0,0
fpe7f7d84d,,0,0,0,0,0,0,0,0,0,0,0,0,0,0
fpe834dce2,,0,0,0,0,0,0,0,0,0,0,0,0,0,0
fpe85c3469,,0,0,0,0,0,0,0,0,0,0,0,0,0,0
fpe8652a57,,0,0,0,0,0,0,0,0,0,0,0,0,0,0
fpe8912ae1,,0,0,0,0,0,0,0,0,0,0,0,0,0,0
fpe897dcf4,,0,0,0,0,0,0,0,0,0,0,0,0,0,0
fpe8c6fafd,,0,0,0,0,0,0,0,0,0,0,0,0,0,0
fpe8fccca6,,0,0,0,0,0,0,0,0,0,0,0,0,0,0
fpe93d0cba,,0,0,0,0,0,0,0,0,0,0,0,0,0,0
fpe9697063,,0,0,0,0,0,0,0,0,0,0,0,0,0,0
fpe9c31ff7,,0,0,0,0,0,0,0,0,0,0,0,0,0,0
fpea8c6e85,,0,0,0,0,0,0,0,0,0,0,0,0,0,0
fpeb57a00c,,0,0,0,0,0,0,0,0,0,0,0,0,0,0
fpeb9311d4,,0,0,0,0,0,0,0,0,0,0,0,0,0,0
fpeb9d0776,,0,0,0,0,0,0,0,0,0,0,0,0,0,0
fpebbf378c,,0,0,0,0,0,0,0,0,0,0,0,0,0,0
fpebdf6b4f,,0,0,0,0,0,0,0,0,0,0,0,0,0,0
fpec7b37a5,,0,0,0,0,0,0,0,0,0,0,0,0,0,0
fpec9ef678,,0,0,0,0,0,0,0,0,0,0,0,0,0,0
fpecba8788,,0,0,0,0,0,0,0,0,0,0,0,0,0,0
fpecc24608,,0,0,0,0,0,0,0,0,0,0,0,0,0,0
fped478340,,0,0,0,0,0,0,0,0,0,0,0,0,0,0
fped548dea,,0,0,0,0,0,0,0,0,0,0,0,0,0,0
fpedd66b9f,,0,0,0,0,0,0,0,0,0,0,0,0,0,0
fpede46fd5,,0,0,0,0,0,0,0,0,0,0,0,0,0,0
fpee0a230a,,0,0,0,0,0,0,0,0,0,0,0,0,0,0
fpee0e6f4c,,0,0,0,0,0,0,0,0,0,0,0,0,0,0
fpee1d88f2,,0,0,0,0,0,0,0,0,0,0,0,0,0,0
fpee1daf2b,,0,0,0,0,0,0,0,0,0,0,0,0,0,0
fpee2895ad,,0,0,0,0,0,0,0,0,0,0,0,0,0,0
fpee29c43a,,0,0,0,0,0,0,0,0,0,0,0,0,0,0
fpee46d712,,0,0,0,0,0,0,0,0,0,0,0,0,0,0
fpee5343e6,,0,0,0,0,0,0,0,0,0,0,0,0,0,0
fpeee85c70,,0,0,0,0,0,0,0,0,0,0,0,0,0,0
fpef05869f,,0,0,0,0,0,0,0,0,0,0,0,0,0,0
fpef904cbc,,0,0,0,0,0,0,0,0,0,0,0,0,0,0
fpefe81125,,0,0,0,0,0,0,0,0,0,0,0,0,0,0
fpf001004d,,0,0,0,0,0,0,0,0,0,0,0,0,0,0
fpf027f608,,0,0,0,0,0,0,0,0,0,0,0,0,0,0
fpf0387dcc,,0,0,0,0,0,0,0,0,0,0,0,0,0,0
fpf0a27bae,,0,0,0,0,0,0,0,0,0,0,0,0,0,0
fpf13099b9,,0,0,0,0,0,0,0,0,0,0,0,0,0,0
fpf17402c0,,0,0,0,0,0,0,0,0,0,0,0,0,0,0
fpf2b89137,,0,0,0,0,0,0,0,0,0,0,0,0,0,0
fpf2c39928,,0,0,0,0,0,0,0,0,0,0,0,0,0,0
fpf2d39d88,,0,0,0,0,0,0,0,0,0,0,0,0,0,0
fpf2e6b310,,0,0,0,0,0,0,0,0,0,0,0,0,0,0
fpf2f76407,,0,0,0,0,0,0,0,0,0,0,0,0,0,0
fpf34fe32a,,0,0,0,0,0,0,0,0,0,0,0,0,0,0
fpf3fd9aec,,0,0,0,0,0,0,0,0,0,0,0,0,0,0
fpf48f3571,,0,0,0,0,0,0,0,0,0,0,0,0,0,0
fpf4ea5eaf,,0,0,0,0,0,0,0,0,0,0,0,0,0,0
fpf5f3aa28,,0,0,0,0,0,0,0,0,0,0,0,0,0,0
fpf69ef0d7,,0,0,0,0,0,0,0,0,0,0,0,0,0,0
fpf7014460,,0,0,0,0,0,0,0,0,0,0,0,0,0,0
fpf7142c14,,0,0,0,0,0,0,0,0,0,0,0,0,0,0
fpf73942f3,,0,0,0,0,0,0,0,0,0,0,0,0,0,0
fpf74f1e1b,,0,0,0,0,0,0,0,0,0,0,0,0,0,0
fpf7e0d14d,,0,0,0,0,0,0,0,0,0,0,0,0,0,0
fpf8113e05,,0,0,0,0,0,0,0,0,0,0,0,0,0,0
fpf8a1bab5,,0,0,0,0,0,0,0,0,0,0,0,0,0,0
fpf8ce6a9e,,0,0,0,0,0,0,0,0,0,0,0,0,0,0
fpf95c37ce,,0,0,0,0,0,0,0,0,0,0,0,0,0,0
fpf9874dfa,,0,0,0,0,0,0,0,0,0,0,0,0,0,0
fpf9d9d933,,0,0,0,0,0,0,0,0,0,0,0,0,0,0
fpf9f643c8,,0,0,0,0,0,0,0,0,0,0,0,0,0,0
fpfa6c3e47,,0,0,0,0,0,0,0,0,0,0,0,0,0,0
fpfab0842d,,0,0,0,0,0,0,0,0,0,0,0,0,0,0
fpfabfeefc,,0,0,0,0,0,0,0,0,0,0,0,0,0,0
fpfadd4fe3,,0,0,0,0,0,0,0,0,0,0,0,0,0,0
fpfb882599,,0,0,0,0,0,0,0,0,0,0,0,0,0,0
fpfc9a31e4,,0,0,0,0,0,0,0,0,0,0,0,0,0,0
fpfcaf6ac2,,0,0,0,0,0,0,0,0,0,0,0,0,0,0
fpfccf9bd8,,0,0,0,0,0,0,0,0,0,0,0,0,0,0
fpfd5b3e3b,,0,0,0,0,0,0,0,0,0,0,0,0,0,0
fpfd5bb531,,0,0,0,0,0,0,0,0,0,0,0,0,0,0
fpfd62e141,,0,0,0,0,0,0,0,0,0,0,0,0,0,0
fpfd6e87cb,,0,0,0,0,0,0,0,0,0,0,0,0,0,0
fpfdf24cd5,,0,0,0,0,0,0,0,0,0,0,0,0,0,0
fpfe0e0884,,0,0,0,0,0,0,0,0,0,0,0,0,0,0
fpfe5edde4,,0,0,0,0,0,0,0,0,0,0,0,0,0,0
fpfe78907d,,0,0,0,0,0,0,0,0,0,0,0,0,0,0
fpfe84a2af,,0,0,0,0,0,0,0,0,0,0,0,0,0,0
fpffe02017,,0,0,0,0,0,0,0,0,0,0,0,0,0,0
mat100,,0,0,1,0,0,0,0,0,0,0,1,1,1,1
mat1000,,0,0,1,0,0,0,0,0,0,0,1,0,1,1
mat1002,,0,0,1,0,0,0,0,0,0,0,1,1,1,1
mat1005,,0,0,1,0,0,0,0,0,0,0,1,1,1,1
mat1008,,0,0,1,0,0,0,0,0,0,0,1,1,1,1
mat101,,0,0,1,0,0,0,0,0,0,0,1,1,1,1
mat1012,,0,0,1,0,0,0,0,0,0,0,1,1,1,1
mat1013,,0,0,1,0,0,0,0,0,0,0,0,0,1,1
mat1015,,0,0,1,0,0,0,0,0,0,0,1,1,1,1
mat1016,,0,0,1,0,0,0,0,0,0,0,1,1,1,1
mat102,,0,0,1,0,0,0,0,0,0,0,1,1,1,1
mat1022,,0,0,1,0,0,12,0,0,0,0,1,1,2,13
mat1024,,0,0,1,0,0,0,0,0,0,0,1,0,1,1
mat103,,0,0,1,0,0,0,0,0,0,0,1,0,1,1
mat1038,,0,0,1,0,0,0,0,0,0,0,1,1,1,1
mat1043,,0,0,1,0,0,0,0,0,0,0,1,1,1,1
mat1044,,0,0,1,0,0,0,0,0,0,0,1,0,1,1
mat1045,,0,0,5,0,0,12,0,0,0,0,4,1,2,17
mat1049,,0,0,1,0,0,0,0,0,0,0,1,0,1,1
mat105,,0,0,1,0,0,0,0,0,0,0,1,1,1,1
mat1051,,0,0,1,0,0,0,0,0,0,0,1,0,1,1
mat1054,,0,0,1,0,0,12,0,0,0,0,1,1,2,13
mat1055,,0,0,1,0,0,0,0,0,0,0,1,1,1,1
mat1056,,0,0,1,0,0,0,0,0,0,0,1,0,1,1
mat106,,0,0,1,0,0,0,0,0,0,0,1,1,1,1
mat1060,,0,0,0,0,0,0,0,0,0,0,1,1,0,0
mat1066,,0,0,1,0,0,0,0,0,0,0,1,0,1,1
mat1069,,0,0,1,0,0,0,0,0,0,0,1,1,1,1
mat1070,,0,0,1,0,0,0,0,0,0,0,1,1,1,1
mat1073,,0,0,1,0,0,0,0,0,0,0,1,1,1,1
mat1075,,0,0,1,0,0,0,0,0,0,0,1,1,1,1
mat1076,,0,0,1,0,0,0,0,0,0,0,1,0,1,1
mat1079,,0,0,1,0,0,0,0,0,0,0,1,0,1,1
mat108,,0,0,1,0,0,0,0,0,0,0,1,0,1,1
mat1080,,0,0,1,0,0,0,0,0,0,0,1,1,1,1
mat1081,,0,0,1,0,0,0,0,0,0,0,1,1,1,1
mat1083,,0,0,5,0,0,0,0,0,0,0,5,4,1,5
mat1085,,0,0,1,0,0,0,0,0,0,0,1,1,1,1
mat1086,,0,0,1,0,0,0,0,0,0,0,1,1,1,1
mat1087,,0,0,1,0,0,0,0,0,0,0,1,0,1,1
mat1089,,0,0,1,0,0,0,0,0,0,0,1,0,1,1
mat109,,0,0,1,0,0,0,0,0,0,0,1,0,1,1
mat1092,,0,0,1,0,0,0,0,0,0,0,1,0,1,1
mat1099,,0,0,1,0,0,0,0,0,0,0,1,1,1,1
mat1100,,0,0,1,0,0,0,0,0,0,0,1,1,1,1
mat1102,,0,0,1,0,0,0,0,0,0,0,1,1,1,1
mat1103,,0,0,1,0,0,0,0,0,0,0,1,1,1,1
mat1104,,0,0,1,0,0,0,0,0,0,0,1,1,1,1
mat1110,,0,0,1,0,0,0,0,0,0,0,1,1,1,1
mat1116,,0,0,1,0,0,0,0,0,0,0,1,0,1,1
mat1118,,0,0,1,0,0,0,0,0,0,0,1,1,1,1
mat1120,,0,0,1,0,0,0,0,0,0,0,1,0,1,1
mat1122,,0,0,1,0,0,0,0,0,0,0,1,1,1,1
mat1123,,0,0,1,0,0,0,0,0,0,0,0,0,1,1
mat1128,,0,0,1,0,0,12,0,0,0,0,1,1,2,13
mat113,,0,0,1,0,0,0,0,0,0,0,0,0,1,1
mat1132,,0,0,1,0,0,0,0,0,0,0,1,0,1,1
mat1133,,0,0,1,0,0,0,0,0,0,0,1,1,1,1
mat114,,0,0,1,0,0,0,0,0,0,0,1,0,1,1
mat1140,,0,0,1,0,0,0,0,0,0,0,0,0,1,1
mat1141,,0,0,1,0,0,0,0,0,0,0,0,1,1,1
mat1152,,0,0,1,0,0,0,0,0,0,0,1,1,1,1
mat1153,,0,0,1,0,0,0,0,0,0,0,0,0,1,1
mat1155,,0,0,5,0,0,0,0,0,0,0,4,2,1,5
mat116,,0,0,1,0,0,0,0,0,0,0,1,0,1,1
mat1161,,0,0,1,0,0,0,0,0,0,0,1,0,1,1
mat1162,,0,0,1,0,0,12,0,0,0,0,1,1,2,13
mat1166,,0,0,1,0,0,0,0,0,0,0,1,0,1,1
mat1168,,0,0,1,0,0,0,0,0,0,0,1,0,1,1
mat1172,,0,0,1,0,0,0,0,0,0,0,1,1,1,1
mat1173,,0,0,1,0,0,0,0,0,0,0,1,0,1,1
mat1174,,0,0,1,0,0,12,0,0,0,0,1,1,2,13
mat1175,,0,0,1,0,0,0,0,0,0,0,1,1,1,1
mat1176,,0,0,2,0,0,24,0,0,0,0,2,2,2,26
mat1180,,0,0,2,0,0,0,0,0,0,0,2,2,1,2
mat1183,,0,0,1,0,0,0,0,0,0,0,1,0,1,1
mat1184,,0,0,1,0,0,0,0,0,0,0,1,0,1,1
mat1193,,0,0,1,0,0,0,0,0,0,0,1,0,1,1
mat1194,,0,0,1,0,0,0,0,0,0,0,1,1,1,1
mat1195,,0,0,1,0,0,0,0,0,0,0,1,1,1,1
mat1201,,0,0,1,0,0,12,0,0,0,0,1,1,2,13
mat1209,,0,0,1,0,0,0,0,0,0,0,1,1,1,1
mat121,,0,0,1,0,0,0,0,0,0,0,1,0,1,1
mat1215,,0,0,1,0,0,0,0,0,0,0,1,0,1,1
mat1224,,0,0,1,0,0,12,0,0,0,0,1,1,2,13
mat1225,,0,0,1,0,0,0,0,0,0,0,1,0,1,1
mat1226,,0,0,1,0,0,0,0,0,0,0,1,0,1,1
mat1228,,0,0,1,0,0,0,0,0,0,0,1,1,1,1
mat1230,,0,0,1,0,0,12,0,0,0,0,1,1,2,13
mat1235,,0,0,1,0,0,0,0,0,0,0,1,0,1,1
mat1241,,0,0,1,0,0,0,0,0,0,0,1,1,1,1
mat1242,,0,0,1,0,0,0,0,0,0,0,1,0,1,1
mat1243,,0,0,1,0,0,0,0,0,0,0,1,0,1,1
mat1246,,0,0,1,0,8,12,0,0,0,0,1,1,3,21
mat1248,,0,0,1,0,0,0,0,0,0,0,1,1,1,1
mat1249,,0,0,1,0,0,0,0,0,0,0,0,0,1,1
mat1251,,0,0,1,0,0,0,0,0,0,0,1,1,1,1
mat1252,,0,0,1,0,0,0,0,0,0,0,1,1,1,1
mat1253,,0,0,1,0,0,0,0,0,0,0,1,1,1,1
mat1256,,0,0,1,0,0,0,0,0,0,0,1,1,1,1
mat1259,,0,0,1,0,0,0,0,0,0,0,1,1,1,1
mat127,,0,0,1,0,0,0,0,0,0,0,1,1,1,1
mat1270,,0,0,1,0,0,0,0,0,0,0,1,0,1,1
mat1277,,0,0,0,0,0,0,0,0,0,0,1,1,0,0
mat128,,0,0,1,0,0,0,0,0,0,0,1,1,1,1
mat1280,,0,0,1,0,8,0,0,0,0,0,1,1,2,9
mat1282,,0,0,1,0,0,0,0,0,0,0,1,0,1,1
mat1286,,0,0,1,0,0,0,0,0,0,0,1,1,1,1
mat1289,,0,0,1,0,0,0,0,0,0,0,1,1,1,1
mat1292,,0,0,1,0,0,0,0,0,0,0,1,0,1,1
mat1293,,0,0,1,0,0,0,0,0,0,0,1,0,1,1
mat1294,,0,0,1,0,0,0,0,0,0,0,1,1,1,1
mat1298,,0,0,1,0,0,12,0,0,0,0,1,1,2,13
mat1299,,0,0,1,0,0,0,0,0,0,0,1,1,1,1
mat1301,,0,0,1,0,0,0,0,0,0,0,1,0,1,1
mat1304,,0,0,1,0,0,0,0,0,0,0,1,1,1,1
mat1305,,0,0,1,0,0,0,0,0,0,0,1,0,1,1
mat1308,,0,0,1,0,0,0,0,0,0,0,1,1,1,1
mat1309,,0,0,1,0,0,0,0,0,0,0,1,1,1,1
mat1311,,0,0,1,0,0,0,0,0,0,0,1,1,1,1
mat1313,,0,0,1,0,0,0,0,0,0,0,1,0,1,1
mat1315,,0,0,1,0,0,0,0,0,0,0,1,0,1,1
mat1319,,0,0,1,0,0,0,0,0,0,0,1,0,1,1
mat1323,,0,0,1,0,0,0,0,0,0,0,1,0,1,1
mat1325,,0,0,1,0,0,0,0,0,0,0,1,0,1,1
mat1332,,0,0,1,0,0,0,0,0,0,0,1,1,1,1
mat1333,,0,0,5,0,8,0,0,0,0,0,4,4,2,13
mat1336,,0,0,1,0,0,0,0,0,0,0,1,1,1,1
mat1337,,0,0,1,0,0,0,0,0,0,0,1,1,1,1
mat1338,,0,0,5,0,8,60,0,0,0,0,5,5,3,73
mat1348,,0,0,1,0,0,12,0,0,0,0,1,1,2,13
mat135,,0,0,1,0,0,12,0,0,0,0,1,1,2,13
mat1350,,0,0,1,0,0,0,0,0,0,0,1,0,1,1
mat1357,,0,0,1,0,0,0,0,0,0,0,1,0,1,1
mat1358,,0,0,1,0,0,0,0,0,0,0,1,0,1,1
mat1361,,0,0,1,0,0,0,0,0,0,0,1,1,1,1
mat1362,,0,0,1,0,0,0,0,0,0,0,1,0,1,1
mat1363,,0,0,1,0,0,0,0,0,0,0,1,1,1,1
mat1364,,0,0,1,0,0,0,0,0,0,0,1,1,1,1
mat1367,,0,0,1,0,0,0,0,0,0,0,1,0,1,1
mat1371,,0,0,1,0,0,0,0,0,0,0,1,1,1,1
mat1372,,0,0,1,0,0,0,0,0,0,0,1,1,1,1
mat1373,,0,0,1,0,0,12,0,0,0,0,1,1,2,13
mat1379,,0,0,1,0,0,0,0,0,0,0,1,1,1,1
mat1381,,0,0,1,0,0,0,0,0,0,0,1,1,1,1
mat1382,,0,0,1,0,0,0,0,0,0,0,1,1,1,1
mat1383,,0,0,1,0,0,0,0,0,0,0,1,1,1,1
mat1384,,0,0,1,0,0,0,0,0,0,0,1,1,1,1
mat1385,,0,0,1,0,0,0,0,0,0,0,1,1,1,1
mat1388,,0,0,1,0,0,0,0,0,0,0,1,1,1,1
mat1393,,0,0,1,0,0,0,0,0,0,0,1,1,1,1
mat1395,,0,0,1,0,0,12,0,0,0,0,1,1,2,13
mat1397,,0,0,5,0,8,60,0,0,0,0,5,5,3,73
mat1398,,0,0,1,0,0,0,0,0,0,0,1,1,1,1
mat1399,,0,0,1,0,0,0,0,0,0,0,1,1,1,1
mat140,,0,0,1,0,0,0,0,0,0,0,1,1,1,1
mat1401,,0,0,1,0,0,0,0,0,0,0,1,0,1,1
mat1402,,0,0,1,0,0,0,0,0,0,0,1,0,1,1
mat1405,,0,0,1,0,0,0,0,0,0,0,1,1,1,1
mat1410,,0,0,1,0,0,0,0,0,0,0,1,1,1,1
mat1420,,0,0,1,0,0,0,0,0,0,0,1,1,1,1
mat1424,,0,0,0,0,0,0,0,0,0,0,1,1,0,0
mat1425,,0,0,1,0,0,12,0,0,0,0,1,1,2,13
mat1426,,0,0,1,0,0,0,0,0,0,0,1,1,1,1
mat1428,,0,0,0,0,0,0,0,0,0,0,1,1,0,0
mat143,,0,0,1,0,0,12,0,0,0,0,1,1,2,13
mat1434,,0,0,1,0,0,12,0,0,0,0,1,1,2,13
mat1435,,0,0,1,0,0,12,0,0,0,0,1,1,2,13
mat1436,,0,0,1,0,0,0,0,0,0,0,1,1,1,1
mat1437,,0,0,1,0,0,0,0,0,0,0,1,1,1,1
mat1446,,0,0,1,0,0,12,0,0,0,0,1,1,2,13
mat1447,,0,0,1,0,0,0,0,0,0,0,1,0,1,1
mat145,,0,0,1,0,0,0,0,0,0,0,1,0,1,1
mat1453,,0,0,1,0,0,0,0,0,0,0,1,1,1,1
mat1456,,0,0,1,0,0,0,0,0,0,0,1,1,1,1
mat1457,,0,0,1,0,0,0,0,0,0,0,1,1,1,1
mat146,,0,0,1,0,0,0,0,0,0,0,1,1,1,1
mat1462,,0,0,1,0,0,0,0,0,0,0,0,0,1,1
mat1463,,0,0,1,0,0,0,0,0,0,0,1,1,1,1
mat1464,,0,0,1,0,8,12,0,0,0,0,1,1,3,21
mat1468,,0,0,5,0,0,12,0,0,0,0,3,1,2,17
mat147,,0,0,1,0,0,12,0,0,0,0,1,1,2,13
mat1471,,0,0,1,0,0,0,0,0,0,0,1,1,1,1
mat1472,,0,0,1,0,0,0,0,0,0,0,0,1,1,1
mat1473,,0,0,1,0,0,0,0,0,0,0,1,0,1,1
mat1475,,0,0,1,0,0,0,0,0,0,0,1,1,1,1
mat1477,,0,0,1,0,0,0,0,0,0,0,1,1,1,1
mat148,,0,0,1,0,0,0,0,0,0,0,1,1,1,1
mat1481,,0,0,1,0,0,0,0,0,0,0,1,0,1,1
mat1482,,0,0,1,0,0,0,0,0,0,0,1,0,1,1
mat1483,,0,0,5,0,8,60,0,0,0,0,5,5,3,73
mat1488,,0,0,1,11,0,12,0,0,0,0,1,1,3,24
mat1489,,0,0,1,11,0,12,0,0,0,0,1,1,3,24
mat1492,,0,0,1,12,0,0,0,0,0,0,1,1,2,13
mat1494,,0,0,1,10,0,12,0,0,0,0,1,1,3,23
mat1496,,0,0,1,0,0,0,0,0,0,0,0,0,1,1
mat1498,,0,0,0,0,0,0,0,0,0,0,1,0,0,0
mat1499,,0,0,1,0,0,0,0,0,0,0,0,0,1,1
mat15,,0,5,1,0,0,0,0,0,0,0,1,0,2,6
mat1500,,0,0,1,12,0,0,0,0,0,0,1,1,2,13
mat1501,,0,0,1,0,0,0,0,0,0,0,1,1,1,1
mat1502,,0,0,1,0,0,0,0,0,0,0,1,1,1,1
mat1504,,0,0,1,0,0,0,0,0,0,0,1,0,1,1
mat152,,0,0,1,0,0,0,0,0,0,0,1,0,1,1
mat153,,0,0,1,0,0,0,0,0,0,0,1,0,1,1
mat154,,0,0,1,0,0,0,0,0,0,0,1,1,1,1
mat155,,0,0,0,0,0,12,0,0,0,0,1,1,1,12
mat164,,0,0,1,0,0,0,0,0,0,0,1,0,1,1
mat166,,0,0,2,0,0,24,0,0,0,0,2,2,2,26
mat168,,0,0,0,0,0,0,0,0,0,0,2,2,0,0
mat169,,0,0,0,0,8,12,0,0,0,0,2,2,2,20
mat17,,0,5,1,0,0,0,0,0,0,0,1,1,2,6
mat173,,0,0,1,0,0,0,0,0,0,0,1,1,1,1
mat174,,0,0,1,0,0,0,0,0,0,0,1,1,1,1
mat176,,0,0,1,0,0,0,0,0,0,0,1,0,1,1
mat18,,0,5,1,0,0,1,0,0,0,0,1,1,3,7
mat183,,0,0,1,0,0,0,0,0,0,0,1,0,1,1
mat186,,0,0,1,0,0,0,0,0,0,0,1,1,1,1
mat187,,0,0,1,0,0,0,0,0,0,0,1,1,1,1
mat188,,0,0,1,0,0,12,0,0,0,0,1,1,2,13
mat190,,0,0,5,0,0,0,0,0,0,0,5,5,1,5
mat191,,0,0,1,0,0,0,0,0,0,0,1,1,1,1
mat193,,0,0,1,0,0,0,0,0,0,0,1,0,1,1
mat194,,0,0,1,0,0,12,0,0,0,0,1,1,2,13
mat201,,0,0,1,0,0,0,0,0,0,0,1,1,1,1
mat206,,0,0,1,0,0,0,0,0,0,0,0,0,1,1
mat213,,0,0,1,0,0,0,0,0,0,0,1,1,1,1
mat216,,0,0,1,0,0,0,0,0,0,0,1,1,1,1
mat218,,0,0,0,0,0,0,0,0,0,0,1,1,0,0
mat221,,0,0,1,0,0,0,0,0,0,0,1,0,1,1
mat225,,0,0,1,0,0,0,0,0,0,0,1,1,1,1
mat226,,0,0,1,0,0,0,0,0,0,0,0,0,1,1
mat231,,0,0,1,0,0,0,0,0,0,0,1,1,1,1
mat232,,0,0,1,0,0,0,0,0,0,0,1,0,1,1
mat235,,0,0,1,0,0,0,0,0,0,0,1,1,1,1
mat236,,0,0,1,0,0,0,0,0,0,0,1,0,1,1
mat239,,0,0,1,0,0,12,0,0,0,0,1,1,2,13
mat245,,0,0,1,0,0,0,0,0,0,0,1,1,1,1
mat246,,0,0,1,0,0,0,0,0,0,0,1,1,1,1
mat248,,0,0,1,0,0,0,0,0,0,0,1,0,1,1
mat250,,0,0,1,0,0,0,0,0,0,0,1,1,1,1
mat251,,0,0,1,0,0,0,0,0,0,0,1,1,1,1
mat259,,0,0,1,0,0,0,0,0,0,0,1,0,1,1
mat263,,0,0,1,0,0,0,0,0,0,0,1,1,1,1
mat266,,0,0,4,0,0,0,0,0,0,0,2,2,1,4
mat273,,0,0,1,0,0,0,0,0,0,0,1,0,1,1
mat276,,0,0,1,0,0,0,0,0,0,0,1,1,1,1
mat277,,0,0,5,0,0,0,0,0,0,0,3,2,1,5
mat28,,0,0,1,0,0,0,0,0,0,0,1,0,1,1
mat282,,0,0,1,0,0,0,0,0,0,0,1,1,1,1
mat283,,0,0,1,0,0,12,0,0,0,0,1,1,2,13
mat29,,0,0,1,0,0,0,0,0,0,0,1,0,1,1
mat293,,0,0,0,0,0,0,0,0,0,0,1,1,0,0
mat296,,0,0,1,0,0,0,0,0,0,0,0,0,1,1
mat297,,0,0,1,0,0,0,0,0,0,0,1,1,1,1
mat304,,0,0,1,0,0,0,0,0,0,0,1,0,1,1
mat309,,0,0,1,0,0,0,0,0,0,0,1,1,1,1
mat329,,0,0,1,0,0,0,0,0,0,0,1,1,1,1
mat33,,0,0,0,0,0,0,0,0,0,0,1,1,0,0
mat331,,0,0,5,0,0,0,0,0,0,0,5,2,1,5
mat332,,0,0,1,0,0,0,0,0,0,0,1,1,1,1
mat34,,0,0,1,0,0,0,0,0,0,0,1,1,1,1
mat346,,0,0,1,0,0,0,0,0,0,0,1,1,1,1
mat347,,0,0,1,0,0,12,0,0,0,0,1,1,2,13
mat349,,0,0,1,0,0,0,0,0,0,0,1,1,1,1
mat35,,0,0,1,0,0,0,0,0,0,0,1,0,1,1
mat359,,0,0,1,0,0,12,0,0,0,0,1,1,2,13
mat36,,0,0,1,0,0,0,0,0,0,0,1,0,1,1
mat360,,0,0,1,0,0,0,0,0,0,0,1,1,1,1
mat368,,0,0,1,0,0,0,0,0,0,0,1,0,1,1
mat369,,0,0,0,0,0,0,0,0,0,0,1,0,0,0
mat372,,0,0,1,0,8,12,0,0,0,0,1,1,3,21
mat377,,0,0,1,0,0,12,0,0,0,0,1,1,2,13
mat381,,0,0,1,0,0,0,0,0,0,0,1,0,1,1
mat384,,0,0,1,0,0,0,0,0,0,0,1,1,1,1
mat388,,0,0,1,0,0,0,0,0,0,0,1,1,1,1
mat389,,0,0,1,0,0,0,0,0,0,0,1,0,1,1
mat39,,0,0,1,0,0,0,0,0,0,0,0,0,1,1
mat390,,0,0,1,0,0,0,0,0,0,0,1,1,1,1
mat399,,0,0,1,0,0,0,0,0,0,0,1,1,1,1
mat4,,2,0,1,0,0,0,0,0,0,0,1,0,2,3
mat400,,0,0,1,0,0,0,0,0,0,0,1,1,1,1
mat402,,0,0,1,0,0,0,0,0,0,0,1,1,1,1
mat403,,0,0,1,0,0,0,0,0,0,0,0,0,1,1
mat404,,0,0,1,0,0,0,0,0,0,0,1,0,1,1
mat408,,0,0,1,0,0,0,0,0,0,0,1,1,1,1
mat414,,0,0,1,0,0,0,0,0,0,0,1,1,1,1
mat418,,0,0,1,0,0,0,0,0,0,0,1,0,1,1
mat419,,0,0,1,0,0,0,0,0,0,0,1,1,1,1
mat420,,0,0,0,0,0,0,0,0,0,0,1,1,0,0
mat421,,0,0,1,0,8,12,0,0,0,0,1,1,3,21
mat422,,0,0,1,0,0,0,0,0,0,0,1,0,1,1
mat423,,0,0,1,0,0,0,0,0,0,0,1,1,1,1
mat424,,0,0,1,0,0,0,0,0,0,0,1,1,1,1
mat440,,0,0,1,0,0,0,0,0,0,0,1,1,1,1
mat446,,0,0,0,0,0,0,0,0,0,0,1,0,0,0
mat456,,0,0,1,0,0,0,0,0,0,0,1,1,1,1
mat458,,0,0,1,0,0,0,0,0,0,0,1,0,1,1
mat462,,0,0,1,0,0,0,0,0,0,0,1,1,1,1
mat467,,0,0,5,0,0,0,0,0,0,0,5,5,1,5
mat468,,0,0,1,0,0,0,0,0,0,0,1,1,1,1
mat471,,0,0,1,0,0,0,0,0,0,0,1,0,1,1
mat476,,0,0,1,0,0,0,0,0,0,0,1,1,1,1
mat486,,0,0,1,0,0,0,0,0,0,0,1,0,1,1
mat487,,0,0,2,0,0,0,0,0,0,0,2,2,1,2
mat495,,0,0,2,0,0,0,0,0,0,0,2,0,1,2
mat498,,0,0,1,0,8,12,0,0,0,0,1,1,3,21
mat499,,0,0,1,0,0,0,0,0,0,0,1,1,1,1
mat501,,0,0,2,0,0,0,0,0,0,0,2,2,1,2
mat503,,0,0,1,0,0,0,0,0,0,0,0,0,1,1
mat507,,0,0,1,0,0,0,0,0,0,0,1,1,1,1
mat510,,0,0,1,0,0,0,0,0,0,0,1,0,1,1
mat512,,0,0,1,0,0,12,0,0,0,0,1,1,2,13
mat524,,0,0,0,0,0,12,0,0,0,0,2,1,1,12
mat529,,0,0,4,0,11,0,0,0,0,0,4,4,2,15
mat533,,0,0,1,0,0,0,0,0,0,0,1,1,1,1
mat536,,0,0,1,0,0,0,0,0,0,0,1,1,1,1
mat539,,0,0,1,0,0,0,0,0,0,0,1,1,1,1
mat54,,0,0,1,0,0,0,0,0,0,0,1,1,1,1
mat540,,0,0,1,0,0,0,0,0,0,0,1,1,1,1
mat541,,0,0,1,0,0,0,0,0,0,0,1,0,1,1
mat543,,0,0,1,0,0,0,0,0,0,0,1,0,1,1
mat551,,0,0,1,0,0,0,0,0,0,0,0,0,1,1
mat555,,0,0,1,0,0,0,0,0,0,0,1,1,1,1
mat557,,0,0,1,0,0,12,0,0,0,0,1,1,2,13
mat558,,0,0,1,0,0,0,0,0,0,0,1,1,1,1
mat564,,0,0,1,0,0,0,0,0,0,0,0,0,1,1
mat565,,0,0,1,0,0,0,0,0,0,0,0,0,1,1
mat567,,0,0,1,0,0,12,0,0,0,0,1,1,2,13
mat57,,0,0,1,0,0,0,0,0,0,0,1,1,1,1
mat571,,0,0,0,0,0,0,0,0,0,0,2,2,0,0
mat575,,0,0,1,0,0,12,0,0,0,0,1,1,2,13
mat58,,0,0,1,0,0,0,0,0,0,0,1,0,1,1
mat586,,0,0,0,0,0,0,0,0,0,0,1,1,0,0
mat591,,0,0,1,0,0,0,0,0,0,0,1,1,1,1
mat592,,0,0,1,0,0,0,0,0,0,0,1,1,1,1
mat595,,0,0,4,0,0,0,0,0,0,0,2,0,1,4
mat60,,0,0,1,0,0,0,0,0,0,0,1,1,1,1
mat601,,0,0,1,0,0,0,0,0,0,0,1,1,1,1
mat605,,0,0,0,0,0,0,0,0,0,0,0,0,0,0
mat606,,0,0,1,0,0,0,0,0,0,0,0,0,1,1
mat607,,0,0,1,0,0,0,0,0,0,0,1,1,1,1
mat611,,0,0,0,0,0,12,0,0,0,0,1,1,1,12
mat616,,0,0,4,0,0,0,0,0,0,0,4,3,1,4
mat621,,0,0,1,0,0,12,0,0,0,0,1,1,2,13
mat624,,0,0,1,0,0,0,0,0,0,0,1,1,1,1
mat629,,0,0,1,0,0,0,0,0,0,0,1,1,1,1
mat630,,0,0,1,0,0,0,0,0,0,0,1,1,1,1
mat635,,0,0,1,0,0,0,0,0,0,0,1,1,1,1
mat638,,0,0,1,0,0,0,0,0,0,0,1,0,1,1
mat639,,0,0,1,0,0,0,0,0,0,0,1,1,1,1
mat640,,0,0,1,0,0,0,0,0,0,0,1,1,1,1
mat641,,0,0,1,0,0,0,0,0,0,0,1,1,1,1
mat645,,0,0,1,0,0,0,0,0,0,0,1,1,1,1
mat646,,0,0,1,0,0,0,0,0,0,0,0,0,1,1
mat651,,0,0,1,0,0,0,0,0,0,0,1,1,1,1
mat655,,0,0,1,0,0,12,0,0,0,0,1,1,2,13
mat656,,0,0,1,0,0,0,0,0,0,0,1,1,1,1
mat66,,0,0,1,0,0,0,0,0,0,0,1,1,1,1
mat660,,0,0,1,0,0,0,0,0,0,0,0,0,1,1
mat663,,0,0,1,0,0,0,0,0,0,0,1,1,1,1
mat665,,0,0,1,0,0,0,0,0,0,0,1,1,1,1
mat678,,0,0,1,0,0,0,0,0,0,0,1,0,1,1
mat682,,0,0,1,0,0,0,0,0,0,0,1,1,1,1
mat683,,0,0,1,0,0,0,0,0,0,0,1,0,1,1
mat684,,0,0,1,0,0,0,0,0,0,0,0,0,1,1
mat689,,0,0,1,0,0,12,0,0,0,0,1,1,2,13
mat690,,0,0,1,0,0,0,0,0,0,0,1,0,1,1
mat692,,0,0,1,0,0,0,0,0,0,0,1,0,1,1
mat693,,0,0,1,0,0,0,0,0,0,0,1,1,1,1
mat696,,0,0,1,0,0,0,0,0,0,0,1,1,1,1
mat697,,0,0,1,0,0,0,0,0,0,0,1,1,1,1
mat699,,0,0,1,0,0,0,0,0,0,0,1,1,1,1
mat705,,0,0,1,0,0,0,0,0,0,0,1,1,1,1
mat709,,0,0,1,0,0,0,0,0,0,0,1,0,1,1
mat719,,0,0,1,0,0,0,0,0,0,0,1,1,1,1
mat724,,0,0,1,0,0,0,0,0,0,0,1,0,1,1
mat726,,0,0,1,0,0,0,0,0,0,0,1,0,1,1
mat734,,0,0,4,0,0,0,0,0,0,0,4,2,1,4
mat74,,0,0,1,0,0,0,0,0,0,0,1,0,1,1
mat749,,0,0,0,0,0,0,0,0,0,0,0,0,0,0
mat750,,0,0,1,0,0,0,0,0,0,0,1,0,1,1
mat752,,0,0,1,0,0,12,0,0,0,0,1,1,2,13
mat753,,0,0,1,0,0,0,0,0,0,0,1,1,1,1
mat754,,0,0,1,0,0,0,0,0,0,0,1,1,1,1
mat757,,0,0,1,0,0,0,0,0,0,0,1,0,1,1
mat760,,0,0,1,0,0,0,0,0,0,0,1,0,1,1
mat77,,0,0,1,0,0,0,0,0,0,0,1,1,1,1
mat772,,0,0,0,0,0,0,0,0,0,0,1,0,0,0
mat774,,0,0,1,0,0,0,0,0,0,0,1,1,1,1
mat775,,0,0,1,0,0,0,0,0,0,0,1,1,1,1
mat778,,0,0,0,0,0,12,0,0,0,0,2,2,1,12
mat779,,0,0,0,0,0,11,0,0,0,0,2,2,1,11
mat78,,0,0,1,0,0,0,0,0,0,0,1,0,1,1
mat79,,0,0,1,0,0,0,0,0,0,0,1,1,1,1
mat790,,0,0,1,0,0,0,0,0,0,0,1,1,1,1
mat791,,0,0,1,0,0,0,0,0,0,0,1,1,1,1
mat796,,0,0,1,0,0,0,0,0,0,0,1,1,1,1
mat797,,0,0,1,0,0,0,0,0,0,0,1,1,1,1
mat8,,2,0,1,0,0,0,0,0,0,0,1,0,2,3
mat802,,0,0,1,0,0,12,0,0,0,0,1,1,2,13
mat815,,0,0,1,0,0,0,0,0,0,0,1,1,1,1
mat818,,0,0,1,0,8,12,0,0,0,0,1,1,3,21
mat819,,0,0,1,0,0,0,0,0,0,0,1,0,1,1
mat823,,0,0,1,0,0,0,0,0,0,0,1,1,1,1
mat824,,0,0,1,0,0,12,0,0,0,0,1,1,2,13
mat830,,0,0,1,0,0,0,0,0,0,0,1,1,1,1
mat831,,0,0,1,0,0,0,0,0,0,0,1,1,1,1
mat84,,0,0,1,0,0,0,0,0,0,0,1,1,1,1
mat842,,0,0,1,0,0,0,0,0,0,0,1,1,1,1
mat845,,0,0,1,0,0,0,0,0,0,0,1,0,1,1
mat849,,0,0,1,0,0,0,0,0,0,0,1,0,1,1
mat85,,0,0,1,0,0,0,0,0,0,0,1,0,1,1
mat859,,0,0,1,0,0,0,0,0,0,0,1,0,1,1
mat86,,0,0,1,0,0,0,0,0,0,0,1,0,1,1
mat863,,0,0,1,0,0,0,0,0,0,0,1,0,1,1
mat865,,0,0,0,0,0,12,0,0,0,0,2,2,1,12
mat866,,0,0,0,0,0,12,0,0,0,0,2,2,1,12
mat873,,0,0,1,0,0,0,0,0,0,0,1,1,1,1
mat879,,0,0,1,0,0,12,0,0,0,0,1,1,2,13
mat882,,0,0,1,0,0,0,0,0,0,0,1,1,1,1
mat883,,0,0,1,0,0,0,0,0,0,0,1,1,1,1
mat885,,0,0,1,0,0,0,0,0,0,0,1,1,1,1
mat886,,0,0,1,0,0,0,0,0,0,0,1,1,1,1
mat887,,0,0,1,0,0,0,0,0,0,0,1,1,1,1
mat888,,0,0,1,0,0,0,0,0,0,0,1,1,1,1
mat893,,0,0,1,0,0,0,0,0,0,0,1,0,1,1
mat894,,0,0,1,0,0,0,0,0,0,0,1,0,1,1
mat896,,0,0,1,0,0,0,0,0,0,0,1,1,1,1
mat899,,0,0,1,0,0,0,0,0,0,0,1,1,1,1
mat90,,0,0,1,0,0,0,0,0,0,0,1,1,1,1
mat900,,0,0,1,0,0,0,0,0,0,0,1,1,1,1
mat901,,0,0,1,0,0,0,0,0,0,0,1,1,1,1
mat902,,0,0,1,0,0,0,0,0,0,0,1,1,1,1
mat904,,0,0,1,0,0,0,0,0,0,0,1,1,1,1
mat906,,0,0,1,0,0,0,0,0,0,0,1,1,1,1
mat913,,0,0,1,0,0,0,0,0,0,0,1,1,1,1
mat916,,0,0,1,0,0,0,0,0,0,0,1,1,1,1
mat917,,0,0,1,0,0,0,0,0,0,0,1,1,1,1
mat918,,0,0,1,0,0,0,0,0,0,0,1,0,1,1
mat919,,0,0,1,0,0,0,0,0,0,0,1,1,1,1
mat922,,0,0,1,0,0,0,0,0,0,0,1,1,1,1
mat923,,0,0,1,0,0,0,0,0,0,0,1,0,1,1
mat924,,0,0,1,0,0,12,0,0,0,0,1,1,2,13
mat926,,0,0,1,0,0,0,0,0,0,0,1,0,1,1
mat927,,0,0,1,0,0,0,0,0,0,0,1,0,1,1
mat929,,0,0,1,0,0,0,0,0,0,0,1,1,1,1
mat93,,0,0,1,0,0,0,0,0,0,0,1,0,1,1
mat930,,0,0,0,0,0,12,0,0,0,0,1,1,1,12
mat931,,0,0,1,0,0,0,0,0,0,0,1,0,1,1
mat933,,0,0,1,0,0,0,0,0,0,0,1,1,1,1
mat934,,0,0,1,0,0,12,0,0,0,0,1,1,2,13
mat94,,0,0,1,0,0,0,0,0,0,0,0,0,1,1
mat940,,0,0,1,0,0,0,0,0,0,0,1,0,1,1
mat944,,0,0,1,0,0,0,0,0,0,0,1,1,1,1
mat945,,0,0,1,0,0,0,0,0,0,0,1,1,1,1
mat947,,0,0,1,0,0,0,0,0,0,0,1,1,1,1
mat951,,0,0,1,0,0,0,0,0,0,0,1,1,1,1
mat958,,0,0,5,0,8,60,0,0,0,0,5,5,3,73
mat960,,0,0,1,0,0,0,0,0,0,0,1,0,1,1
mat961,,0,0,1,0,0,12,0,0,0,0,1,1,2,13
mat966,,0,0,1,0,0,0,0,0,0,0,1,0,1,1
mat967,,0,0,1,0,0,0,0,0,0,0,0,0,1,1
mat969,,0,0,1,0,0,0,0,0,0,0,1,1,1,1
mat970,,0,0,1,0,0,0,0,0,0,0,1,1,1,1
mat972,,0,0,1,0,0,0,0,0,0,0,1,0,1,1
mat974,,0,0,1,0,0,0,0,0,0,0,1,1,1,1
mat975,,0,0,1,0,0,0,0,0,0,0,1,0,1,1
mat979,,0,0,1,0,0,0,0,0,0,0,1,0,1,1
mat980,,0,0,1,0,0,0,0,0,0,0,1,1,1,1
mat985,,0,0,1,0,8,12,0,0,0,0,1,1,3,21
mat986,,0,0,1,0,0,0,0,0,0,0,1,1,1,1
mat992,,0,0,1,0,0,0,0,0,0,0,1,1,1,1
mat995,,0,0,1,0,0,0,0,0,0,0,1,1,1,1
mat996,,0,0,1,0,0,0,0,0,0,0,1,0,1,1
mat997,,0,0,1,0,0,0,0,0,0,0,1,0,1,1
url1017,,0,0,0,0,0,0,0,0,0,0,0,0,0,0
url1018,,0,0,0,0,0,0,0,0,0,0,0,0,0,0
url1202,,0,0,0,0,0,0,0,0,0,0,0,0,0,0
url1203,,0,0,0,0,0,0,0,0,0,0,0,0,0,0
url1423,,0,0,0,0,0,0,0,0,0,0,0,0,0,0
url1424,,0,0,0,0,0,0,0,0,0,0,0,0,0,0
url1428,,0,0,0,0,0,0,0,0,0,0,0,0,0,0
url1486,,0,0,0,0,0,0,0,0,0,0,0,0,0,0
url1487,,0,0,0,0,0,0,0,0,0,0,0,0,0,0
url155,,0,0,0,0,0,0,0,0,0,0,0,0,0,0
url156,,0,0,0,0,0,0,0,0,0,0,0,0,0,0
url165,,0,0,0,0,0,0,0,0,0,0,0,0,0,0
url166,,0,0,0,0,0,0,0,0,0,0,0,0,0,0
url167,,0,0,0,0,0,0,0,0,0,0,0,0,0,0
url168,,0,0,0,0,0,0,0,0,0,0,0,0,0,0
url169,,0,0,0,0,0,0,0,0,0,0,0,0,0,0
url170,,0,0,0,0,0,0,0,0,0,0,0,0,0,0
url171,,0,0,0,0,0,0,0,0,0,0,0,0,0,0
url172,,0,0,0,0,0,0,0,0,0,0,0,0,0,0
url217,,0,0,0,0,0,0,0,0,0,0,0,0,0,0
url218,,0,0,0,0,0,0,0,0,0,0,0,0,0,0
url252,,0,0,0,0,0,0,0,0,0,0,0,0,0,0
url321,,0,0,0,0,0,0,0,0,0,0,0,0,0,0
url322,,0,0,0,0,0,0,0,0,0,0,0,0,0,0
url369,,0,0,0,0,0,0,0,0,0,0,0,0,0,0
url370,,0,0,0,0,0,0,0,0,0,0,0,0,0,0
url439,,0,0,0,0,0,0,0,0,0,0,0,0,0,0
url440,,0,0,0,0,0,0,0,0,0,0,0,0,0,0
url441,,0,0,0,0,0,0,0,0,0,0,0,0,0,0
url442,,0,0,0,0,0,0,0,0,0,0,0,0,0,0
url443,,0,0,0,0,0,0,0,0,0,0,0,0,0,0
url444,,0,0,0,0,0,0,0,0,0,0,0,0,0,0
url445,,0,0,0,0,0,0,0,0,0,0,0,0,0,0
url446,,0,0,0,0,0,0,0,0,0,0,0,0,0,0
url524,,0,0,0,0,0,0,0,0,0,0,0,0,0,0
url525,,0,0,0,0,0,0,0,0,0,0,0,0,0,0
url526,,0,0,0,0,0,0,0,0,0,0,0,0,0,0
url527,,0,0,0,0,0,0,0,0,0,0,0,0,0,0
url566,,0,0,0,0,0,0,0,0,0,0,0,0,0,0
url567,,0,0,0,0,0,0,0,0,0,0,0,0,0,0
url568,,0,0,0,0,0,0,0,0,0,0,0,0,0,0
url569,,0,0,0,0,0,0,0,0,0,0,0,0,0,0
url570,,0,0,0,0,0,0,0,0,0,0,0,0,0,0
url571,,0,0,0,0,0,0,0,0,0,0,0,0,0,0
url572,,0,0,0,0,0,0,0,0,0,0,0,0,0,0
url573,,0,0,0,0,0,0,0,0,0,0,0,0,0,0
url574,,0,0,0,0,0,0,0,0,0,0,0,0,0,0
url575,,0,0,0,0,0,0,0,0,0,0,0,0,0,0
url576,,0,0,0,0,0,0,0,0,0,0,0,0,0,0
url577,,0,0,0,0,0,0,0,0,0,0,0,0,0,0
url578,,0,0,0,0,0,0,0,0,0,0,0,0,0,0
url579,,0,0,0,0,0,0,0,0,0,0,0,0,0,0
url580,,0,0,0,0,0,0,0,0,0,0,0,0,0,0
url581,,0,0,0,0,0,0,0,0,0,0,0,0,0,0
url582,,0,0,0,0,0,0,0,0,0,0,0,0,0,0
url583,,0,0,0,0,0,0,0,0,0,0,0,0,0,0
url584,,0,0,0,0,0,0,0,0,0,0,0,0,0,0
url585,,0,0,0,0,0,0,0,0,0,0,0,0,0,0
url586,,0,0,0,0,0,0,0,0,0,0,0,0,0,0
url587,,0,0,0,0,0,0,0,0,0,0,0,0,0,0
url588,,0,0,0,0,0,0,0,0,0,0,0,0,0,0
url589,,0,0,0,0,0,0,0,0,0,0,0,0,0,0
url590,,0,0,0,0,0,0,0,0,0,0,0,0,0,0
url609,,0,0,0,0,0,0,0,0,0,0,0,0,0,0
url610,,0,0,0,0,0,0,0,0,0,0,0,0,0,0
url611,,0,0,0,0,0,0,0,0,0,0,0,0,0,0
url612,,0,0,0,0,0,0,0,0,0,0,0,0,0,0
url672,,0,0,0,0,0,0,0,0,0,0,0,0,0,0
url673,,0,0,0,0,0,0,0,0,0,0,0,0,0,0
url772,,0,0,0,0,0,0,0,0,0,0,0,0,0,0
url773,,0,0,0,0,0,0,0,0,0,0,0,0,0,0
url777,,0,0,0,0,0,0,0,0,0,0,0,0,0,0
url778,,0,0,0,0,0,0,0,0,0,0,0,0,0,0
url779,,0,0,0,0,0,0,0,0,0,0,0,0,0,0
url780,,0,0,0,0,0,0,0,0,0,0,0,0,0,0
url781,,0,0,0,0,0,0,0,0,0,0,0,0,0,0
url782,,0,0,0,0,0,0,0,0,0,0,0,0,0,0
url783,,0,0,0,0,0,0,0,0,0,0,0,0,0,0
url784,,0,0,0,0,0,0,0,0,0,0,0,0,0,0
url834,,0,0,0,0,0,0,0,0,0,0,0,0,0,0
url835,,0,0,0,0,0,0,0,0,0,0,0,0,0,0
url836,,0,0,0,0,0,0,0,0,0,0,0,0,0,0
url837,,0,0,0,0,0,0,0,0,0,0,0,0,0,0
url864,,0,0,0,0,0,0,0,0,0,0,0,0,0,0
url865,,0,0,0,0,0,0,0,0,0,0,0,0,0,0
url866,,0,0,0,0,0,0,0,0,0,0,0,0,0,0
url867,,0,0,0,0,0,0,0,0,0,0,0,0,0,0
url868,,0,0,0,0,0,0,0,0,0,0,0,0,0,0
url869,,0,0,0,0,0,0,0,0,0,0,0,0,0,0
url870,,0,0,0,0,0,0,0,0,0,0,0,0,0,0
url871,,0,0,0,0,0,0,0,0,0,0,0,0,0,0
