case_uid,model,varianta,mnozina,predikce,otisk_nasazeni,dopad_A12,dopad_A2,datum
exp2685,kimi-k3,zero_shot,dev,KU,f798887e303c18d9,,DU,2026-09-08
exp1852,kimi-k3,zero_shot,dev,KU,f798887e303c18d9,KU,,2026-09-08
exp1910,kimi-k3,zero_shot,dev,DU,f798887e303c18d9,DU,,2026-09-08
exp1936,kimi-k3,zero_shot,dev,NEU,f798887e303c18d9,NEU,,2026-09-08
exp2076,kimi-k3,zero_shot,dev,KU,f798887e303c18d9,DU,,2026-09-08
exp2114,kimi-k3,zero_shot,dev,KU,f798887e303c18d9,KU,,2026-09-08
exp2222,kimi-k3,zero_shot,dev,NEU,f798887e303c18d9,KU,,2026-09-08
exp2274,kimi-k3,zero_shot,dev,KU,f798887e303c18d9,KU,,2026-09-08
exp1433,kimi-k3,zero_shot,dev,NEU,f798887e303c18d9,NEU,,2026-09-08
exp1318,kimi-k3,zero_shot,dev,NEU,f798887e303c18d9,NEU,,2026-09-08
exp1280,kimi-k3,zero_shot,dev,DU,f798887e303c18d9,DU,,2026-09-08
exp1269,kimi-k3,zero_shot,dev,DU,f798887e303c18d9,DU,,2026-09-08
exp1250,kimi-k3,zero_shot,dev,KU,f798887e303c18d9,DU,,2026-09-08
exp1225,kimi-k3,zero_shot,dev,KU,f798887e303c18d9,DU,,2026-09-08
exp1200,kimi-k3,zero_shot,dev,KU,f798887e303c18d9,KU,,2026-09-08
exp1215,kimi-k3,zero_shot,dev,NEU,f798887e303c18d9,NEU,,2026-09-08
exp1062,kimi-k3,zero_shot,dev,NEU,f798887e303c18d9,NEU,,2026-09-08
exp1031,kimi-k3,zero_shot,dev,DU,f798887e303c18d9,DU,,2026-09-08
exp1007,kimi-k3,zero_shot,dev,KU,f798887e303c18d9,NEU,,2026-09-08
exp993,kimi-k3,zero_shot,dev,DU,f798887e303c18d9,DU,,2026-09-08
exp966,kimi-k3,zero_shot,dev,KU,f798887e303c18d9,KU,,2026-09-08
exp928,kimi-k3,zero_shot,dev,KU,f798887e303c18d9,KU,,2026-09-08
exp901,kimi-k3,zero_shot,dev,KU,f798887e303c18d9,DU,,2026-09-08
exp804,kimi-k3,zero_shot,dev,NEU,f798887e303c18d9,NEU,,2026-09-08
exp754,kimi-k3,zero_shot,dev,KU,f798887e303c18d9,KU,,2026-09-08
exp760,kimi-k3,zero_shot,dev,KU,f798887e303c18d9,KU,,2026-09-08
exp710,kimi-k3,zero_shot,dev,KU,f798887e303c18d9,DU,,2026-09-08
exp715,kimi-k3,zero_shot,dev,NEU,f798887e303c18d9,NEU,,2026-09-08
exp671,kimi-k3,zero_shot,dev,DU,f798887e303c18d9,DU,,2026-09-08
exp653,kimi-k3,zero_shot,dev,NEU,f798887e303c18d9,NEU,,2026-09-08
exp638,kimi-k3,zero_shot,dev,DU,f798887e303c18d9,DU,,2026-09-08
exp637,kimi-k3,zero_shot,dev,KU,f798887e303c18d9,KU,,2026-09-08
exp543,kimi-k3,zero_shot,dev,NEU,f798887e303c18d9,NEU,,2026-09-08
exp527,kimi-k3,zero_shot,dev,KU,f798887e303c18d9,DU,,2026-09-08
exp507,kimi-k3,zero_shot,dev,KU,f798887e303c18d9,NEU,,2026-09-08
exp446,kimi-k3,zero_shot,dev,DU,f798887e303c18d9,DU,,2026-09-08
exp407,kimi-k3,zero_shot,dev,KU,f798887e303c18d9,KU,,2026-09-08
exp398,kimi-k3,zero_shot,dev,,f798887e303c18d9,DU,,2026-09-08
exp367,kimi-k3,zero_shot,dev,NEU,f798887e303c18d9,NEU,,2026-09-08
exp353,kimi-k3,zero_shot,dev,NEU,f798887e303c18d9,NEU,,2026-09-08
exp310,kimi-k3,zero_shot,dev,DU,f798887e303c18d9,DU,,2026-09-08
exp289,kimi-k3,zero_shot,dev,NEU,f798887e303c18d9,NEU,,2026-09-08
exp295,kimi-k3,zero_shot,dev,DU,f798887e303c18d9,KU,,2026-09-08
exp288,kimi-k3,zero_shot,dev,NEU,f798887e303c18d9,KU,,2026-09-08
exp153,kimi-k3,zero_shot,dev,DU,f798887e303c18d9,DU,,2026-09-08
exp83,kimi-k3,zero_shot,dev,NEU,f798887e303c18d9,NEU,,2026-09-08
exp15,kimi-k3,zero_shot,dev,NEU,f798887e303c18d9,NEU,,2026-09-08
exp3021,kimi-k3,zero_shot,dev,KU,f798887e303c18d9,,NEU,2026-09-08
exp3048,kimi-k3,zero_shot,dev,KU,f798887e303c18d9,,KU,2026-09-08
exp3058,kimi-k3,zero_shot,dev,KU,f798887e303c18d9,,KU,2026-09-08
exp3061,kimi-k3,zero_shot,dev,NEU,f798887e303c18d9,,NEU,2026-09-08
exp3087,kimi-k3,zero_shot,dev,KU,f798887e303c18d9,,DU,2026-09-08
exp3104,kimi-k3,zero_shot,dev,KU,f798887e303c18d9,,KU,2026-09-08
exp3112,kimi-k3,zero_shot,dev,KU,f798887e303c18d9,,DU,2026-09-08
exp3116,kimi-k3,zero_shot,dev,DU,f798887e303c18d9,,DU,2026-09-08
exp3176,kimi-k3,zero_shot,dev,NEU,f798887e303c18d9,,KU,2026-09-08
exp3182,kimi-k3,zero_shot,dev,KU,f798887e303c18d9,,NEU,2026-09-08
exp3208,kimi-k3,zero_shot,dev,NEU,f798887e303c18d9,,KU,2026-09-08
exp3222,kimi-k3,zero_shot,dev,NEU,f798887e303c18d9,,NEU,2026-09-08
exp3226,kimi-k3,zero_shot,dev,KU,f798887e303c18d9,,DU,2026-09-08
exp3347,kimi-k3,zero_shot,dev,KU,f798887e303c18d9,,DU,2026-09-08
exp3382,kimi-k3,zero_shot,dev,KU,f798887e303c18d9,,KU,2026-09-08
exp3400,kimi-k3,zero_shot,dev,NEU,f798887e303c18d9,,NEU,2026-09-08
exp3460,kimi-k3,zero_shot,dev,KU,f798887e303c18d9,,KU,2026-09-08
exp3479,kimi-k3,zero_shot,dev,DU,f798887e303c18d9,,KU,2026-09-08
exp3488,kimi-k3,zero_shot,dev,KU,f798887e303c18d9,,DU,2026-09-08
exp3515,kimi-k3,zero_shot,dev,KU,f798887e303c18d9,,DU,2026-09-08
exp3526,kimi-k3,zero_shot,dev,DU,f798887e303c18d9,,DU,2026-09-08
exp3532,kimi-k3,zero_shot,dev,DU,f798887e303c18d9,,DU,2026-09-08
exp3536,kimi-k3,zero_shot,dev,KU,f798887e303c18d9,,DU,2026-09-08
exp3555,kimi-k3,zero_shot,dev,DU,f798887e303c18d9,,DU,2026-09-08
exp3578,kimi-k3,zero_shot,dev,KU,f798887e303c18d9,,KU,2026-09-08
exp3600,kimi-k3,zero_shot,dev,KU,f798887e303c18d9,,DU,2026-09-08
exp3614,kimi-k3,zero_shot,dev,NEU,f798887e303c18d9,,KU,2026-09-08
exp3623,kimi-k3,zero_shot,dev,KU,f798887e303c18d9,,KU,2026-09-08
exp3659,kimi-k3,zero_shot,dev,NEU,f798887e303c18d9,,KU,2026-09-08
exp3751,kimi-k3,zero_shot,dev,DU,f798887e303c18d9,,DU,2026-09-08
exp3774,kimi-k3,zero_shot,dev,NEU,f798887e303c18d9,,KU,2026-09-08
exp3783,kimi-k3,zero_shot,dev,NEU,f798887e303c18d9,,DU,2026-09-08
exp3793,kimi-k3,zero_shot,dev,KU,f798887e303c18d9,,KU,2026-09-08
exp3799,kimi-k3,zero_shot,dev,KU,f798887e303c18d9,,DU,2026-09-08
exp3805,kimi-k3,zero_shot,dev,KU,f798887e303c18d9,,KU,2026-09-08
exp3814,kimi-k3,zero_shot,dev,NEU,f798887e303c18d9,,KU,2026-09-08
exp3829,kimi-k3,zero_shot,dev,DU,f798887e303c18d9,,DU,2026-09-08
exp3842,kimi-k3,zero_shot,dev,KU,f798887e303c18d9,,KU,2026-09-08
exp3856,kimi-k3,zero_shot,dev,NEU,f798887e303c18d9,,DU,2026-09-08
exp3862,kimi-k3,zero_shot,dev,NEU,f798887e303c18d9,,KU,2026-09-08
exp3868,kimi-k3,zero_shot,dev,KU,f798887e303c18d9,,KU,2026-09-08
exp3875,kimi-k3,zero_shot,dev,KU,f798887e303c18d9,,DU,2026-09-08
exp3876,kimi-k3,zero_shot,dev,NEU,f798887e303c18d9,,KU,2026-09-08
exp3919,kimi-k3,zero_shot,dev,DU,f798887e303c18d9,,DU,2026-09-08
exp3974,kimi-k3,zero_shot,dev,KU,f798887e303c18d9,,KU,2026-09-08
exp3982,kimi-k3,zero_shot,dev,KU,f798887e303c18d9,,KU,2026-09-08
exp4006,kimi-k3,zero_shot,dev,KU,f798887e303c18d9,,KU,2026-09-08
exp4011,kimi-k3,zero_shot,dev,NEU,f798887e303c18d9,,KU,2026-09-08
exp4062,kimi-k3,zero_shot,dev,NEU,f798887e303c18d9,,KU,2026-09-08
exp4094,kimi-k3,zero_shot,dev,DU,f798887e303c18d9,,DU,2026-09-08
exp4240,kimi-k3,zero_shot,dev,DU,f798887e303c18d9,,DU,2026-09-08
exp4262,kimi-k3,zero_shot,dev,KU,f798887e303c18d9,,KU,2026-09-08
exp4320,kimi-k3,zero_shot,dev,NEU,f798887e303c18d9,,DU,2026-09-08
exp2685,glm-5.3,zero_shot,dev,NEU,f98256a1719daf8a,,DU,2026-09-08
exp1852,glm-5.3,zero_shot,dev,KU,f98256a1719daf8a,KU,,2026-09-08
exp1910,glm-5.3,zero_shot,dev,DU,f98256a1719daf8a,DU,,2026-09-08
exp1936,glm-5.3,zero_shot,dev,NEU,f98256a1719daf8a,NEU,,2026-09-08
exp2076,glm-5.3,zero_shot,dev,DU,f98256a1719daf8a,DU,,2026-09-08
exp2114,glm-5.3,zero_shot,dev,DU,f98256a1719daf8a,KU,,2026-09-08
exp2222,glm-5.3,zero_shot,dev,NEU,f98256a1719daf8a,KU,,2026-09-08
exp2274,glm-5.3,zero_shot,dev,KU,f98256a1719daf8a,KU,,2026-09-08
exp1433,glm-5.3,zero_shot,dev,KU,f98256a1719daf8a,NEU,,2026-09-08
exp1318,glm-5.3,zero_shot,dev,NEU,f98256a1719daf8a,NEU,,2026-09-08
exp1280,glm-5.3,zero_shot,dev,DU,f98256a1719daf8a,DU,,2026-09-08
exp1269,glm-5.3,zero_shot,dev,DU,f98256a1719daf8a,DU,,2026-09-08
exp1250,glm-5.3,zero_shot,dev,KU,f98256a1719daf8a,DU,,2026-09-08
exp1225,glm-5.3,zero_shot,dev,KU,f98256a1719daf8a,DU,,2026-09-08
exp1200,glm-5.3,zero_shot,dev,KU,f98256a1719daf8a,KU,,2026-09-08
exp1215,glm-5.3,zero_shot,dev,NEU,f98256a1719daf8a,NEU,,2026-09-08
exp1062,glm-5.3,zero_shot,dev,NEU,f98256a1719daf8a,NEU,,2026-09-08
exp1031,glm-5.3,zero_shot,dev,DU,f98256a1719daf8a,DU,,2026-09-08
exp1007,glm-5.3,zero_shot,dev,KU,f98256a1719daf8a,NEU,,2026-09-08
exp993,glm-5.3,zero_shot,dev,DU,f98256a1719daf8a,DU,,2026-09-08
exp966,glm-5.3,zero_shot,dev,KU,f98256a1719daf8a,KU,,2026-09-08
exp928,glm-5.3,zero_shot,dev,KU,f98256a1719daf8a,KU,,2026-09-08
exp901,glm-5.3,zero_shot,dev,KU,f98256a1719daf8a,DU,,2026-09-08
exp804,glm-5.3,zero_shot,dev,NEU,f98256a1719daf8a,NEU,,2026-09-08
exp754,glm-5.3,zero_shot,dev,KU,f98256a1719daf8a,KU,,2026-09-08
exp760,glm-5.3,zero_shot,dev,KU,f98256a1719daf8a,KU,,2026-09-08
exp710,glm-5.3,zero_shot,dev,KU,f98256a1719daf8a,DU,,2026-09-08
exp715,glm-5.3,zero_shot,dev,NEU,f98256a1719daf8a,NEU,,2026-09-08
exp671,glm-5.3,zero_shot,dev,DU,f98256a1719daf8a,DU,,2026-09-08
exp653,glm-5.3,zero_shot,dev,NEU,f98256a1719daf8a,NEU,,2026-09-08
exp638,glm-5.3,zero_shot,dev,DU,f98256a1719daf8a,DU,,2026-09-08
exp637,glm-5.3,zero_shot,dev,KU,f98256a1719daf8a,KU,,2026-09-08
exp543,glm-5.3,zero_shot,dev,NEU,f98256a1719daf8a,NEU,,2026-09-08
exp527,glm-5.3,zero_shot,dev,KU,f98256a1719daf8a,DU,,2026-09-08
exp507,glm-5.3,zero_shot,dev,KU,f98256a1719daf8a,NEU,,2026-09-08
exp446,glm-5.3,zero_shot,dev,DU,f98256a1719daf8a,DU,,2026-09-08
exp407,glm-5.3,zero_shot,dev,KU,f98256a1719daf8a,KU,,2026-09-08
exp398,glm-5.3,zero_shot,dev,KU,f98256a1719daf8a,DU,,2026-09-08
exp367,glm-5.3,zero_shot,dev,NEU,f98256a1719daf8a,NEU,,2026-09-08
exp353,glm-5.3,zero_shot,dev,NEU,f98256a1719daf8a,NEU,,2026-09-08
exp310,glm-5.3,zero_shot,dev,DU,f98256a1719daf8a,DU,,2026-09-08
exp289,glm-5.3,zero_shot,dev,NEU,f98256a1719daf8a,NEU,,2026-09-08
exp295,glm-5.3,zero_shot,dev,DU,f98256a1719daf8a,KU,,2026-09-08
exp288,glm-5.3,zero_shot,dev,NEU,f98256a1719daf8a,KU,,2026-09-08
exp153,glm-5.3,zero_shot,dev,DU,f98256a1719daf8a,DU,,2026-09-08
exp83,glm-5.3,zero_shot,dev,NEU,f98256a1719daf8a,NEU,,2026-09-08
exp15,glm-5.3,zero_shot,dev,NEU,f98256a1719daf8a,NEU,,2026-09-08
exp3021,glm-5.3,zero_shot,dev,KU,f98256a1719daf8a,,NEU,2026-09-08
exp3048,glm-5.3,zero_shot,dev,KU,f98256a1719daf8a,,KU,2026-09-08
exp3058,glm-5.3,zero_shot,dev,KU,f98256a1719daf8a,,KU,2026-09-08
exp3061,glm-5.3,zero_shot,dev,NEU,f98256a1719daf8a,,NEU,2026-09-08
exp3087,glm-5.3,zero_shot,dev,KU,f98256a1719daf8a,,DU,2026-09-08
exp3104,glm-5.3,zero_shot,dev,KU,f98256a1719daf8a,,KU,2026-09-08
exp3112,glm-5.3,zero_shot,dev,KU,f98256a1719daf8a,,DU,2026-09-08
exp3116,glm-5.3,zero_shot,dev,KU,f98256a1719daf8a,,DU,2026-09-08
exp3176,glm-5.3,zero_shot,dev,NEU,f98256a1719daf8a,,KU,2026-09-08
exp3182,glm-5.3,zero_shot,dev,KU,f98256a1719daf8a,,NEU,2026-09-08
exp3208,glm-5.3,zero_shot,dev,NEU,f98256a1719daf8a,,KU,2026-09-08
exp3222,glm-5.3,zero_shot,dev,NEU,f98256a1719daf8a,,NEU,2026-09-08
exp3226,glm-5.3,zero_shot,dev,KU,f98256a1719daf8a,,DU,2026-09-08
exp3347,glm-5.3,zero_shot,dev,KU,f98256a1719daf8a,,DU,2026-09-08
exp3382,glm-5.3,zero_shot,dev,KU,f98256a1719daf8a,,KU,2026-09-08
exp3400,glm-5.3,zero_shot,dev,NEU,f98256a1719daf8a,,NEU,2026-09-08
exp3460,glm-5.3,zero_shot,dev,KU,f98256a1719daf8a,,KU,2026-09-08
exp3479,glm-5.3,zero_shot,dev,DU,f98256a1719daf8a,,KU,2026-09-08
exp3488,glm-5.3,zero_shot,dev,NEU,f98256a1719daf8a,,DU,2026-09-08
exp3515,glm-5.3,zero_shot,dev,KU,f98256a1719daf8a,,DU,2026-09-08
exp3526,glm-5.3,zero_shot,dev,DU,f98256a1719daf8a,,DU,2026-09-08
exp3532,glm-5.3,zero_shot,dev,KU,f98256a1719daf8a,,DU,2026-09-08
exp3536,glm-5.3,zero_shot,dev,KU,f98256a1719daf8a,,DU,2026-09-08
exp3555,glm-5.3,zero_shot,dev,KU,f98256a1719daf8a,,DU,2026-09-08
exp3578,glm-5.3,zero_shot,dev,KU,f98256a1719daf8a,,KU,2026-09-08
exp3600,glm-5.3,zero_shot,dev,KU,f98256a1719daf8a,,DU,2026-09-08
exp3614,glm-5.3,zero_shot,dev,NEU,f98256a1719daf8a,,KU,2026-09-08
exp3623,glm-5.3,zero_shot,dev,KU,f98256a1719daf8a,,KU,2026-09-08
exp3659,glm-5.3,zero_shot,dev,KU,f98256a1719daf8a,,KU,2026-09-08
exp3751,glm-5.3,zero_shot,dev,DU,f98256a1719daf8a,,DU,2026-09-08
exp3774,glm-5.3,zero_shot,dev,NEU,f98256a1719daf8a,,KU,2026-09-08
exp3783,glm-5.3,zero_shot,dev,KU,f98256a1719daf8a,,DU,2026-09-08
exp3793,glm-5.3,zero_shot,dev,KU,f98256a1719daf8a,,KU,2026-09-08
exp3799,glm-5.3,zero_shot,dev,KU,f98256a1719daf8a,,DU,2026-09-08
exp3805,glm-5.3,zero_shot,dev,KU,f98256a1719daf8a,,KU,2026-09-08
exp3814,glm-5.3,zero_shot,dev,NEU,f98256a1719daf8a,,KU,2026-09-08
exp3829,glm-5.3,zero_shot,dev,KU,f98256a1719daf8a,,DU,2026-09-08
exp3842,glm-5.3,zero_shot,dev,KU,f98256a1719daf8a,,KU,2026-09-08
exp3856,glm-5.3,zero_shot,dev,KU,f98256a1719daf8a,,DU,2026-09-08
exp3862,glm-5.3,zero_shot,dev,NEU,f98256a1719daf8a,,KU,2026-09-08
exp3868,glm-5.3,zero_shot,dev,KU,f98256a1719daf8a,,KU,2026-09-08
exp3875,glm-5.3,zero_shot,dev,KU,f98256a1719daf8a,,DU,2026-09-08
exp3876,glm-5.3,zero_shot,dev,KU,f98256a1719daf8a,,KU,2026-09-08
exp3919,glm-5.3,zero_shot,dev,DU,f98256a1719daf8a,,DU,2026-09-08
exp3974,glm-5.3,zero_shot,dev,KU,f98256a1719daf8a,,KU,2026-09-08
exp3982,glm-5.3,zero_shot,dev,KU,f98256a1719daf8a,,KU,2026-09-08
exp4006,glm-5.3,zero_shot,dev,KU,f98256a1719daf8a,,KU,2026-09-08
exp4011,glm-5.3,zero_shot,dev,NEU,f98256a1719daf8a,,KU,2026-09-08
exp4062,glm-5.3,zero_shot,dev,NEU,f98256a1719daf8a,,KU,2026-09-08
exp4094,glm-5.3,zero_shot,dev,KU,f98256a1719daf8a,,DU,2026-09-08
exp4240,glm-5.3,zero_shot,dev,DU,f98256a1719daf8a,,DU,2026-09-08
exp4262,glm-5.3,zero_shot,dev,KU,f98256a1719daf8a,,KU,2026-09-08
exp4320,glm-5.3,zero_shot,dev,KU,f98256a1719daf8a,,DU,2026-09-08
exp2685,qwen3.5-int4,zero_shot,dev,KU,f93b9fdeef8716b2,,DU,2026-09-08
exp1852,qwen3.5-int4,zero_shot,dev,,f93b9fdeef8716b2,KU,,2026-09-08
exp1910,qwen3.5-int4,zero_shot,dev,DU,f93b9fdeef8716b2,DU,,2026-09-08
exp1936,qwen3.5-int4,zero_shot,dev,NEU,f93b9fdeef8716b2,NEU,,2026-09-08
exp2076,qwen3.5-int4,zero_shot,dev,DU,f93b9fdeef8716b2,DU,,2026-09-08
exp2114,qwen3.5-int4,zero_shot,dev,,f93b9fdeef8716b2,KU,,2026-09-08
exp2222,qwen3.5-int4,zero_shot,dev,NEU,f93b9fdeef8716b2,KU,,2026-09-08
exp2274,qwen3.5-int4,zero_shot,dev,,f93b9fdeef8716b2,KU,,2026-09-08
exp1433,qwen3.5-int4,zero_shot,dev,,f93b9fdeef8716b2,NEU,,2026-09-08
exp1318,qwen3.5-int4,zero_shot,dev,NEU,f93b9fdeef8716b2,NEU,,2026-09-08
exp1280,qwen3.5-int4,zero_shot,dev,DU,f93b9fdeef8716b2,DU,,2026-09-08
exp1269,qwen3.5-int4,zero_shot,dev,DU,f93b9fdeef8716b2,DU,,2026-09-08
exp1250,qwen3.5-int4,zero_shot,dev,KU,f93b9fdeef8716b2,DU,,2026-09-08
exp1225,qwen3.5-int4,zero_shot,dev,NEU,f93b9fdeef8716b2,DU,,2026-09-08
exp1200,qwen3.5-int4,zero_shot,dev,,f93b9fdeef8716b2,KU,,2026-09-08
exp1215,qwen3.5-int4,zero_shot,dev,NEU,f93b9fdeef8716b2,NEU,,2026-09-08
exp1062,qwen3.5-int4,zero_shot,dev,NEU,f93b9fdeef8716b2,NEU,,2026-09-08
exp1031,qwen3.5-int4,zero_shot,dev,DU,f93b9fdeef8716b2,DU,,2026-09-08
exp1007,qwen3.5-int4,zero_shot,dev,KU,f93b9fdeef8716b2,NEU,,2026-09-08
exp993,qwen3.5-int4,zero_shot,dev,DU,f93b9fdeef8716b2,DU,,2026-09-08
exp966,qwen3.5-int4,zero_shot,dev,KU,f93b9fdeef8716b2,KU,,2026-09-08
exp928,qwen3.5-int4,zero_shot,dev,DU,f93b9fdeef8716b2,KU,,2026-09-08
exp901,qwen3.5-int4,zero_shot,dev,NEU,f93b9fdeef8716b2,DU,,2026-09-08
exp804,qwen3.5-int4,zero_shot,dev,NEU,f93b9fdeef8716b2,NEU,,2026-09-08
exp754,qwen3.5-int4,zero_shot,dev,,f93b9fdeef8716b2,KU,,2026-09-08
exp760,qwen3.5-int4,zero_shot,dev,KU,f93b9fdeef8716b2,KU,,2026-09-08
exp710,qwen3.5-int4,zero_shot,dev,,f93b9fdeef8716b2,DU,,2026-09-08
exp715,qwen3.5-int4,zero_shot,dev,NEU,f93b9fdeef8716b2,NEU,,2026-09-08
exp671,qwen3.5-int4,zero_shot,dev,,f93b9fdeef8716b2,DU,,2026-09-08
exp653,qwen3.5-int4,zero_shot,dev,NEU,f93b9fdeef8716b2,NEU,,2026-09-08
exp638,qwen3.5-int4,zero_shot,dev,DU,f93b9fdeef8716b2,DU,,2026-09-08
exp637,qwen3.5-int4,zero_shot,dev,KU,f93b9fdeef8716b2,KU,,2026-09-08
exp543,qwen3.5-int4,zero_shot,dev,NEU,f93b9fdeef8716b2,NEU,,2026-09-08
exp527,qwen3.5-int4,zero_shot,dev,,f93b9fdeef8716b2,DU,,2026-09-08
exp507,qwen3.5-int4,zero_shot,dev,NEU,f93b9fdeef8716b2,NEU,,2026-09-08
exp446,qwen3.5-int4,zero_shot,dev,DU,f93b9fdeef8716b2,DU,,2026-09-08
exp407,qwen3.5-int4,zero_shot,dev,KU,f93b9fdeef8716b2,KU,,2026-09-08
exp398,qwen3.5-int4,zero_shot,dev,DU,f93b9fdeef8716b2,DU,,2026-09-08
exp367,qwen3.5-int4,zero_shot,dev,NEU,f93b9fdeef8716b2,NEU,,2026-09-08
exp353,qwen3.5-int4,zero_shot,dev,,f93b9fdeef8716b2,NEU,,2026-09-08
exp310,qwen3.5-int4,zero_shot,dev,DU,f93b9fdeef8716b2,DU,,2026-09-08
exp289,qwen3.5-int4,zero_shot,dev,NEU,f93b9fdeef8716b2,NEU,,2026-09-08
exp295,qwen3.5-int4,zero_shot,dev,DU,f93b9fdeef8716b2,KU,,2026-09-08
exp288,qwen3.5-int4,zero_shot,dev,NEU,f93b9fdeef8716b2,KU,,2026-09-08
exp153,qwen3.5-int4,zero_shot,dev,DU,f93b9fdeef8716b2,DU,,2026-09-08
exp83,qwen3.5-int4,zero_shot,dev,NEU,f93b9fdeef8716b2,NEU,,2026-09-08
exp15,qwen3.5-int4,zero_shot,dev,NEU,f93b9fdeef8716b2,NEU,,2026-09-08
exp3021,qwen3.5-int4,zero_shot,dev,,f93b9fdeef8716b2,,NEU,2026-09-08
exp3048,qwen3.5-int4,zero_shot,dev,KU,f93b9fdeef8716b2,,KU,2026-09-08
exp3058,qwen3.5-int4,zero_shot,dev,KU,f93b9fdeef8716b2,,KU,2026-09-08
exp3061,qwen3.5-int4,zero_shot,dev,NEU,f93b9fdeef8716b2,,NEU,2026-09-08
exp3087,qwen3.5-int4,zero_shot,dev,KU,f93b9fdeef8716b2,,DU,2026-09-08
exp3104,qwen3.5-int4,zero_shot,dev,KU,f93b9fdeef8716b2,,KU,2026-09-08
exp3112,qwen3.5-int4,zero_shot,dev,KU,f93b9fdeef8716b2,,DU,2026-09-08
exp3116,qwen3.5-int4,zero_shot,dev,,f93b9fdeef8716b2,,DU,2026-09-08
exp3176,qwen3.5-int4,zero_shot,dev,NEU,f93b9fdeef8716b2,,KU,2026-09-08
exp3182,qwen3.5-int4,zero_shot,dev,,f93b9fdeef8716b2,,NEU,2026-09-08
exp3208,qwen3.5-int4,zero_shot,dev,NEU,f93b9fdeef8716b2,,KU,2026-09-08
exp3222,qwen3.5-int4,zero_shot,dev,NEU,f93b9fdeef8716b2,,NEU,2026-09-08
exp3226,qwen3.5-int4,zero_shot,dev,KU,f93b9fdeef8716b2,,DU,2026-09-08
exp3347,qwen3.5-int4,zero_shot,dev,,f93b9fdeef8716b2,,DU,2026-09-08
exp3382,qwen3.5-int4,zero_shot,dev,KU,f93b9fdeef8716b2,,KU,2026-09-08
exp3400,qwen3.5-int4,zero_shot,dev,NEU,f93b9fdeef8716b2,,NEU,2026-09-08
exp3460,qwen3.5-int4,zero_shot,dev,,f93b9fdeef8716b2,,KU,2026-09-08
exp3479,qwen3.5-int4,zero_shot,dev,DU,f93b9fdeef8716b2,,KU,2026-09-08
exp3488,qwen3.5-int4,zero_shot,dev,KU,f93b9fdeef8716b2,,DU,2026-09-08
exp3515,qwen3.5-int4,zero_shot,dev,NEU,f93b9fdeef8716b2,,DU,2026-09-08
exp3526,qwen3.5-int4,zero_shot,dev,,f93b9fdeef8716b2,,DU,2026-09-08
exp3532,qwen3.5-int4,zero_shot,dev,DU,f93b9fdeef8716b2,,DU,2026-09-08
exp3536,qwen3.5-int4,zero_shot,dev,KU,f93b9fdeef8716b2,,DU,2026-09-08
exp3555,qwen3.5-int4,zero_shot,dev,,f93b9fdeef8716b2,,DU,2026-09-08
exp3578,qwen3.5-int4,zero_shot,dev,NEU,f93b9fdeef8716b2,,KU,2026-09-08
exp3600,qwen3.5-int4,zero_shot,dev,,f93b9fdeef8716b2,,DU,2026-09-08
exp3614,qwen3.5-int4,zero_shot,dev,,f93b9fdeef8716b2,,KU,2026-09-08
exp3623,qwen3.5-int4,zero_shot,dev,KU,f93b9fdeef8716b2,,KU,2026-09-08
exp3659,qwen3.5-int4,zero_shot,dev,NEU,f93b9fdeef8716b2,,KU,2026-09-08
exp3751,qwen3.5-int4,zero_shot,dev,,f93b9fdeef8716b2,,DU,2026-09-08
exp3774,qwen3.5-int4,zero_shot,dev,NEU,f93b9fdeef8716b2,,KU,2026-09-08
exp3783,qwen3.5-int4,zero_shot,dev,NEU,f93b9fdeef8716b2,,DU,2026-09-08
exp3793,qwen3.5-int4,zero_shot,dev,KU,f93b9fdeef8716b2,,KU,2026-09-08
exp3799,qwen3.5-int4,zero_shot,dev,,f93b9fdeef8716b2,,DU,2026-09-08
exp3805,qwen3.5-int4,zero_shot,dev,KU,f93b9fdeef8716b2,,KU,2026-09-08
exp3814,qwen3.5-int4,zero_shot,dev,NEU,f93b9fdeef8716b2,,KU,2026-09-08
exp3829,qwen3.5-int4,zero_shot,dev,DU,f93b9fdeef8716b2,,DU,2026-09-08
exp3842,qwen3.5-int4,zero_shot,dev,KU,f93b9fdeef8716b2,,KU,2026-09-08
exp3856,qwen3.5-int4,zero_shot,dev,NEU,f93b9fdeef8716b2,,DU,2026-09-08
exp3862,qwen3.5-int4,zero_shot,dev,NEU,f93b9fdeef8716b2,,KU,2026-09-08
exp3868,qwen3.5-int4,zero_shot,dev,,f93b9fdeef8716b2,,KU,2026-09-08
exp3875,qwen3.5-int4,zero_shot,dev,,f93b9fdeef8716b2,,DU,2026-09-08
exp3876,qwen3.5-int4,zero_shot,dev,NEU,f93b9fdeef8716b2,,KU,2026-09-08
exp3919,qwen3.5-int4,zero_shot,dev,DU,f93b9fdeef8716b2,,DU,2026-09-08
exp3974,qwen3.5-int4,zero_shot,dev,KU,f93b9fdeef8716b2,,KU,2026-09-08
exp3982,qwen3.5-int4,zero_shot,dev,KU,f93b9fdeef8716b2,,KU,2026-09-08
exp4006,qwen3.5-int4,zero_shot,dev,KU,f93b9fdeef8716b2,,KU,2026-09-08
exp4011,qwen3.5-int4,zero_shot,dev,NEU,f93b9fdeef8716b2,,KU,2026-09-08
exp4062,qwen3.5-int4,zero_shot,dev,NEU,f93b9fdeef8716b2,,KU,2026-09-08
exp4094,qwen3.5-int4,zero_shot,dev,DU,f93b9fdeef8716b2,,DU,2026-09-08
exp4240,qwen3.5-int4,zero_shot,dev,DU,f93b9fdeef8716b2,,DU,2026-09-08
exp4262,qwen3.5-int4,zero_shot,dev,KU,f93b9fdeef8716b2,,KU,2026-09-08
exp4320,qwen3.5-int4,zero_shot,dev,,f93b9fdeef8716b2,,DU,2026-09-08
exp2685,mistral-medium-3.5,zero_shot,dev,KU,637d6012fe621ee2,,DU,2026-09-08
exp1852,mistral-medium-3.5,zero_shot,dev,NEU,637d6012fe621ee2,KU,,2026-09-08
exp1910,mistral-medium-3.5,zero_shot,dev,KU,637d6012fe621ee2,DU,,2026-09-08
exp1936,mistral-medium-3.5,zero_shot,dev,NEU,637d6012fe621ee2,NEU,,2026-09-08
exp2076,mistral-medium-3.5,zero_shot,dev,DU,637d6012fe621ee2,DU,,2026-09-08
exp2114,mistral-medium-3.5,zero_shot,dev,KU,637d6012fe621ee2,KU,,2026-09-08
exp2222,mistral-medium-3.5,zero_shot,dev,NEU,637d6012fe621ee2,KU,,2026-09-08
exp2274,mistral-medium-3.5,zero_shot,dev,NEU,637d6012fe621ee2,KU,,2026-09-08
exp1433,mistral-medium-3.5,zero_shot,dev,NEU,637d6012fe621ee2,NEU,,2026-09-08
exp1318,mistral-medium-3.5,zero_shot,dev,KU,637d6012fe621ee2,NEU,,2026-09-08
exp1280,mistral-medium-3.5,zero_shot,dev,DU,637d6012fe621ee2,DU,,2026-09-08
exp1269,mistral-medium-3.5,zero_shot,dev,DU,637d6012fe621ee2,DU,,2026-09-08
exp1250,mistral-medium-3.5,zero_shot,dev,KU,637d6012fe621ee2,DU,,2026-09-08
exp1225,mistral-medium-3.5,zero_shot,dev,KU,637d6012fe621ee2,DU,,2026-09-08
exp1200,mistral-medium-3.5,zero_shot,dev,KU,637d6012fe621ee2,KU,,2026-09-08
exp1215,mistral-medium-3.5,zero_shot,dev,NEU,637d6012fe621ee2,NEU,,2026-09-08
exp1062,mistral-medium-3.5,zero_shot,dev,NEU,637d6012fe621ee2,NEU,,2026-09-08
exp1031,mistral-medium-3.5,zero_shot,dev,DU,637d6012fe621ee2,DU,,2026-09-08
exp1007,mistral-medium-3.5,zero_shot,dev,KU,637d6012fe621ee2,NEU,,2026-09-08
exp993,mistral-medium-3.5,zero_shot,dev,DU,637d6012fe621ee2,DU,,2026-09-08
exp966,mistral-medium-3.5,zero_shot,dev,KU,637d6012fe621ee2,KU,,2026-09-08
exp928,mistral-medium-3.5,zero_shot,dev,KU,637d6012fe621ee2,KU,,2026-09-08
exp901,mistral-medium-3.5,zero_shot,dev,KU,637d6012fe621ee2,DU,,2026-09-08
exp804,mistral-medium-3.5,zero_shot,dev,NEU,637d6012fe621ee2,NEU,,2026-09-08
exp754,mistral-medium-3.5,zero_shot,dev,DU,637d6012fe621ee2,KU,,2026-09-08
exp760,mistral-medium-3.5,zero_shot,dev,KU,637d6012fe621ee2,KU,,2026-09-08
exp710,mistral-medium-3.5,zero_shot,dev,KU,637d6012fe621ee2,DU,,2026-09-08
exp715,mistral-medium-3.5,zero_shot,dev,DU,637d6012fe621ee2,NEU,,2026-09-08
exp671,mistral-medium-3.5,zero_shot,dev,KU,637d6012fe621ee2,DU,,2026-09-08
exp653,mistral-medium-3.5,zero_shot,dev,NEU,637d6012fe621ee2,NEU,,2026-09-08
exp638,mistral-medium-3.5,zero_shot,dev,DU,637d6012fe621ee2,DU,,2026-09-08
exp637,mistral-medium-3.5,zero_shot,dev,KU,637d6012fe621ee2,KU,,2026-09-08
exp543,mistral-medium-3.5,zero_shot,dev,KU,637d6012fe621ee2,NEU,,2026-09-08
exp527,mistral-medium-3.5,zero_shot,dev,NEU,637d6012fe621ee2,DU,,2026-09-08
exp507,mistral-medium-3.5,zero_shot,dev,NEU,637d6012fe621ee2,NEU,,2026-09-08
exp446,mistral-medium-3.5,zero_shot,dev,DU,637d6012fe621ee2,DU,,2026-09-08
exp407,mistral-medium-3.5,zero_shot,dev,KU,637d6012fe621ee2,KU,,2026-09-08
exp398,mistral-medium-3.5,zero_shot,dev,KU,637d6012fe621ee2,DU,,2026-09-08
exp367,mistral-medium-3.5,zero_shot,dev,NEU,637d6012fe621ee2,NEU,,2026-09-08
exp353,mistral-medium-3.5,zero_shot,dev,KU,637d6012fe621ee2,NEU,,2026-09-08
exp310,mistral-medium-3.5,zero_shot,dev,KU,637d6012fe621ee2,DU,,2026-09-08
exp289,mistral-medium-3.5,zero_shot,dev,NEU,637d6012fe621ee2,NEU,,2026-09-08
exp295,mistral-medium-3.5,zero_shot,dev,DU,637d6012fe621ee2,KU,,2026-09-08
exp288,mistral-medium-3.5,zero_shot,dev,NEU,637d6012fe621ee2,KU,,2026-09-08
exp153,mistral-medium-3.5,zero_shot,dev,DU,637d6012fe621ee2,DU,,2026-09-08
exp83,mistral-medium-3.5,zero_shot,dev,NEU,637d6012fe621ee2,NEU,,2026-09-08
exp15,mistral-medium-3.5,zero_shot,dev,NEU,637d6012fe621ee2,NEU,,2026-09-08
exp3021,mistral-medium-3.5,zero_shot,dev,KU,637d6012fe621ee2,,NEU,2026-09-08
exp3048,mistral-medium-3.5,zero_shot,dev,NEU,637d6012fe621ee2,,KU,2026-09-08
exp3058,mistral-medium-3.5,zero_shot,dev,KU,637d6012fe621ee2,,KU,2026-09-08
exp3061,mistral-medium-3.5,zero_shot,dev,NEU,637d6012fe621ee2,,NEU,2026-09-08
exp3087,mistral-medium-3.5,zero_shot,dev,,637d6012fe621ee2,,DU,2026-09-08
exp3104,mistral-medium-3.5,zero_shot,dev,KU,637d6012fe621ee2,,KU,2026-09-08
exp3112,mistral-medium-3.5,zero_shot,dev,DU,637d6012fe621ee2,,DU,2026-09-08
exp3116,mistral-medium-3.5,zero_shot,dev,DU,637d6012fe621ee2,,DU,2026-09-08
exp3176,mistral-medium-3.5,zero_shot,dev,NEU,637d6012fe621ee2,,KU,2026-09-08
exp3182,mistral-medium-3.5,zero_shot,dev,NEU,637d6012fe621ee2,,NEU,2026-09-08
exp3208,mistral-medium-3.5,zero_shot,dev,NEU,637d6012fe621ee2,,KU,2026-09-08
exp3222,mistral-medium-3.5,zero_shot,dev,NEU,637d6012fe621ee2,,NEU,2026-09-08
exp3226,mistral-medium-3.5,zero_shot,dev,KU,637d6012fe621ee2,,DU,2026-09-08
exp3347,mistral-medium-3.5,zero_shot,dev,KU,637d6012fe621ee2,,DU,2026-09-08
exp3382,mistral-medium-3.5,zero_shot,dev,KU,637d6012fe621ee2,,KU,2026-09-08
exp3400,mistral-medium-3.5,zero_shot,dev,NEU,637d6012fe621ee2,,NEU,2026-09-08
exp3460,mistral-medium-3.5,zero_shot,dev,KU,637d6012fe621ee2,,KU,2026-09-08
exp3479,mistral-medium-3.5,zero_shot,dev,DU,637d6012fe621ee2,,KU,2026-09-08
exp3488,mistral-medium-3.5,zero_shot,dev,NEU,637d6012fe621ee2,,DU,2026-09-08
exp3515,mistral-medium-3.5,zero_shot,dev,NEU,637d6012fe621ee2,,DU,2026-09-08
exp3526,mistral-medium-3.5,zero_shot,dev,DU,637d6012fe621ee2,,DU,2026-09-08
exp3532,mistral-medium-3.5,zero_shot,dev,NEU,637d6012fe621ee2,,DU,2026-09-08
exp3536,mistral-medium-3.5,zero_shot,dev,DU,637d6012fe621ee2,,DU,2026-09-08
exp3555,mistral-medium-3.5,zero_shot,dev,DU,637d6012fe621ee2,,DU,2026-09-08
exp3578,mistral-medium-3.5,zero_shot,dev,DU,637d6012fe621ee2,,KU,2026-09-08
exp3600,mistral-medium-3.5,zero_shot,dev,DU,637d6012fe621ee2,,DU,2026-09-08
exp3614,mistral-medium-3.5,zero_shot,dev,NEU,637d6012fe621ee2,,KU,2026-09-08
exp3623,mistral-medium-3.5,zero_shot,dev,KU,637d6012fe621ee2,,KU,2026-09-08
exp3659,mistral-medium-3.5,zero_shot,dev,NEU,637d6012fe621ee2,,KU,2026-09-08
exp3751,mistral-medium-3.5,zero_shot,dev,KU,637d6012fe621ee2,,DU,2026-09-08
exp3774,mistral-medium-3.5,zero_shot,dev,NEU,637d6012fe621ee2,,KU,2026-09-08
exp3783,mistral-medium-3.5,zero_shot,dev,NEU,637d6012fe621ee2,,DU,2026-09-08
exp3793,mistral-medium-3.5,zero_shot,dev,KU,637d6012fe621ee2,,KU,2026-09-08
exp3799,mistral-medium-3.5,zero_shot,dev,KU,637d6012fe621ee2,,DU,2026-09-08
exp3805,mistral-medium-3.5,zero_shot,dev,KU,637d6012fe621ee2,,KU,2026-09-08
exp3814,mistral-medium-3.5,zero_shot,dev,NEU,637d6012fe621ee2,,KU,2026-09-08
exp3829,mistral-medium-3.5,zero_shot,dev,DU,637d6012fe621ee2,,DU,2026-09-08
exp3842,mistral-medium-3.5,zero_shot,dev,KU,637d6012fe621ee2,,KU,2026-09-08
exp3856,mistral-medium-3.5,zero_shot,dev,NEU,637d6012fe621ee2,,DU,2026-09-08
exp3862,mistral-medium-3.5,zero_shot,dev,NEU,637d6012fe621ee2,,KU,2026-09-08
exp3868,mistral-medium-3.5,zero_shot,dev,KU,637d6012fe621ee2,,KU,2026-09-08
exp3875,mistral-medium-3.5,zero_shot,dev,DU,637d6012fe621ee2,,DU,2026-09-08
exp3876,mistral-medium-3.5,zero_shot,dev,NEU,637d6012fe621ee2,,KU,2026-09-08
exp3919,mistral-medium-3.5,zero_shot,dev,DU,637d6012fe621ee2,,DU,2026-09-08
exp3974,mistral-medium-3.5,zero_shot,dev,KU,637d6012fe621ee2,,KU,2026-09-08
exp3982,mistral-medium-3.5,zero_shot,dev,KU,637d6012fe621ee2,,KU,2026-09-08
exp4006,mistral-medium-3.5,zero_shot,dev,KU,637d6012fe621ee2,,KU,2026-09-08
exp4011,mistral-medium-3.5,zero_shot,dev,NEU,637d6012fe621ee2,,KU,2026-09-08
exp4062,mistral-medium-3.5,zero_shot,dev,NEU,637d6012fe621ee2,,KU,2026-09-08
exp4094,mistral-medium-3.5,zero_shot,dev,KU,637d6012fe621ee2,,DU,2026-09-08
exp4240,mistral-medium-3.5,zero_shot,dev,DU,637d6012fe621ee2,,DU,2026-09-08
exp4262,mistral-medium-3.5,zero_shot,dev,KU,637d6012fe621ee2,,KU,2026-09-08
exp4320,mistral-medium-3.5,zero_shot,dev,NEU,637d6012fe621ee2,,DU,2026-09-08
exp3008,glm-5.3,few_shot,eval,KU,f98256a1719daf8a,KU,KU,2026-09-09
exp3006,glm-5.3,few_shot,eval,,f98256a1719daf8a,DU,DU,2026-09-09
exp3005,glm-5.3,few_shot,eval,DU,f98256a1719daf8a,DU,DU,2026-09-09
exp3004,glm-5.3,few_shot,eval,KU,f98256a1719daf8a,KU,KU,2026-09-09
exp3003,glm-5.3,few_shot,eval,DU,f98256a1719daf8a,DU,DU,2026-09-09
exp3002,glm-5.3,few_shot,eval,KU,f98256a1719daf8a,KU,KU,2026-09-09
exp3000,glm-5.3,few_shot,eval,KU,f98256a1719daf8a,KU,DU,2026-09-09
exp2999,glm-5.3,few_shot,eval,KU,f98256a1719daf8a,KU,DU,2026-09-09
exp2998,glm-5.3,few_shot,eval,DU,f98256a1719daf8a,DU,DU,2026-09-09
exp2996,glm-5.3,few_shot,eval,KU,f98256a1719daf8a,DU,DU,2026-09-09
exp2995,glm-5.3,few_shot,eval,DU,f98256a1719daf8a,DU,DU,2026-09-09
exp2994,glm-5.3,few_shot,eval,KU,f98256a1719daf8a,KU,KU,2026-09-09
exp2993,glm-5.3,few_shot,eval,NEU,f98256a1719daf8a,NEU,NEU,2026-09-09
exp2992,glm-5.3,few_shot,eval,DU,f98256a1719daf8a,DU,DU,2026-09-09
exp2991,glm-5.3,few_shot,eval,KU,f98256a1719daf8a,NEU,NEU,2026-09-09
exp2989,glm-5.3,few_shot,eval,NEU,f98256a1719daf8a,NEU,NEU,2026-09-09
exp2988,glm-5.3,few_shot,eval,KU,f98256a1719daf8a,DU,DU,2026-09-09
exp2987,glm-5.3,few_shot,eval,KU,f98256a1719daf8a,KU,KU,2026-09-09
exp2986,glm-5.3,few_shot,eval,DU,f98256a1719daf8a,DU,DU,2026-09-09
exp2985,glm-5.3,few_shot,eval,DU,f98256a1719daf8a,KU,NEU,2026-09-09
exp2984,glm-5.3,few_shot,eval,KU,f98256a1719daf8a,DU,DU,2026-09-09
exp2982,glm-5.3,few_shot,eval,NEU,f98256a1719daf8a,KU,KU,2026-09-09
exp2979,glm-5.3,few_shot,eval,DU,f98256a1719daf8a,DU,DU,2026-09-09
exp2977,glm-5.3,few_shot,eval,KU,f98256a1719daf8a,KU,DU,2026-09-09
exp2976,glm-5.3,few_shot,eval,KU,f98256a1719daf8a,DU,DU,2026-09-09
exp2975,glm-5.3,few_shot,eval,KU,f98256a1719daf8a,DU,DU,2026-09-09
exp2971,glm-5.3,few_shot,eval,KU,f98256a1719daf8a,DU,DU,2026-09-09
exp2969,glm-5.3,few_shot,eval,DU,f98256a1719daf8a,DU,DU,2026-09-09
exp2966,glm-5.3,few_shot,eval,KU,f98256a1719daf8a,KU,KU,2026-09-09
exp2965,glm-5.3,few_shot,eval,KU,f98256a1719daf8a,KU,KU,2026-09-09
exp2963,glm-5.3,few_shot,eval,KU,f98256a1719daf8a,KU,KU,2026-09-09
exp2962,glm-5.3,few_shot,eval,KU,f98256a1719daf8a,KU,KU,2026-09-09
exp2961,glm-5.3,few_shot,eval,NEU,f98256a1719daf8a,NEU,NEU,2026-09-09
exp2960,glm-5.3,few_shot,eval,DU,f98256a1719daf8a,KU,KU,2026-09-09
exp2959,glm-5.3,few_shot,eval,KU,f98256a1719daf8a,KU,KU,2026-09-09
exp2957,glm-5.3,few_shot,eval,KU,f98256a1719daf8a,DU,KU,2026-09-09
exp2956,glm-5.3,few_shot,eval,NEU,f98256a1719daf8a,NEU,NEU,2026-09-09
exp2955,glm-5.3,few_shot,eval,KU,f98256a1719daf8a,DU,DU,2026-09-09
exp2954,glm-5.3,few_shot,eval,KU,f98256a1719daf8a,DU,DU,2026-09-09
exp2952,glm-5.3,few_shot,eval,KU,f98256a1719daf8a,DU,DU,2026-09-09
exp2951,glm-5.3,few_shot,eval,NEU,f98256a1719daf8a,DU,DU,2026-09-09
exp2950,glm-5.3,few_shot,eval,DU,f98256a1719daf8a,DU,DU,2026-09-09
exp2949,glm-5.3,few_shot,eval,KU,f98256a1719daf8a,KU,KU,2026-09-09
exp2948,glm-5.3,few_shot,eval,DU,f98256a1719daf8a,DU,DU,2026-09-09
exp2946,glm-5.3,few_shot,eval,NEU,f98256a1719daf8a,KU,KU,2026-09-09
exp2945,glm-5.3,few_shot,eval,DU,f98256a1719daf8a,DU,DU,2026-09-09
exp2944,glm-5.3,few_shot,eval,KU,f98256a1719daf8a,KU,DU,2026-09-09
exp2942,glm-5.3,few_shot,eval,DU,f98256a1719daf8a,DU,DU,2026-09-09
exp2941,glm-5.3,few_shot,eval,KU,f98256a1719daf8a,KU,DU,2026-09-09
exp2940,glm-5.3,few_shot,eval,KU,f98256a1719daf8a,KU,DU,2026-09-09
exp2938,glm-5.3,few_shot,eval,KU,f98256a1719daf8a,DU,DU,2026-09-09
exp2937,glm-5.3,few_shot,eval,KU,f98256a1719daf8a,DU,DU,2026-09-09
exp2936,glm-5.3,few_shot,eval,DU,f98256a1719daf8a,DU,DU,2026-09-09
exp2935,glm-5.3,few_shot,eval,NEU,f98256a1719daf8a,DU,DU,2026-09-09
exp2934,glm-5.3,few_shot,eval,DU,f98256a1719daf8a,DU,DU,2026-09-09
exp2933,glm-5.3,few_shot,eval,,f98256a1719daf8a,DU,DU,2026-09-09
exp2931,glm-5.3,few_shot,eval,KU,f98256a1719daf8a,KU,DU,2026-09-09
exp2929,glm-5.3,few_shot,eval,NEU,f98256a1719daf8a,DU,KU,2026-09-09
exp2927,glm-5.3,few_shot,eval,NEU,f98256a1719daf8a,NEU,NEU,2026-09-09
exp2926,glm-5.3,few_shot,eval,KU,f98256a1719daf8a,NEU,KU,2026-09-09
exp2924,glm-5.3,few_shot,eval,KU,f98256a1719daf8a,DU,DU,2026-09-09
exp2923,glm-5.3,few_shot,eval,KU,f98256a1719daf8a,KU,KU,2026-09-09
exp2922,glm-5.3,few_shot,eval,DU,f98256a1719daf8a,DU,DU,2026-09-09
exp2921,glm-5.3,few_shot,eval,KU,f98256a1719daf8a,KU,KU,2026-09-09
exp2920,glm-5.3,few_shot,eval,KU,f98256a1719daf8a,KU,KU,2026-09-09
exp2919,glm-5.3,few_shot,eval,KU,f98256a1719daf8a,KU,DU,2026-09-09
exp2914,glm-5.3,few_shot,eval,NEU,f98256a1719daf8a,DU,DU,2026-09-09
exp2911,glm-5.3,few_shot,eval,KU,f98256a1719daf8a,DU,DU,2026-09-09
exp2910,glm-5.3,few_shot,eval,KU,f98256a1719daf8a,DU,DU,2026-09-09
exp2909,glm-5.3,few_shot,eval,KU,f98256a1719daf8a,DU,DU,2026-09-09
exp2908,glm-5.3,few_shot,eval,DU,f98256a1719daf8a,DU,DU,2026-09-09
exp2907,glm-5.3,few_shot,eval,NEU,f98256a1719daf8a,NEU,NEU,2026-09-09
exp2906,glm-5.3,few_shot,eval,NEU,f98256a1719daf8a,NEU,NEU,2026-09-09
exp2904,glm-5.3,few_shot,eval,DU,f98256a1719daf8a,DU,DU,2026-09-09
exp2903,glm-5.3,few_shot,eval,KU,f98256a1719daf8a,KU,KU,2026-09-09
exp2902,glm-5.3,few_shot,eval,KU,f98256a1719daf8a,KU,KU,2026-09-09
exp2901,glm-5.3,few_shot,eval,DU,f98256a1719daf8a,DU,DU,2026-09-09
exp2900,glm-5.3,few_shot,eval,,f98256a1719daf8a,DU,DU,2026-09-09
exp2899,glm-5.3,few_shot,eval,KU,f98256a1719daf8a,DU,DU,2026-09-09
exp2898,glm-5.3,few_shot,eval,DU,f98256a1719daf8a,DU,DU,2026-09-09
exp2896,glm-5.3,few_shot,eval,KU,f98256a1719daf8a,DU,DU,2026-09-09
exp2895,glm-5.3,few_shot,eval,KU,f98256a1719daf8a,KU,KU,2026-09-09
exp2894,glm-5.3,few_shot,eval,NEU,f98256a1719daf8a,DU,DU,2026-09-09
exp2893,glm-5.3,few_shot,eval,KU,f98256a1719daf8a,KU,KU,2026-09-09
exp2890,glm-5.3,few_shot,eval,KU,f98256a1719daf8a,KU,KU,2026-09-09
exp2889,glm-5.3,few_shot,eval,NEU,f98256a1719daf8a,NEU,NEU,2026-09-09
exp2888,glm-5.3,few_shot,eval,NEU,f98256a1719daf8a,NEU,NEU,2026-09-09
exp2887,glm-5.3,few_shot,eval,KU,f98256a1719daf8a,KU,KU,2026-09-09
exp2886,glm-5.3,few_shot,eval,KU,f98256a1719daf8a,DU,DU,2026-09-09
exp2885,glm-5.3,few_shot,eval,KU,f98256a1719daf8a,NEU,NEU,2026-09-09
exp2883,glm-5.3,few_shot,eval,NEU,f98256a1719daf8a,KU,KU,2026-09-09
exp2882,glm-5.3,few_shot,eval,KU,f98256a1719daf8a,NEU,NEU,2026-09-09
exp2881,glm-5.3,few_shot,eval,KU,f98256a1719daf8a,KU,KU,2026-09-09
exp2880,glm-5.3,few_shot,eval,KU,f98256a1719daf8a,KU,DU,2026-09-09
exp2879,glm-5.3,few_shot,eval,KU,f98256a1719daf8a,KU,KU,2026-09-09
exp2878,glm-5.3,few_shot,eval,NEU,f98256a1719daf8a,KU,KU,2026-09-09
exp2877,glm-5.3,few_shot,eval,,f98256a1719daf8a,KU,KU,2026-09-09
exp2876,glm-5.3,few_shot,eval,KU,f98256a1719daf8a,DU,DU,2026-09-09
exp2875,glm-5.3,few_shot,eval,KU,f98256a1719daf8a,KU,KU,2026-09-09
exp2873,glm-5.3,few_shot,eval,KU,f98256a1719daf8a,DU,DU,2026-09-09
exp2872,glm-5.3,few_shot,eval,KU,f98256a1719daf8a,KU,DU,2026-09-09
exp2871,glm-5.3,few_shot,eval,NEU,f98256a1719daf8a,KU,NEU,2026-09-09
exp2870,glm-5.3,few_shot,eval,NEU,f98256a1719daf8a,KU,NEU,2026-09-09
exp2867,glm-5.3,few_shot,eval,NEU,f98256a1719daf8a,DU,DU,2026-09-09
exp2866,glm-5.3,few_shot,eval,DU,f98256a1719daf8a,DU,DU,2026-09-09
exp2865,glm-5.3,few_shot,eval,KU,f98256a1719daf8a,NEU,NEU,2026-09-09
exp2861,glm-5.3,few_shot,eval,KU,f98256a1719daf8a,DU,DU,2026-09-09
exp2860,glm-5.3,few_shot,eval,KU,f98256a1719daf8a,KU,KU,2026-09-09
exp2858,glm-5.3,few_shot,eval,KU,f98256a1719daf8a,DU,DU,2026-09-09
exp2857,glm-5.3,few_shot,eval,KU,f98256a1719daf8a,KU,KU,2026-09-09
exp2855,glm-5.3,few_shot,eval,KU,f98256a1719daf8a,DU,DU,2026-09-09
exp2854,glm-5.3,few_shot,eval,NEU,f98256a1719daf8a,KU,KU,2026-09-09
exp2853,glm-5.3,few_shot,eval,KU,f98256a1719daf8a,DU,DU,2026-09-09
exp2852,glm-5.3,few_shot,eval,KU,f98256a1719daf8a,DU,DU,2026-09-09
exp2851,glm-5.3,few_shot,eval,KU,f98256a1719daf8a,NEU,NEU,2026-09-09
exp2847,glm-5.3,few_shot,eval,DU,f98256a1719daf8a,DU,DU,2026-09-09
exp2846,glm-5.3,few_shot,eval,KU,f98256a1719daf8a,DU,KU,2026-09-09
exp2845,glm-5.3,few_shot,eval,NEU,f98256a1719daf8a,NEU,NEU,2026-09-09
exp2844,glm-5.3,few_shot,eval,KU,f98256a1719daf8a,DU,DU,2026-09-09
exp2843,glm-5.3,few_shot,eval,KU,f98256a1719daf8a,KU,KU,2026-09-09
exp2842,glm-5.3,few_shot,eval,DU,f98256a1719daf8a,KU,KU,2026-09-09
exp2841,glm-5.3,few_shot,eval,KU,f98256a1719daf8a,DU,DU,2026-09-09
exp2840,glm-5.3,few_shot,eval,KU,f98256a1719daf8a,KU,DU,2026-09-09
exp2839,glm-5.3,few_shot,eval,DU,f98256a1719daf8a,DU,DU,2026-09-09
exp2838,glm-5.3,few_shot,eval,KU,f98256a1719daf8a,DU,DU,2026-09-09
exp2837,glm-5.3,few_shot,eval,KU,f98256a1719daf8a,KU,DU,2026-09-09
exp2836,glm-5.3,few_shot,eval,KU,f98256a1719daf8a,DU,DU,2026-09-09
exp2835,glm-5.3,few_shot,eval,DU,f98256a1719daf8a,DU,DU,2026-09-09
exp2832,glm-5.3,few_shot,eval,KU,f98256a1719daf8a,DU,DU,2026-09-09
exp2831,glm-5.3,few_shot,eval,KU,f98256a1719daf8a,DU,DU,2026-09-09
exp2828,glm-5.3,few_shot,eval,DU,f98256a1719daf8a,DU,DU,2026-09-09
exp2827,glm-5.3,few_shot,eval,KU,f98256a1719daf8a,DU,KU,2026-09-09
exp2825,glm-5.3,few_shot,eval,DU,f98256a1719daf8a,DU,DU,2026-09-09
exp2824,glm-5.3,few_shot,eval,KU,f98256a1719daf8a,DU,DU,2026-09-09
exp2823,glm-5.3,few_shot,eval,KU,f98256a1719daf8a,KU,NEU,2026-09-09
exp2822,glm-5.3,few_shot,eval,NEU,f98256a1719daf8a,KU,NEU,2026-09-09
exp2821,glm-5.3,few_shot,eval,KU,f98256a1719daf8a,DU,DU,2026-09-09
exp2820,glm-5.3,few_shot,eval,KU,f98256a1719daf8a,DU,DU,2026-09-09
exp2817,glm-5.3,few_shot,eval,NEU,f98256a1719daf8a,KU,KU,2026-09-09
exp2816,glm-5.3,few_shot,eval,KU,f98256a1719daf8a,DU,DU,2026-09-09
exp2815,glm-5.3,few_shot,eval,NEU,f98256a1719daf8a,DU,DU,2026-09-09
exp2814,glm-5.3,few_shot,eval,DU,f98256a1719daf8a,DU,DU,2026-09-09
exp2813,glm-5.3,few_shot,eval,NEU,f98256a1719daf8a,DU,DU,2026-09-09
exp2811,glm-5.3,few_shot,eval,KU,f98256a1719daf8a,KU,DU,2026-09-09
exp2810,glm-5.3,few_shot,eval,NEU,f98256a1719daf8a,KU,KU,2026-09-09
exp2809,glm-5.3,few_shot,eval,KU,f98256a1719daf8a,KU,KU,2026-09-09
exp2808,glm-5.3,few_shot,eval,KU,f98256a1719daf8a,DU,DU,2026-09-09
exp2806,glm-5.3,few_shot,eval,DU,f98256a1719daf8a,DU,DU,2026-09-09
exp2805,glm-5.3,few_shot,eval,KU,f98256a1719daf8a,KU,KU,2026-09-09
exp2804,glm-5.3,few_shot,eval,KU,f98256a1719daf8a,DU,DU,2026-09-09
exp2801,glm-5.3,few_shot,eval,KU,f98256a1719daf8a,DU,DU,2026-09-09
exp2800,glm-5.3,few_shot,eval,KU,f98256a1719daf8a,DU,DU,2026-09-09
exp2799,glm-5.3,few_shot,eval,NEU,f98256a1719daf8a,KU,DU,2026-09-09
exp2798,glm-5.3,few_shot,eval,NEU,f98256a1719daf8a,KU,KU,2026-09-09
exp2797,glm-5.3,few_shot,eval,KU,f98256a1719daf8a,KU,KU,2026-09-09
exp2796,glm-5.3,few_shot,eval,DU,f98256a1719daf8a,DU,DU,2026-09-09
exp2792,glm-5.3,few_shot,eval,DU,f98256a1719daf8a,DU,DU,2026-09-09
exp2791,glm-5.3,few_shot,eval,NEU,f98256a1719daf8a,KU,KU,2026-09-09
exp2790,glm-5.3,few_shot,eval,KU,f98256a1719daf8a,DU,DU,2026-09-09
exp2788,glm-5.3,few_shot,eval,DU,f98256a1719daf8a,DU,DU,2026-09-09
exp2787,glm-5.3,few_shot,eval,KU,f98256a1719daf8a,KU,KU,2026-09-09
exp2786,glm-5.3,few_shot,eval,,f98256a1719daf8a,DU,DU,2026-09-09
exp2783,glm-5.3,few_shot,eval,KU,f98256a1719daf8a,DU,DU,2026-09-09
exp2782,glm-5.3,few_shot,eval,KU,f98256a1719daf8a,KU,DU,2026-09-09
exp2781,glm-5.3,few_shot,eval,DU,f98256a1719daf8a,DU,DU,2026-09-09
exp2780,glm-5.3,few_shot,eval,DU,f98256a1719daf8a,DU,DU,2026-09-09
exp2779,glm-5.3,few_shot,eval,DU,f98256a1719daf8a,DU,DU,2026-09-09
exp2778,glm-5.3,few_shot,eval,KU,f98256a1719daf8a,DU,DU,2026-09-09
exp2777,glm-5.3,few_shot,eval,DU,f98256a1719daf8a,KU,DU,2026-09-09
exp2776,glm-5.3,few_shot,eval,DU,f98256a1719daf8a,DU,DU,2026-09-09
exp2775,glm-5.3,few_shot,eval,KU,f98256a1719daf8a,DU,DU,2026-09-09
exp2773,glm-5.3,few_shot,eval,NEU,f98256a1719daf8a,NEU,NEU,2026-09-09
exp2771,glm-5.3,few_shot,eval,KU,f98256a1719daf8a,NEU,DU,2026-09-09
exp2770,glm-5.3,few_shot,eval,DU,f98256a1719daf8a,DU,DU,2026-09-09
exp2769,glm-5.3,few_shot,eval,KU,f98256a1719daf8a,KU,KU,2026-09-09
exp2768,glm-5.3,few_shot,eval,KU,f98256a1719daf8a,DU,DU,2026-09-09
exp2767,glm-5.3,few_shot,eval,NEU,f98256a1719daf8a,KU,KU,2026-09-09
exp2766,glm-5.3,few_shot,eval,DU,f98256a1719daf8a,DU,DU,2026-09-09
exp2765,glm-5.3,few_shot,eval,KU,f98256a1719daf8a,DU,DU,2026-09-09
exp2764,glm-5.3,few_shot,eval,NEU,f98256a1719daf8a,NEU,NEU,2026-09-09
exp2763,glm-5.3,few_shot,eval,KU,f98256a1719daf8a,KU,DU,2026-09-09
exp2762,glm-5.3,few_shot,eval,DU,f98256a1719daf8a,KU,DU,2026-09-09
exp2761,glm-5.3,few_shot,eval,DU,f98256a1719daf8a,DU,DU,2026-09-09
exp2760,glm-5.3,few_shot,eval,KU,f98256a1719daf8a,DU,DU,2026-09-09
exp2759,glm-5.3,few_shot,eval,KU,f98256a1719daf8a,DU,DU,2026-09-09
exp2758,glm-5.3,few_shot,eval,KU,f98256a1719daf8a,DU,DU,2026-09-09
exp2756,glm-5.3,few_shot,eval,KU,f98256a1719daf8a,DU,DU,2026-09-09
exp2755,glm-5.3,few_shot,eval,KU,f98256a1719daf8a,KU,KU,2026-09-09
exp2754,glm-5.3,few_shot,eval,DU,f98256a1719daf8a,DU,DU,2026-09-09
exp2753,glm-5.3,few_shot,eval,NEU,f98256a1719daf8a,NEU,NEU,2026-09-09
exp2752,glm-5.3,few_shot,eval,NEU,f98256a1719daf8a,NEU,KU,2026-09-09
exp2751,glm-5.3,few_shot,eval,DU,f98256a1719daf8a,KU,DU,2026-09-09
exp2750,glm-5.3,few_shot,eval,DU,f98256a1719daf8a,DU,DU,2026-09-09
exp2749,glm-5.3,few_shot,eval,NEU,f98256a1719daf8a,NEU,NEU,2026-09-09
exp2748,glm-5.3,few_shot,eval,KU,f98256a1719daf8a,DU,DU,2026-09-09
exp2747,glm-5.3,few_shot,eval,KU,f98256a1719daf8a,NEU,KU,2026-09-09
exp2746,glm-5.3,few_shot,eval,DU,f98256a1719daf8a,DU,DU,2026-09-09
exp2745,glm-5.3,few_shot,eval,DU,f98256a1719daf8a,DU,DU,2026-09-09
exp2744,glm-5.3,few_shot,eval,DU,f98256a1719daf8a,KU,DU,2026-09-09
exp2743,glm-5.3,few_shot,eval,KU,f98256a1719daf8a,KU,KU,2026-09-09
exp2742,glm-5.3,few_shot,eval,KU,f98256a1719daf8a,KU,DU,2026-09-09
exp2741,glm-5.3,few_shot,eval,KU,f98256a1719daf8a,KU,KU,2026-09-09
exp2740,glm-5.3,few_shot,eval,KU,f98256a1719daf8a,DU,DU,2026-09-09
exp2739,glm-5.3,few_shot,eval,NEU,f98256a1719daf8a,NEU,NEU,2026-09-09
exp2738,glm-5.3,few_shot,eval,NEU,f98256a1719daf8a,NEU,NEU,2026-09-09
exp2737,glm-5.3,few_shot,eval,NEU,f98256a1719daf8a,NEU,NEU,2026-09-09
exp2736,glm-5.3,few_shot,eval,NEU,f98256a1719daf8a,KU,NEU,2026-09-09
exp2735,glm-5.3,few_shot,eval,KU,f98256a1719daf8a,KU,DU,2026-09-09
exp2734,glm-5.3,few_shot,eval,NEU,f98256a1719daf8a,NEU,KU,2026-09-09
exp2733,glm-5.3,few_shot,eval,KU,f98256a1719daf8a,KU,KU,2026-09-09
exp2732,glm-5.3,few_shot,eval,KU,f98256a1719daf8a,DU,DU,2026-09-09
exp2731,glm-5.3,few_shot,eval,KU,f98256a1719daf8a,DU,DU,2026-09-09
exp2730,glm-5.3,few_shot,eval,DU,f98256a1719daf8a,DU,DU,2026-09-09
exp2729,glm-5.3,few_shot,eval,KU,f98256a1719daf8a,KU,KU,2026-09-09
exp2728,glm-5.3,few_shot,eval,DU,f98256a1719daf8a,DU,DU,2026-09-09
exp2727,glm-5.3,few_shot,eval,DU,f98256a1719daf8a,DU,KU,2026-09-09
exp2726,glm-5.3,few_shot,eval,KU,f98256a1719daf8a,KU,DU,2026-09-09
exp2725,glm-5.3,few_shot,eval,KU,f98256a1719daf8a,KU,DU,2026-09-09
exp2724,glm-5.3,few_shot,eval,KU,f98256a1719daf8a,KU,DU,2026-09-09
exp2723,glm-5.3,few_shot,eval,DU,f98256a1719daf8a,DU,DU,2026-09-09
exp2722,glm-5.3,few_shot,eval,KU,f98256a1719daf8a,KU,DU,2026-09-09
exp2721,glm-5.3,few_shot,eval,KU,f98256a1719daf8a,DU,KU,2026-09-09
exp2720,glm-5.3,few_shot,eval,NEU,f98256a1719daf8a,NEU,NEU,2026-09-09
exp2719,glm-5.3,few_shot,eval,KU,f98256a1719daf8a,KU,NEU,2026-09-09
exp2718,glm-5.3,few_shot,eval,NEU,f98256a1719daf8a,KU,KU,2026-09-09
exp2717,glm-5.3,few_shot,eval,KU,f98256a1719daf8a,DU,NEU,2026-09-09
exp2716,glm-5.3,few_shot,eval,KU,f98256a1719daf8a,DU,DU,2026-09-09
exp2715,glm-5.3,few_shot,eval,KU,f98256a1719daf8a,KU,KU,2026-09-09
exp2714,glm-5.3,few_shot,eval,KU,f98256a1719daf8a,KU,KU,2026-09-09
exp2713,glm-5.3,few_shot,eval,DU,f98256a1719daf8a,DU,DU,2026-09-09
exp2712,glm-5.3,few_shot,eval,KU,f98256a1719daf8a,KU,NEU,2026-09-09
exp2711,glm-5.3,few_shot,eval,KU,f98256a1719daf8a,DU,DU,2026-09-09
exp2710,glm-5.3,few_shot,eval,KU,f98256a1719daf8a,DU,DU,2026-09-09
exp2709,glm-5.3,few_shot,eval,KU,f98256a1719daf8a,KU,DU,2026-09-09
exp2708,glm-5.3,few_shot,eval,DU,f98256a1719daf8a,DU,DU,2026-09-09
exp2707,glm-5.3,few_shot,eval,NEU,f98256a1719daf8a,NEU,NEU,2026-09-09
exp2706,glm-5.3,few_shot,eval,KU,f98256a1719daf8a,KU,NEU,2026-09-09
exp2705,glm-5.3,few_shot,eval,KU,f98256a1719daf8a,KU,NEU,2026-09-09
exp2704,glm-5.3,few_shot,eval,DU,f98256a1719daf8a,DU,DU,2026-09-09
exp2703,glm-5.3,few_shot,eval,DU,f98256a1719daf8a,DU,DU,2026-09-09
exp2702,glm-5.3,few_shot,eval,KU,f98256a1719daf8a,DU,DU,2026-09-09
exp2701,glm-5.3,few_shot,eval,NEU,f98256a1719daf8a,KU,DU,2026-09-09
exp2700,glm-5.3,few_shot,eval,NEU,f98256a1719daf8a,NEU,NEU,2026-09-09
exp2699,glm-5.3,few_shot,eval,KU,f98256a1719daf8a,DU,DU,2026-09-09
exp2698,glm-5.3,few_shot,eval,DU,f98256a1719daf8a,NEU,NEU,2026-09-09
exp2697,glm-5.3,few_shot,eval,KU,f98256a1719daf8a,KU,KU,2026-09-09
exp2696,glm-5.3,few_shot,eval,KU,f98256a1719daf8a,DU,DU,2026-09-09
exp2695,glm-5.3,few_shot,eval,DU,f98256a1719daf8a,KU,KU,2026-09-09
exp2694,glm-5.3,few_shot,eval,KU,f98256a1719daf8a,DU,KU,2026-09-09
exp2693,glm-5.3,few_shot,eval,KU,f98256a1719daf8a,KU,KU,2026-09-09
exp2692,glm-5.3,few_shot,eval,NEU,f98256a1719daf8a,KU,KU,2026-09-09
exp2691,glm-5.3,few_shot,eval,KU,f98256a1719daf8a,DU,DU,2026-09-09
exp2690,glm-5.3,few_shot,eval,KU,f98256a1719daf8a,KU,KU,2026-09-09
exp2689,glm-5.3,few_shot,eval,DU,f98256a1719daf8a,KU,KU,2026-09-09
exp2688,glm-5.3,few_shot,eval,KU,f98256a1719daf8a,KU,KU,2026-09-09
exp2687,glm-5.3,few_shot,eval,NEU,f98256a1719daf8a,KU,NEU,2026-09-09
exp2686,glm-5.3,few_shot,eval,DU,f98256a1719daf8a,DU,DU,2026-09-09
exp2684,glm-5.3,few_shot,eval,KU,f98256a1719daf8a,DU,DU,2026-09-09
exp2683,glm-5.3,few_shot,eval,KU,f98256a1719daf8a,DU,DU,2026-09-09
exp2682,glm-5.3,few_shot,eval,KU,f98256a1719daf8a,DU,DU,2026-09-09
exp2681,glm-5.3,few_shot,eval,KU,f98256a1719daf8a,KU,KU,2026-09-09
exp2680,glm-5.3,few_shot,eval,KU,f98256a1719daf8a,KU,KU,2026-09-09
exp2679,glm-5.3,few_shot,eval,NEU,f98256a1719daf8a,NEU,NEU,2026-09-09
exp2678,glm-5.3,few_shot,eval,DU,f98256a1719daf8a,DU,DU,2026-09-09
exp2677,glm-5.3,few_shot,eval,KU,f98256a1719daf8a,KU,KU,2026-09-09
exp2676,glm-5.3,few_shot,eval,DU,f98256a1719daf8a,KU,KU,2026-09-09
exp2675,glm-5.3,few_shot,eval,KU,f98256a1719daf8a,KU,DU,2026-09-09
exp2674,glm-5.3,few_shot,eval,DU,f98256a1719daf8a,DU,DU,2026-09-09
exp2673,glm-5.3,few_shot,eval,KU,f98256a1719daf8a,KU,DU,2026-09-09
exp2672,glm-5.3,few_shot,eval,KU,f98256a1719daf8a,DU,DU,2026-09-09
exp2671,glm-5.3,few_shot,eval,KU,f98256a1719daf8a,DU,DU,2026-09-09
exp2670,glm-5.3,few_shot,eval,KU,f98256a1719daf8a,KU,KU,2026-09-09
exp2669,glm-5.3,few_shot,eval,DU,f98256a1719daf8a,KU,KU,2026-09-09
exp2668,glm-5.3,few_shot,eval,KU,f98256a1719daf8a,KU,KU,2026-09-09
exp2667,glm-5.3,few_shot,eval,KU,f98256a1719daf8a,DU,DU,2026-09-09
exp2666,glm-5.3,few_shot,eval,KU,f98256a1719daf8a,DU,DU,2026-09-09
exp2665,glm-5.3,few_shot,eval,DU,f98256a1719daf8a,DU,DU,2026-09-09
exp2664,glm-5.3,few_shot,eval,DU,f98256a1719daf8a,DU,DU,2026-09-09
exp2663,glm-5.3,few_shot,eval,KU,f98256a1719daf8a,KU,NEU,2026-09-09
exp2662,glm-5.3,few_shot,eval,KU,f98256a1719daf8a,KU,DU,2026-09-09
exp2661,glm-5.3,few_shot,eval,NEU,f98256a1719daf8a,NEU,NEU,2026-09-09
exp2659,glm-5.3,few_shot,eval,KU,f98256a1719daf8a,DU,DU,2026-09-09
exp2658,glm-5.3,few_shot,eval,KU,f98256a1719daf8a,DU,KU,2026-09-09
exp2657,glm-5.3,few_shot,eval,DU,f98256a1719daf8a,KU,KU,2026-09-09
exp2656,glm-5.3,few_shot,eval,NEU,f98256a1719daf8a,KU,KU,2026-09-09
exp2655,glm-5.3,few_shot,eval,DU,f98256a1719daf8a,KU,DU,2026-09-09
exp2654,glm-5.3,few_shot,eval,DU,f98256a1719daf8a,DU,DU,2026-09-09
exp2653,glm-5.3,few_shot,eval,KU,f98256a1719daf8a,KU,KU,2026-09-09
exp2652,glm-5.3,few_shot,eval,KU,f98256a1719daf8a,KU,DU,2026-09-09
exp2651,glm-5.3,few_shot,eval,KU,f98256a1719daf8a,DU,DU,2026-09-09
exp2650,glm-5.3,few_shot,eval,KU,f98256a1719daf8a,KU,DU,2026-09-09
exp2648,glm-5.3,few_shot,eval,KU,f98256a1719daf8a,KU,KU,2026-09-09
exp2647,glm-5.3,few_shot,eval,KU,f98256a1719daf8a,DU,KU,2026-09-09
exp2646,glm-5.3,few_shot,eval,KU,f98256a1719daf8a,KU,KU,2026-09-09
exp2645,glm-5.3,few_shot,eval,KU,f98256a1719daf8a,DU,DU,2026-09-09
exp2644,glm-5.3,few_shot,eval,KU,f98256a1719daf8a,DU,DU,2026-09-09
exp2643,glm-5.3,few_shot,eval,,f98256a1719daf8a,KU,DU,2026-09-09
exp2642,glm-5.3,few_shot,eval,DU,f98256a1719daf8a,KU,DU,2026-09-09
exp2641,glm-5.3,few_shot,eval,KU,f98256a1719daf8a,KU,KU,2026-09-09
exp2640,glm-5.3,few_shot,eval,KU,f98256a1719daf8a,DU,KU,2026-09-09
exp2639,glm-5.3,few_shot,eval,KU,f98256a1719daf8a,NEU,KU,2026-09-09
exp2637,glm-5.3,few_shot,eval,KU,f98256a1719daf8a,DU,DU,2026-09-09
exp2636,glm-5.3,few_shot,eval,KU,f98256a1719daf8a,DU,KU,2026-09-09
exp2635,glm-5.3,few_shot,eval,NEU,f98256a1719daf8a,NEU,NEU,2026-09-09
exp2634,glm-5.3,few_shot,eval,KU,f98256a1719daf8a,KU,KU,2026-09-09
exp2633,glm-5.3,few_shot,eval,NEU,f98256a1719daf8a,KU,KU,2026-09-09
exp2632,glm-5.3,few_shot,eval,KU,f98256a1719daf8a,KU,KU,2026-09-09
exp2631,glm-5.3,few_shot,eval,KU,f98256a1719daf8a,KU,KU,2026-09-09
exp2630,glm-5.3,few_shot,eval,KU,f98256a1719daf8a,DU,DU,2026-09-09
exp2629,glm-5.3,few_shot,eval,KU,f98256a1719daf8a,KU,KU,2026-09-09
exp2628,glm-5.3,few_shot,eval,DU,f98256a1719daf8a,DU,DU,2026-09-09
exp2627,glm-5.3,few_shot,eval,KU,f98256a1719daf8a,KU,KU,2026-09-09
exp2626,glm-5.3,few_shot,eval,KU,f98256a1719daf8a,NEU,NEU,2026-09-09
exp2625,glm-5.3,few_shot,eval,NEU,f98256a1719daf8a,NEU,NEU,2026-09-09
exp2624,glm-5.3,few_shot,eval,KU,f98256a1719daf8a,DU,DU,2026-09-09
exp2623,glm-5.3,few_shot,eval,NEU,f98256a1719daf8a,NEU,NEU,2026-09-09
exp2622,glm-5.3,few_shot,eval,KU,f98256a1719daf8a,KU,KU,2026-09-09
exp2621,glm-5.3,few_shot,eval,KU,f98256a1719daf8a,KU,KU,2026-09-09
exp2620,glm-5.3,few_shot,eval,NEU,f98256a1719daf8a,NEU,NEU,2026-09-09
exp2619,glm-5.3,few_shot,eval,KU,f98256a1719daf8a,DU,DU,2026-09-09
exp2618,glm-5.3,few_shot,eval,KU,f98256a1719daf8a,KU,KU,2026-09-09
exp2616,glm-5.3,few_shot,eval,KU,f98256a1719daf8a,NEU,NEU,2026-09-09
exp2615,glm-5.3,few_shot,eval,KU,f98256a1719daf8a,NEU,NEU,2026-09-09
exp2614,glm-5.3,few_shot,eval,NEU,f98256a1719daf8a,KU,KU,2026-09-09
exp2613,glm-5.3,few_shot,eval,KU,f98256a1719daf8a,DU,DU,2026-09-09
exp2612,glm-5.3,few_shot,eval,KU,f98256a1719daf8a,DU,DU,2026-09-09
exp2611,glm-5.3,few_shot,eval,KU,f98256a1719daf8a,DU,DU,2026-09-09
exp2610,glm-5.3,few_shot,eval,KU,f98256a1719daf8a,KU,KU,2026-09-09
exp2609,glm-5.3,few_shot,eval,DU,f98256a1719daf8a,DU,KU,2026-09-09
exp2608,glm-5.3,few_shot,eval,KU,f98256a1719daf8a,DU,DU,2026-09-09
exp2607,glm-5.3,few_shot,eval,DU,f98256a1719daf8a,DU,KU,2026-09-09
exp2606,glm-5.3,few_shot,eval,NEU,f98256a1719daf8a,KU,KU,2026-09-09
exp2605,glm-5.3,few_shot,eval,DU,f98256a1719daf8a,DU,DU,2026-09-09
exp2604,glm-5.3,few_shot,eval,KU,f98256a1719daf8a,DU,DU,2026-09-09
exp2603,glm-5.3,few_shot,eval,KU,f98256a1719daf8a,NEU,KU,2026-09-09
exp2602,glm-5.3,few_shot,eval,KU,f98256a1719daf8a,DU,DU,2026-09-09
exp2601,glm-5.3,few_shot,eval,NEU,f98256a1719daf8a,KU,NEU,2026-09-09
exp2600,glm-5.3,few_shot,eval,KU,f98256a1719daf8a,DU,DU,2026-09-09
exp2599,glm-5.3,few_shot,eval,KU,f98256a1719daf8a,KU,KU,2026-09-09
exp2598,glm-5.3,few_shot,eval,KU,f98256a1719daf8a,DU,DU,2026-09-09
exp2597,glm-5.3,few_shot,eval,KU,f98256a1719daf8a,KU,DU,2026-09-09
exp2596,glm-5.3,few_shot,eval,KU,f98256a1719daf8a,DU,DU,2026-09-09
exp2595,glm-5.3,few_shot,eval,KU,f98256a1719daf8a,NEU,KU,2026-09-09
exp2594,glm-5.3,few_shot,eval,KU,f98256a1719daf8a,KU,KU,2026-09-09
exp2593,glm-5.3,few_shot,eval,KU,f98256a1719daf8a,DU,DU,2026-09-09
exp2592,glm-5.3,few_shot,eval,DU,f98256a1719daf8a,DU,DU,2026-09-09
exp2590,glm-5.3,few_shot,eval,DU,f98256a1719daf8a,DU,DU,2026-09-09
exp2589,glm-5.3,few_shot,eval,DU,f98256a1719daf8a,DU,DU,2026-09-09
exp2588,glm-5.3,few_shot,eval,KU,f98256a1719daf8a,KU,DU,2026-09-09
exp2587,glm-5.3,few_shot,eval,KU,f98256a1719daf8a,DU,DU,2026-09-09
exp2586,glm-5.3,few_shot,eval,KU,f98256a1719daf8a,KU,KU,2026-09-09
exp2585,glm-5.3,few_shot,eval,KU,f98256a1719daf8a,DU,KU,2026-09-09
exp2584,glm-5.3,few_shot,eval,DU,f98256a1719daf8a,DU,DU,2026-09-09
exp2583,glm-5.3,few_shot,eval,DU,f98256a1719daf8a,DU,DU,2026-09-09
exp2582,glm-5.3,few_shot,eval,DU,f98256a1719daf8a,DU,DU,2026-09-09
exp2581,glm-5.3,few_shot,eval,KU,f98256a1719daf8a,KU,KU,2026-09-09
exp2579,glm-5.3,few_shot,eval,KU,f98256a1719daf8a,KU,NEU,2026-09-09
exp2578,glm-5.3,few_shot,eval,DU,f98256a1719daf8a,DU,DU,2026-09-09
exp2577,glm-5.3,few_shot,eval,KU,f98256a1719daf8a,KU,KU,2026-09-09
exp2576,glm-5.3,few_shot,eval,KU,f98256a1719daf8a,DU,KU,2026-09-09
exp2575,glm-5.3,few_shot,eval,KU,f98256a1719daf8a,DU,DU,2026-09-09
exp2574,glm-5.3,few_shot,eval,KU,f98256a1719daf8a,KU,KU,2026-09-09
exp2573,glm-5.3,few_shot,eval,KU,f98256a1719daf8a,KU,KU,2026-09-09
exp2572,glm-5.3,few_shot,eval,KU,f98256a1719daf8a,NEU,KU,2026-09-09
exp2571,glm-5.3,few_shot,eval,NEU,f98256a1719daf8a,KU,NEU,2026-09-09
exp2570,glm-5.3,few_shot,eval,KU,f98256a1719daf8a,DU,DU,2026-09-09
exp2569,glm-5.3,few_shot,eval,KU,f98256a1719daf8a,DU,DU,2026-09-09
exp2568,glm-5.3,few_shot,eval,NEU,f98256a1719daf8a,DU,KU,2026-09-09
exp2567,glm-5.3,few_shot,eval,KU,f98256a1719daf8a,KU,KU,2026-09-09
exp2566,glm-5.3,few_shot,eval,DU,f98256a1719daf8a,DU,DU,2026-09-09
exp2565,glm-5.3,few_shot,eval,KU,f98256a1719daf8a,KU,DU,2026-09-09
exp2564,glm-5.3,few_shot,eval,NEU,f98256a1719daf8a,KU,KU,2026-09-09
exp2563,glm-5.3,few_shot,eval,DU,f98256a1719daf8a,DU,DU,2026-09-09
exp2562,glm-5.3,few_shot,eval,DU,f98256a1719daf8a,DU,DU,2026-09-09
exp2561,glm-5.3,few_shot,eval,KU,f98256a1719daf8a,NEU,NEU,2026-09-09
exp2560,glm-5.3,few_shot,eval,DU,f98256a1719daf8a,DU,DU,2026-09-09
exp2559,glm-5.3,few_shot,eval,KU,f98256a1719daf8a,KU,KU,2026-09-09
exp2558,glm-5.3,few_shot,eval,KU,f98256a1719daf8a,KU,KU,2026-09-09
exp2557,glm-5.3,few_shot,eval,NEU,f98256a1719daf8a,NEU,NEU,2026-09-09
exp2556,glm-5.3,few_shot,eval,NEU,f98256a1719daf8a,NEU,NEU,2026-09-09
exp2555,glm-5.3,few_shot,eval,DU,f98256a1719daf8a,DU,DU,2026-09-09
exp2554,glm-5.3,few_shot,eval,KU,f98256a1719daf8a,DU,DU,2026-09-09
exp2553,glm-5.3,few_shot,eval,KU,f98256a1719daf8a,KU,DU,2026-09-09
exp2552,glm-5.3,few_shot,eval,KU,f98256a1719daf8a,KU,KU,2026-09-09
exp2551,glm-5.3,few_shot,eval,KU,f98256a1719daf8a,DU,DU,2026-09-09
exp2550,glm-5.3,few_shot,eval,NEU,f98256a1719daf8a,DU,DU,2026-09-09
exp2549,glm-5.3,few_shot,eval,KU,f98256a1719daf8a,KU,DU,2026-09-09
exp2548,glm-5.3,few_shot,eval,KU,f98256a1719daf8a,KU,KU,2026-09-09
exp2547,glm-5.3,few_shot,eval,NEU,f98256a1719daf8a,NEU,NEU,2026-09-09
exp2546,glm-5.3,few_shot,eval,KU,f98256a1719daf8a,KU,NEU,2026-09-09
exp2545,glm-5.3,few_shot,eval,KU,f98256a1719daf8a,DU,DU,2026-09-09
exp2544,glm-5.3,few_shot,eval,NEU,f98256a1719daf8a,KU,KU,2026-09-09
exp2543,glm-5.3,few_shot,eval,NEU,f98256a1719daf8a,NEU,NEU,2026-09-09
exp2542,glm-5.3,few_shot,eval,KU,f98256a1719daf8a,KU,KU,2026-09-09
exp2541,glm-5.3,few_shot,eval,DU,f98256a1719daf8a,DU,DU,2026-09-09
exp2540,glm-5.3,few_shot,eval,KU,f98256a1719daf8a,KU,KU,2026-09-09
exp2539,glm-5.3,few_shot,eval,DU,f98256a1719daf8a,DU,DU,2026-09-09
exp2538,glm-5.3,few_shot,eval,NEU,f98256a1719daf8a,KU,KU,2026-09-09
exp2537,glm-5.3,few_shot,eval,DU,f98256a1719daf8a,DU,DU,2026-09-09
exp2535,glm-5.3,few_shot,eval,DU,f98256a1719daf8a,DU,DU,2026-09-09
exp2534,glm-5.3,few_shot,eval,KU,f98256a1719daf8a,KU,DU,2026-09-09
exp2533,glm-5.3,few_shot,eval,KU,f98256a1719daf8a,DU,DU,2026-09-09
exp2532,glm-5.3,few_shot,eval,NEU,f98256a1719daf8a,DU,DU,2026-09-09
exp2531,glm-5.3,few_shot,eval,NEU,f98256a1719daf8a,NEU,NEU,2026-09-09
exp2528,glm-5.3,few_shot,eval,DU,f98256a1719daf8a,DU,DU,2026-09-09
exp2523,glm-5.3,few_shot,eval,KU,f98256a1719daf8a,KU,KU,2026-09-09
exp2522,glm-5.3,few_shot,eval,KU,f98256a1719daf8a,KU,KU,2026-09-09
exp2513,glm-5.3,few_shot,eval,KU,f98256a1719daf8a,KU,KU,2026-09-09
exp2512,glm-5.3,few_shot,eval,DU,f98256a1719daf8a,DU,KU,2026-09-09
exp2510,glm-5.3,few_shot,eval,KU,f98256a1719daf8a,KU,KU,2026-09-09
exp2501,glm-5.3,few_shot,eval,DU,f98256a1719daf8a,DU,DU,2026-09-09
exp2500,glm-5.3,few_shot,eval,KU,f98256a1719daf8a,KU,KU,2026-09-09
exp2493,glm-5.3,few_shot,eval,KU,f98256a1719daf8a,DU,DU,2026-09-09
exp2492,glm-5.3,few_shot,eval,DU,f98256a1719daf8a,DU,DU,2026-09-09
exp2491,glm-5.3,few_shot,eval,KU,f98256a1719daf8a,DU,DU,2026-09-09
exp2488,glm-5.3,few_shot,eval,KU,f98256a1719daf8a,DU,KU,2026-09-09
exp2475,glm-5.3,few_shot,eval,DU,f98256a1719daf8a,DU,DU,2026-09-09
exp2465,glm-5.3,few_shot,eval,KU,f98256a1719daf8a,DU,DU,2026-09-09
exp2464,glm-5.3,few_shot,eval,KU,f98256a1719daf8a,DU,KU,2026-09-09
exp2463,glm-5.3,few_shot,eval,KU,f98256a1719daf8a,KU,KU,2026-09-09
exp2435,glm-5.3,few_shot,eval,NEU,f98256a1719daf8a,KU,KU,2026-09-09
exp2432,glm-5.3,few_shot,eval,NEU,f98256a1719daf8a,NEU,NEU,2026-09-09
exp2378,glm-5.3,few_shot,eval,KU,f98256a1719daf8a,NEU,KU,2026-09-09
exp2347,glm-5.3,few_shot,eval,NEU,f98256a1719daf8a,NEU,NEU,2026-09-09
exp2296,glm-5.3,few_shot,eval,DU,f98256a1719daf8a,KU,KU,2026-09-09
exp1523,glm-5.3,few_shot,eval,DU,f98256a1719daf8a,DU,DU,2026-09-09
exp1525,glm-5.3,few_shot,eval,DU,f98256a1719daf8a,DU,DU,2026-09-09
exp1526,glm-5.3,few_shot,eval,KU,f98256a1719daf8a,DU,DU,2026-09-09
exp1528,glm-5.3,few_shot,eval,KU,f98256a1719daf8a,DU,DU,2026-09-09
exp1529,glm-5.3,few_shot,eval,KU,f98256a1719daf8a,KU,KU,2026-09-09
exp1530,glm-5.3,few_shot,eval,KU,f98256a1719daf8a,KU,DU,2026-09-09
exp1531,glm-5.3,few_shot,eval,NEU,f98256a1719daf8a,NEU,NEU,2026-09-09
exp1532,glm-5.3,few_shot,eval,KU,f98256a1719daf8a,DU,DU,2026-09-09
exp1536,glm-5.3,few_shot,eval,NEU,f98256a1719daf8a,KU,KU,2026-09-09
exp1537,glm-5.3,few_shot,eval,KU,f98256a1719daf8a,KU,KU,2026-09-09
exp1541,glm-5.3,few_shot,eval,KU,f98256a1719daf8a,DU,DU,2026-09-09
exp1544,glm-5.3,few_shot,eval,KU,f98256a1719daf8a,NEU,NEU,2026-09-09
exp1547,glm-5.3,few_shot,eval,KU,f98256a1719daf8a,DU,KU,2026-09-09
exp1549,glm-5.3,few_shot,eval,DU,f98256a1719daf8a,DU,DU,2026-09-09
exp1554,glm-5.3,few_shot,eval,NEU,f98256a1719daf8a,NEU,NEU,2026-09-09
exp1555,glm-5.3,few_shot,eval,DU,f98256a1719daf8a,DU,DU,2026-09-09
exp1556,glm-5.3,few_shot,eval,KU,f98256a1719daf8a,NEU,NEU,2026-09-09
exp1557,glm-5.3,few_shot,eval,KU,f98256a1719daf8a,KU,KU,2026-09-09
exp1559,glm-5.3,few_shot,eval,DU,f98256a1719daf8a,DU,DU,2026-09-09
exp1561,glm-5.3,few_shot,eval,NEU,f98256a1719daf8a,DU,DU,2026-09-09
exp1562,glm-5.3,few_shot,eval,DU,f98256a1719daf8a,DU,DU,2026-09-09
exp1565,glm-5.3,few_shot,eval,KU,f98256a1719daf8a,DU,DU,2026-09-09
exp1567,glm-5.3,few_shot,eval,KU,f98256a1719daf8a,DU,DU,2026-09-09
exp1568,glm-5.3,few_shot,eval,KU,f98256a1719daf8a,DU,DU,2026-09-09
exp1569,glm-5.3,few_shot,eval,KU,f98256a1719daf8a,NEU,KU,2026-09-09
exp1570,glm-5.3,few_shot,eval,KU,f98256a1719daf8a,DU,DU,2026-09-09
exp1571,glm-5.3,few_shot,eval,DU,f98256a1719daf8a,KU,DU,2026-09-09
exp1572,glm-5.3,few_shot,eval,NEU,f98256a1719daf8a,NEU,NEU,2026-09-09
exp1573,glm-5.3,few_shot,eval,DU,f98256a1719daf8a,KU,KU,2026-09-09
exp1574,glm-5.3,few_shot,eval,KU,f98256a1719daf8a,KU,DU,2026-09-09
exp1576,glm-5.3,few_shot,eval,KU,f98256a1719daf8a,KU,KU,2026-09-09
exp1577,glm-5.3,few_shot,eval,NEU,f98256a1719daf8a,NEU,KU,2026-09-09
exp1583,glm-5.3,few_shot,eval,NEU,f98256a1719daf8a,KU,NEU,2026-09-09
exp1586,glm-5.3,few_shot,eval,KU,f98256a1719daf8a,KU,KU,2026-09-09
exp1588,glm-5.3,few_shot,eval,NEU,f98256a1719daf8a,NEU,NEU,2026-09-09
exp1589,glm-5.3,few_shot,eval,DU,f98256a1719daf8a,DU,DU,2026-09-09
exp1591,glm-5.3,few_shot,eval,KU,f98256a1719daf8a,KU,KU,2026-09-09
exp1593,glm-5.3,few_shot,eval,DU,f98256a1719daf8a,DU,DU,2026-09-09
exp1594,glm-5.3,few_shot,eval,KU,f98256a1719daf8a,KU,KU,2026-09-09
exp1595,glm-5.3,few_shot,eval,NEU,f98256a1719daf8a,NEU,NEU,2026-09-09
exp1596,glm-5.3,few_shot,eval,KU,f98256a1719daf8a,NEU,KU,2026-09-09
exp1598,glm-5.3,few_shot,eval,NEU,f98256a1719daf8a,KU,KU,2026-09-09
exp1601,glm-5.3,few_shot,eval,NEU,f98256a1719daf8a,NEU,NEU,2026-09-09
exp1602,glm-5.3,few_shot,eval,KU,f98256a1719daf8a,KU,KU,2026-09-09
exp1605,glm-5.3,few_shot,eval,KU,f98256a1719daf8a,DU,DU,2026-09-09
exp1606,glm-5.3,few_shot,eval,DU,f98256a1719daf8a,DU,DU,2026-09-09
exp1607,glm-5.3,few_shot,eval,KU,f98256a1719daf8a,KU,KU,2026-09-09
exp1608,glm-5.3,few_shot,eval,KU,f98256a1719daf8a,KU,KU,2026-09-09
exp1610,glm-5.3,few_shot,eval,KU,f98256a1719daf8a,KU,KU,2026-09-09
exp1611,glm-5.3,few_shot,eval,DU,f98256a1719daf8a,DU,DU,2026-09-09
exp1613,glm-5.3,few_shot,eval,NEU,f98256a1719daf8a,KU,KU,2026-09-09
exp1614,glm-5.3,few_shot,eval,NEU,f98256a1719daf8a,KU,DU,2026-09-09
exp1616,glm-5.3,few_shot,eval,KU,f98256a1719daf8a,DU,KU,2026-09-09
exp1617,glm-5.3,few_shot,eval,KU,f98256a1719daf8a,DU,DU,2026-09-09
exp1618,glm-5.3,few_shot,eval,NEU,f98256a1719daf8a,NEU,NEU,2026-09-09
exp1619,glm-5.3,few_shot,eval,KU,f98256a1719daf8a,KU,KU,2026-09-09
exp1622,glm-5.3,few_shot,eval,NEU,f98256a1719daf8a,NEU,NEU,2026-09-09
exp1623,glm-5.3,few_shot,eval,DU,f98256a1719daf8a,DU,DU,2026-09-09
exp1624,glm-5.3,few_shot,eval,KU,f98256a1719daf8a,DU,KU,2026-09-09
exp1626,glm-5.3,few_shot,eval,KU,f98256a1719daf8a,DU,DU,2026-09-09
exp1627,glm-5.3,few_shot,eval,KU,f98256a1719daf8a,KU,KU,2026-09-09
exp1628,glm-5.3,few_shot,eval,DU,f98256a1719daf8a,DU,DU,2026-09-09
exp1631,glm-5.3,few_shot,eval,KU,f98256a1719daf8a,DU,DU,2026-09-09
exp1632,glm-5.3,few_shot,eval,KU,f98256a1719daf8a,DU,DU,2026-09-09
exp1633,glm-5.3,few_shot,eval,DU,f98256a1719daf8a,DU,DU,2026-09-09
exp1635,glm-5.3,few_shot,eval,DU,f98256a1719daf8a,DU,DU,2026-09-09
exp1637,glm-5.3,few_shot,eval,KU,f98256a1719daf8a,KU,KU,2026-09-09
exp1638,glm-5.3,few_shot,eval,DU,f98256a1719daf8a,DU,KU,2026-09-09
exp1639,glm-5.3,few_shot,eval,NEU,f98256a1719daf8a,NEU,NEU,2026-09-09
exp1641,glm-5.3,few_shot,eval,DU,f98256a1719daf8a,DU,DU,2026-09-09
exp1642,glm-5.3,few_shot,eval,KU,f98256a1719daf8a,DU,DU,2026-09-09
exp1643,glm-5.3,few_shot,eval,KU,f98256a1719daf8a,KU,KU,2026-09-09
exp1646,glm-5.3,few_shot,eval,DU,f98256a1719daf8a,DU,DU,2026-09-09
exp1649,glm-5.3,few_shot,eval,KU,f98256a1719daf8a,DU,KU,2026-09-09
exp1651,glm-5.3,few_shot,eval,NEU,f98256a1719daf8a,KU,KU,2026-09-09
exp1652,glm-5.3,few_shot,eval,KU,f98256a1719daf8a,NEU,NEU,2026-09-09
exp1653,glm-5.3,few_shot,eval,KU,f98256a1719daf8a,DU,DU,2026-09-09
exp1654,glm-5.3,few_shot,eval,DU,f98256a1719daf8a,DU,DU,2026-09-09
exp1656,glm-5.3,few_shot,eval,KU,f98256a1719daf8a,DU,DU,2026-09-09
exp1658,glm-5.3,few_shot,eval,KU,f98256a1719daf8a,NEU,NEU,2026-09-09
exp1659,glm-5.3,few_shot,eval,KU,f98256a1719daf8a,KU,KU,2026-09-09
exp1660,glm-5.3,few_shot,eval,KU,f98256a1719daf8a,DU,DU,2026-09-09
exp1661,glm-5.3,few_shot,eval,KU,f98256a1719daf8a,KU,KU,2026-09-09
exp1663,glm-5.3,few_shot,eval,DU,f98256a1719daf8a,DU,DU,2026-09-09
exp1665,glm-5.3,few_shot,eval,KU,f98256a1719daf8a,DU,DU,2026-09-09
exp1667,glm-5.3,few_shot,eval,KU,f98256a1719daf8a,KU,KU,2026-09-09
exp1668,glm-5.3,few_shot,eval,NEU,f98256a1719daf8a,NEU,NEU,2026-09-09
exp1670,glm-5.3,few_shot,eval,KU,f98256a1719daf8a,KU,KU,2026-09-09
exp1671,glm-5.3,few_shot,eval,DU,f98256a1719daf8a,DU,DU,2026-09-09
exp1672,glm-5.3,few_shot,eval,KU,f98256a1719daf8a,DU,DU,2026-09-09
exp1673,glm-5.3,few_shot,eval,KU,f98256a1719daf8a,KU,DU,2026-09-09
exp1674,glm-5.3,few_shot,eval,KU,f98256a1719daf8a,KU,DU,2026-09-09
exp1676,glm-5.3,few_shot,eval,NEU,f98256a1719daf8a,NEU,NEU,2026-09-09
exp1681,glm-5.3,few_shot,eval,DU,f98256a1719daf8a,DU,DU,2026-09-09
exp1683,glm-5.3,few_shot,eval,DU,f98256a1719daf8a,DU,DU,2026-09-09
exp1685,glm-5.3,few_shot,eval,DU,f98256a1719daf8a,DU,DU,2026-09-09
exp1693,glm-5.3,few_shot,eval,NEU,f98256a1719daf8a,NEU,NEU,2026-09-09
exp1694,glm-5.3,few_shot,eval,NEU,f98256a1719daf8a,NEU,NEU,2026-09-09
exp1695,glm-5.3,few_shot,eval,KU,f98256a1719daf8a,DU,DU,2026-09-09
exp1696,glm-5.3,few_shot,eval,KU,f98256a1719daf8a,KU,KU,2026-09-09
exp1697,glm-5.3,few_shot,eval,NEU,f98256a1719daf8a,NEU,NEU,2026-09-09
exp1699,glm-5.3,few_shot,eval,NEU,f98256a1719daf8a,NEU,NEU,2026-09-09
exp1700,glm-5.3,few_shot,eval,NEU,f98256a1719daf8a,NEU,NEU,2026-09-09
exp1701,glm-5.3,few_shot,eval,DU,f98256a1719daf8a,DU,DU,2026-09-09
exp1702,glm-5.3,few_shot,eval,KU,f98256a1719daf8a,NEU,NEU,2026-09-09
exp1704,glm-5.3,few_shot,eval,DU,f98256a1719daf8a,DU,DU,2026-09-09
exp1705,glm-5.3,few_shot,eval,KU,f98256a1719daf8a,DU,DU,2026-09-09
exp1706,glm-5.3,few_shot,eval,KU,f98256a1719daf8a,DU,DU,2026-09-09
exp1709,glm-5.3,few_shot,eval,KU,f98256a1719daf8a,DU,DU,2026-09-09
exp1711,glm-5.3,few_shot,eval,NEU,f98256a1719daf8a,KU,KU,2026-09-09
exp1713,glm-5.3,few_shot,eval,KU,f98256a1719daf8a,DU,DU,2026-09-09
exp1718,glm-5.3,few_shot,eval,NEU,f98256a1719daf8a,NEU,KU,2026-09-09
exp1719,glm-5.3,few_shot,eval,KU,f98256a1719daf8a,DU,DU,2026-09-09
exp1723,glm-5.3,few_shot,eval,NEU,f98256a1719daf8a,NEU,NEU,2026-09-09
exp1724,glm-5.3,few_shot,eval,KU,f98256a1719daf8a,DU,DU,2026-09-09
exp1725,glm-5.3,few_shot,eval,KU,f98256a1719daf8a,NEU,NEU,2026-09-09
exp1726,glm-5.3,few_shot,eval,NEU,f98256a1719daf8a,KU,KU,2026-09-09
exp1729,glm-5.3,few_shot,eval,KU,f98256a1719daf8a,DU,DU,2026-09-09
exp1730,glm-5.3,few_shot,eval,KU,f98256a1719daf8a,NEU,NEU,2026-09-09
exp1731,glm-5.3,few_shot,eval,KU,f98256a1719daf8a,DU,DU,2026-09-09
exp1733,glm-5.3,few_shot,eval,KU,f98256a1719daf8a,KU,DU,2026-09-09
exp1734,glm-5.3,few_shot,eval,NEU,f98256a1719daf8a,KU,KU,2026-09-09
exp1735,glm-5.3,few_shot,eval,KU,f98256a1719daf8a,DU,KU,2026-09-09
exp1736,glm-5.3,few_shot,eval,KU,f98256a1719daf8a,KU,DU,2026-09-09
exp1737,glm-5.3,few_shot,eval,NEU,f98256a1719daf8a,NEU,NEU,2026-09-09
exp1738,glm-5.3,few_shot,eval,KU,f98256a1719daf8a,DU,DU,2026-09-09
exp1739,glm-5.3,few_shot,eval,KU,f98256a1719daf8a,DU,DU,2026-09-09
exp1740,glm-5.3,few_shot,eval,DU,f98256a1719daf8a,KU,KU,2026-09-09
exp1741,glm-5.3,few_shot,eval,KU,f98256a1719daf8a,DU,DU,2026-09-09
exp1742,glm-5.3,few_shot,eval,KU,f98256a1719daf8a,KU,KU,2026-09-09
exp1745,glm-5.3,few_shot,eval,KU,f98256a1719daf8a,DU,DU,2026-09-09
exp1746,glm-5.3,few_shot,eval,KU,f98256a1719daf8a,KU,DU,2026-09-09
exp1747,glm-5.3,few_shot,eval,DU,f98256a1719daf8a,DU,KU,2026-09-09
exp1752,glm-5.3,few_shot,eval,NEU,f98256a1719daf8a,NEU,NEU,2026-09-09
exp1753,glm-5.3,few_shot,eval,KU,f98256a1719daf8a,KU,KU,2026-09-09
exp1754,glm-5.3,few_shot,eval,DU,f98256a1719daf8a,KU,KU,2026-09-09
exp1756,glm-5.3,few_shot,eval,NEU,f98256a1719daf8a,NEU,NEU,2026-09-09
exp1759,glm-5.3,few_shot,eval,DU,f98256a1719daf8a,DU,DU,2026-09-09
exp1761,glm-5.3,few_shot,eval,KU,f98256a1719daf8a,DU,KU,2026-09-09
exp1762,glm-5.3,few_shot,eval,,f98256a1719daf8a,DU,DU,2026-09-09
exp1768,glm-5.3,few_shot,eval,NEU,f98256a1719daf8a,NEU,NEU,2026-09-09
exp1769,glm-5.3,few_shot,eval,DU,f98256a1719daf8a,DU,DU,2026-09-09
exp1770,glm-5.3,few_shot,eval,KU,f98256a1719daf8a,DU,DU,2026-09-09
exp1772,glm-5.3,few_shot,eval,DU,f98256a1719daf8a,DU,DU,2026-09-09
exp1774,glm-5.3,few_shot,eval,KU,f98256a1719daf8a,DU,DU,2026-09-09
exp1776,glm-5.3,few_shot,eval,NEU,f98256a1719daf8a,NEU,KU,2026-09-09
exp1777,glm-5.3,few_shot,eval,DU,f98256a1719daf8a,DU,DU,2026-09-09
exp1778,glm-5.3,few_shot,eval,DU,f98256a1719daf8a,DU,DU,2026-09-09
exp1780,glm-5.3,few_shot,eval,NEU,f98256a1719daf8a,NEU,NEU,2026-09-09
exp1782,glm-5.3,few_shot,eval,DU,f98256a1719daf8a,DU,DU,2026-09-09
exp1784,glm-5.3,few_shot,eval,KU,f98256a1719daf8a,DU,DU,2026-09-09
exp1785,glm-5.3,few_shot,eval,KU,f98256a1719daf8a,DU,DU,2026-09-09
exp1787,glm-5.3,few_shot,eval,NEU,f98256a1719daf8a,NEU,NEU,2026-09-09
exp1788,glm-5.3,few_shot,eval,DU,f98256a1719daf8a,DU,DU,2026-09-09
exp1789,glm-5.3,few_shot,eval,KU,f98256a1719daf8a,DU,DU,2026-09-09
exp1792,glm-5.3,few_shot,eval,NEU,f98256a1719daf8a,NEU,NEU,2026-09-09
exp1794,glm-5.3,few_shot,eval,KU,f98256a1719daf8a,KU,KU,2026-09-09
exp1795,glm-5.3,few_shot,eval,KU,f98256a1719daf8a,DU,KU,2026-09-09
exp1796,glm-5.3,few_shot,eval,NEU,f98256a1719daf8a,NEU,KU,2026-09-09
exp1799,glm-5.3,few_shot,eval,KU,f98256a1719daf8a,DU,DU,2026-09-09
exp1800,glm-5.3,few_shot,eval,DU,f98256a1719daf8a,DU,KU,2026-09-09
exp1801,glm-5.3,few_shot,eval,KU,f98256a1719daf8a,KU,KU,2026-09-09
exp1802,glm-5.3,few_shot,eval,KU,f98256a1719daf8a,DU,DU,2026-09-09
exp1803,glm-5.3,few_shot,eval,KU,f98256a1719daf8a,DU,DU,2026-09-09
exp1805,glm-5.3,few_shot,eval,KU,f98256a1719daf8a,DU,DU,2026-09-09
exp1811,glm-5.3,few_shot,eval,KU,f98256a1719daf8a,DU,DU,2026-09-09
exp1817,glm-5.3,few_shot,eval,NEU,f98256a1719daf8a,KU,KU,2026-09-09
exp1818,glm-5.3,few_shot,eval,KU,f98256a1719daf8a,DU,DU,2026-09-09
exp1819,glm-5.3,few_shot,eval,NEU,f98256a1719daf8a,NEU,NEU,2026-09-09
exp1822,glm-5.3,few_shot,eval,KU,f98256a1719daf8a,DU,DU,2026-09-09
exp1824,glm-5.3,few_shot,eval,KU,f98256a1719daf8a,DU,DU,2026-09-09
exp1826,glm-5.3,few_shot,eval,DU,f98256a1719daf8a,DU,DU,2026-09-09
exp1827,glm-5.3,few_shot,eval,KU,f98256a1719daf8a,NEU,NEU,2026-09-09
exp1829,glm-5.3,few_shot,eval,NEU,f98256a1719daf8a,NEU,NEU,2026-09-09
exp1835,glm-5.3,few_shot,eval,KU,f98256a1719daf8a,DU,DU,2026-09-09
exp1836,glm-5.3,few_shot,eval,DU,f98256a1719daf8a,DU,DU,2026-09-09
exp3008,kimi-k3,zero_shot,eval,KU,f798887e303c18d9,KU,KU,2026-09-09
exp3006,kimi-k3,zero_shot,eval,NEU,f798887e303c18d9,DU,DU,2026-09-09
exp3005,kimi-k3,zero_shot,eval,DU,f798887e303c18d9,DU,DU,2026-09-09
exp3004,kimi-k3,zero_shot,eval,KU,f798887e303c18d9,KU,KU,2026-09-09
exp3003,kimi-k3,zero_shot,eval,DU,f798887e303c18d9,DU,DU,2026-09-09
exp3002,kimi-k3,zero_shot,eval,DU,f798887e303c18d9,KU,KU,2026-09-09
exp3000,kimi-k3,zero_shot,eval,KU,f798887e303c18d9,KU,DU,2026-09-09
exp2999,kimi-k3,zero_shot,eval,DU,f798887e303c18d9,KU,DU,2026-09-09
exp2998,kimi-k3,zero_shot,eval,DU,f798887e303c18d9,DU,DU,2026-09-09
exp2996,kimi-k3,zero_shot,eval,KU,f798887e303c18d9,DU,DU,2026-09-09
exp2995,kimi-k3,zero_shot,eval,DU,f798887e303c18d9,DU,DU,2026-09-09
exp2994,kimi-k3,zero_shot,eval,KU,f798887e303c18d9,KU,KU,2026-09-09
exp2993,kimi-k3,zero_shot,eval,NEU,f798887e303c18d9,NEU,NEU,2026-09-09
exp2992,kimi-k3,zero_shot,eval,KU,f798887e303c18d9,DU,DU,2026-09-09
exp2991,kimi-k3,zero_shot,eval,KU,f798887e303c18d9,NEU,NEU,2026-09-09
exp2989,kimi-k3,zero_shot,eval,NEU,f798887e303c18d9,NEU,NEU,2026-09-09
exp2988,kimi-k3,zero_shot,eval,KU,f798887e303c18d9,DU,DU,2026-09-09
exp2987,kimi-k3,zero_shot,eval,KU,f798887e303c18d9,KU,KU,2026-09-09
exp2986,kimi-k3,zero_shot,eval,DU,f798887e303c18d9,DU,DU,2026-09-09
exp2985,kimi-k3,zero_shot,eval,KU,f798887e303c18d9,KU,NEU,2026-09-09
exp2984,kimi-k3,zero_shot,eval,KU,f798887e303c18d9,DU,DU,2026-09-09
exp2982,kimi-k3,zero_shot,eval,NEU,f798887e303c18d9,KU,KU,2026-09-09
exp2979,kimi-k3,zero_shot,eval,DU,f798887e303c18d9,DU,DU,2026-09-09
exp2977,kimi-k3,zero_shot,eval,KU,f798887e303c18d9,KU,DU,2026-09-09
exp2976,kimi-k3,zero_shot,eval,KU,f798887e303c18d9,DU,DU,2026-09-09
exp2975,kimi-k3,zero_shot,eval,KU,f798887e303c18d9,DU,DU,2026-09-09
exp2971,kimi-k3,zero_shot,eval,KU,f798887e303c18d9,DU,DU,2026-09-09
exp2969,kimi-k3,zero_shot,eval,DU,f798887e303c18d9,DU,DU,2026-09-09
exp2966,kimi-k3,zero_shot,eval,KU,f798887e303c18d9,KU,KU,2026-09-09
exp2965,kimi-k3,zero_shot,eval,KU,f798887e303c18d9,KU,KU,2026-09-09
exp2963,kimi-k3,zero_shot,eval,KU,f798887e303c18d9,KU,KU,2026-09-09
exp2962,kimi-k3,zero_shot,eval,KU,f798887e303c18d9,KU,KU,2026-09-09
exp2961,kimi-k3,zero_shot,eval,NEU,f798887e303c18d9,NEU,NEU,2026-09-09
exp2960,kimi-k3,zero_shot,eval,KU,f798887e303c18d9,KU,KU,2026-09-09
exp2959,kimi-k3,zero_shot,eval,KU,f798887e303c18d9,KU,KU,2026-09-09
exp2957,kimi-k3,zero_shot,eval,KU,f798887e303c18d9,DU,KU,2026-09-09
exp2956,kimi-k3,zero_shot,eval,NEU,f798887e303c18d9,NEU,NEU,2026-09-09
exp2955,kimi-k3,zero_shot,eval,NEU,f798887e303c18d9,DU,DU,2026-09-09
exp2954,kimi-k3,zero_shot,eval,KU,f798887e303c18d9,DU,DU,2026-09-09
exp2952,kimi-k3,zero_shot,eval,DU,f798887e303c18d9,DU,DU,2026-09-09
exp2951,kimi-k3,zero_shot,eval,KU,f798887e303c18d9,DU,DU,2026-09-09
exp2950,kimi-k3,zero_shot,eval,DU,f798887e303c18d9,DU,DU,2026-09-09
exp2949,kimi-k3,zero_shot,eval,,f798887e303c18d9,KU,KU,2026-09-09
exp2948,kimi-k3,zero_shot,eval,DU,f798887e303c18d9,DU,DU,2026-09-09
exp2946,kimi-k3,zero_shot,eval,NEU,f798887e303c18d9,KU,KU,2026-09-09
exp2945,kimi-k3,zero_shot,eval,KU,f798887e303c18d9,DU,DU,2026-09-09
exp2944,kimi-k3,zero_shot,eval,KU,f798887e303c18d9,KU,DU,2026-09-09
exp2942,kimi-k3,zero_shot,eval,DU,f798887e303c18d9,DU,DU,2026-09-09
exp2941,kimi-k3,zero_shot,eval,DU,f798887e303c18d9,KU,DU,2026-09-09
exp2940,kimi-k3,zero_shot,eval,KU,f798887e303c18d9,KU,DU,2026-09-09
exp2938,kimi-k3,zero_shot,eval,NEU,f798887e303c18d9,DU,DU,2026-09-09
exp2937,kimi-k3,zero_shot,eval,KU,f798887e303c18d9,DU,DU,2026-09-09
exp2936,kimi-k3,zero_shot,eval,DU,f798887e303c18d9,DU,DU,2026-09-09
exp2935,kimi-k3,zero_shot,eval,KU,f798887e303c18d9,DU,DU,2026-09-09
exp2934,kimi-k3,zero_shot,eval,DU,f798887e303c18d9,DU,DU,2026-09-09
exp2933,kimi-k3,zero_shot,eval,DU,f798887e303c18d9,DU,DU,2026-09-09
exp2931,kimi-k3,zero_shot,eval,DU,f798887e303c18d9,KU,DU,2026-09-09
exp2929,kimi-k3,zero_shot,eval,NEU,f798887e303c18d9,DU,KU,2026-09-09
exp2927,kimi-k3,zero_shot,eval,NEU,f798887e303c18d9,NEU,NEU,2026-09-09
exp2926,kimi-k3,zero_shot,eval,KU,f798887e303c18d9,NEU,KU,2026-09-09
exp2924,kimi-k3,zero_shot,eval,KU,f798887e303c18d9,DU,DU,2026-09-09
exp2923,kimi-k3,zero_shot,eval,KU,f798887e303c18d9,KU,KU,2026-09-09
exp2922,kimi-k3,zero_shot,eval,DU,f798887e303c18d9,DU,DU,2026-09-09
exp2921,kimi-k3,zero_shot,eval,KU,f798887e303c18d9,KU,KU,2026-09-09
exp2920,kimi-k3,zero_shot,eval,,f798887e303c18d9,KU,KU,2026-09-09
exp2919,kimi-k3,zero_shot,eval,KU,f798887e303c18d9,KU,DU,2026-09-09
exp2914,kimi-k3,zero_shot,eval,KU,f798887e303c18d9,DU,DU,2026-09-09
exp2911,kimi-k3,zero_shot,eval,KU,f798887e303c18d9,DU,DU,2026-09-09
exp2910,kimi-k3,zero_shot,eval,KU,f798887e303c18d9,DU,DU,2026-09-09
exp2909,kimi-k3,zero_shot,eval,KU,f798887e303c18d9,DU,DU,2026-09-09
exp2908,kimi-k3,zero_shot,eval,DU,f798887e303c18d9,DU,DU,2026-09-09
exp2907,kimi-k3,zero_shot,eval,NEU,f798887e303c18d9,NEU,NEU,2026-09-09
exp2906,kimi-k3,zero_shot,eval,,f798887e303c18d9,NEU,NEU,2026-09-09
exp2904,kimi-k3,zero_shot,eval,DU,f798887e303c18d9,DU,DU,2026-09-09
exp2903,kimi-k3,zero_shot,eval,KU,f798887e303c18d9,KU,KU,2026-09-09
exp2902,kimi-k3,zero_shot,eval,KU,f798887e303c18d9,KU,KU,2026-09-09
exp2901,kimi-k3,zero_shot,eval,,f798887e303c18d9,DU,DU,2026-09-09
exp2900,kimi-k3,zero_shot,eval,DU,f798887e303c18d9,DU,DU,2026-09-09
exp2899,kimi-k3,zero_shot,eval,KU,f798887e303c18d9,DU,DU,2026-09-09
exp2898,kimi-k3,zero_shot,eval,KU,f798887e303c18d9,DU,DU,2026-09-09
exp2896,kimi-k3,zero_shot,eval,KU,f798887e303c18d9,DU,DU,2026-09-09
exp2895,kimi-k3,zero_shot,eval,KU,f798887e303c18d9,KU,KU,2026-09-09
exp2894,kimi-k3,zero_shot,eval,NEU,f798887e303c18d9,DU,DU,2026-09-09
exp2893,kimi-k3,zero_shot,eval,KU,f798887e303c18d9,KU,KU,2026-09-09
exp2890,kimi-k3,zero_shot,eval,KU,f798887e303c18d9,KU,KU,2026-09-09
exp2889,kimi-k3,zero_shot,eval,NEU,f798887e303c18d9,NEU,NEU,2026-09-09
exp2888,kimi-k3,zero_shot,eval,NEU,f798887e303c18d9,NEU,NEU,2026-09-09
exp2887,kimi-k3,zero_shot,eval,NEU,f798887e303c18d9,KU,KU,2026-09-09
exp2886,kimi-k3,zero_shot,eval,KU,f798887e303c18d9,DU,DU,2026-09-09
exp2885,kimi-k3,zero_shot,eval,KU,f798887e303c18d9,NEU,NEU,2026-09-09
exp2883,kimi-k3,zero_shot,eval,NEU,f798887e303c18d9,KU,KU,2026-09-09
exp2882,kimi-k3,zero_shot,eval,NEU,f798887e303c18d9,NEU,NEU,2026-09-09
exp2881,kimi-k3,zero_shot,eval,NEU,f798887e303c18d9,KU,KU,2026-09-09
exp2880,kimi-k3,zero_shot,eval,KU,f798887e303c18d9,KU,DU,2026-09-09
exp2879,kimi-k3,zero_shot,eval,KU,f798887e303c18d9,KU,KU,2026-09-09
exp2878,kimi-k3,zero_shot,eval,NEU,f798887e303c18d9,KU,KU,2026-09-09
exp2877,kimi-k3,zero_shot,eval,KU,f798887e303c18d9,KU,KU,2026-09-09
exp2876,kimi-k3,zero_shot,eval,KU,f798887e303c18d9,DU,DU,2026-09-09
exp2875,kimi-k3,zero_shot,eval,KU,f798887e303c18d9,KU,KU,2026-09-09
exp2873,kimi-k3,zero_shot,eval,KU,f798887e303c18d9,DU,DU,2026-09-09
exp2872,kimi-k3,zero_shot,eval,KU,f798887e303c18d9,KU,DU,2026-09-09
exp2871,kimi-k3,zero_shot,eval,NEU,f798887e303c18d9,KU,NEU,2026-09-09
exp2870,kimi-k3,zero_shot,eval,,f798887e303c18d9,KU,NEU,2026-09-09
exp2867,kimi-k3,zero_shot,eval,KU,f798887e303c18d9,DU,DU,2026-09-09
exp2866,kimi-k3,zero_shot,eval,DU,f798887e303c18d9,DU,DU,2026-09-09
exp2865,kimi-k3,zero_shot,eval,KU,f798887e303c18d9,NEU,NEU,2026-09-09
exp2861,kimi-k3,zero_shot,eval,KU,f798887e303c18d9,DU,DU,2026-09-09
exp2860,kimi-k3,zero_shot,eval,KU,f798887e303c18d9,KU,KU,2026-09-09
exp2858,kimi-k3,zero_shot,eval,KU,f798887e303c18d9,DU,DU,2026-09-09
exp2857,kimi-k3,zero_shot,eval,DU,f798887e303c18d9,KU,KU,2026-09-09
exp2855,kimi-k3,zero_shot,eval,DU,f798887e303c18d9,DU,DU,2026-09-09
exp2854,kimi-k3,zero_shot,eval,NEU,f798887e303c18d9,KU,KU,2026-09-09
exp2853,kimi-k3,zero_shot,eval,KU,f798887e303c18d9,DU,DU,2026-09-09
exp2852,kimi-k3,zero_shot,eval,KU,f798887e303c18d9,DU,DU,2026-09-09
exp2851,kimi-k3,zero_shot,eval,NEU,f798887e303c18d9,NEU,NEU,2026-09-09
exp2847,kimi-k3,zero_shot,eval,KU,f798887e303c18d9,DU,DU,2026-09-09
exp2846,kimi-k3,zero_shot,eval,KU,f798887e303c18d9,DU,KU,2026-09-09
exp2845,kimi-k3,zero_shot,eval,NEU,f798887e303c18d9,NEU,NEU,2026-09-09
exp2844,kimi-k3,zero_shot,eval,KU,f798887e303c18d9,DU,DU,2026-09-09
exp2843,kimi-k3,zero_shot,eval,KU,f798887e303c18d9,KU,KU,2026-09-09
exp2842,kimi-k3,zero_shot,eval,,f798887e303c18d9,KU,KU,2026-09-09
exp2841,kimi-k3,zero_shot,eval,KU,f798887e303c18d9,DU,DU,2026-09-09
exp2840,kimi-k3,zero_shot,eval,KU,f798887e303c18d9,KU,DU,2026-09-09
exp2839,kimi-k3,zero_shot,eval,DU,f798887e303c18d9,DU,DU,2026-09-09
exp2838,kimi-k3,zero_shot,eval,,f798887e303c18d9,DU,DU,2026-09-09
exp2837,kimi-k3,zero_shot,eval,DU,f798887e303c18d9,KU,DU,2026-09-09
exp2836,kimi-k3,zero_shot,eval,KU,f798887e303c18d9,DU,DU,2026-09-09
exp2835,kimi-k3,zero_shot,eval,DU,f798887e303c18d9,DU,DU,2026-09-09
exp2832,kimi-k3,zero_shot,eval,KU,f798887e303c18d9,DU,DU,2026-09-09
exp2831,kimi-k3,zero_shot,eval,KU,f798887e303c18d9,DU,DU,2026-09-09
exp2828,kimi-k3,zero_shot,eval,DU,f798887e303c18d9,DU,DU,2026-09-09
exp2827,kimi-k3,zero_shot,eval,KU,f798887e303c18d9,DU,KU,2026-09-09
exp2825,kimi-k3,zero_shot,eval,KU,f798887e303c18d9,DU,DU,2026-09-09
exp2824,kimi-k3,zero_shot,eval,KU,f798887e303c18d9,DU,DU,2026-09-09
exp2823,kimi-k3,zero_shot,eval,NEU,f798887e303c18d9,KU,NEU,2026-09-09
exp2822,kimi-k3,zero_shot,eval,NEU,f798887e303c18d9,KU,NEU,2026-09-09
exp2821,kimi-k3,zero_shot,eval,KU,f798887e303c18d9,DU,DU,2026-09-09
exp2820,kimi-k3,zero_shot,eval,KU,f798887e303c18d9,DU,DU,2026-09-09
exp2817,kimi-k3,zero_shot,eval,NEU,f798887e303c18d9,KU,KU,2026-09-09
exp2816,kimi-k3,zero_shot,eval,DU,f798887e303c18d9,DU,DU,2026-09-09
exp2815,kimi-k3,zero_shot,eval,NEU,f798887e303c18d9,DU,DU,2026-09-09
exp2814,kimi-k3,zero_shot,eval,KU,f798887e303c18d9,DU,DU,2026-09-09
exp2813,kimi-k3,zero_shot,eval,NEU,f798887e303c18d9,DU,DU,2026-09-09
exp2811,kimi-k3,zero_shot,eval,KU,f798887e303c18d9,KU,DU,2026-09-09
exp2810,kimi-k3,zero_shot,eval,NEU,f798887e303c18d9,KU,KU,2026-09-09
exp2809,kimi-k3,zero_shot,eval,KU,f798887e303c18d9,KU,KU,2026-09-09
exp2808,kimi-k3,zero_shot,eval,KU,f798887e303c18d9,DU,DU,2026-09-09
exp2806,kimi-k3,zero_shot,eval,DU,f798887e303c18d9,DU,DU,2026-09-09
exp2805,kimi-k3,zero_shot,eval,KU,f798887e303c18d9,KU,KU,2026-09-09
exp2804,kimi-k3,zero_shot,eval,KU,f798887e303c18d9,DU,DU,2026-09-09
exp2801,kimi-k3,zero_shot,eval,DU,f798887e303c18d9,DU,DU,2026-09-09
exp2800,kimi-k3,zero_shot,eval,KU,f798887e303c18d9,DU,DU,2026-09-09
exp2799,kimi-k3,zero_shot,eval,NEU,f798887e303c18d9,KU,DU,2026-09-09
exp2798,kimi-k3,zero_shot,eval,KU,f798887e303c18d9,KU,KU,2026-09-09
exp2797,kimi-k3,zero_shot,eval,KU,f798887e303c18d9,KU,KU,2026-09-09
exp2796,kimi-k3,zero_shot,eval,DU,f798887e303c18d9,DU,DU,2026-09-09
exp2792,kimi-k3,zero_shot,eval,DU,f798887e303c18d9,DU,DU,2026-09-09
exp2791,kimi-k3,zero_shot,eval,NEU,f798887e303c18d9,KU,KU,2026-09-09
exp2790,kimi-k3,zero_shot,eval,,f798887e303c18d9,DU,DU,2026-09-09
exp2788,kimi-k3,zero_shot,eval,KU,f798887e303c18d9,DU,DU,2026-09-09
exp2787,kimi-k3,zero_shot,eval,KU,f798887e303c18d9,KU,KU,2026-09-09
exp2786,kimi-k3,zero_shot,eval,NEU,f798887e303c18d9,DU,DU,2026-09-09
exp2783,kimi-k3,zero_shot,eval,KU,f798887e303c18d9,DU,DU,2026-09-09
exp2782,kimi-k3,zero_shot,eval,KU,f798887e303c18d9,KU,DU,2026-09-09
exp2781,kimi-k3,zero_shot,eval,DU,f798887e303c18d9,DU,DU,2026-09-09
exp2780,kimi-k3,zero_shot,eval,DU,f798887e303c18d9,DU,DU,2026-09-09
exp2779,kimi-k3,zero_shot,eval,DU,f798887e303c18d9,DU,DU,2026-09-09
exp2778,kimi-k3,zero_shot,eval,KU,f798887e303c18d9,DU,DU,2026-09-09
exp2777,kimi-k3,zero_shot,eval,DU,f798887e303c18d9,KU,DU,2026-09-09
exp2776,kimi-k3,zero_shot,eval,KU,f798887e303c18d9,DU,DU,2026-09-09
exp2775,kimi-k3,zero_shot,eval,NEU,f798887e303c18d9,DU,DU,2026-09-09
exp2773,kimi-k3,zero_shot,eval,NEU,f798887e303c18d9,NEU,NEU,2026-09-09
exp2771,kimi-k3,zero_shot,eval,NEU,f798887e303c18d9,NEU,DU,2026-09-09
exp2770,kimi-k3,zero_shot,eval,KU,f798887e303c18d9,DU,DU,2026-09-09
exp2769,kimi-k3,zero_shot,eval,KU,f798887e303c18d9,KU,KU,2026-09-09
exp2768,kimi-k3,zero_shot,eval,KU,f798887e303c18d9,DU,DU,2026-09-09
exp2767,kimi-k3,zero_shot,eval,KU,f798887e303c18d9,KU,KU,2026-09-09
exp2766,kimi-k3,zero_shot,eval,KU,f798887e303c18d9,DU,DU,2026-09-09
exp2765,kimi-k3,zero_shot,eval,KU,f798887e303c18d9,DU,DU,2026-09-09
exp2764,kimi-k3,zero_shot,eval,NEU,f798887e303c18d9,NEU,NEU,2026-09-09
exp2763,kimi-k3,zero_shot,eval,KU,f798887e303c18d9,KU,DU,2026-09-09
exp2762,kimi-k3,zero_shot,eval,DU,f798887e303c18d9,KU,DU,2026-09-09
exp2761,kimi-k3,zero_shot,eval,DU,f798887e303c18d9,DU,DU,2026-09-09
exp2760,kimi-k3,zero_shot,eval,KU,f798887e303c18d9,DU,DU,2026-09-09
exp2759,kimi-k3,zero_shot,eval,KU,f798887e303c18d9,DU,DU,2026-09-09
exp2758,kimi-k3,zero_shot,eval,KU,f798887e303c18d9,DU,DU,2026-09-09
exp2756,kimi-k3,zero_shot,eval,KU,f798887e303c18d9,DU,DU,2026-09-09
exp2755,kimi-k3,zero_shot,eval,KU,f798887e303c18d9,KU,KU,2026-09-09
exp2754,kimi-k3,zero_shot,eval,KU,f798887e303c18d9,DU,DU,2026-09-09
exp2753,kimi-k3,zero_shot,eval,,f798887e303c18d9,NEU,NEU,2026-09-09
exp2752,kimi-k3,zero_shot,eval,NEU,f798887e303c18d9,NEU,KU,2026-09-09
exp2751,kimi-k3,zero_shot,eval,KU,f798887e303c18d9,KU,DU,2026-09-09
exp2750,kimi-k3,zero_shot,eval,DU,f798887e303c18d9,DU,DU,2026-09-09
exp2749,kimi-k3,zero_shot,eval,NEU,f798887e303c18d9,NEU,NEU,2026-09-09
exp2748,kimi-k3,zero_shot,eval,KU,f798887e303c18d9,DU,DU,2026-09-09
exp2747,kimi-k3,zero_shot,eval,KU,f798887e303c18d9,NEU,KU,2026-09-09
exp2746,kimi-k3,zero_shot,eval,DU,f798887e303c18d9,DU,DU,2026-09-09
exp2745,kimi-k3,zero_shot,eval,DU,f798887e303c18d9,DU,DU,2026-09-09
exp2744,kimi-k3,zero_shot,eval,KU,f798887e303c18d9,KU,DU,2026-09-09
exp2743,kimi-k3,zero_shot,eval,,f798887e303c18d9,KU,KU,2026-09-09
exp2742,kimi-k3,zero_shot,eval,KU,f798887e303c18d9,KU,DU,2026-09-09
exp2741,kimi-k3,zero_shot,eval,KU,f798887e303c18d9,KU,KU,2026-09-09
exp2740,kimi-k3,zero_shot,eval,KU,f798887e303c18d9,DU,DU,2026-09-09
exp2739,kimi-k3,zero_shot,eval,,f798887e303c18d9,NEU,NEU,2026-09-09
exp2738,kimi-k3,zero_shot,eval,NEU,f798887e303c18d9,NEU,NEU,2026-09-09
exp2737,kimi-k3,zero_shot,eval,NEU,f798887e303c18d9,NEU,NEU,2026-09-09
exp2736,kimi-k3,zero_shot,eval,NEU,f798887e303c18d9,KU,NEU,2026-09-09
exp2735,kimi-k3,zero_shot,eval,DU,f798887e303c18d9,KU,DU,2026-09-09
exp2734,kimi-k3,zero_shot,eval,NEU,f798887e303c18d9,NEU,KU,2026-09-09
exp2733,kimi-k3,zero_shot,eval,KU,f798887e303c18d9,KU,KU,2026-09-09
exp2732,kimi-k3,zero_shot,eval,KU,f798887e303c18d9,DU,DU,2026-09-09
exp2731,kimi-k3,zero_shot,eval,KU,f798887e303c18d9,DU,DU,2026-09-09
exp2730,kimi-k3,zero_shot,eval,DU,f798887e303c18d9,DU,DU,2026-09-09
exp2729,kimi-k3,zero_shot,eval,KU,f798887e303c18d9,KU,KU,2026-09-09
exp2728,kimi-k3,zero_shot,eval,DU,f798887e303c18d9,DU,DU,2026-09-09
exp2727,kimi-k3,zero_shot,eval,DU,f798887e303c18d9,DU,KU,2026-09-09
exp2726,kimi-k3,zero_shot,eval,KU,f798887e303c18d9,KU,DU,2026-09-09
exp2725,kimi-k3,zero_shot,eval,KU,f798887e303c18d9,KU,DU,2026-09-09
exp2724,kimi-k3,zero_shot,eval,KU,f798887e303c18d9,KU,DU,2026-09-09
exp2723,kimi-k3,zero_shot,eval,DU,f798887e303c18d9,DU,DU,2026-09-09
exp2722,kimi-k3,zero_shot,eval,NEU,f798887e303c18d9,KU,DU,2026-09-09
exp2721,kimi-k3,zero_shot,eval,KU,f798887e303c18d9,DU,KU,2026-09-09
exp2720,kimi-k3,zero_shot,eval,NEU,f798887e303c18d9,NEU,NEU,2026-09-09
exp2719,kimi-k3,zero_shot,eval,KU,f798887e303c18d9,KU,NEU,2026-09-09
exp2718,kimi-k3,zero_shot,eval,NEU,f798887e303c18d9,KU,KU,2026-09-09
exp2717,kimi-k3,zero_shot,eval,NEU,f798887e303c18d9,DU,NEU,2026-09-09
exp2716,kimi-k3,zero_shot,eval,KU,f798887e303c18d9,DU,DU,2026-09-09
exp2715,kimi-k3,zero_shot,eval,KU,f798887e303c18d9,KU,KU,2026-09-09
exp2714,kimi-k3,zero_shot,eval,NEU,f798887e303c18d9,KU,KU,2026-09-09
exp2713,kimi-k3,zero_shot,eval,DU,f798887e303c18d9,DU,DU,2026-09-09
exp2712,kimi-k3,zero_shot,eval,NEU,f798887e303c18d9,KU,NEU,2026-09-09
exp2711,kimi-k3,zero_shot,eval,KU,f798887e303c18d9,DU,DU,2026-09-09
exp2710,kimi-k3,zero_shot,eval,KU,f798887e303c18d9,DU,DU,2026-09-09
exp2709,kimi-k3,zero_shot,eval,KU,f798887e303c18d9,KU,DU,2026-09-09
exp2708,kimi-k3,zero_shot,eval,DU,f798887e303c18d9,DU,DU,2026-09-09
exp2707,kimi-k3,zero_shot,eval,NEU,f798887e303c18d9,NEU,NEU,2026-09-09
exp2706,kimi-k3,zero_shot,eval,KU,f798887e303c18d9,KU,NEU,2026-09-09
exp2705,kimi-k3,zero_shot,eval,KU,f798887e303c18d9,KU,NEU,2026-09-09
exp2704,kimi-k3,zero_shot,eval,DU,f798887e303c18d9,DU,DU,2026-09-09
exp2703,kimi-k3,zero_shot,eval,DU,f798887e303c18d9,DU,DU,2026-09-09
exp2702,kimi-k3,zero_shot,eval,KU,f798887e303c18d9,DU,DU,2026-09-09
exp2701,kimi-k3,zero_shot,eval,NEU,f798887e303c18d9,KU,DU,2026-09-09
exp2700,kimi-k3,zero_shot,eval,NEU,f798887e303c18d9,NEU,NEU,2026-09-09
exp2699,kimi-k3,zero_shot,eval,KU,f798887e303c18d9,DU,DU,2026-09-09
exp2698,kimi-k3,zero_shot,eval,NEU,f798887e303c18d9,NEU,NEU,2026-09-09
exp2697,kimi-k3,zero_shot,eval,KU,f798887e303c18d9,KU,KU,2026-09-09
exp2696,kimi-k3,zero_shot,eval,KU,f798887e303c18d9,DU,DU,2026-09-09
exp2695,kimi-k3,zero_shot,eval,KU,f798887e303c18d9,KU,KU,2026-09-09
exp2694,kimi-k3,zero_shot,eval,NEU,f798887e303c18d9,DU,KU,2026-09-09
exp2693,kimi-k3,zero_shot,eval,KU,f798887e303c18d9,KU,KU,2026-09-09
exp2692,kimi-k3,zero_shot,eval,NEU,f798887e303c18d9,KU,KU,2026-09-09
exp2691,kimi-k3,zero_shot,eval,KU,f798887e303c18d9,DU,DU,2026-09-09
exp2690,kimi-k3,zero_shot,eval,DU,f798887e303c18d9,KU,KU,2026-09-09
exp2689,kimi-k3,zero_shot,eval,DU,f798887e303c18d9,KU,KU,2026-09-09
exp2688,kimi-k3,zero_shot,eval,KU,f798887e303c18d9,KU,KU,2026-09-09
exp2687,kimi-k3,zero_shot,eval,NEU,f798887e303c18d9,KU,NEU,2026-09-09
exp2686,kimi-k3,zero_shot,eval,KU,f798887e303c18d9,DU,DU,2026-09-09
exp2684,kimi-k3,zero_shot,eval,KU,f798887e303c18d9,DU,DU,2026-09-09
exp2683,kimi-k3,zero_shot,eval,KU,f798887e303c18d9,DU,DU,2026-09-09
exp2682,kimi-k3,zero_shot,eval,NEU,f798887e303c18d9,DU,DU,2026-09-09
exp2681,kimi-k3,zero_shot,eval,KU,f798887e303c18d9,KU,KU,2026-09-09
exp2680,kimi-k3,zero_shot,eval,KU,f798887e303c18d9,KU,KU,2026-09-09
exp2679,kimi-k3,zero_shot,eval,KU,f798887e303c18d9,NEU,NEU,2026-09-09
exp2678,kimi-k3,zero_shot,eval,DU,f798887e303c18d9,DU,DU,2026-09-09
exp2677,kimi-k3,zero_shot,eval,KU,f798887e303c18d9,KU,KU,2026-09-09
exp2676,kimi-k3,zero_shot,eval,DU,f798887e303c18d9,KU,KU,2026-09-09
exp2675,kimi-k3,zero_shot,eval,NEU,f798887e303c18d9,KU,DU,2026-09-09
exp2674,kimi-k3,zero_shot,eval,KU,f798887e303c18d9,DU,DU,2026-09-09
exp2673,kimi-k3,zero_shot,eval,KU,f798887e303c18d9,KU,DU,2026-09-09
exp2672,kimi-k3,zero_shot,eval,KU,f798887e303c18d9,DU,DU,2026-09-09
exp2671,kimi-k3,zero_shot,eval,KU,f798887e303c18d9,DU,DU,2026-09-09
exp2670,kimi-k3,zero_shot,eval,NEU,f798887e303c18d9,KU,KU,2026-09-09
exp2669,kimi-k3,zero_shot,eval,DU,f798887e303c18d9,KU,KU,2026-09-09
exp2668,kimi-k3,zero_shot,eval,KU,f798887e303c18d9,KU,KU,2026-09-09
exp2667,kimi-k3,zero_shot,eval,KU,f798887e303c18d9,DU,DU,2026-09-09
exp2666,kimi-k3,zero_shot,eval,KU,f798887e303c18d9,DU,DU,2026-09-09
exp2665,kimi-k3,zero_shot,eval,DU,f798887e303c18d9,DU,DU,2026-09-09
exp2664,kimi-k3,zero_shot,eval,KU,f798887e303c18d9,DU,DU,2026-09-09
exp2663,kimi-k3,zero_shot,eval,KU,f798887e303c18d9,KU,NEU,2026-09-09
exp2662,kimi-k3,zero_shot,eval,KU,f798887e303c18d9,KU,DU,2026-09-09
exp2661,kimi-k3,zero_shot,eval,NEU,f798887e303c18d9,NEU,NEU,2026-09-09
exp2659,kimi-k3,zero_shot,eval,DU,f798887e303c18d9,DU,DU,2026-09-09
exp2658,kimi-k3,zero_shot,eval,KU,f798887e303c18d9,DU,KU,2026-09-09
exp2657,kimi-k3,zero_shot,eval,DU,f798887e303c18d9,KU,KU,2026-09-09
exp2656,kimi-k3,zero_shot,eval,NEU,f798887e303c18d9,KU,KU,2026-09-09
exp2655,kimi-k3,zero_shot,eval,,f798887e303c18d9,KU,DU,2026-09-09
exp2654,kimi-k3,zero_shot,eval,DU,f798887e303c18d9,DU,DU,2026-09-09
exp2653,kimi-k3,zero_shot,eval,KU,f798887e303c18d9,KU,KU,2026-09-09
exp2652,kimi-k3,zero_shot,eval,KU,f798887e303c18d9,KU,DU,2026-09-09
exp2651,kimi-k3,zero_shot,eval,KU,f798887e303c18d9,DU,DU,2026-09-09
exp2650,kimi-k3,zero_shot,eval,KU,f798887e303c18d9,KU,DU,2026-09-09
exp2648,kimi-k3,zero_shot,eval,NEU,f798887e303c18d9,KU,KU,2026-09-09
exp2647,kimi-k3,zero_shot,eval,KU,f798887e303c18d9,DU,KU,2026-09-09
exp2646,kimi-k3,zero_shot,eval,KU,f798887e303c18d9,KU,KU,2026-09-09
exp2645,kimi-k3,zero_shot,eval,KU,f798887e303c18d9,DU,DU,2026-09-09
exp2644,kimi-k3,zero_shot,eval,KU,f798887e303c18d9,DU,DU,2026-09-09
exp2643,kimi-k3,zero_shot,eval,KU,f798887e303c18d9,KU,DU,2026-09-09
exp2642,kimi-k3,zero_shot,eval,DU,f798887e303c18d9,KU,DU,2026-09-09
exp2641,kimi-k3,zero_shot,eval,KU,f798887e303c18d9,KU,KU,2026-09-09
exp2640,kimi-k3,zero_shot,eval,DU,f798887e303c18d9,DU,KU,2026-09-09
exp2639,kimi-k3,zero_shot,eval,NEU,f798887e303c18d9,NEU,KU,2026-09-09
exp2637,kimi-k3,zero_shot,eval,KU,f798887e303c18d9,DU,DU,2026-09-09
exp2636,kimi-k3,zero_shot,eval,KU,f798887e303c18d9,DU,KU,2026-09-09
exp2635,kimi-k3,zero_shot,eval,NEU,f798887e303c18d9,NEU,NEU,2026-09-09
exp2634,kimi-k3,zero_shot,eval,KU,f798887e303c18d9,KU,KU,2026-09-09
exp2633,kimi-k3,zero_shot,eval,NEU,f798887e303c18d9,KU,KU,2026-09-09
exp2632,kimi-k3,zero_shot,eval,KU,f798887e303c18d9,KU,KU,2026-09-09
exp2631,kimi-k3,zero_shot,eval,NEU,f798887e303c18d9,KU,KU,2026-09-09
exp2630,kimi-k3,zero_shot,eval,KU,f798887e303c18d9,DU,DU,2026-09-09
exp2629,kimi-k3,zero_shot,eval,NEU,f798887e303c18d9,KU,KU,2026-09-09
exp2628,kimi-k3,zero_shot,eval,DU,f798887e303c18d9,DU,DU,2026-09-09
exp2627,kimi-k3,zero_shot,eval,NEU,f798887e303c18d9,KU,KU,2026-09-09
exp2626,kimi-k3,zero_shot,eval,KU,f798887e303c18d9,NEU,NEU,2026-09-09
exp2625,kimi-k3,zero_shot,eval,NEU,f798887e303c18d9,NEU,NEU,2026-09-09
exp2624,kimi-k3,zero_shot,eval,KU,f798887e303c18d9,DU,DU,2026-09-09
exp2623,kimi-k3,zero_shot,eval,NEU,f798887e303c18d9,NEU,NEU,2026-09-09
exp2622,kimi-k3,zero_shot,eval,KU,f798887e303c18d9,KU,KU,2026-09-09
exp2621,kimi-k3,zero_shot,eval,KU,f798887e303c18d9,KU,KU,2026-09-09
exp2620,kimi-k3,zero_shot,eval,NEU,f798887e303c18d9,NEU,NEU,2026-09-09
exp2619,kimi-k3,zero_shot,eval,DU,f798887e303c18d9,DU,DU,2026-09-09
exp2618,kimi-k3,zero_shot,eval,NEU,f798887e303c18d9,KU,KU,2026-09-09
exp2616,kimi-k3,zero_shot,eval,KU,f798887e303c18d9,NEU,NEU,2026-09-09
exp2615,kimi-k3,zero_shot,eval,NEU,f798887e303c18d9,NEU,NEU,2026-09-09
exp2614,kimi-k3,zero_shot,eval,NEU,f798887e303c18d9,KU,KU,2026-09-09
exp2613,kimi-k3,zero_shot,eval,NEU,f798887e303c18d9,DU,DU,2026-09-09
exp2612,kimi-k3,zero_shot,eval,KU,f798887e303c18d9,DU,DU,2026-09-09
exp2611,kimi-k3,zero_shot,eval,DU,f798887e303c18d9,DU,DU,2026-09-09
exp2610,kimi-k3,zero_shot,eval,KU,f798887e303c18d9,KU,KU,2026-09-09
exp2609,kimi-k3,zero_shot,eval,DU,f798887e303c18d9,DU,KU,2026-09-09
exp2608,kimi-k3,zero_shot,eval,DU,f798887e303c18d9,DU,DU,2026-09-09
exp2607,kimi-k3,zero_shot,eval,DU,f798887e303c18d9,DU,KU,2026-09-09
exp2606,kimi-k3,zero_shot,eval,NEU,f798887e303c18d9,KU,KU,2026-09-09
exp2605,kimi-k3,zero_shot,eval,DU,f798887e303c18d9,DU,DU,2026-09-09
exp2604,kimi-k3,zero_shot,eval,KU,f798887e303c18d9,DU,DU,2026-09-09
exp2603,kimi-k3,zero_shot,eval,NEU,f798887e303c18d9,NEU,KU,2026-09-09
exp2602,kimi-k3,zero_shot,eval,KU,f798887e303c18d9,DU,DU,2026-09-09
exp2601,kimi-k3,zero_shot,eval,NEU,f798887e303c18d9,KU,NEU,2026-09-09
exp2600,kimi-k3,zero_shot,eval,DU,f798887e303c18d9,DU,DU,2026-09-09
exp2599,kimi-k3,zero_shot,eval,KU,f798887e303c18d9,KU,KU,2026-09-09
exp2598,kimi-k3,zero_shot,eval,,f798887e303c18d9,DU,DU,2026-09-09
exp2597,kimi-k3,zero_shot,eval,KU,f798887e303c18d9,KU,DU,2026-09-09
exp2596,kimi-k3,zero_shot,eval,KU,f798887e303c18d9,DU,DU,2026-09-09
exp2595,kimi-k3,zero_shot,eval,KU,f798887e303c18d9,NEU,KU,2026-09-09
exp2594,kimi-k3,zero_shot,eval,KU,f798887e303c18d9,KU,KU,2026-09-09
exp2593,kimi-k3,zero_shot,eval,KU,f798887e303c18d9,DU,DU,2026-09-09
exp2592,kimi-k3,zero_shot,eval,DU,f798887e303c18d9,DU,DU,2026-09-09
exp2590,kimi-k3,zero_shot,eval,DU,f798887e303c18d9,DU,DU,2026-09-09
exp2589,kimi-k3,zero_shot,eval,DU,f798887e303c18d9,DU,DU,2026-09-09
exp2588,kimi-k3,zero_shot,eval,KU,f798887e303c18d9,KU,DU,2026-09-09
exp2587,kimi-k3,zero_shot,eval,KU,f798887e303c18d9,DU,DU,2026-09-09
exp2586,kimi-k3,zero_shot,eval,NEU,f798887e303c18d9,KU,KU,2026-09-09
exp2585,kimi-k3,zero_shot,eval,KU,f798887e303c18d9,DU,KU,2026-09-09
exp2584,kimi-k3,zero_shot,eval,DU,f798887e303c18d9,DU,DU,2026-09-09
exp2583,kimi-k3,zero_shot,eval,KU,f798887e303c18d9,DU,DU,2026-09-09
exp2582,kimi-k3,zero_shot,eval,KU,f798887e303c18d9,DU,DU,2026-09-09
exp2581,kimi-k3,zero_shot,eval,NEU,f798887e303c18d9,KU,KU,2026-09-09
exp2579,kimi-k3,zero_shot,eval,KU,f798887e303c18d9,KU,NEU,2026-09-09
exp2578,kimi-k3,zero_shot,eval,DU,f798887e303c18d9,DU,DU,2026-09-09
exp2577,kimi-k3,zero_shot,eval,KU,f798887e303c18d9,KU,KU,2026-09-09
exp2576,kimi-k3,zero_shot,eval,KU,f798887e303c18d9,DU,KU,2026-09-09
exp2575,kimi-k3,zero_shot,eval,KU,f798887e303c18d9,DU,DU,2026-09-09
exp2574,kimi-k3,zero_shot,eval,KU,f798887e303c18d9,KU,KU,2026-09-09
exp2573,kimi-k3,zero_shot,eval,KU,f798887e303c18d9,KU,KU,2026-09-09
exp2572,kimi-k3,zero_shot,eval,KU,f798887e303c18d9,NEU,KU,2026-09-09
exp2571,kimi-k3,zero_shot,eval,NEU,f798887e303c18d9,KU,NEU,2026-09-09
exp2570,kimi-k3,zero_shot,eval,KU,f798887e303c18d9,DU,DU,2026-09-09
exp2569,kimi-k3,zero_shot,eval,KU,f798887e303c18d9,DU,DU,2026-09-09
exp2568,kimi-k3,zero_shot,eval,NEU,f798887e303c18d9,DU,KU,2026-09-09
exp2567,kimi-k3,zero_shot,eval,KU,f798887e303c18d9,KU,KU,2026-09-09
exp2566,kimi-k3,zero_shot,eval,DU,f798887e303c18d9,DU,DU,2026-09-09
exp2565,kimi-k3,zero_shot,eval,KU,f798887e303c18d9,KU,DU,2026-09-09
exp2564,kimi-k3,zero_shot,eval,NEU,f798887e303c18d9,KU,KU,2026-09-09
exp2563,kimi-k3,zero_shot,eval,DU,f798887e303c18d9,DU,DU,2026-09-09
exp2562,kimi-k3,zero_shot,eval,DU,f798887e303c18d9,DU,DU,2026-09-09
exp2561,kimi-k3,zero_shot,eval,KU,f798887e303c18d9,NEU,NEU,2026-09-09
exp2560,kimi-k3,zero_shot,eval,DU,f798887e303c18d9,DU,DU,2026-09-09
exp2559,kimi-k3,zero_shot,eval,KU,f798887e303c18d9,KU,KU,2026-09-09
exp2558,kimi-k3,zero_shot,eval,KU,f798887e303c18d9,KU,KU,2026-09-09
exp2557,kimi-k3,zero_shot,eval,NEU,f798887e303c18d9,NEU,NEU,2026-09-09
exp2556,kimi-k3,zero_shot,eval,NEU,f798887e303c18d9,NEU,NEU,2026-09-09
exp2555,kimi-k3,zero_shot,eval,KU,f798887e303c18d9,DU,DU,2026-09-09
exp2554,kimi-k3,zero_shot,eval,KU,f798887e303c18d9,DU,DU,2026-09-09
exp2553,kimi-k3,zero_shot,eval,KU,f798887e303c18d9,KU,DU,2026-09-09
exp2552,kimi-k3,zero_shot,eval,KU,f798887e303c18d9,KU,KU,2026-09-09
exp2551,kimi-k3,zero_shot,eval,KU,f798887e303c18d9,DU,DU,2026-09-09
exp2550,kimi-k3,zero_shot,eval,KU,f798887e303c18d9,DU,DU,2026-09-09
exp2549,kimi-k3,zero_shot,eval,KU,f798887e303c18d9,KU,DU,2026-09-09
exp2548,kimi-k3,zero_shot,eval,NEU,f798887e303c18d9,KU,KU,2026-09-09
exp2547,kimi-k3,zero_shot,eval,NEU,f798887e303c18d9,NEU,NEU,2026-09-09
exp2546,kimi-k3,zero_shot,eval,NEU,f798887e303c18d9,KU,NEU,2026-09-09
exp2545,kimi-k3,zero_shot,eval,KU,f798887e303c18d9,DU,DU,2026-09-09
exp2544,kimi-k3,zero_shot,eval,KU,f798887e303c18d9,KU,KU,2026-09-09
exp2543,kimi-k3,zero_shot,eval,NEU,f798887e303c18d9,NEU,NEU,2026-09-09
exp2542,kimi-k3,zero_shot,eval,KU,f798887e303c18d9,KU,KU,2026-09-09
exp2541,kimi-k3,zero_shot,eval,DU,f798887e303c18d9,DU,DU,2026-09-09
exp2540,kimi-k3,zero_shot,eval,DU,f798887e303c18d9,KU,KU,2026-09-09
exp2539,kimi-k3,zero_shot,eval,DU,f798887e303c18d9,DU,DU,2026-09-09
exp2538,kimi-k3,zero_shot,eval,NEU,f798887e303c18d9,KU,KU,2026-09-09
exp2537,kimi-k3,zero_shot,eval,DU,f798887e303c18d9,DU,DU,2026-09-09
exp2535,kimi-k3,zero_shot,eval,DU,f798887e303c18d9,DU,DU,2026-09-09
exp2534,kimi-k3,zero_shot,eval,KU,f798887e303c18d9,KU,DU,2026-09-09
exp2533,kimi-k3,zero_shot,eval,KU,f798887e303c18d9,DU,DU,2026-09-09
exp2532,kimi-k3,zero_shot,eval,KU,f798887e303c18d9,DU,DU,2026-09-09
exp2531,kimi-k3,zero_shot,eval,NEU,f798887e303c18d9,NEU,NEU,2026-09-09
exp2528,kimi-k3,zero_shot,eval,KU,f798887e303c18d9,DU,DU,2026-09-09
exp2523,kimi-k3,zero_shot,eval,KU,f798887e303c18d9,KU,KU,2026-09-09
exp2522,kimi-k3,zero_shot,eval,KU,f798887e303c18d9,KU,KU,2026-09-09
exp2513,kimi-k3,zero_shot,eval,DU,f798887e303c18d9,KU,KU,2026-09-09
exp2512,kimi-k3,zero_shot,eval,KU,f798887e303c18d9,DU,KU,2026-09-09
exp2510,kimi-k3,zero_shot,eval,KU,f798887e303c18d9,KU,KU,2026-09-09
exp2501,kimi-k3,zero_shot,eval,KU,f798887e303c18d9,DU,DU,2026-09-09
exp2500,kimi-k3,zero_shot,eval,KU,f798887e303c18d9,KU,KU,2026-09-09
exp2493,kimi-k3,zero_shot,eval,KU,f798887e303c18d9,DU,DU,2026-09-09
exp2492,kimi-k3,zero_shot,eval,KU,f798887e303c18d9,DU,DU,2026-09-09
exp2491,kimi-k3,zero_shot,eval,KU,f798887e303c18d9,DU,DU,2026-09-09
exp2488,kimi-k3,zero_shot,eval,KU,f798887e303c18d9,DU,KU,2026-09-09
exp2475,kimi-k3,zero_shot,eval,KU,f798887e303c18d9,DU,DU,2026-09-09
exp2465,kimi-k3,zero_shot,eval,KU,f798887e303c18d9,DU,DU,2026-09-09
exp2464,kimi-k3,zero_shot,eval,KU,f798887e303c18d9,DU,KU,2026-09-09
exp2463,kimi-k3,zero_shot,eval,KU,f798887e303c18d9,KU,KU,2026-09-09
exp2435,kimi-k3,zero_shot,eval,NEU,f798887e303c18d9,KU,KU,2026-09-09
exp2432,kimi-k3,zero_shot,eval,NEU,f798887e303c18d9,NEU,NEU,2026-09-09
exp2378,kimi-k3,zero_shot,eval,KU,f798887e303c18d9,NEU,KU,2026-09-09
exp2347,kimi-k3,zero_shot,eval,NEU,f798887e303c18d9,NEU,NEU,2026-09-09
exp2296,kimi-k3,zero_shot,eval,KU,f798887e303c18d9,KU,KU,2026-09-09
exp1523,kimi-k3,zero_shot,eval,KU,f798887e303c18d9,DU,DU,2026-09-09
exp1525,kimi-k3,zero_shot,eval,DU,f798887e303c18d9,DU,DU,2026-09-09
exp1526,kimi-k3,zero_shot,eval,NEU,f798887e303c18d9,DU,DU,2026-09-09
exp1528,kimi-k3,zero_shot,eval,KU,f798887e303c18d9,DU,DU,2026-09-09
exp1529,kimi-k3,zero_shot,eval,KU,f798887e303c18d9,KU,KU,2026-09-09
exp1530,kimi-k3,zero_shot,eval,NEU,f798887e303c18d9,KU,DU,2026-09-09
exp1531,kimi-k3,zero_shot,eval,NEU,f798887e303c18d9,NEU,NEU,2026-09-09
exp1532,kimi-k3,zero_shot,eval,KU,f798887e303c18d9,DU,DU,2026-09-09
exp1536,kimi-k3,zero_shot,eval,KU,f798887e303c18d9,KU,KU,2026-09-09
exp1537,kimi-k3,zero_shot,eval,KU,f798887e303c18d9,KU,KU,2026-09-09
exp1541,kimi-k3,zero_shot,eval,KU,f798887e303c18d9,DU,DU,2026-09-09
exp1544,kimi-k3,zero_shot,eval,KU,f798887e303c18d9,NEU,NEU,2026-09-09
exp1547,kimi-k3,zero_shot,eval,KU,f798887e303c18d9,DU,KU,2026-09-09
exp1549,kimi-k3,zero_shot,eval,KU,f798887e303c18d9,DU,DU,2026-09-09
exp1554,kimi-k3,zero_shot,eval,NEU,f798887e303c18d9,NEU,NEU,2026-09-09
exp1555,kimi-k3,zero_shot,eval,DU,f798887e303c18d9,DU,DU,2026-09-09
exp1556,kimi-k3,zero_shot,eval,KU,f798887e303c18d9,NEU,NEU,2026-09-09
exp1557,kimi-k3,zero_shot,eval,NEU,f798887e303c18d9,KU,KU,2026-09-09
exp1559,kimi-k3,zero_shot,eval,DU,f798887e303c18d9,DU,DU,2026-09-09
exp1561,kimi-k3,zero_shot,eval,NEU,f798887e303c18d9,DU,DU,2026-09-09
exp1562,kimi-k3,zero_shot,eval,DU,f798887e303c18d9,DU,DU,2026-09-09
exp1565,kimi-k3,zero_shot,eval,KU,f798887e303c18d9,DU,DU,2026-09-09
exp1567,kimi-k3,zero_shot,eval,KU,f798887e303c18d9,DU,DU,2026-09-09
exp1568,kimi-k3,zero_shot,eval,KU,f798887e303c18d9,DU,DU,2026-09-09
exp1569,kimi-k3,zero_shot,eval,NEU,f798887e303c18d9,NEU,KU,2026-09-09
exp1570,kimi-k3,zero_shot,eval,KU,f798887e303c18d9,DU,DU,2026-09-09
exp1571,kimi-k3,zero_shot,eval,KU,f798887e303c18d9,KU,DU,2026-09-09
exp1572,kimi-k3,zero_shot,eval,NEU,f798887e303c18d9,NEU,NEU,2026-09-09
exp1573,kimi-k3,zero_shot,eval,KU,f798887e303c18d9,KU,KU,2026-09-09
exp1574,kimi-k3,zero_shot,eval,KU,f798887e303c18d9,KU,DU,2026-09-09
exp1576,kimi-k3,zero_shot,eval,KU,f798887e303c18d9,KU,KU,2026-09-09
exp1577,kimi-k3,zero_shot,eval,NEU,f798887e303c18d9,NEU,KU,2026-09-09
exp1583,kimi-k3,zero_shot,eval,NEU,f798887e303c18d9,KU,NEU,2026-09-09
exp1586,kimi-k3,zero_shot,eval,KU,f798887e303c18d9,KU,KU,2026-09-09
exp1588,kimi-k3,zero_shot,eval,NEU,f798887e303c18d9,NEU,NEU,2026-09-09
exp1589,kimi-k3,zero_shot,eval,KU,f798887e303c18d9,DU,DU,2026-09-09
exp1591,kimi-k3,zero_shot,eval,KU,f798887e303c18d9,KU,KU,2026-09-09
exp1593,kimi-k3,zero_shot,eval,KU,f798887e303c18d9,DU,DU,2026-09-09
exp1594,kimi-k3,zero_shot,eval,KU,f798887e303c18d9,KU,KU,2026-09-09
exp1595,kimi-k3,zero_shot,eval,NEU,f798887e303c18d9,NEU,NEU,2026-09-09
exp1596,kimi-k3,zero_shot,eval,NEU,f798887e303c18d9,NEU,KU,2026-09-09
exp1598,kimi-k3,zero_shot,eval,NEU,f798887e303c18d9,KU,KU,2026-09-09
exp1601,kimi-k3,zero_shot,eval,NEU,f798887e303c18d9,NEU,NEU,2026-09-09
exp1602,kimi-k3,zero_shot,eval,NEU,f798887e303c18d9,KU,KU,2026-09-09
exp1605,kimi-k3,zero_shot,eval,KU,f798887e303c18d9,DU,DU,2026-09-09
exp1606,kimi-k3,zero_shot,eval,DU,f798887e303c18d9,DU,DU,2026-09-09
exp1607,kimi-k3,zero_shot,eval,KU,f798887e303c18d9,KU,KU,2026-09-09
exp1608,kimi-k3,zero_shot,eval,KU,f798887e303c18d9,KU,KU,2026-09-09
exp1610,kimi-k3,zero_shot,eval,KU,f798887e303c18d9,KU,KU,2026-09-09
exp1611,kimi-k3,zero_shot,eval,DU,f798887e303c18d9,DU,DU,2026-09-09
exp1613,kimi-k3,zero_shot,eval,KU,f798887e303c18d9,KU,KU,2026-09-09
exp1614,kimi-k3,zero_shot,eval,NEU,f798887e303c18d9,KU,DU,2026-09-09
exp1616,kimi-k3,zero_shot,eval,DU,f798887e303c18d9,DU,KU,2026-09-09
exp1617,kimi-k3,zero_shot,eval,DU,f798887e303c18d9,DU,DU,2026-09-09
exp1618,kimi-k3,zero_shot,eval,NEU,f798887e303c18d9,NEU,NEU,2026-09-09
exp1619,kimi-k3,zero_shot,eval,NEU,f798887e303c18d9,KU,KU,2026-09-09
exp1622,kimi-k3,zero_shot,eval,NEU,f798887e303c18d9,NEU,NEU,2026-09-09
exp1623,kimi-k3,zero_shot,eval,DU,f798887e303c18d9,DU,DU,2026-09-09
exp1624,kimi-k3,zero_shot,eval,KU,f798887e303c18d9,DU,KU,2026-09-09
exp1626,kimi-k3,zero_shot,eval,KU,f798887e303c18d9,DU,DU,2026-09-09
exp1627,kimi-k3,zero_shot,eval,KU,f798887e303c18d9,KU,KU,2026-09-09
exp1628,kimi-k3,zero_shot,eval,DU,f798887e303c18d9,DU,DU,2026-09-09
exp1631,kimi-k3,zero_shot,eval,KU,f798887e303c18d9,DU,DU,2026-09-09
exp1632,kimi-k3,zero_shot,eval,KU,f798887e303c18d9,DU,DU,2026-09-09
exp1633,kimi-k3,zero_shot,eval,DU,f798887e303c18d9,DU,DU,2026-09-09
exp1635,kimi-k3,zero_shot,eval,DU,f798887e303c18d9,DU,DU,2026-09-09
exp1637,kimi-k3,zero_shot,eval,KU,f798887e303c18d9,KU,KU,2026-09-09
exp1638,kimi-k3,zero_shot,eval,DU,f798887e303c18d9,DU,KU,2026-09-09
exp1639,kimi-k3,zero_shot,eval,NEU,f798887e303c18d9,NEU,NEU,2026-09-09
exp1641,kimi-k3,zero_shot,eval,DU,f798887e303c18d9,DU,DU,2026-09-09
exp1642,kimi-k3,zero_shot,eval,DU,f798887e303c18d9,DU,DU,2026-09-09
exp1643,kimi-k3,zero_shot,eval,KU,f798887e303c18d9,KU,KU,2026-09-09
exp1646,kimi-k3,zero_shot,eval,DU,f798887e303c18d9,DU,DU,2026-09-09
exp1649,kimi-k3,zero_shot,eval,DU,f798887e303c18d9,DU,KU,2026-09-09
exp1651,kimi-k3,zero_shot,eval,NEU,f798887e303c18d9,KU,KU,2026-09-09
exp1652,kimi-k3,zero_shot,eval,NEU,f798887e303c18d9,NEU,NEU,2026-09-09
exp1653,kimi-k3,zero_shot,eval,KU,f798887e303c18d9,DU,DU,2026-09-09
exp1654,kimi-k3,zero_shot,eval,DU,f798887e303c18d9,DU,DU,2026-09-09
exp1656,kimi-k3,zero_shot,eval,DU,f798887e303c18d9,DU,DU,2026-09-09
exp1658,kimi-k3,zero_shot,eval,KU,f798887e303c18d9,NEU,NEU,2026-09-09
exp1659,kimi-k3,zero_shot,eval,KU,f798887e303c18d9,KU,KU,2026-09-09
exp1660,kimi-k3,zero_shot,eval,DU,f798887e303c18d9,DU,DU,2026-09-09
exp1661,kimi-k3,zero_shot,eval,KU,f798887e303c18d9,KU,KU,2026-09-09
exp1663,kimi-k3,zero_shot,eval,KU,f798887e303c18d9,DU,DU,2026-09-09
exp1665,kimi-k3,zero_shot,eval,DU,f798887e303c18d9,DU,DU,2026-09-09
exp1667,kimi-k3,zero_shot,eval,KU,f798887e303c18d9,KU,KU,2026-09-09
exp1668,kimi-k3,zero_shot,eval,NEU,f798887e303c18d9,NEU,NEU,2026-09-09
exp1670,kimi-k3,zero_shot,eval,KU,f798887e303c18d9,KU,KU,2026-09-09
exp1671,kimi-k3,zero_shot,eval,DU,f798887e303c18d9,DU,DU,2026-09-09
exp1672,kimi-k3,zero_shot,eval,DU,f798887e303c18d9,DU,DU,2026-09-09
exp1673,kimi-k3,zero_shot,eval,NEU,f798887e303c18d9,KU,DU,2026-09-09
exp1674,kimi-k3,zero_shot,eval,KU,f798887e303c18d9,KU,DU,2026-09-09
exp1676,kimi-k3,zero_shot,eval,NEU,f798887e303c18d9,NEU,NEU,2026-09-09
exp1681,kimi-k3,zero_shot,eval,DU,f798887e303c18d9,DU,DU,2026-09-09
exp1683,kimi-k3,zero_shot,eval,DU,f798887e303c18d9,DU,DU,2026-09-09
exp1685,kimi-k3,zero_shot,eval,DU,f798887e303c18d9,DU,DU,2026-09-09
exp1693,kimi-k3,zero_shot,eval,NEU,f798887e303c18d9,NEU,NEU,2026-09-09
exp1694,kimi-k3,zero_shot,eval,NEU,f798887e303c18d9,NEU,NEU,2026-09-09
exp1695,kimi-k3,zero_shot,eval,KU,f798887e303c18d9,DU,DU,2026-09-09
exp1696,kimi-k3,zero_shot,eval,KU,f798887e303c18d9,KU,KU,2026-09-09
exp1697,kimi-k3,zero_shot,eval,NEU,f798887e303c18d9,NEU,NEU,2026-09-09
exp1699,kimi-k3,zero_shot,eval,NEU,f798887e303c18d9,NEU,NEU,2026-09-09
exp1700,kimi-k3,zero_shot,eval,NEU,f798887e303c18d9,NEU,NEU,2026-09-09
exp1701,kimi-k3,zero_shot,eval,DU,f798887e303c18d9,DU,DU,2026-09-09
exp1702,kimi-k3,zero_shot,eval,KU,f798887e303c18d9,NEU,NEU,2026-09-09
exp1704,kimi-k3,zero_shot,eval,KU,f798887e303c18d9,DU,DU,2026-09-09
exp1705,kimi-k3,zero_shot,eval,KU,f798887e303c18d9,DU,DU,2026-09-09
exp1706,kimi-k3,zero_shot,eval,DU,f798887e303c18d9,DU,DU,2026-09-09
exp1709,kimi-k3,zero_shot,eval,KU,f798887e303c18d9,DU,DU,2026-09-09
exp1711,kimi-k3,zero_shot,eval,NEU,f798887e303c18d9,KU,KU,2026-09-09
exp1713,kimi-k3,zero_shot,eval,KU,f798887e303c18d9,DU,DU,2026-09-09
exp1718,kimi-k3,zero_shot,eval,NEU,f798887e303c18d9,NEU,KU,2026-09-09
exp1719,kimi-k3,zero_shot,eval,KU,f798887e303c18d9,DU,DU,2026-09-09
exp1723,kimi-k3,zero_shot,eval,NEU,f798887e303c18d9,NEU,NEU,2026-09-09
exp1724,kimi-k3,zero_shot,eval,KU,f798887e303c18d9,DU,DU,2026-09-09
exp1725,kimi-k3,zero_shot,eval,NEU,f798887e303c18d9,NEU,NEU,2026-09-09
exp1726,kimi-k3,zero_shot,eval,NEU,f798887e303c18d9,KU,KU,2026-09-09
exp1729,kimi-k3,zero_shot,eval,KU,f798887e303c18d9,DU,DU,2026-09-09
exp1730,kimi-k3,zero_shot,eval,KU,f798887e303c18d9,NEU,NEU,2026-09-09
exp1731,kimi-k3,zero_shot,eval,DU,f798887e303c18d9,DU,DU,2026-09-09
exp1733,kimi-k3,zero_shot,eval,KU,f798887e303c18d9,KU,DU,2026-09-09
exp1734,kimi-k3,zero_shot,eval,NEU,f798887e303c18d9,KU,KU,2026-09-09
exp1735,kimi-k3,zero_shot,eval,KU,f798887e303c18d9,DU,KU,2026-09-09
exp1736,kimi-k3,zero_shot,eval,KU,f798887e303c18d9,KU,DU,2026-09-09
exp1737,kimi-k3,zero_shot,eval,NEU,f798887e303c18d9,NEU,NEU,2026-09-09
exp1738,kimi-k3,zero_shot,eval,KU,f798887e303c18d9,DU,DU,2026-09-09
exp1739,kimi-k3,zero_shot,eval,KU,f798887e303c18d9,DU,DU,2026-09-09
exp1740,kimi-k3,zero_shot,eval,DU,f798887e303c18d9,KU,KU,2026-09-09
exp1741,kimi-k3,zero_shot,eval,KU,f798887e303c18d9,DU,DU,2026-09-09
exp1742,kimi-k3,zero_shot,eval,DU,f798887e303c18d9,KU,KU,2026-09-09
exp1745,kimi-k3,zero_shot,eval,DU,f798887e303c18d9,DU,DU,2026-09-09
exp1746,kimi-k3,zero_shot,eval,KU,f798887e303c18d9,KU,DU,2026-09-09
exp1747,kimi-k3,zero_shot,eval,DU,f798887e303c18d9,DU,KU,2026-09-09
exp1752,kimi-k3,zero_shot,eval,NEU,f798887e303c18d9,NEU,NEU,2026-09-09
exp1753,kimi-k3,zero_shot,eval,NEU,f798887e303c18d9,KU,KU,2026-09-09
exp1754,kimi-k3,zero_shot,eval,KU,f798887e303c18d9,KU,KU,2026-09-09
exp1756,kimi-k3,zero_shot,eval,NEU,f798887e303c18d9,NEU,NEU,2026-09-09
exp1759,kimi-k3,zero_shot,eval,DU,f798887e303c18d9,DU,DU,2026-09-09
exp1761,kimi-k3,zero_shot,eval,KU,f798887e303c18d9,DU,KU,2026-09-09
exp1762,kimi-k3,zero_shot,eval,DU,f798887e303c18d9,DU,DU,2026-09-09
exp1768,kimi-k3,zero_shot,eval,NEU,f798887e303c18d9,NEU,NEU,2026-09-09
exp1769,kimi-k3,zero_shot,eval,DU,f798887e303c18d9,DU,DU,2026-09-09
exp1770,kimi-k3,zero_shot,eval,NEU,f798887e303c18d9,DU,DU,2026-09-09
exp1772,kimi-k3,zero_shot,eval,DU,f798887e303c18d9,DU,DU,2026-09-09
exp1774,kimi-k3,zero_shot,eval,KU,f798887e303c18d9,DU,DU,2026-09-09
exp1776,kimi-k3,zero_shot,eval,NEU,f798887e303c18d9,NEU,KU,2026-09-09
exp1777,kimi-k3,zero_shot,eval,KU,f798887e303c18d9,DU,DU,2026-09-09
exp1778,kimi-k3,zero_shot,eval,DU,f798887e303c18d9,DU,DU,2026-09-09
exp1780,kimi-k3,zero_shot,eval,NEU,f798887e303c18d9,NEU,NEU,2026-09-09
exp1782,kimi-k3,zero_shot,eval,DU,f798887e303c18d9,DU,DU,2026-09-09
exp1784,kimi-k3,zero_shot,eval,KU,f798887e303c18d9,DU,DU,2026-09-09
exp1785,kimi-k3,zero_shot,eval,KU,f798887e303c18d9,DU,DU,2026-09-09
exp1787,kimi-k3,zero_shot,eval,NEU,f798887e303c18d9,NEU,NEU,2026-09-09
exp1788,kimi-k3,zero_shot,eval,DU,f798887e303c18d9,DU,DU,2026-09-09
exp1789,kimi-k3,zero_shot,eval,KU,f798887e303c18d9,DU,DU,2026-09-09
exp1792,kimi-k3,zero_shot,eval,NEU,f798887e303c18d9,NEU,NEU,2026-09-09
exp1794,kimi-k3,zero_shot,eval,KU,f798887e303c18d9,KU,KU,2026-09-09
exp1795,kimi-k3,zero_shot,eval,KU,f798887e303c18d9,DU,KU,2026-09-09
exp1796,kimi-k3,zero_shot,eval,NEU,f798887e303c18d9,NEU,KU,2026-09-09
exp1799,kimi-k3,zero_shot,eval,KU,f798887e303c18d9,DU,DU,2026-09-09
exp1800,kimi-k3,zero_shot,eval,DU,f798887e303c18d9,DU,KU,2026-09-09
exp1801,kimi-k3,zero_shot,eval,KU,f798887e303c18d9,KU,KU,2026-09-09
exp1802,kimi-k3,zero_shot,eval,KU,f798887e303c18d9,DU,DU,2026-09-09
exp1803,kimi-k3,zero_shot,eval,KU,f798887e303c18d9,DU,DU,2026-09-09
exp1805,kimi-k3,zero_shot,eval,KU,f798887e303c18d9,DU,DU,2026-09-09
exp1811,kimi-k3,zero_shot,eval,KU,f798887e303c18d9,DU,DU,2026-09-09
exp1817,kimi-k3,zero_shot,eval,NEU,f798887e303c18d9,KU,KU,2026-09-09
exp1818,kimi-k3,zero_shot,eval,DU,f798887e303c18d9,DU,DU,2026-09-09
exp1819,kimi-k3,zero_shot,eval,NEU,f798887e303c18d9,NEU,NEU,2026-09-09
exp1822,kimi-k3,zero_shot,eval,KU,f798887e303c18d9,DU,DU,2026-09-09
exp1824,kimi-k3,zero_shot,eval,KU,f798887e303c18d9,DU,DU,2026-09-09
exp1826,kimi-k3,zero_shot,eval,DU,f798887e303c18d9,DU,DU,2026-09-09
exp1827,kimi-k3,zero_shot,eval,KU,f798887e303c18d9,NEU,NEU,2026-09-09
exp1829,kimi-k3,zero_shot,eval,NEU,f798887e303c18d9,NEU,NEU,2026-09-09
exp1835,kimi-k3,zero_shot,eval,KU,f798887e303c18d9,DU,DU,2026-09-09
exp1836,kimi-k3,zero_shot,eval,DU,f798887e303c18d9,DU,DU,2026-09-09
exp3008,glm-5.3,zero_shot,eval,KU,f98256a1719daf8a,KU,KU,2026-09-09
exp3006,glm-5.3,zero_shot,eval,KU,f98256a1719daf8a,DU,DU,2026-09-09
exp3005,glm-5.3,zero_shot,eval,DU,f98256a1719daf8a,DU,DU,2026-09-09
exp3004,glm-5.3,zero_shot,eval,KU,f98256a1719daf8a,KU,KU,2026-09-09
exp3003,glm-5.3,zero_shot,eval,DU,f98256a1719daf8a,DU,DU,2026-09-09
exp3002,glm-5.3,zero_shot,eval,KU,f98256a1719daf8a,KU,KU,2026-09-09
exp3000,glm-5.3,zero_shot,eval,KU,f98256a1719daf8a,KU,DU,2026-09-09
exp2999,glm-5.3,zero_shot,eval,KU,f98256a1719daf8a,KU,DU,2026-09-09
exp2998,glm-5.3,zero_shot,eval,DU,f98256a1719daf8a,DU,DU,2026-09-09
exp2996,glm-5.3,zero_shot,eval,KU,f98256a1719daf8a,DU,DU,2026-09-09
exp2995,glm-5.3,zero_shot,eval,DU,f98256a1719daf8a,DU,DU,2026-09-09
exp2994,glm-5.3,zero_shot,eval,KU,f98256a1719daf8a,KU,KU,2026-09-09
exp2993,glm-5.3,zero_shot,eval,NEU,f98256a1719daf8a,NEU,NEU,2026-09-09
exp2992,glm-5.3,zero_shot,eval,KU,f98256a1719daf8a,DU,DU,2026-09-09
exp2991,glm-5.3,zero_shot,eval,KU,f98256a1719daf8a,NEU,NEU,2026-09-09
exp2989,glm-5.3,zero_shot,eval,NEU,f98256a1719daf8a,NEU,NEU,2026-09-09
exp2988,glm-5.3,zero_shot,eval,KU,f98256a1719daf8a,DU,DU,2026-09-09
exp2987,glm-5.3,zero_shot,eval,KU,f98256a1719daf8a,KU,KU,2026-09-09
exp2986,glm-5.3,zero_shot,eval,DU,f98256a1719daf8a,DU,DU,2026-09-09
exp2985,glm-5.3,zero_shot,eval,KU,f98256a1719daf8a,KU,NEU,2026-09-09
exp2984,glm-5.3,zero_shot,eval,KU,f98256a1719daf8a,DU,DU,2026-09-09
exp2982,glm-5.3,zero_shot,eval,KU,f98256a1719daf8a,KU,KU,2026-09-09
exp2979,glm-5.3,zero_shot,eval,DU,f98256a1719daf8a,DU,DU,2026-09-09
exp2977,glm-5.3,zero_shot,eval,DU,f98256a1719daf8a,KU,DU,2026-09-09
exp2976,glm-5.3,zero_shot,eval,KU,f98256a1719daf8a,DU,DU,2026-09-09
exp2975,glm-5.3,zero_shot,eval,KU,f98256a1719daf8a,DU,DU,2026-09-09
exp2971,glm-5.3,zero_shot,eval,KU,f98256a1719daf8a,DU,DU,2026-09-09
exp2969,glm-5.3,zero_shot,eval,DU,f98256a1719daf8a,DU,DU,2026-09-09
exp2966,glm-5.3,zero_shot,eval,KU,f98256a1719daf8a,KU,KU,2026-09-09
exp2965,glm-5.3,zero_shot,eval,KU,f98256a1719daf8a,KU,KU,2026-09-09
exp2963,glm-5.3,zero_shot,eval,KU,f98256a1719daf8a,KU,KU,2026-09-09
exp2962,glm-5.3,zero_shot,eval,KU,f98256a1719daf8a,KU,KU,2026-09-09
exp2961,glm-5.3,zero_shot,eval,NEU,f98256a1719daf8a,NEU,NEU,2026-09-09
exp2960,glm-5.3,zero_shot,eval,KU,f98256a1719daf8a,KU,KU,2026-09-09
exp2959,glm-5.3,zero_shot,eval,KU,f98256a1719daf8a,KU,KU,2026-09-09
exp2957,glm-5.3,zero_shot,eval,KU,f98256a1719daf8a,DU,KU,2026-09-09
exp2956,glm-5.3,zero_shot,eval,NEU,f98256a1719daf8a,NEU,NEU,2026-09-09
exp2955,glm-5.3,zero_shot,eval,KU,f98256a1719daf8a,DU,DU,2026-09-09
exp2954,glm-5.3,zero_shot,eval,KU,f98256a1719daf8a,DU,DU,2026-09-09
exp2952,glm-5.3,zero_shot,eval,DU,f98256a1719daf8a,DU,DU,2026-09-09
exp2951,glm-5.3,zero_shot,eval,NEU,f98256a1719daf8a,DU,DU,2026-09-09
exp2950,glm-5.3,zero_shot,eval,DU,f98256a1719daf8a,DU,DU,2026-09-09
exp2949,glm-5.3,zero_shot,eval,KU,f98256a1719daf8a,KU,KU,2026-09-09
exp2948,glm-5.3,zero_shot,eval,DU,f98256a1719daf8a,DU,DU,2026-09-09
exp2946,glm-5.3,zero_shot,eval,NEU,f98256a1719daf8a,KU,KU,2026-09-09
exp2945,glm-5.3,zero_shot,eval,KU,f98256a1719daf8a,DU,DU,2026-09-09
exp2944,glm-5.3,zero_shot,eval,KU,f98256a1719daf8a,KU,DU,2026-09-09
exp2942,glm-5.3,zero_shot,eval,DU,f98256a1719daf8a,DU,DU,2026-09-09
exp2941,glm-5.3,zero_shot,eval,DU,f98256a1719daf8a,KU,DU,2026-09-09
exp2940,glm-5.3,zero_shot,eval,KU,f98256a1719daf8a,KU,DU,2026-09-09
exp2938,glm-5.3,zero_shot,eval,KU,f98256a1719daf8a,DU,DU,2026-09-09
exp2937,glm-5.3,zero_shot,eval,KU,f98256a1719daf8a,DU,DU,2026-09-09
exp2936,glm-5.3,zero_shot,eval,DU,f98256a1719daf8a,DU,DU,2026-09-09
exp2935,glm-5.3,zero_shot,eval,KU,f98256a1719daf8a,DU,DU,2026-09-09
exp2934,glm-5.3,zero_shot,eval,DU,f98256a1719daf8a,DU,DU,2026-09-09
exp2933,glm-5.3,zero_shot,eval,DU,f98256a1719daf8a,DU,DU,2026-09-09
exp2931,glm-5.3,zero_shot,eval,KU,f98256a1719daf8a,KU,DU,2026-09-09
exp2929,glm-5.3,zero_shot,eval,KU,f98256a1719daf8a,DU,KU,2026-09-09
exp2927,glm-5.3,zero_shot,eval,NEU,f98256a1719daf8a,NEU,NEU,2026-09-09
exp2926,glm-5.3,zero_shot,eval,KU,f98256a1719daf8a,NEU,KU,2026-09-09
exp2924,glm-5.3,zero_shot,eval,KU,f98256a1719daf8a,DU,DU,2026-09-09
exp2923,glm-5.3,zero_shot,eval,KU,f98256a1719daf8a,KU,KU,2026-09-09
exp2922,glm-5.3,zero_shot,eval,DU,f98256a1719daf8a,DU,DU,2026-09-09
exp2921,glm-5.3,zero_shot,eval,KU,f98256a1719daf8a,KU,KU,2026-09-09
exp2920,glm-5.3,zero_shot,eval,DU,f98256a1719daf8a,KU,KU,2026-09-09
exp2919,glm-5.3,zero_shot,eval,KU,f98256a1719daf8a,KU,DU,2026-09-09
exp2914,glm-5.3,zero_shot,eval,NEU,f98256a1719daf8a,DU,DU,2026-09-09
exp2911,glm-5.3,zero_shot,eval,KU,f98256a1719daf8a,DU,DU,2026-09-09
exp2910,glm-5.3,zero_shot,eval,KU,f98256a1719daf8a,DU,DU,2026-09-09
exp2909,glm-5.3,zero_shot,eval,KU,f98256a1719daf8a,DU,DU,2026-09-09
exp2908,glm-5.3,zero_shot,eval,KU,f98256a1719daf8a,DU,DU,2026-09-09
exp2907,glm-5.3,zero_shot,eval,NEU,f98256a1719daf8a,NEU,NEU,2026-09-09
exp2906,glm-5.3,zero_shot,eval,NEU,f98256a1719daf8a,NEU,NEU,2026-09-09
exp2904,glm-5.3,zero_shot,eval,KU,f98256a1719daf8a,DU,DU,2026-09-09
exp2903,glm-5.3,zero_shot,eval,KU,f98256a1719daf8a,KU,KU,2026-09-09
exp2902,glm-5.3,zero_shot,eval,KU,f98256a1719daf8a,KU,KU,2026-09-09
exp2901,glm-5.3,zero_shot,eval,DU,f98256a1719daf8a,DU,DU,2026-09-09
exp2900,glm-5.3,zero_shot,eval,KU,f98256a1719daf8a,DU,DU,2026-09-09
exp2899,glm-5.3,zero_shot,eval,KU,f98256a1719daf8a,DU,DU,2026-09-09
exp2898,glm-5.3,zero_shot,eval,DU,f98256a1719daf8a,DU,DU,2026-09-09
exp2896,glm-5.3,zero_shot,eval,KU,f98256a1719daf8a,DU,DU,2026-09-09
exp2895,glm-5.3,zero_shot,eval,KU,f98256a1719daf8a,KU,KU,2026-09-09
exp2894,glm-5.3,zero_shot,eval,NEU,f98256a1719daf8a,DU,DU,2026-09-09
exp2893,glm-5.3,zero_shot,eval,KU,f98256a1719daf8a,KU,KU,2026-09-09
exp2890,glm-5.3,zero_shot,eval,KU,f98256a1719daf8a,KU,KU,2026-09-09
exp2889,glm-5.3,zero_shot,eval,NEU,f98256a1719daf8a,NEU,NEU,2026-09-09
exp2888,glm-5.3,zero_shot,eval,NEU,f98256a1719daf8a,NEU,NEU,2026-09-09
exp2887,glm-5.3,zero_shot,eval,NEU,f98256a1719daf8a,KU,KU,2026-09-09
exp2886,glm-5.3,zero_shot,eval,KU,f98256a1719daf8a,DU,DU,2026-09-09
exp2885,glm-5.3,zero_shot,eval,NEU,f98256a1719daf8a,NEU,NEU,2026-09-09
exp2883,glm-5.3,zero_shot,eval,NEU,f98256a1719daf8a,KU,KU,2026-09-09
exp2882,glm-5.3,zero_shot,eval,NEU,f98256a1719daf8a,NEU,NEU,2026-09-09
exp2881,glm-5.3,zero_shot,eval,KU,f98256a1719daf8a,KU,KU,2026-09-09
exp2880,glm-5.3,zero_shot,eval,KU,f98256a1719daf8a,KU,DU,2026-09-09
exp2879,glm-5.3,zero_shot,eval,KU,f98256a1719daf8a,KU,KU,2026-09-09
exp2878,glm-5.3,zero_shot,eval,KU,f98256a1719daf8a,KU,KU,2026-09-09
exp2877,glm-5.3,zero_shot,eval,KU,f98256a1719daf8a,KU,KU,2026-09-09
exp2876,glm-5.3,zero_shot,eval,KU,f98256a1719daf8a,DU,DU,2026-09-09
exp2875,glm-5.3,zero_shot,eval,KU,f98256a1719daf8a,KU,KU,2026-09-09
exp2873,glm-5.3,zero_shot,eval,KU,f98256a1719daf8a,DU,DU,2026-09-09
exp2872,glm-5.3,zero_shot,eval,NEU,f98256a1719daf8a,KU,DU,2026-09-09
exp2871,glm-5.3,zero_shot,eval,KU,f98256a1719daf8a,KU,NEU,2026-09-09
exp2870,glm-5.3,zero_shot,eval,NEU,f98256a1719daf8a,KU,NEU,2026-09-09
exp2867,glm-5.3,zero_shot,eval,KU,f98256a1719daf8a,DU,DU,2026-09-09
exp2866,glm-5.3,zero_shot,eval,DU,f98256a1719daf8a,DU,DU,2026-09-09
exp2865,glm-5.3,zero_shot,eval,KU,f98256a1719daf8a,NEU,NEU,2026-09-09
exp2861,glm-5.3,zero_shot,eval,KU,f98256a1719daf8a,DU,DU,2026-09-09
exp2860,glm-5.3,zero_shot,eval,KU,f98256a1719daf8a,KU,KU,2026-09-09
exp2858,glm-5.3,zero_shot,eval,KU,f98256a1719daf8a,DU,DU,2026-09-09
exp2857,glm-5.3,zero_shot,eval,DU,f98256a1719daf8a,KU,KU,2026-09-09
exp2855,glm-5.3,zero_shot,eval,KU,f98256a1719daf8a,DU,DU,2026-09-09
exp2854,glm-5.3,zero_shot,eval,KU,f98256a1719daf8a,KU,KU,2026-09-09
exp2853,glm-5.3,zero_shot,eval,KU,f98256a1719daf8a,DU,DU,2026-09-09
exp2852,glm-5.3,zero_shot,eval,KU,f98256a1719daf8a,DU,DU,2026-09-09
exp2851,glm-5.3,zero_shot,eval,KU,f98256a1719daf8a,NEU,NEU,2026-09-09
exp2847,glm-5.3,zero_shot,eval,KU,f98256a1719daf8a,DU,DU,2026-09-09
exp2846,glm-5.3,zero_shot,eval,KU,f98256a1719daf8a,DU,KU,2026-09-09
exp2845,glm-5.3,zero_shot,eval,NEU,f98256a1719daf8a,NEU,NEU,2026-09-09
exp2844,glm-5.3,zero_shot,eval,KU,f98256a1719daf8a,DU,DU,2026-09-09
exp2843,glm-5.3,zero_shot,eval,KU,f98256a1719daf8a,KU,KU,2026-09-09
exp2842,glm-5.3,zero_shot,eval,KU,f98256a1719daf8a,KU,KU,2026-09-09
exp2841,glm-5.3,zero_shot,eval,KU,f98256a1719daf8a,DU,DU,2026-09-09
exp2840,glm-5.3,zero_shot,eval,KU,f98256a1719daf8a,KU,DU,2026-09-09
exp2839,glm-5.3,zero_shot,eval,DU,f98256a1719daf8a,DU,DU,2026-09-09
exp2838,glm-5.3,zero_shot,eval,KU,f98256a1719daf8a,DU,DU,2026-09-09
exp2837,glm-5.3,zero_shot,eval,KU,f98256a1719daf8a,KU,DU,2026-09-09
exp2836,glm-5.3,zero_shot,eval,KU,f98256a1719daf8a,DU,DU,2026-09-09
exp2835,glm-5.3,zero_shot,eval,DU,f98256a1719daf8a,DU,DU,2026-09-09
exp2832,glm-5.3,zero_shot,eval,NEU,f98256a1719daf8a,DU,DU,2026-09-09
exp2831,glm-5.3,zero_shot,eval,KU,f98256a1719daf8a,DU,DU,2026-09-09
exp2828,glm-5.3,zero_shot,eval,DU,f98256a1719daf8a,DU,DU,2026-09-09
exp2827,glm-5.3,zero_shot,eval,KU,f98256a1719daf8a,DU,KU,2026-09-09
exp2825,glm-5.3,zero_shot,eval,KU,f98256a1719daf8a,DU,DU,2026-09-09
exp2824,glm-5.3,zero_shot,eval,KU,f98256a1719daf8a,DU,DU,2026-09-09
exp2823,glm-5.3,zero_shot,eval,KU,f98256a1719daf8a,KU,NEU,2026-09-09
exp2822,glm-5.3,zero_shot,eval,NEU,f98256a1719daf8a,KU,NEU,2026-09-09
exp2821,glm-5.3,zero_shot,eval,KU,f98256a1719daf8a,DU,DU,2026-09-09
exp2820,glm-5.3,zero_shot,eval,KU,f98256a1719daf8a,DU,DU,2026-09-09
exp2817,glm-5.3,zero_shot,eval,NEU,f98256a1719daf8a,KU,KU,2026-09-09
exp2816,glm-5.3,zero_shot,eval,DU,f98256a1719daf8a,DU,DU,2026-09-09
exp2815,glm-5.3,zero_shot,eval,NEU,f98256a1719daf8a,DU,DU,2026-09-09
exp2814,glm-5.3,zero_shot,eval,KU,f98256a1719daf8a,DU,DU,2026-09-09
exp2813,glm-5.3,zero_shot,eval,NEU,f98256a1719daf8a,DU,DU,2026-09-09
exp2811,glm-5.3,zero_shot,eval,KU,f98256a1719daf8a,KU,DU,2026-09-09
exp2810,glm-5.3,zero_shot,eval,NEU,f98256a1719daf8a,KU,KU,2026-09-09
exp2809,glm-5.3,zero_shot,eval,KU,f98256a1719daf8a,KU,KU,2026-09-09
exp2808,glm-5.3,zero_shot,eval,KU,f98256a1719daf8a,DU,DU,2026-09-09
exp2806,glm-5.3,zero_shot,eval,KU,f98256a1719daf8a,DU,DU,2026-09-09
exp2805,glm-5.3,zero_shot,eval,KU,f98256a1719daf8a,KU,KU,2026-09-09
exp2804,glm-5.3,zero_shot,eval,KU,f98256a1719daf8a,DU,DU,2026-09-09
exp2801,glm-5.3,zero_shot,eval,KU,f98256a1719daf8a,DU,DU,2026-09-09
exp2800,glm-5.3,zero_shot,eval,KU,f98256a1719daf8a,DU,DU,2026-09-09
exp2799,glm-5.3,zero_shot,eval,NEU,f98256a1719daf8a,KU,DU,2026-09-09
exp2798,glm-5.3,zero_shot,eval,NEU,f98256a1719daf8a,KU,KU,2026-09-09
exp2797,glm-5.3,zero_shot,eval,KU,f98256a1719daf8a,KU,KU,2026-09-09
exp2796,glm-5.3,zero_shot,eval,DU,f98256a1719daf8a,DU,DU,2026-09-09
exp2792,glm-5.3,zero_shot,eval,DU,f98256a1719daf8a,DU,DU,2026-09-09
exp2791,glm-5.3,zero_shot,eval,NEU,f98256a1719daf8a,KU,KU,2026-09-09
exp2790,glm-5.3,zero_shot,eval,KU,f98256a1719daf8a,DU,DU,2026-09-09
exp2788,glm-5.3,zero_shot,eval,KU,f98256a1719daf8a,DU,DU,2026-09-09
exp2787,glm-5.3,zero_shot,eval,KU,f98256a1719daf8a,KU,KU,2026-09-09
exp2786,glm-5.3,zero_shot,eval,NEU,f98256a1719daf8a,DU,DU,2026-09-09
exp2783,glm-5.3,zero_shot,eval,NEU,f98256a1719daf8a,DU,DU,2026-09-09
exp2782,glm-5.3,zero_shot,eval,KU,f98256a1719daf8a,KU,DU,2026-09-09
exp2781,glm-5.3,zero_shot,eval,KU,f98256a1719daf8a,DU,DU,2026-09-09
exp2780,glm-5.3,zero_shot,eval,DU,f98256a1719daf8a,DU,DU,2026-09-09
exp2779,glm-5.3,zero_shot,eval,DU,f98256a1719daf8a,DU,DU,2026-09-09
exp2778,glm-5.3,zero_shot,eval,KU,f98256a1719daf8a,DU,DU,2026-09-09
exp2777,glm-5.3,zero_shot,eval,KU,f98256a1719daf8a,KU,DU,2026-09-09
exp2776,glm-5.3,zero_shot,eval,KU,f98256a1719daf8a,DU,DU,2026-09-09
exp2775,glm-5.3,zero_shot,eval,KU,f98256a1719daf8a,DU,DU,2026-09-09
exp2773,glm-5.3,zero_shot,eval,NEU,f98256a1719daf8a,NEU,NEU,2026-09-09
exp2771,glm-5.3,zero_shot,eval,NEU,f98256a1719daf8a,NEU,DU,2026-09-09
exp2770,glm-5.3,zero_shot,eval,KU,f98256a1719daf8a,DU,DU,2026-09-09
exp2769,glm-5.3,zero_shot,eval,KU,f98256a1719daf8a,KU,KU,2026-09-09
exp2768,glm-5.3,zero_shot,eval,KU,f98256a1719daf8a,DU,DU,2026-09-09
exp2767,glm-5.3,zero_shot,eval,NEU,f98256a1719daf8a,KU,KU,2026-09-09
exp2766,glm-5.3,zero_shot,eval,KU,f98256a1719daf8a,DU,DU,2026-09-09
exp2765,glm-5.3,zero_shot,eval,KU,f98256a1719daf8a,DU,DU,2026-09-09
exp2764,glm-5.3,zero_shot,eval,NEU,f98256a1719daf8a,NEU,NEU,2026-09-09
exp2763,glm-5.3,zero_shot,eval,KU,f98256a1719daf8a,KU,DU,2026-09-09
exp2762,glm-5.3,zero_shot,eval,DU,f98256a1719daf8a,KU,DU,2026-09-09
exp2761,glm-5.3,zero_shot,eval,DU,f98256a1719daf8a,DU,DU,2026-09-09
exp2760,glm-5.3,zero_shot,eval,KU,f98256a1719daf8a,DU,DU,2026-09-09
exp2759,glm-5.3,zero_shot,eval,KU,f98256a1719daf8a,DU,DU,2026-09-09
exp2758,glm-5.3,zero_shot,eval,KU,f98256a1719daf8a,DU,DU,2026-09-09
exp2756,glm-5.3,zero_shot,eval,KU,f98256a1719daf8a,DU,DU,2026-09-09
exp2755,glm-5.3,zero_shot,eval,KU,f98256a1719daf8a,KU,KU,2026-09-09
exp2754,glm-5.3,zero_shot,eval,KU,f98256a1719daf8a,DU,DU,2026-09-09
exp2753,glm-5.3,zero_shot,eval,NEU,f98256a1719daf8a,NEU,NEU,2026-09-09
exp2752,glm-5.3,zero_shot,eval,KU,f98256a1719daf8a,NEU,KU,2026-09-09
exp2751,glm-5.3,zero_shot,eval,KU,f98256a1719daf8a,KU,DU,2026-09-09
exp2750,glm-5.3,zero_shot,eval,DU,f98256a1719daf8a,DU,DU,2026-09-09
exp2749,glm-5.3,zero_shot,eval,NEU,f98256a1719daf8a,NEU,NEU,2026-09-09
exp2748,glm-5.3,zero_shot,eval,KU,f98256a1719daf8a,DU,DU,2026-09-09
exp2747,glm-5.3,zero_shot,eval,KU,f98256a1719daf8a,NEU,KU,2026-09-09
exp2746,glm-5.3,zero_shot,eval,KU,f98256a1719daf8a,DU,DU,2026-09-09
exp2745,glm-5.3,zero_shot,eval,KU,f98256a1719daf8a,DU,DU,2026-09-09
exp2744,glm-5.3,zero_shot,eval,KU,f98256a1719daf8a,KU,DU,2026-09-09
exp2743,glm-5.3,zero_shot,eval,KU,f98256a1719daf8a,KU,KU,2026-09-09
exp2742,glm-5.3,zero_shot,eval,KU,f98256a1719daf8a,KU,DU,2026-09-09
exp2741,glm-5.3,zero_shot,eval,KU,f98256a1719daf8a,KU,KU,2026-09-09
exp2740,glm-5.3,zero_shot,eval,KU,f98256a1719daf8a,DU,DU,2026-09-09
exp2739,glm-5.3,zero_shot,eval,NEU,f98256a1719daf8a,NEU,NEU,2026-09-09
exp2738,glm-5.3,zero_shot,eval,NEU,f98256a1719daf8a,NEU,NEU,2026-09-09
exp2737,glm-5.3,zero_shot,eval,NEU,f98256a1719daf8a,NEU,NEU,2026-09-09
exp2736,glm-5.3,zero_shot,eval,KU,f98256a1719daf8a,KU,NEU,2026-09-09
exp2735,glm-5.3,zero_shot,eval,DU,f98256a1719daf8a,KU,DU,2026-09-09
exp2734,glm-5.3,zero_shot,eval,NEU,f98256a1719daf8a,NEU,KU,2026-09-09
exp2733,glm-5.3,zero_shot,eval,KU,f98256a1719daf8a,KU,KU,2026-09-09
exp2732,glm-5.3,zero_shot,eval,KU,f98256a1719daf8a,DU,DU,2026-09-09
exp2731,glm-5.3,zero_shot,eval,DU,f98256a1719daf8a,DU,DU,2026-09-09
exp2730,glm-5.3,zero_shot,eval,DU,f98256a1719daf8a,DU,DU,2026-09-09
exp2729,glm-5.3,zero_shot,eval,NEU,f98256a1719daf8a,KU,KU,2026-09-09
exp2728,glm-5.3,zero_shot,eval,DU,f98256a1719daf8a,DU,DU,2026-09-09
exp2727,glm-5.3,zero_shot,eval,DU,f98256a1719daf8a,DU,KU,2026-09-09
exp2726,glm-5.3,zero_shot,eval,KU,f98256a1719daf8a,KU,DU,2026-09-09
exp2725,glm-5.3,zero_shot,eval,KU,f98256a1719daf8a,KU,DU,2026-09-09
exp2724,glm-5.3,zero_shot,eval,KU,f98256a1719daf8a,KU,DU,2026-09-09
exp2723,glm-5.3,zero_shot,eval,DU,f98256a1719daf8a,DU,DU,2026-09-09
exp2722,glm-5.3,zero_shot,eval,KU,f98256a1719daf8a,KU,DU,2026-09-09
exp2721,glm-5.3,zero_shot,eval,KU,f98256a1719daf8a,DU,KU,2026-09-09
exp2720,glm-5.3,zero_shot,eval,NEU,f98256a1719daf8a,NEU,NEU,2026-09-09
exp2719,glm-5.3,zero_shot,eval,KU,f98256a1719daf8a,KU,NEU,2026-09-09
exp2718,glm-5.3,zero_shot,eval,NEU,f98256a1719daf8a,KU,KU,2026-09-09
exp2717,glm-5.3,zero_shot,eval,KU,f98256a1719daf8a,DU,NEU,2026-09-09
exp2716,glm-5.3,zero_shot,eval,KU,f98256a1719daf8a,DU,DU,2026-09-09
exp2715,glm-5.3,zero_shot,eval,KU,f98256a1719daf8a,KU,KU,2026-09-09
exp2714,glm-5.3,zero_shot,eval,KU,f98256a1719daf8a,KU,KU,2026-09-09
exp2713,glm-5.3,zero_shot,eval,DU,f98256a1719daf8a,DU,DU,2026-09-09
exp2712,glm-5.3,zero_shot,eval,NEU,f98256a1719daf8a,KU,NEU,2026-09-09
exp2711,glm-5.3,zero_shot,eval,KU,f98256a1719daf8a,DU,DU,2026-09-09
exp2710,glm-5.3,zero_shot,eval,KU,f98256a1719daf8a,DU,DU,2026-09-09
exp2709,glm-5.3,zero_shot,eval,KU,f98256a1719daf8a,KU,DU,2026-09-09
exp2708,glm-5.3,zero_shot,eval,DU,f98256a1719daf8a,DU,DU,2026-09-09
exp2707,glm-5.3,zero_shot,eval,NEU,f98256a1719daf8a,NEU,NEU,2026-09-09
exp2706,glm-5.3,zero_shot,eval,NEU,f98256a1719daf8a,KU,NEU,2026-09-09
exp2705,glm-5.3,zero_shot,eval,KU,f98256a1719daf8a,KU,NEU,2026-09-09
exp2704,glm-5.3,zero_shot,eval,DU,f98256a1719daf8a,DU,DU,2026-09-09
exp2703,glm-5.3,zero_shot,eval,DU,f98256a1719daf8a,DU,DU,2026-09-09
exp2702,glm-5.3,zero_shot,eval,KU,f98256a1719daf8a,DU,DU,2026-09-09
exp2701,glm-5.3,zero_shot,eval,NEU,f98256a1719daf8a,KU,DU,2026-09-09
exp2700,glm-5.3,zero_shot,eval,NEU,f98256a1719daf8a,NEU,NEU,2026-09-09
exp2699,glm-5.3,zero_shot,eval,KU,f98256a1719daf8a,DU,DU,2026-09-09
exp2698,glm-5.3,zero_shot,eval,KU,f98256a1719daf8a,NEU,NEU,2026-09-09
exp2697,glm-5.3,zero_shot,eval,KU,f98256a1719daf8a,KU,KU,2026-09-09
exp2696,glm-5.3,zero_shot,eval,NEU,f98256a1719daf8a,DU,DU,2026-09-09
exp2695,glm-5.3,zero_shot,eval,KU,f98256a1719daf8a,KU,KU,2026-09-09
exp2694,glm-5.3,zero_shot,eval,KU,f98256a1719daf8a,DU,KU,2026-09-09
exp2693,glm-5.3,zero_shot,eval,KU,f98256a1719daf8a,KU,KU,2026-09-09
exp2692,glm-5.3,zero_shot,eval,NEU,f98256a1719daf8a,KU,KU,2026-09-09
exp2691,glm-5.3,zero_shot,eval,KU,f98256a1719daf8a,DU,DU,2026-09-09
exp2690,glm-5.3,zero_shot,eval,KU,f98256a1719daf8a,KU,KU,2026-09-09
exp2689,glm-5.3,zero_shot,eval,DU,f98256a1719daf8a,KU,KU,2026-09-09
exp2688,glm-5.3,zero_shot,eval,KU,f98256a1719daf8a,KU,KU,2026-09-09
exp2687,glm-5.3,zero_shot,eval,NEU,f98256a1719daf8a,KU,NEU,2026-09-09
exp2686,glm-5.3,zero_shot,eval,KU,f98256a1719daf8a,DU,DU,2026-09-09
exp2684,glm-5.3,zero_shot,eval,KU,f98256a1719daf8a,DU,DU,2026-09-09
exp2683,glm-5.3,zero_shot,eval,KU,f98256a1719daf8a,DU,DU,2026-09-09
exp2682,glm-5.3,zero_shot,eval,NEU,f98256a1719daf8a,DU,DU,2026-09-09
exp2681,glm-5.3,zero_shot,eval,KU,f98256a1719daf8a,KU,KU,2026-09-09
exp2680,glm-5.3,zero_shot,eval,NEU,f98256a1719daf8a,KU,KU,2026-09-09
exp2679,glm-5.3,zero_shot,eval,NEU,f98256a1719daf8a,NEU,NEU,2026-09-09
exp2678,glm-5.3,zero_shot,eval,KU,f98256a1719daf8a,DU,DU,2026-09-09
exp2677,glm-5.3,zero_shot,eval,KU,f98256a1719daf8a,KU,KU,2026-09-09
exp2676,glm-5.3,zero_shot,eval,DU,f98256a1719daf8a,KU,KU,2026-09-09
exp2675,glm-5.3,zero_shot,eval,KU,f98256a1719daf8a,KU,DU,2026-09-09
exp2674,glm-5.3,zero_shot,eval,KU,f98256a1719daf8a,DU,DU,2026-09-09
exp2673,glm-5.3,zero_shot,eval,KU,f98256a1719daf8a,KU,DU,2026-09-09
exp2672,glm-5.3,zero_shot,eval,KU,f98256a1719daf8a,DU,DU,2026-09-09
exp2671,glm-5.3,zero_shot,eval,KU,f98256a1719daf8a,DU,DU,2026-09-09
exp2670,glm-5.3,zero_shot,eval,KU,f98256a1719daf8a,KU,KU,2026-09-09
exp2669,glm-5.3,zero_shot,eval,DU,f98256a1719daf8a,KU,KU,2026-09-09
exp2668,glm-5.3,zero_shot,eval,KU,f98256a1719daf8a,KU,KU,2026-09-09
exp2667,glm-5.3,zero_shot,eval,KU,f98256a1719daf8a,DU,DU,2026-09-09
exp2666,glm-5.3,zero_shot,eval,KU,f98256a1719daf8a,DU,DU,2026-09-09
exp2665,glm-5.3,zero_shot,eval,DU,f98256a1719daf8a,DU,DU,2026-09-09
exp2664,glm-5.3,zero_shot,eval,DU,f98256a1719daf8a,DU,DU,2026-09-09
exp2663,glm-5.3,zero_shot,eval,KU,f98256a1719daf8a,KU,NEU,2026-09-09
exp2662,glm-5.3,zero_shot,eval,KU,f98256a1719daf8a,KU,DU,2026-09-09
exp2661,glm-5.3,zero_shot,eval,NEU,f98256a1719daf8a,NEU,NEU,2026-09-09
exp2659,glm-5.3,zero_shot,eval,KU,f98256a1719daf8a,DU,DU,2026-09-09
exp2658,glm-5.3,zero_shot,eval,KU,f98256a1719daf8a,DU,KU,2026-09-09
exp2657,glm-5.3,zero_shot,eval,DU,f98256a1719daf8a,KU,KU,2026-09-09
exp2656,glm-5.3,zero_shot,eval,NEU,f98256a1719daf8a,KU,KU,2026-09-09
exp2655,glm-5.3,zero_shot,eval,KU,f98256a1719daf8a,KU,DU,2026-09-09
exp2654,glm-5.3,zero_shot,eval,DU,f98256a1719daf8a,DU,DU,2026-09-09
exp2653,glm-5.3,zero_shot,eval,NEU,f98256a1719daf8a,KU,KU,2026-09-09
exp2652,glm-5.3,zero_shot,eval,,f98256a1719daf8a,KU,DU,2026-09-09
exp2651,glm-5.3,zero_shot,eval,KU,f98256a1719daf8a,DU,DU,2026-09-09
exp2650,glm-5.3,zero_shot,eval,KU,f98256a1719daf8a,KU,DU,2026-09-09
exp2648,glm-5.3,zero_shot,eval,KU,f98256a1719daf8a,KU,KU,2026-09-09
exp2647,glm-5.3,zero_shot,eval,KU,f98256a1719daf8a,DU,KU,2026-09-09
exp2646,glm-5.3,zero_shot,eval,KU,f98256a1719daf8a,KU,KU,2026-09-09
exp2645,glm-5.3,zero_shot,eval,KU,f98256a1719daf8a,DU,DU,2026-09-09
exp2644,glm-5.3,zero_shot,eval,KU,f98256a1719daf8a,DU,DU,2026-09-09
exp2643,glm-5.3,zero_shot,eval,KU,f98256a1719daf8a,KU,DU,2026-09-09
exp2642,glm-5.3,zero_shot,eval,KU,f98256a1719daf8a,KU,DU,2026-09-09
exp2641,glm-5.3,zero_shot,eval,KU,f98256a1719daf8a,KU,KU,2026-09-09
exp2640,glm-5.3,zero_shot,eval,KU,f98256a1719daf8a,DU,KU,2026-09-09
exp2639,glm-5.3,zero_shot,eval,NEU,f98256a1719daf8a,NEU,KU,2026-09-09
exp2637,glm-5.3,zero_shot,eval,KU,f98256a1719daf8a,DU,DU,2026-09-09
exp2636,glm-5.3,zero_shot,eval,KU,f98256a1719daf8a,DU,KU,2026-09-09
exp2635,glm-5.3,zero_shot,eval,NEU,f98256a1719daf8a,NEU,NEU,2026-09-09
exp2634,glm-5.3,zero_shot,eval,KU,f98256a1719daf8a,KU,KU,2026-09-09
exp2633,glm-5.3,zero_shot,eval,NEU,f98256a1719daf8a,KU,KU,2026-09-09
exp2632,glm-5.3,zero_shot,eval,KU,f98256a1719daf8a,KU,KU,2026-09-09
exp2631,glm-5.3,zero_shot,eval,KU,f98256a1719daf8a,KU,KU,2026-09-09
exp2630,glm-5.3,zero_shot,eval,KU,f98256a1719daf8a,DU,DU,2026-09-09
exp2629,glm-5.3,zero_shot,eval,KU,f98256a1719daf8a,KU,KU,2026-09-09
exp2628,glm-5.3,zero_shot,eval,DU,f98256a1719daf8a,DU,DU,2026-09-09
exp2627,glm-5.3,zero_shot,eval,KU,f98256a1719daf8a,KU,KU,2026-09-09
exp2626,glm-5.3,zero_shot,eval,KU,f98256a1719daf8a,NEU,NEU,2026-09-09
exp2625,glm-5.3,zero_shot,eval,NEU,f98256a1719daf8a,NEU,NEU,2026-09-09
exp2624,glm-5.3,zero_shot,eval,KU,f98256a1719daf8a,DU,DU,2026-09-09
exp2623,glm-5.3,zero_shot,eval,NEU,f98256a1719daf8a,NEU,NEU,2026-09-09
exp2622,glm-5.3,zero_shot,eval,KU,f98256a1719daf8a,KU,KU,2026-09-09
exp2621,glm-5.3,zero_shot,eval,KU,f98256a1719daf8a,KU,KU,2026-09-09
exp2620,glm-5.3,zero_shot,eval,NEU,f98256a1719daf8a,NEU,NEU,2026-09-09
exp2619,glm-5.3,zero_shot,eval,DU,f98256a1719daf8a,DU,DU,2026-09-09
exp2618,glm-5.3,zero_shot,eval,KU,f98256a1719daf8a,KU,KU,2026-09-09
exp2616,glm-5.3,zero_shot,eval,KU,f98256a1719daf8a,NEU,NEU,2026-09-09
exp2615,glm-5.3,zero_shot,eval,NEU,f98256a1719daf8a,NEU,NEU,2026-09-09
exp2614,glm-5.3,zero_shot,eval,NEU,f98256a1719daf8a,KU,KU,2026-09-09
exp2613,glm-5.3,zero_shot,eval,KU,f98256a1719daf8a,DU,DU,2026-09-09
exp2612,glm-5.3,zero_shot,eval,KU,f98256a1719daf8a,DU,DU,2026-09-09
exp2611,glm-5.3,zero_shot,eval,DU,f98256a1719daf8a,DU,DU,2026-09-09
exp2610,glm-5.3,zero_shot,eval,KU,f98256a1719daf8a,KU,KU,2026-09-09
exp2609,glm-5.3,zero_shot,eval,DU,f98256a1719daf8a,DU,KU,2026-09-09
exp2608,glm-5.3,zero_shot,eval,KU,f98256a1719daf8a,DU,DU,2026-09-09
exp2607,glm-5.3,zero_shot,eval,DU,f98256a1719daf8a,DU,KU,2026-09-09
exp2606,glm-5.3,zero_shot,eval,KU,f98256a1719daf8a,KU,KU,2026-09-09
exp2605,glm-5.3,zero_shot,eval,DU,f98256a1719daf8a,DU,DU,2026-09-09
exp2604,glm-5.3,zero_shot,eval,KU,f98256a1719daf8a,DU,DU,2026-09-09
exp2603,glm-5.3,zero_shot,eval,KU,f98256a1719daf8a,NEU,KU,2026-09-09
exp2602,glm-5.3,zero_shot,eval,KU,f98256a1719daf8a,DU,DU,2026-09-09
exp2601,glm-5.3,zero_shot,eval,NEU,f98256a1719daf8a,KU,NEU,2026-09-09
exp2600,glm-5.3,zero_shot,eval,DU,f98256a1719daf8a,DU,DU,2026-09-09
exp2599,glm-5.3,zero_shot,eval,KU,f98256a1719daf8a,KU,KU,2026-09-09
exp2598,glm-5.3,zero_shot,eval,KU,f98256a1719daf8a,DU,DU,2026-09-09
exp2597,glm-5.3,zero_shot,eval,KU,f98256a1719daf8a,KU,DU,2026-09-09
exp2596,glm-5.3,zero_shot,eval,KU,f98256a1719daf8a,DU,DU,2026-09-09
exp2595,glm-5.3,zero_shot,eval,KU,f98256a1719daf8a,NEU,KU,2026-09-09
exp2594,glm-5.3,zero_shot,eval,KU,f98256a1719daf8a,KU,KU,2026-09-09
exp2593,glm-5.3,zero_shot,eval,KU,f98256a1719daf8a,DU,DU,2026-09-09
exp2592,glm-5.3,zero_shot,eval,DU,f98256a1719daf8a,DU,DU,2026-09-09
exp2590,glm-5.3,zero_shot,eval,DU,f98256a1719daf8a,DU,DU,2026-09-09
exp2589,glm-5.3,zero_shot,eval,DU,f98256a1719daf8a,DU,DU,2026-09-09
exp2588,glm-5.3,zero_shot,eval,KU,f98256a1719daf8a,KU,DU,2026-09-09
exp2587,glm-5.3,zero_shot,eval,KU,f98256a1719daf8a,DU,DU,2026-09-09
exp2586,glm-5.3,zero_shot,eval,KU,f98256a1719daf8a,KU,KU,2026-09-09
exp2585,glm-5.3,zero_shot,eval,KU,f98256a1719daf8a,DU,KU,2026-09-09
exp2584,glm-5.3,zero_shot,eval,DU,f98256a1719daf8a,DU,DU,2026-09-09
exp2583,glm-5.3,zero_shot,eval,KU,f98256a1719daf8a,DU,DU,2026-09-09
exp2582,glm-5.3,zero_shot,eval,KU,f98256a1719daf8a,DU,DU,2026-09-09
exp2581,glm-5.3,zero_shot,eval,NEU,f98256a1719daf8a,KU,KU,2026-09-09
exp2579,glm-5.3,zero_shot,eval,KU,f98256a1719daf8a,KU,NEU,2026-09-09
exp2578,glm-5.3,zero_shot,eval,KU,f98256a1719daf8a,DU,DU,2026-09-09
exp2577,glm-5.3,zero_shot,eval,,f98256a1719daf8a,KU,KU,2026-09-09
exp2576,glm-5.3,zero_shot,eval,KU,f98256a1719daf8a,DU,KU,2026-09-09
exp2575,glm-5.3,zero_shot,eval,KU,f98256a1719daf8a,DU,DU,2026-09-09
exp2574,glm-5.3,zero_shot,eval,KU,f98256a1719daf8a,KU,KU,2026-09-09
exp2573,glm-5.3,zero_shot,eval,KU,f98256a1719daf8a,KU,KU,2026-09-09
exp2572,glm-5.3,zero_shot,eval,KU,f98256a1719daf8a,NEU,KU,2026-09-09
exp2571,glm-5.3,zero_shot,eval,NEU,f98256a1719daf8a,KU,NEU,2026-09-09
exp2570,glm-5.3,zero_shot,eval,DU,f98256a1719daf8a,DU,DU,2026-09-09
exp2569,glm-5.3,zero_shot,eval,KU,f98256a1719daf8a,DU,DU,2026-09-09
exp2568,glm-5.3,zero_shot,eval,NEU,f98256a1719daf8a,DU,KU,2026-09-09
exp2567,glm-5.3,zero_shot,eval,,f98256a1719daf8a,KU,KU,2026-09-09
exp2566,glm-5.3,zero_shot,eval,DU,f98256a1719daf8a,DU,DU,2026-09-09
exp2565,glm-5.3,zero_shot,eval,NEU,f98256a1719daf8a,KU,DU,2026-09-09
exp2564,glm-5.3,zero_shot,eval,NEU,f98256a1719daf8a,KU,KU,2026-09-09
exp2563,glm-5.3,zero_shot,eval,KU,f98256a1719daf8a,DU,DU,2026-09-09
exp2562,glm-5.3,zero_shot,eval,DU,f98256a1719daf8a,DU,DU,2026-09-09
exp2561,glm-5.3,zero_shot,eval,KU,f98256a1719daf8a,NEU,NEU,2026-09-09
exp2560,glm-5.3,zero_shot,eval,DU,f98256a1719daf8a,DU,DU,2026-09-09
exp2559,glm-5.3,zero_shot,eval,KU,f98256a1719daf8a,KU,KU,2026-09-09
exp2558,glm-5.3,zero_shot,eval,KU,f98256a1719daf8a,KU,KU,2026-09-09
exp2557,glm-5.3,zero_shot,eval,NEU,f98256a1719daf8a,NEU,NEU,2026-09-09
exp2556,glm-5.3,zero_shot,eval,KU,f98256a1719daf8a,NEU,NEU,2026-09-09
exp2555,glm-5.3,zero_shot,eval,DU,f98256a1719daf8a,DU,DU,2026-09-09
exp2554,glm-5.3,zero_shot,eval,KU,f98256a1719daf8a,DU,DU,2026-09-09
exp2553,glm-5.3,zero_shot,eval,KU,f98256a1719daf8a,KU,DU,2026-09-09
exp2552,glm-5.3,zero_shot,eval,KU,f98256a1719daf8a,KU,KU,2026-09-09
exp2551,glm-5.3,zero_shot,eval,KU,f98256a1719daf8a,DU,DU,2026-09-09
exp2550,glm-5.3,zero_shot,eval,NEU,f98256a1719daf8a,DU,DU,2026-09-09
exp2549,glm-5.3,zero_shot,eval,KU,f98256a1719daf8a,KU,DU,2026-09-09
exp2548,glm-5.3,zero_shot,eval,KU,f98256a1719daf8a,KU,KU,2026-09-09
exp2547,glm-5.3,zero_shot,eval,NEU,f98256a1719daf8a,NEU,NEU,2026-09-09
exp2546,glm-5.3,zero_shot,eval,NEU,f98256a1719daf8a,KU,NEU,2026-09-09
exp2545,glm-5.3,zero_shot,eval,KU,f98256a1719daf8a,DU,DU,2026-09-09
exp2544,glm-5.3,zero_shot,eval,DU,f98256a1719daf8a,KU,KU,2026-09-09
exp2543,glm-5.3,zero_shot,eval,NEU,f98256a1719daf8a,NEU,NEU,2026-09-09
exp2542,glm-5.3,zero_shot,eval,KU,f98256a1719daf8a,KU,KU,2026-09-09
exp2541,glm-5.3,zero_shot,eval,DU,f98256a1719daf8a,DU,DU,2026-09-09
exp2540,glm-5.3,zero_shot,eval,KU,f98256a1719daf8a,KU,KU,2026-09-09
exp2539,glm-5.3,zero_shot,eval,DU,f98256a1719daf8a,DU,DU,2026-09-09
exp2538,glm-5.3,zero_shot,eval,KU,f98256a1719daf8a,KU,KU,2026-09-09
exp2537,glm-5.3,zero_shot,eval,DU,f98256a1719daf8a,DU,DU,2026-09-09
exp2535,glm-5.3,zero_shot,eval,DU,f98256a1719daf8a,DU,DU,2026-09-09
exp2534,glm-5.3,zero_shot,eval,KU,f98256a1719daf8a,KU,DU,2026-09-09
exp2533,glm-5.3,zero_shot,eval,KU,f98256a1719daf8a,DU,DU,2026-09-09
exp2532,glm-5.3,zero_shot,eval,KU,f98256a1719daf8a,DU,DU,2026-09-09
exp2531,glm-5.3,zero_shot,eval,NEU,f98256a1719daf8a,NEU,NEU,2026-09-09
exp2528,glm-5.3,zero_shot,eval,KU,f98256a1719daf8a,DU,DU,2026-09-09
exp2523,glm-5.3,zero_shot,eval,DU,f98256a1719daf8a,KU,KU,2026-09-09
exp2522,glm-5.3,zero_shot,eval,KU,f98256a1719daf8a,KU,KU,2026-09-09
exp2513,glm-5.3,zero_shot,eval,KU,f98256a1719daf8a,KU,KU,2026-09-09
exp2512,glm-5.3,zero_shot,eval,KU,f98256a1719daf8a,DU,KU,2026-09-09
exp2510,glm-5.3,zero_shot,eval,KU,f98256a1719daf8a,KU,KU,2026-09-09
exp2501,glm-5.3,zero_shot,eval,KU,f98256a1719daf8a,DU,DU,2026-09-09
exp2500,glm-5.3,zero_shot,eval,KU,f98256a1719daf8a,KU,KU,2026-09-09
exp2493,glm-5.3,zero_shot,eval,DU,f98256a1719daf8a,DU,DU,2026-09-09
exp2492,glm-5.3,zero_shot,eval,DU,f98256a1719daf8a,DU,DU,2026-09-09
exp2491,glm-5.3,zero_shot,eval,DU,f98256a1719daf8a,DU,DU,2026-09-09
exp2488,glm-5.3,zero_shot,eval,KU,f98256a1719daf8a,DU,KU,2026-09-09
exp2475,glm-5.3,zero_shot,eval,DU,f98256a1719daf8a,DU,DU,2026-09-09
exp2465,glm-5.3,zero_shot,eval,DU,f98256a1719daf8a,DU,DU,2026-09-09
exp2464,glm-5.3,zero_shot,eval,KU,f98256a1719daf8a,DU,KU,2026-09-09
exp2463,glm-5.3,zero_shot,eval,KU,f98256a1719daf8a,KU,KU,2026-09-09
exp2435,glm-5.3,zero_shot,eval,NEU,f98256a1719daf8a,KU,KU,2026-09-09
exp2432,glm-5.3,zero_shot,eval,NEU,f98256a1719daf8a,NEU,NEU,2026-09-09
exp2378,glm-5.3,zero_shot,eval,KU,f98256a1719daf8a,NEU,KU,2026-09-09
exp2347,glm-5.3,zero_shot,eval,NEU,f98256a1719daf8a,NEU,NEU,2026-09-09
exp2296,glm-5.3,zero_shot,eval,DU,f98256a1719daf8a,KU,KU,2026-09-09
exp1523,glm-5.3,zero_shot,eval,,f98256a1719daf8a,DU,DU,2026-09-09
exp1525,glm-5.3,zero_shot,eval,DU,f98256a1719daf8a,DU,DU,2026-09-09
exp1526,glm-5.3,zero_shot,eval,KU,f98256a1719daf8a,DU,DU,2026-09-09
exp1528,glm-5.3,zero_shot,eval,KU,f98256a1719daf8a,DU,DU,2026-09-09
exp1529,glm-5.3,zero_shot,eval,KU,f98256a1719daf8a,KU,KU,2026-09-09
exp1530,glm-5.3,zero_shot,eval,NEU,f98256a1719daf8a,KU,DU,2026-09-09
exp1531,glm-5.3,zero_shot,eval,NEU,f98256a1719daf8a,NEU,NEU,2026-09-09
exp1532,glm-5.3,zero_shot,eval,KU,f98256a1719daf8a,DU,DU,2026-09-09
exp1536,glm-5.3,zero_shot,eval,NEU,f98256a1719daf8a,KU,KU,2026-09-09
exp1537,glm-5.3,zero_shot,eval,KU,f98256a1719daf8a,KU,KU,2026-09-09
exp1541,glm-5.3,zero_shot,eval,KU,f98256a1719daf8a,DU,DU,2026-09-09
exp1544,glm-5.3,zero_shot,eval,KU,f98256a1719daf8a,NEU,NEU,2026-09-09
exp1547,glm-5.3,zero_shot,eval,KU,f98256a1719daf8a,DU,KU,2026-09-09
exp1549,glm-5.3,zero_shot,eval,KU,f98256a1719daf8a,DU,DU,2026-09-09
exp1554,glm-5.3,zero_shot,eval,KU,f98256a1719daf8a,NEU,NEU,2026-09-09
exp1555,glm-5.3,zero_shot,eval,DU,f98256a1719daf8a,DU,DU,2026-09-09
exp1556,glm-5.3,zero_shot,eval,KU,f98256a1719daf8a,NEU,NEU,2026-09-09
exp1557,glm-5.3,zero_shot,eval,KU,f98256a1719daf8a,KU,KU,2026-09-09
exp1559,glm-5.3,zero_shot,eval,DU,f98256a1719daf8a,DU,DU,2026-09-09
exp1561,glm-5.3,zero_shot,eval,NEU,f98256a1719daf8a,DU,DU,2026-09-09
exp1562,glm-5.3,zero_shot,eval,DU,f98256a1719daf8a,DU,DU,2026-09-09
exp1565,glm-5.3,zero_shot,eval,DU,f98256a1719daf8a,DU,DU,2026-09-09
exp1567,glm-5.3,zero_shot,eval,KU,f98256a1719daf8a,DU,DU,2026-09-09
exp1568,glm-5.3,zero_shot,eval,DU,f98256a1719daf8a,DU,DU,2026-09-09
exp1569,glm-5.3,zero_shot,eval,NEU,f98256a1719daf8a,NEU,KU,2026-09-09
exp1570,glm-5.3,zero_shot,eval,KU,f98256a1719daf8a,DU,DU,2026-09-09
exp1571,glm-5.3,zero_shot,eval,KU,f98256a1719daf8a,KU,DU,2026-09-09
exp1572,glm-5.3,zero_shot,eval,NEU,f98256a1719daf8a,NEU,NEU,2026-09-09
exp1573,glm-5.3,zero_shot,eval,DU,f98256a1719daf8a,KU,KU,2026-09-09
exp1574,glm-5.3,zero_shot,eval,KU,f98256a1719daf8a,KU,DU,2026-09-09
exp1576,glm-5.3,zero_shot,eval,KU,f98256a1719daf8a,KU,KU,2026-09-09
exp1577,glm-5.3,zero_shot,eval,KU,f98256a1719daf8a,NEU,KU,2026-09-09
exp1583,glm-5.3,zero_shot,eval,NEU,f98256a1719daf8a,KU,NEU,2026-09-09
exp1586,glm-5.3,zero_shot,eval,KU,f98256a1719daf8a,KU,KU,2026-09-09
exp1588,glm-5.3,zero_shot,eval,NEU,f98256a1719daf8a,NEU,NEU,2026-09-09
exp1589,glm-5.3,zero_shot,eval,DU,f98256a1719daf8a,DU,DU,2026-09-09
exp1591,glm-5.3,zero_shot,eval,KU,f98256a1719daf8a,KU,KU,2026-09-09
exp1593,glm-5.3,zero_shot,eval,DU,f98256a1719daf8a,DU,DU,2026-09-09
exp1594,glm-5.3,zero_shot,eval,KU,f98256a1719daf8a,KU,KU,2026-09-09
exp1595,glm-5.3,zero_shot,eval,NEU,f98256a1719daf8a,NEU,NEU,2026-09-09
exp1596,glm-5.3,zero_shot,eval,KU,f98256a1719daf8a,NEU,KU,2026-09-09
exp1598,glm-5.3,zero_shot,eval,NEU,f98256a1719daf8a,KU,KU,2026-09-09
exp1601,glm-5.3,zero_shot,eval,NEU,f98256a1719daf8a,NEU,NEU,2026-09-09
exp1602,glm-5.3,zero_shot,eval,KU,f98256a1719daf8a,KU,KU,2026-09-09
exp1605,glm-5.3,zero_shot,eval,KU,f98256a1719daf8a,DU,DU,2026-09-09
exp1606,glm-5.3,zero_shot,eval,DU,f98256a1719daf8a,DU,DU,2026-09-09
exp1607,glm-5.3,zero_shot,eval,KU,f98256a1719daf8a,KU,KU,2026-09-09
exp1608,glm-5.3,zero_shot,eval,KU,f98256a1719daf8a,KU,KU,2026-09-09
exp1610,glm-5.3,zero_shot,eval,KU,f98256a1719daf8a,KU,KU,2026-09-09
exp1611,glm-5.3,zero_shot,eval,DU,f98256a1719daf8a,DU,DU,2026-09-09
exp1613,glm-5.3,zero_shot,eval,KU,f98256a1719daf8a,KU,KU,2026-09-09
exp1614,glm-5.3,zero_shot,eval,NEU,f98256a1719daf8a,KU,DU,2026-09-09
exp1616,glm-5.3,zero_shot,eval,DU,f98256a1719daf8a,DU,KU,2026-09-09
exp1617,glm-5.3,zero_shot,eval,KU,f98256a1719daf8a,DU,DU,2026-09-09
exp1618,glm-5.3,zero_shot,eval,NEU,f98256a1719daf8a,NEU,NEU,2026-09-09
exp1619,glm-5.3,zero_shot,eval,NEU,f98256a1719daf8a,KU,KU,2026-09-09
exp1622,glm-5.3,zero_shot,eval,NEU,f98256a1719daf8a,NEU,NEU,2026-09-09
exp1623,glm-5.3,zero_shot,eval,KU,f98256a1719daf8a,DU,DU,2026-09-09
exp1624,glm-5.3,zero_shot,eval,KU,f98256a1719daf8a,DU,KU,2026-09-09
exp1626,glm-5.3,zero_shot,eval,KU,f98256a1719daf8a,DU,DU,2026-09-09
exp1627,glm-5.3,zero_shot,eval,KU,f98256a1719daf8a,KU,KU,2026-09-09
exp1628,glm-5.3,zero_shot,eval,,f98256a1719daf8a,DU,DU,2026-09-09
exp1631,glm-5.3,zero_shot,eval,KU,f98256a1719daf8a,DU,DU,2026-09-09
exp1632,glm-5.3,zero_shot,eval,KU,f98256a1719daf8a,DU,DU,2026-09-09
exp1633,glm-5.3,zero_shot,eval,DU,f98256a1719daf8a,DU,DU,2026-09-09
exp1635,glm-5.3,zero_shot,eval,DU,f98256a1719daf8a,DU,DU,2026-09-09
exp1637,glm-5.3,zero_shot,eval,KU,f98256a1719daf8a,KU,KU,2026-09-09
exp1638,glm-5.3,zero_shot,eval,DU,f98256a1719daf8a,DU,KU,2026-09-09
exp1639,glm-5.3,zero_shot,eval,NEU,f98256a1719daf8a,NEU,NEU,2026-09-09
exp1641,glm-5.3,zero_shot,eval,DU,f98256a1719daf8a,DU,DU,2026-09-09
exp1642,glm-5.3,zero_shot,eval,DU,f98256a1719daf8a,DU,DU,2026-09-09
exp1643,glm-5.3,zero_shot,eval,KU,f98256a1719daf8a,KU,KU,2026-09-09
exp1646,glm-5.3,zero_shot,eval,KU,f98256a1719daf8a,DU,DU,2026-09-09
exp1649,glm-5.3,zero_shot,eval,DU,f98256a1719daf8a,DU,KU,2026-09-09
exp1651,glm-5.3,zero_shot,eval,NEU,f98256a1719daf8a,KU,KU,2026-09-09
exp1652,glm-5.3,zero_shot,eval,NEU,f98256a1719daf8a,NEU,NEU,2026-09-09
exp1653,glm-5.3,zero_shot,eval,KU,f98256a1719daf8a,DU,DU,2026-09-09
exp1654,glm-5.3,zero_shot,eval,DU,f98256a1719daf8a,DU,DU,2026-09-09
exp1656,glm-5.3,zero_shot,eval,DU,f98256a1719daf8a,DU,DU,2026-09-09
exp1658,glm-5.3,zero_shot,eval,DU,f98256a1719daf8a,NEU,NEU,2026-09-09
exp1659,glm-5.3,zero_shot,eval,KU,f98256a1719daf8a,KU,KU,2026-09-09
exp1660,glm-5.3,zero_shot,eval,KU,f98256a1719daf8a,DU,DU,2026-09-09
exp1661,glm-5.3,zero_shot,eval,,f98256a1719daf8a,KU,KU,2026-09-09
exp1663,glm-5.3,zero_shot,eval,KU,f98256a1719daf8a,DU,DU,2026-09-09
exp1665,glm-5.3,zero_shot,eval,KU,f98256a1719daf8a,DU,DU,2026-09-09
exp1667,glm-5.3,zero_shot,eval,DU,f98256a1719daf8a,KU,KU,2026-09-09
exp1668,glm-5.3,zero_shot,eval,KU,f98256a1719daf8a,NEU,NEU,2026-09-09
exp1670,glm-5.3,zero_shot,eval,KU,f98256a1719daf8a,KU,KU,2026-09-09
exp1671,glm-5.3,zero_shot,eval,DU,f98256a1719daf8a,DU,DU,2026-09-09
exp1672,glm-5.3,zero_shot,eval,DU,f98256a1719daf8a,DU,DU,2026-09-09
exp1673,glm-5.3,zero_shot,eval,KU,f98256a1719daf8a,KU,DU,2026-09-09
exp1674,glm-5.3,zero_shot,eval,KU,f98256a1719daf8a,KU,DU,2026-09-09
exp1676,glm-5.3,zero_shot,eval,NEU,f98256a1719daf8a,NEU,NEU,2026-09-09
exp1681,glm-5.3,zero_shot,eval,DU,f98256a1719daf8a,DU,DU,2026-09-09
exp1683,glm-5.3,zero_shot,eval,DU,f98256a1719daf8a,DU,DU,2026-09-09
exp1685,glm-5.3,zero_shot,eval,KU,f98256a1719daf8a,DU,DU,2026-09-09
exp1693,glm-5.3,zero_shot,eval,NEU,f98256a1719daf8a,NEU,NEU,2026-09-09
exp1694,glm-5.3,zero_shot,eval,NEU,f98256a1719daf8a,NEU,NEU,2026-09-09
exp1695,glm-5.3,zero_shot,eval,KU,f98256a1719daf8a,DU,DU,2026-09-09
exp1696,glm-5.3,zero_shot,eval,KU,f98256a1719daf8a,KU,KU,2026-09-09
exp1697,glm-5.3,zero_shot,eval,KU,f98256a1719daf8a,NEU,NEU,2026-09-09
exp1699,glm-5.3,zero_shot,eval,NEU,f98256a1719daf8a,NEU,NEU,2026-09-09
exp1700,glm-5.3,zero_shot,eval,NEU,f98256a1719daf8a,NEU,NEU,2026-09-09
exp1701,glm-5.3,zero_shot,eval,DU,f98256a1719daf8a,DU,DU,2026-09-09
exp1702,glm-5.3,zero_shot,eval,DU,f98256a1719daf8a,NEU,NEU,2026-09-09
exp1704,glm-5.3,zero_shot,eval,KU,f98256a1719daf8a,DU,DU,2026-09-09
exp1705,glm-5.3,zero_shot,eval,KU,f98256a1719daf8a,DU,DU,2026-09-09
exp1706,glm-5.3,zero_shot,eval,DU,f98256a1719daf8a,DU,DU,2026-09-09
exp1709,glm-5.3,zero_shot,eval,KU,f98256a1719daf8a,DU,DU,2026-09-09
exp1711,glm-5.3,zero_shot,eval,NEU,f98256a1719daf8a,KU,KU,2026-09-09
exp1713,glm-5.3,zero_shot,eval,KU,f98256a1719daf8a,DU,DU,2026-09-09
exp1718,glm-5.3,zero_shot,eval,NEU,f98256a1719daf8a,NEU,KU,2026-09-09
exp1719,glm-5.3,zero_shot,eval,KU,f98256a1719daf8a,DU,DU,2026-09-09
exp1723,glm-5.3,zero_shot,eval,NEU,f98256a1719daf8a,NEU,NEU,2026-09-09
exp1724,glm-5.3,zero_shot,eval,KU,f98256a1719daf8a,DU,DU,2026-09-09
exp1725,glm-5.3,zero_shot,eval,KU,f98256a1719daf8a,NEU,NEU,2026-09-09
exp1726,glm-5.3,zero_shot,eval,NEU,f98256a1719daf8a,KU,KU,2026-09-09
exp1729,glm-5.3,zero_shot,eval,KU,f98256a1719daf8a,DU,DU,2026-09-09
exp1730,glm-5.3,zero_shot,eval,KU,f98256a1719daf8a,NEU,NEU,2026-09-09
exp1731,glm-5.3,zero_shot,eval,KU,f98256a1719daf8a,DU,DU,2026-09-09
exp1733,glm-5.3,zero_shot,eval,KU,f98256a1719daf8a,KU,DU,2026-09-09
exp1734,glm-5.3,zero_shot,eval,NEU,f98256a1719daf8a,KU,KU,2026-09-09
exp1735,glm-5.3,zero_shot,eval,KU,f98256a1719daf8a,DU,KU,2026-09-09
exp1736,glm-5.3,zero_shot,eval,KU,f98256a1719daf8a,KU,DU,2026-09-09
exp1737,glm-5.3,zero_shot,eval,NEU,f98256a1719daf8a,NEU,NEU,2026-09-09
exp1738,glm-5.3,zero_shot,eval,KU,f98256a1719daf8a,DU,DU,2026-09-09
exp1739,glm-5.3,zero_shot,eval,KU,f98256a1719daf8a,DU,DU,2026-09-09
exp1740,glm-5.3,zero_shot,eval,DU,f98256a1719daf8a,KU,KU,2026-09-09
exp1741,glm-5.3,zero_shot,eval,KU,f98256a1719daf8a,DU,DU,2026-09-09
exp1742,glm-5.3,zero_shot,eval,KU,f98256a1719daf8a,KU,KU,2026-09-09
exp1745,glm-5.3,zero_shot,eval,DU,f98256a1719daf8a,DU,DU,2026-09-09
exp1746,glm-5.3,zero_shot,eval,KU,f98256a1719daf8a,KU,DU,2026-09-09
exp1747,glm-5.3,zero_shot,eval,NEU,f98256a1719daf8a,DU,KU,2026-09-09
exp1752,glm-5.3,zero_shot,eval,NEU,f98256a1719daf8a,NEU,NEU,2026-09-09
exp1753,glm-5.3,zero_shot,eval,NEU,f98256a1719daf8a,KU,KU,2026-09-09
exp1754,glm-5.3,zero_shot,eval,KU,f98256a1719daf8a,KU,KU,2026-09-09
exp1756,glm-5.3,zero_shot,eval,NEU,f98256a1719daf8a,NEU,NEU,2026-09-09
exp1759,glm-5.3,zero_shot,eval,DU,f98256a1719daf8a,DU,DU,2026-09-09
exp1761,glm-5.3,zero_shot,eval,KU,f98256a1719daf8a,DU,KU,2026-09-09
exp1762,glm-5.3,zero_shot,eval,KU,f98256a1719daf8a,DU,DU,2026-09-09
exp1768,glm-5.3,zero_shot,eval,NEU,f98256a1719daf8a,NEU,NEU,2026-09-09
exp1769,glm-5.3,zero_shot,eval,,f98256a1719daf8a,DU,DU,2026-09-09
exp1770,glm-5.3,zero_shot,eval,KU,f98256a1719daf8a,DU,DU,2026-09-09
exp1772,glm-5.3,zero_shot,eval,DU,f98256a1719daf8a,DU,DU,2026-09-09
exp1774,glm-5.3,zero_shot,eval,KU,f98256a1719daf8a,DU,DU,2026-09-09
exp1776,glm-5.3,zero_shot,eval,NEU,f98256a1719daf8a,NEU,KU,2026-09-09
exp1777,glm-5.3,zero_shot,eval,KU,f98256a1719daf8a,DU,DU,2026-09-09
exp1778,glm-5.3,zero_shot,eval,DU,f98256a1719daf8a,DU,DU,2026-09-09
exp1780,glm-5.3,zero_shot,eval,NEU,f98256a1719daf8a,NEU,NEU,2026-09-09
exp1782,glm-5.3,zero_shot,eval,DU,f98256a1719daf8a,DU,DU,2026-09-09
exp1784,glm-5.3,zero_shot,eval,DU,f98256a1719daf8a,DU,DU,2026-09-09
exp1785,glm-5.3,zero_shot,eval,KU,f98256a1719daf8a,DU,DU,2026-09-09
exp1787,glm-5.3,zero_shot,eval,NEU,f98256a1719daf8a,NEU,NEU,2026-09-09
exp1788,glm-5.3,zero_shot,eval,DU,f98256a1719daf8a,DU,DU,2026-09-09
exp1789,glm-5.3,zero_shot,eval,KU,f98256a1719daf8a,DU,DU,2026-09-09
exp1792,glm-5.3,zero_shot,eval,NEU,f98256a1719daf8a,NEU,NEU,2026-09-09
exp1794,glm-5.3,zero_shot,eval,KU,f98256a1719daf8a,KU,KU,2026-09-09
exp1795,glm-5.3,zero_shot,eval,KU,f98256a1719daf8a,DU,KU,2026-09-09
exp1796,glm-5.3,zero_shot,eval,NEU,f98256a1719daf8a,NEU,KU,2026-09-09
exp1799,glm-5.3,zero_shot,eval,KU,f98256a1719daf8a,DU,DU,2026-09-09
exp1800,glm-5.3,zero_shot,eval,DU,f98256a1719daf8a,DU,KU,2026-09-09
exp1801,glm-5.3,zero_shot,eval,KU,f98256a1719daf8a,KU,KU,2026-09-09
exp1802,glm-5.3,zero_shot,eval,KU,f98256a1719daf8a,DU,DU,2026-09-09
exp1803,glm-5.3,zero_shot,eval,KU,f98256a1719daf8a,DU,DU,2026-09-09
exp1805,glm-5.3,zero_shot,eval,KU,f98256a1719daf8a,DU,DU,2026-09-09
exp1811,glm-5.3,zero_shot,eval,KU,f98256a1719daf8a,DU,DU,2026-09-09
exp1817,glm-5.3,zero_shot,eval,NEU,f98256a1719daf8a,KU,KU,2026-09-09
exp1818,glm-5.3,zero_shot,eval,DU,f98256a1719daf8a,DU,DU,2026-09-09
exp1819,glm-5.3,zero_shot,eval,KU,f98256a1719daf8a,NEU,NEU,2026-09-09
exp1822,glm-5.3,zero_shot,eval,DU,f98256a1719daf8a,DU,DU,2026-09-09
exp1824,glm-5.3,zero_shot,eval,KU,f98256a1719daf8a,DU,DU,2026-09-09
exp1826,glm-5.3,zero_shot,eval,DU,f98256a1719daf8a,DU,DU,2026-09-09
exp1827,glm-5.3,zero_shot,eval,KU,f98256a1719daf8a,NEU,NEU,2026-09-09
exp1829,glm-5.3,zero_shot,eval,NEU,f98256a1719daf8a,NEU,NEU,2026-09-09
exp1835,glm-5.3,zero_shot,eval,KU,f98256a1719daf8a,DU,DU,2026-09-09
exp1836,glm-5.3,zero_shot,eval,DU,f98256a1719daf8a,DU,DU,2026-09-09
