case_uid,anotator,poradi,kvalita,dopad,vhodnost,adjudikovano,adjudikovano_dimenze,komentar_jazykovy,komentar_plocha,komentar_dalsi,otazniky,tema_strojovy_preklad,n_znaku_popis,n_znaku_anamneza,n_znaku_reseni,n_znaku_vystup
exp3011,A12,1,Plná,Dlouhodobý úspěch,3.0,1,dopad,0,0,0,0,0,906,824,887,716
exp3010,A12,2,Plná,Krátkodobý úspěch,3.0,1,vhodnost,1,0,1,0,0,738,630,965,566
exp3009,A12,3,Plná,Krátkodobý úspěch,4.0,1,dopad,0,0,0,0,0,639,608,2100,545
exp3008,A12,4,Plná,Krátkodobý úspěch,3.0,0,,0,0,0,0,0,1697,519,789,231
exp3007,A12,5,Plná,Neúspěch,2.0,1,dopad;vhodnost,1,0,0,0,0,905,1221,1691,566
exp3006,A12,6,Plná,Dlouhodobý úspěch,3.0,0,,0,0,0,0,0,697,409,2446,1243
exp3005,A12,7,Plná,Dlouhodobý úspěch,3.0,0,,1,0,0,0,0,1316,644,2649,829
exp3004,A12,8,Plná,Krátkodobý úspěch,3.0,0,,0,0,0,0,0,439,609,433,123
exp3003,A12,9,Plná,Dlouhodobý úspěch,2.0,0,,0,0,0,0,0,452,446,428,135
exp3002,A12,10,Plná,Krátkodobý úspěch,3.0,0,,0,0,0,0,0,514,565,466,452
exp3001,A12,11,Plochá,Krátkodobý úspěch,2.0,0,,1,1,0,0,0,398,400,423,147
exp3000,A12,12,Plná,Krátkodobý úspěch,2.0,0,,1,0,0,0,0,939,1250,815,398
exp2999,A12,13,Plná,Krátkodobý úspěch,4.0,0,,0,0,0,0,0,1372,2200,2401,613
exp2998,A12,14,Plná,Dlouhodobý úspěch,4.0,0,,0,0,0,0,0,431,597,580,665
exp2997,A12,15,Plná,Neúspěch,3.0,1,dopad,1,0,0,0,1,659,541,483,639
exp2996,A12,16,Plná,Dlouhodobý úspěch,3.0,0,,0,0,0,0,0,722,610,930,1149
exp2995,A12,17,Plná,Dlouhodobý úspěch,4.0,0,,0,0,0,0,0,506,451,765,277
exp2994,A12,18,Plná,Krátkodobý úspěch,3.0,0,,0,0,0,0,0,1032,484,1536,544
exp2993,A12,19,Plná,Neúspěch,2.0,0,,0,0,0,0,0,1556,890,1134,473
exp2992,A12,20,Plná,Dlouhodobý úspěch,3.0,0,,0,0,0,0,0,498,457,683,444
exp2991,A12,21,Plná,Neúspěch,3.0,0,,0,0,0,0,0,509,408,984,798
exp2990,A12,22,Plná,Dlouhodobý úspěch,4.0,1,vhodnost,0,0,0,0,0,506,491,480,521
exp2989,A12,23,Plná,Neúspěch,3.0,0,,0,0,0,0,0,1191,560,1354,558
exp2988,A12,24,Plná,Dlouhodobý úspěch,3.0,0,,0,0,0,0,0,451,517,723,267
exp2987,A12,25,Plná,Krátkodobý úspěch,3.0,0,,0,0,0,0,0,657,781,909,665
exp2986,A12,26,Plná,Dlouhodobý úspěch,4.0,0,,1,0,0,0,0,636,853,1482,338
exp2985,A12,27,Plná,Krátkodobý úspěch,3.0,0,,0,0,0,0,0,762,569,1591,1141
exp2984,A12,28,Plná,Dlouhodobý úspěch,3.0,0,,0,0,0,0,0,448,489,423,58
exp2983,A12,29,Plná,Krátkodobý úspěch,4.0,1,vhodnost,0,0,0,0,0,1458,804,1463,564
exp2982,A12,30,Plná,Krátkodobý úspěch,2.0,0,,0,0,0,0,0,613,1171,764,772
exp2981,A12,31,Plná,Krátkodobý úspěch,3.0,1,dopad,1,0,0,0,1,664,1342,2373,531
exp2980,A12,32,Plná,Krátkodobý úspěch,3.0,1,vhodnost,0,0,0,0,0,414,445,557,547
exp2979,A12,33,Plná,Dlouhodobý úspěch,4.0,0,,0,0,0,0,0,1082,545,1532,334
exp2978,A12,34,Plná,Neúspěch,4.0,1,vhodnost,0,0,1,0,0,459,441,630,555
exp2977,A12,35,Plná,Krátkodobý úspěch,3.0,0,,0,0,0,0,0,432,723,838,309
exp2976,A12,36,Plná,Dlouhodobý úspěch,3.0,0,,0,0,0,0,0,418,483,403,68
exp2975,A12,37,Plná,Dlouhodobý úspěch,3.0,0,,0,0,0,0,0,1491,442,462,598
exp2974,A12,38,Plná,Krátkodobý úspěch,3.0,1,dopad,0,0,0,0,0,735,657,588,101
exp2973,A12,39,Plná,Dlouhodobý úspěch,4.0,1,vhodnost,0,0,0,0,0,748,577,969,911
exp2972,A12,40,Plochá,Neúspěch,1.0,1,kvalita,0,1,0,0,0,547,579,1171,454
exp2971,A12,41,Plná,Dlouhodobý úspěch,4.0,0,,0,0,0,0,0,444,418,572,324
exp2970,A12,42,Plná,Neúspěch,3.0,1,vhodnost,0,0,0,0,0,1111,752,807,478
exp2969,A12,43,Plná,Dlouhodobý úspěch,3.0,0,,0,0,0,0,0,506,476,515,455
exp2968,A12,44,Plná,Dlouhodobý úspěch,4.0,1,dopad;vhodnost,0,0,1,0,0,1270,1263,1365,1257
exp2967,A12,45,Plná,Dlouhodobý úspěch,4.0,1,dopad;vhodnost,0,0,0,0,0,969,831,481,590
exp2966,A12,46,Plná,Krátkodobý úspěch,3.0,0,,0,0,0,0,0,662,678,1070,506
exp2965,A12,47,Plná,Krátkodobý úspěch,2.0,0,,0,0,0,0,0,406,763,413,380
exp2964,A12,48,Plná,Krátkodobý úspěch,2.0,1,vhodnost,0,0,0,0,0,542,468,428,456
exp2963,A12,49,Plná,Krátkodobý úspěch,3.0,0,,0,0,0,0,0,995,653,536,718
exp2962,A12,50,Plná,Krátkodobý úspěch,3.0,0,,0,1,0,0,0,541,432,495,155
exp2961,A12,51,Plná,Neúspěch,1.0,0,,0,0,0,0,0,409,425,410,453
exp2960,A12,52,Plná,Krátkodobý úspěch,4.0,0,,0,0,0,0,0,607,824,799,585
exp2959,A12,53,Plná,Krátkodobý úspěch,3.0,0,,0,0,0,0,0,1328,416,1159,223
exp2958,A12,54,Plná,Dlouhodobý úspěch,2.0,1,vhodnost,0,0,0,0,0,519,498,528,125
exp2957,A12,55,Plná,Dlouhodobý úspěch,3.0,0,,0,0,0,0,0,1408,488,567,557
exp2956,A12,56,Plná,Neúspěch,2.0,0,,0,0,0,0,0,1721,2169,1455,328
exp2955,A12,57,Plná,Dlouhodobý úspěch,3.0,0,,0,0,0,0,0,491,434,599,798
exp2954,A12,58,Plná,Dlouhodobý úspěch,4.0,0,,0,0,0,0,0,405,509,1433,1031
exp2953,A12,59,Plochá,Krátkodobý úspěch,2.0,1,kvalita,0,1,0,0,0,403,978,913,425
exp2952,A12,60,Plná,Dlouhodobý úspěch,4.0,0,,0,0,0,0,0,483,424,862,1366
exp2951,A12,61,Plná,Dlouhodobý úspěch,3.0,0,,0,0,0,0,0,439,658,1151,798
exp2950,A12,62,Plná,Dlouhodobý úspěch,4.0,0,,0,0,0,0,0,1549,1872,2573,1085
exp2949,A12,63,Plná,Krátkodobý úspěch,2.0,0,,0,0,0,0,0,1009,923,874,487
exp2948,A12,64,Plná,Dlouhodobý úspěch,3.0,0,,0,0,0,0,0,624,455,1138,217
exp2947,A12,65,Plná,Krátkodobý úspěch,3.0,1,dopad;vhodnost,0,0,0,0,0,693,446,1079,740
exp2946,A12,66,Plná,Krátkodobý úspěch,3.0,0,,1,0,0,0,0,1151,412,634,272
exp2945,A12,67,Plná,Dlouhodobý úspěch,4.0,0,,0,0,0,0,0,1412,938,2681,2638
exp2944,A12,68,Plná,Krátkodobý úspěch,3.0,0,,0,0,0,0,0,604,497,524,552
exp2943,A12,69,Plná,Krátkodobý úspěch,3.0,1,vhodnost,0,0,0,0,0,635,426,834,237
exp2942,A12,70,Plná,Dlouhodobý úspěch,4.0,0,,0,0,0,0,0,404,419,443,127
exp2941,A12,71,Plná,Krátkodobý úspěch,3.0,0,,0,0,0,0,0,2443,694,480,108
exp2940,A12,72,Plná,Krátkodobý úspěch,3.0,0,,0,0,0,0,0,423,423,440,204
exp2939,A12,73,Plná,Dlouhodobý úspěch,3.0,1,vhodnost,0,0,0,0,0,453,543,400,176
exp2938,A12,74,Plná,Dlouhodobý úspěch,2.0,0,,0,0,0,0,0,512,460,528,297
exp2937,A12,75,Plná,Dlouhodobý úspěch,3.0,0,,0,0,0,0,0,444,474,439,394
exp2936,A12,76,Plná,Dlouhodobý úspěch,3.0,0,,0,0,0,0,0,422,472,415,140
exp2935,A12,77,Plná,Dlouhodobý úspěch,2.0,0,,0,0,0,0,0,745,665,412,204
exp2934,A12,78,Plná,Dlouhodobý úspěch,4.0,0,,0,0,0,0,0,626,500,1184,514
exp2933,A12,79,Plná,Dlouhodobý úspěch,3.0,0,,0,0,0,0,0,1007,229,1320,171
exp2932,A12,80,Plná,Krátkodobý úspěch,2.0,1,vhodnost,0,0,0,0,0,942,805,586,589
exp2931,A12,81,Plná,Krátkodobý úspěch,3.0,0,,0,0,0,0,0,427,406,662,259
exp2930,A12,82,Plná,Krátkodobý úspěch,4.0,1,dopad,0,0,0,0,0,1788,1493,2643,1557
exp2929,A12,83,Plná,Dlouhodobý úspěch,3.0,0,,1,0,1,0,0,494,410,653,546
exp2928,A12,84,Plná,Dlouhodobý úspěch,3.0,1,vhodnost,0,0,0,0,0,667,448,658,221
exp2927,A12,85,Plná,Neúspěch,2.0,0,,0,0,0,0,0,592,515,542,569
exp2926,A12,86,Plná,Neúspěch,2.0,0,,0,0,0,0,0,537,408,429,262
exp2925,A12,87,Plochá,,,0,,0,1,0,0,0,400,435,417,183
exp2924,A12,88,Plná,Dlouhodobý úspěch,4.0,0,,0,0,0,0,0,825,911,417,446
exp2923,A12,89,Plná,Krátkodobý úspěch,4.0,0,,0,0,0,0,0,862,937,780,785
exp2922,A12,90,Plná,Dlouhodobý úspěch,4.0,0,,0,0,0,0,0,763,1083,803,378
exp2921,A12,91,Plná,Krátkodobý úspěch,3.0,0,,0,0,0,0,0,521,570,793,334
exp2920,A12,92,Plná,Krátkodobý úspěch,4.0,0,,0,0,0,0,0,1380,825,1093,1134
exp2919,A12,93,Plná,Krátkodobý úspěch,3.0,0,,0,0,0,0,0,1450,657,1279,1345
exp2918,A12,94,Plná,Dlouhodobý úspěch,2.0,1,vhodnost,1,0,0,0,0,613,415,617,628
exp2917,A12,95,Plochá,,,1,kvalita,1,0,0,0,0,1014,455,599,279
exp2916,A12,96,Plná,Krátkodobý úspěch,3.0,1,vhodnost,0,0,0,0,0,696,409,450,403
exp2915,A12,97,Plná,Krátkodobý úspěch,4.0,1,vhodnost,0,0,0,0,0,786,695,686,234
exp2914,A12,98,Plná,Dlouhodobý úspěch,3.0,0,,0,0,0,0,0,1382,522,450,706
exp2913,A12,99,Plná,Krátkodobý úspěch,3.0,1,vhodnost,0,0,0,0,0,530,539,487,359
exp2912,A12,100,Plná,Krátkodobý úspěch,3.0,1,dopad;vhodnost,0,0,0,0,0,784,444,487,316
exp2911,A12,101,Plná,Dlouhodobý úspěch,3.0,0,,0,0,0,0,0,689,403,968,497
exp2910,A12,102,Plná,Dlouhodobý úspěch,4.0,0,,0,0,0,0,0,3060,1208,482,1235
exp2909,A12,103,Plná,Dlouhodobý úspěch,3.0,0,,0,0,0,0,0,962,1183,1352,1157
exp2908,A12,104,Plná,Dlouhodobý úspěch,3.0,0,,0,0,0,0,0,430,449,445,137
exp2907,A12,105,Plná,Neúspěch,2.0,0,,0,0,0,0,0,430,446,1254,455
exp2906,A12,106,Plná,Neúspěch,2.0,0,,0,0,0,0,0,455,558,517,187
exp2905,A12,107,Plná,Dlouhodobý úspěch,4.0,1,vhodnost,0,0,0,0,0,478,411,584,256
exp2904,A12,108,Plná,Dlouhodobý úspěch,4.0,0,,0,0,0,0,0,421,420,701,235
exp2903,A12,109,Plná,Krátkodobý úspěch,3.0,0,,0,0,0,0,0,1303,517,731,438
exp2902,A12,110,Plná,Krátkodobý úspěch,2.0,0,,0,0,0,0,0,1183,472,622,173
exp2901,A12,111,Plná,Dlouhodobý úspěch,4.0,0,,0,0,0,0,0,1133,724,1499,1504
exp2900,A12,112,Plná,Dlouhodobý úspěch,4.0,0,,0,0,0,0,0,414,416,570,106
exp2899,A12,113,Plná,Dlouhodobý úspěch,3.0,0,,0,0,0,0,0,442,413,582,200
exp2898,A12,114,Plná,Dlouhodobý úspěch,4.0,0,,0,0,0,0,0,511,399,433,107
exp2897,A12,115,Plná,Krátkodobý úspěch,3.0,1,dopad,0,0,0,0,0,2147,751,944,517
exp2896,A12,116,Plná,Dlouhodobý úspěch,4.0,0,,0,0,0,0,0,1173,1007,1170,1215
exp2895,A12,117,Plná,Krátkodobý úspěch,3.0,0,,0,0,0,0,0,889,416,570,527
exp2894,A12,118,Plná,Dlouhodobý úspěch,2.0,0,,0,0,0,0,0,591,400,669,239
exp2893,A12,119,Plná,Krátkodobý úspěch,3.0,0,,0,0,0,0,0,487,484,460,394
exp2892,A12,120,Plná,Krátkodobý úspěch,4.0,1,vhodnost,1,0,0,0,1,489,515,413,847
exp2891,A12,121,Plná,Dlouhodobý úspěch,3.0,1,dopad,0,0,0,0,0,1517,884,2957,903
exp2890,A12,122,Plná,Krátkodobý úspěch,3.0,0,,0,0,1,0,0,1007,711,471,536
exp2889,A12,123,Plná,Neúspěch,2.0,0,,0,0,0,0,0,610,447,640,1053
exp2888,A12,124,Plná,Neúspěch,2.0,0,,0,0,0,0,0,624,452,472,348
exp2887,A12,125,Plná,Krátkodobý úspěch,2.0,0,,0,0,0,0,0,472,717,1047,342
exp2886,A12,126,Plná,Dlouhodobý úspěch,3.0,0,,0,0,0,0,0,440,411,432,101
exp2885,A12,127,Plná,Neúspěch,2.0,0,,0,0,0,0,0,2484,1771,536,2787
exp2884,A12,128,Plná,Krátkodobý úspěch,4.0,1,vhodnost,0,0,0,0,0,415,1234,690,633
exp2883,A12,129,Plná,Krátkodobý úspěch,2.0,0,,0,0,0,0,0,441,422,494,420
exp2882,A12,130,Plná,Neúspěch,2.0,0,,0,0,0,0,0,1310,395,1500,565
exp2881,A12,131,Plná,Krátkodobý úspěch,3.0,0,,0,0,0,0,0,523,983,1339,859
exp2880,A12,132,Plná,Krátkodobý úspěch,3.0,0,,0,0,0,0,0,466,507,737,528
exp2879,A12,133,Plná,Krátkodobý úspěch,3.0,0,,1,0,0,0,1,429,402,518,457
exp2878,A12,134,Plná,Krátkodobý úspěch,3.0,0,,0,0,0,0,0,541,644,537,353
exp2877,A12,135,Plná,Krátkodobý úspěch,3.0,0,,0,0,0,0,0,699,531,599,610
exp2876,A12,136,Plná,Dlouhodobý úspěch,2.0,0,,0,0,0,0,0,469,520,508,141
exp2875,A12,137,Plná,Krátkodobý úspěch,3.0,0,,0,0,0,0,0,1046,965,1761,498
exp2874,A12,138,Plná,Dlouhodobý úspěch,2.0,1,vhodnost,0,0,0,0,0,434,441,526,365
exp2873,A12,139,Plná,Dlouhodobý úspěch,3.0,0,,0,0,0,0,0,444,478,837,205
exp2872,A12,140,Plná,Krátkodobý úspěch,3.0,0,,0,0,0,0,0,455,459,645,384
exp2871,A12,141,Plná,Krátkodobý úspěch,2.0,0,,0,0,0,0,0,701,587,428,413
exp2870,A12,142,Plná,Krátkodobý úspěch,2.0,0,,0,0,1,0,0,2104,753,1212,868
exp2869,A12,143,Plochá,Dlouhodobý úspěch,4.0,1,kvalita,0,1,0,0,0,992,1407,846,905
exp2868,A12,144,Plná,Neúspěch,3.0,1,vhodnost,0,0,0,0,0,758,1178,660,48
exp2867,A12,145,Plná,Dlouhodobý úspěch,3.0,0,,0,0,0,0,0,620,483,486,345
exp2866,A12,146,Plná,Dlouhodobý úspěch,3.0,0,,0,0,0,0,0,863,450,1604,980
exp2865,A12,147,Plná,Neúspěch,3.0,0,,0,0,0,0,0,821,462,1152,103
exp2864,A12,148,Plná,Neúspěch,2.0,1,kvalita,0,1,0,0,0,431,510,610,602
exp2863,A12,149,Plná,Krátkodobý úspěch,4.0,1,dopad,0,0,0,0,0,604,589,836,942
exp2862,A12,150,Plná,Neúspěch,3.0,1,vhodnost,0,0,0,0,0,491,485,764,339
exp2861,A12,151,Plná,Dlouhodobý úspěch,3.0,0,,0,0,0,0,0,884,218,597,985
exp2860,A12,152,Plná,Krátkodobý úspěch,2.0,0,,0,0,0,0,0,871,737,1502,1000
exp2859,A12,153,Plná,Dlouhodobý úspěch,4.0,1,vhodnost,0,0,0,0,0,666,412,718,441
exp2858,A12,154,Plná,Dlouhodobý úspěch,4.0,0,,0,0,0,0,0,888,434,1001,603
exp2857,A12,155,Plná,Krátkodobý úspěch,3.0,0,,0,0,0,0,0,405,458,471,169
exp2856,A12,156,Plochá,Dlouhodobý úspěch,4.0,1,kvalita,0,1,0,0,0,768,979,1710,1831
exp2855,A12,157,Plná,Dlouhodobý úspěch,4.0,0,,0,0,0,0,0,977,938,1317,901
exp2854,A12,158,Plná,Krátkodobý úspěch,2.0,0,,0,0,0,0,0,949,791,1292,688
exp2853,A12,159,Plná,Dlouhodobý úspěch,3.0,0,,0,0,0,0,0,571,459,795,584
exp2852,A12,160,Plná,Dlouhodobý úspěch,3.0,0,,0,0,0,0,0,462,653,1366,321
exp2851,A12,161,Plná,Neúspěch,3.0,0,,0,0,0,0,0,2231,1346,726,74
exp2850,A12,162,Plochá,Neúspěch,1.0,1,kvalita;vhodnost,0,1,0,0,0,3408,782,855,345
exp2849,A12,163,Plná,Dlouhodobý úspěch,2.0,1,dopad,0,0,1,0,0,1175,781,1021,1086
exp2848,A12,164,Plná,Krátkodobý úspěch,3.0,1,dopad,0,0,0,0,0,1780,736,1726,401
exp2847,A12,165,Plná,Dlouhodobý úspěch,3.0,0,,1,0,0,0,0,597,527,667,608
exp2846,A12,166,Plná,Dlouhodobý úspěch,3.0,0,,0,0,1,0,0,539,452,496,219
exp2845,A12,167,Plná,Neúspěch,3.0,0,,0,0,0,0,0,1846,769,904,497
exp2844,A12,168,Plná,Dlouhodobý úspěch,4.0,0,,0,0,0,0,0,731,702,1092,735
exp2843,A12,169,Plná,Krátkodobý úspěch,3.0,0,,0,0,0,0,0,598,552,620,756
exp2842,A12,170,Plná,Krátkodobý úspěch,3.0,0,,0,0,0,0,0,523,512,429,236
exp2841,A12,171,Plná,Dlouhodobý úspěch,4.0,0,,0,0,0,0,0,751,652,1165,514
exp2840,A12,172,Plná,Krátkodobý úspěch,2.0,0,,0,0,0,0,0,1240,424,510,531
exp2839,A12,173,Plná,Dlouhodobý úspěch,4.0,0,,0,0,0,0,0,562,504,1088,1511
exp2838,A12,174,Plná,Dlouhodobý úspěch,4.0,0,,0,0,0,0,0,1588,515,1281,1310
exp2837,A12,175,Plná,Krátkodobý úspěch,3.0,0,,0,0,0,0,0,472,762,425,208
exp2836,A12,176,Plná,Dlouhodobý úspěch,4.0,0,,0,0,0,0,0,610,458,401,529
exp2835,A12,177,Plná,Dlouhodobý úspěch,4.0,0,,0,0,0,0,0,470,336,603,360
exp2834,A12,178,Plná,Neúspěch,4.0,1,vhodnost,0,0,0,0,0,601,768,418,432
exp2833,A12,179,Plná,Krátkodobý úspěch,3.0,1,vhodnost,0,0,0,0,0,753,438,859,588
exp2832,A12,180,Plná,Dlouhodobý úspěch,4.0,0,,0,0,0,0,0,487,234,423,368
exp2831,A12,181,Plná,Dlouhodobý úspěch,4.0,0,,0,0,0,0,0,613,501,469,567
exp2830,A12,182,Plochá,Krátkodobý úspěch,3.0,1,kvalita,0,1,0,0,0,549,442,444,495
exp2829,A12,183,Plná,Krátkodobý úspěch,2.0,1,vhodnost,0,0,0,0,0,406,404,473,92
exp2828,A12,184,Plná,Dlouhodobý úspěch,3.0,0,,0,0,0,0,0,783,535,634,405
exp2827,A12,185,Plná,Dlouhodobý úspěch,3.0,0,,0,0,0,0,0,717,470,812,578
exp2825,A12,186,Plná,Dlouhodobý úspěch,4.0,0,,0,0,0,0,0,398,552,1022,354
exp2824,A12,187,Plná,Dlouhodobý úspěch,3.0,0,,0,0,0,0,0,521,549,550,473
exp2823,A12,188,Plná,Krátkodobý úspěch,3.0,0,,0,0,0,0,0,830,697,547,1066
exp2822,A12,189,Plná,Krátkodobý úspěch,2.0,0,,1,0,0,0,0,989,1011,799,478
exp2821,A12,190,Plná,Dlouhodobý úspěch,3.0,0,,0,0,0,0,0,427,579,469,278
exp2820,A12,191,Plná,Dlouhodobý úspěch,4.0,0,,0,0,0,0,0,674,399,572,605
exp2818,A12,192,Plná,Krátkodobý úspěch,3.0,1,vhodnost,0,0,0,0,0,867,1049,1026,554
exp2817,A12,193,Plná,Krátkodobý úspěch,2.0,0,,0,0,0,0,0,409,403,493,317
exp2816,A12,194,Plná,Dlouhodobý úspěch,4.0,0,,0,0,0,0,0,593,413,543,498
exp2815,A12,195,Plná,Dlouhodobý úspěch,2.0,0,,0,0,0,0,0,653,855,1308,590
exp2814,A12,196,Plná,Dlouhodobý úspěch,3.0,0,,0,0,0,0,0,453,553,463,615
exp2813,A12,197,Plná,Dlouhodobý úspěch,3.0,0,,0,0,0,0,0,1287,970,468,783
exp2812,A12,198,Plná,Krátkodobý úspěch,4.0,1,kvalita,0,1,0,0,0,3607,411,0,0
exp2811,A12,199,Plná,Krátkodobý úspěch,2.0,0,,0,0,0,0,0,410,463,497,265
exp2810,A12,200,Plná,Krátkodobý úspěch,4.0,0,,1,0,0,0,0,499,517,851,1316
exp2809,A12,201,Plná,Krátkodobý úspěch,3.0,0,,0,0,0,0,0,1030,765,403,565
exp2808,A12,202,Plná,Dlouhodobý úspěch,4.0,0,,0,0,0,0,0,1842,425,1637,1668
exp2807,A12,203,Plochá,Krátkodobý úspěch,3.0,1,kvalita,0,1,0,0,0,596,452,489,245
exp2806,A12,204,Plná,Dlouhodobý úspěch,3.0,0,,0,0,0,0,0,484,420,603,124
exp2805,A12,205,Plná,Krátkodobý úspěch,3.0,0,,0,0,0,0,0,654,461,471,255
exp2804,A12,206,Plná,Dlouhodobý úspěch,4.0,0,,0,0,0,0,0,1230,473,1846,559
exp2803,A12,207,Plná,Krátkodobý úspěch,4.0,1,dopad,0,0,0,0,0,1434,1115,986,1160
exp2802,A12,208,Plná,Krátkodobý úspěch,3.0,1,dopad,0,0,0,0,0,410,572,419,378
exp2801,A12,209,Plochá,Dlouhodobý úspěch,3.0,0,,0,1,0,0,0,724,557,552,550
exp2800,A12,210,Plná,Dlouhodobý úspěch,2.0,0,,0,0,0,0,0,561,585,658,523
exp2799,A12,211,Plná,Krátkodobý úspěch,4.0,0,,0,0,0,0,0,479,409,504,377
exp2798,A12,212,Plná,Krátkodobý úspěch,4.0,0,,0,0,0,0,0,1207,890,3074,1168
exp2797,A12,213,Plná,Krátkodobý úspěch,3.0,0,,0,0,0,0,0,1347,1229,1367,1014
exp2796,A12,214,Plná,Dlouhodobý úspěch,4.0,0,,0,0,0,0,0,505,397,536,494
exp2795,A12,215,Plná,Neúspěch,2.0,1,vhodnost,0,0,0,0,0,898,491,936,497
exp2794,A12,216,Plná,Krátkodobý úspěch,4.0,1,vhodnost,0,0,0,0,0,765,833,906,203
exp2793,A12,217,Plná,Krátkodobý úspěch,2.0,1,vhodnost,0,0,0,0,0,849,558,1026,1190
exp2792,A12,218,Plná,Dlouhodobý úspěch,4.0,0,,0,0,0,0,0,948,480,597,518
exp2791,A12,219,Plná,Krátkodobý úspěch,3.0,0,,0,0,0,0,0,612,578,485,302
exp2790,A12,220,Plná,Dlouhodobý úspěch,3.0,0,,1,0,0,0,0,549,468,442,351
exp2789,A12,221,Plná,Neúspěch,4.0,1,vhodnost,0,0,0,0,0,753,428,1082,640
exp2788,A12,222,Plná,Dlouhodobý úspěch,4.0,0,,0,0,0,0,0,440,433,417,590
exp2787,A12,223,Plná,Krátkodobý úspěch,3.0,0,,0,0,0,0,0,447,400,460,443
exp2786,A12,224,Plná,Dlouhodobý úspěch,3.0,0,,0,0,0,0,0,834,451,1128,194
exp2785,A12,225,Plná,Krátkodobý úspěch,3.0,1,dopad,0,0,0,0,0,462,719,1206,623
exp2784,A12,226,Plochá,,1.0,1,kvalita;vhodnost,0,1,0,0,0,699,501,856,325
exp2783,A12,227,Plná,Dlouhodobý úspěch,3.0,0,,0,0,0,0,0,649,464,1209,164
exp2782,A12,228,Plná,Krátkodobý úspěch,4.0,0,,0,0,0,0,0,447,748,429,314
exp2781,A12,229,Plná,Dlouhodobý úspěch,4.0,0,,1,0,0,0,0,845,1020,2516,673
exp2780,A12,230,Plná,Dlouhodobý úspěch,4.0,0,,0,0,0,0,0,2561,484,1280,514
exp2779,A12,231,Plná,Dlouhodobý úspěch,4.0,0,,0,0,0,0,0,675,610,721,221
exp2778,A12,232,Plná,Dlouhodobý úspěch,3.0,0,,0,0,0,0,0,797,450,971,617
exp2777,A12,233,Plná,Krátkodobý úspěch,4.0,0,,0,0,0,0,0,409,411,717,256
exp2776,A12,234,Plná,Dlouhodobý úspěch,3.0,0,,0,0,0,0,0,772,423,439,304
exp2775,A12,235,Plná,Dlouhodobý úspěch,4.0,0,,0,0,0,0,0,551,508,435,257
exp2774,A12,236,Plná,Krátkodobý úspěch,3.0,1,dopad,0,0,0,0,0,546,433,610,438
exp2773,A12,237,Plná,Neúspěch,2.0,0,,0,0,0,0,0,504,637,607,663
exp2772,A12,238,Plná,Dlouhodobý úspěch,4.0,1,vhodnost,0,0,0,0,0,564,432,682,600
exp2771,A12,239,Plná,Neúspěch,2.0,0,,0,0,0,0,0,526,409,524,213
exp2770,A12,240,Plná,Dlouhodobý úspěch,3.0,0,,0,0,0,0,0,774,610,686,477
exp2769,A12,241,Plná,Krátkodobý úspěch,2.0,0,,0,0,0,0,0,615,434,678,328
exp2768,A12,242,Plná,Dlouhodobý úspěch,4.0,0,,0,0,0,0,0,1257,821,984,1535
exp2767,A12,243,Plná,Krátkodobý úspěch,2.0,0,,0,0,0,0,0,883,492,1358,650
exp2766,A12,244,Plná,Dlouhodobý úspěch,3.0,0,,0,0,0,0,0,533,420,483,147
exp2765,A12,245,Plná,Dlouhodobý úspěch,2.0,0,,0,0,0,0,0,598,461,492,36
exp2764,A12,246,Plná,Neúspěch,2.0,0,,1,0,0,0,0,1501,519,976,317
exp2763,A12,247,Plná,Krátkodobý úspěch,3.0,0,,0,0,0,0,0,460,471,489,168
exp2762,A12,248,Plná,Krátkodobý úspěch,4.0,0,,0,0,0,0,0,1474,1544,1343,1323
exp2761,A12,249,Plná,Dlouhodobý úspěch,4.0,0,,0,0,0,0,0,1417,2023,3347,2712
exp2760,A12,250,Plná,Dlouhodobý úspěch,3.0,0,,0,0,0,0,0,406,525,788,269
exp2759,A12,251,Plná,Dlouhodobý úspěch,4.0,0,,0,0,0,0,0,473,425,472,200
exp2758,A12,252,Plná,Dlouhodobý úspěch,4.0,0,,0,0,0,0,0,491,457,851,428
exp2757,A12,253,Plná,Neúspěch,3.0,0,,0,0,0,0,0,739,739,597,597
exp2756,A12,254,Plná,Dlouhodobý úspěch,3.0,0,,0,0,0,0,0,827,559,861,307
exp2755,A12,255,Plná,Krátkodobý úspěch,2.0,0,,0,0,0,0,0,1241,729,1730,800
exp2754,A12,256,Plná,Dlouhodobý úspěch,3.0,0,,0,0,0,0,0,627,135,339,215
exp2753,A12,257,Plná,Neúspěch,3.0,0,,0,0,0,0,0,515,434,790,447
exp2752,A12,258,Plochá,Neúspěch,3.0,0,,0,1,0,0,0,438,570,768,105
exp2751,A12,259,Plná,Krátkodobý úspěch,2.0,0,,0,0,0,0,0,601,704,1047,312
exp2750,A12,260,Plná,Dlouhodobý úspěch,4.0,0,,0,0,0,0,0,422,472,465,3274
exp2749,A12,261,Plná,Neúspěch,2.0,0,,0,0,0,0,0,790,458,995,118
exp2748,A12,262,Plná,Dlouhodobý úspěch,3.0,0,,0,0,0,0,0,726,581,717,598
exp2747,A12,263,Plná,Neúspěch,2.0,0,,0,0,0,0,0,640,670,1148,610
exp2746,A12,264,Plná,Dlouhodobý úspěch,1.0,0,,0,0,0,0,0,618,426,464,316
exp2745,A12,265,Plná,Dlouhodobý úspěch,3.0,0,,0,0,0,0,0,531,470,639,850
exp2744,A12,266,Plná,Krátkodobý úspěch,3.0,0,,0,0,0,0,0,413,470,447,184
exp2743,A12,267,Plná,Krátkodobý úspěch,3.0,0,,0,0,0,0,0,592,649,529,243
exp2742,A12,268,Plná,Krátkodobý úspěch,3.0,0,,0,0,0,0,0,842,709,722,588
exp2741,A12,269,Plná,Krátkodobý úspěch,3.0,0,,0,0,0,0,0,473,428,782,289
exp2740,A12,270,Plná,Dlouhodobý úspěch,2.0,0,,0,0,0,0,0,666,707,491,923
exp2739,A12,271,Plná,Neúspěch,3.0,0,,1,0,0,0,0,1045,438,808,344
exp2738,A12,272,Plná,Neúspěch,2.0,0,,0,0,0,0,0,400,423,415,111
exp2737,A12,273,Plná,Neúspěch,3.0,0,,0,0,0,0,0,1200,1362,617,240
exp2736,A12,274,Plná,Krátkodobý úspěch,3.0,0,,0,0,0,0,0,1583,427,651,435
exp2735,A12,275,Plná,Krátkodobý úspěch,4.0,0,,0,0,0,0,0,1209,1074,1039,943
exp2734,A12,276,Plná,Neúspěch,3.0,0,,0,0,0,0,0,754,518,488,456
exp2733,A12,277,Plná,Krátkodobý úspěch,3.0,0,,0,0,0,0,0,414,518,668,588
exp2732,A12,278,Plná,Dlouhodobý úspěch,4.0,0,,0,0,0,0,0,566,666,872,495
exp2731,A12,279,Plná,Dlouhodobý úspěch,4.0,0,,0,0,0,0,0,575,469,1620,337
exp2730,A12,280,Plná,Dlouhodobý úspěch,4.0,0,,0,0,0,0,0,499,590,1741,374
exp2729,A12,281,Plná,Krátkodobý úspěch,4.0,0,,0,0,0,0,0,431,572,459,3866
exp2728,A12,282,Plná,Dlouhodobý úspěch,4.0,0,,0,0,0,0,0,1747,848,687,1560
exp2727,A12,283,Plná,Dlouhodobý úspěch,3.0,0,,0,0,0,0,0,2082,451,1335,143
exp2726,A12,284,Plná,Krátkodobý úspěch,3.0,0,,0,0,0,0,0,413,411,509,284
exp2725,A12,285,Plná,Krátkodobý úspěch,3.0,0,,0,0,0,0,0,1449,600,618,241
exp2724,A12,286,Plná,Krátkodobý úspěch,3.0,0,,0,0,0,0,0,427,333,525,192
exp2723,A12,287,Plná,Dlouhodobý úspěch,4.0,0,,0,0,0,0,0,423,488,793,89
exp2722,A12,288,Plná,Krátkodobý úspěch,3.0,0,,0,0,0,0,0,617,432,431,713
exp2721,A12,289,Plná,Dlouhodobý úspěch,4.0,0,,0,0,0,0,0,1162,978,709,795
exp2720,A12,290,Plná,Neúspěch,3.0,0,,0,0,0,0,0,488,586,626,208
exp2719,A12,291,Plná,Krátkodobý úspěch,2.0,0,,0,0,0,0,0,677,720,589,325
exp2718,A12,292,Plná,Krátkodobý úspěch,3.0,0,,0,0,0,0,0,879,539,555,551
exp2717,A12,293,Plná,Dlouhodobý úspěch,4.0,0,,0,1,0,0,0,719,459,940,431
exp2716,A12,294,Plná,Dlouhodobý úspěch,3.0,0,,0,0,0,0,0,471,406,588,436
exp2715,A12,295,Plná,Krátkodobý úspěch,3.0,0,,0,0,0,0,0,824,544,1083,833
exp2714,A12,296,Plná,Krátkodobý úspěch,3.0,0,,0,0,0,0,0,472,904,606,1097
exp2713,A12,297,Plná,Dlouhodobý úspěch,4.0,0,,0,0,0,0,0,713,430,1903,582
exp2712,A12,298,Plná,Krátkodobý úspěch,2.0,0,,0,0,0,0,0,708,468,550,299
exp2711,A12,299,Plná,Dlouhodobý úspěch,4.0,0,,0,0,0,0,0,440,468,601,345
exp2710,A12,300,Plná,Dlouhodobý úspěch,4.0,0,,0,0,0,0,0,551,409,846,220
exp2709,A12,301,Plná,Krátkodobý úspěch,3.0,0,,0,0,0,0,0,636,1661,804,562
exp2708,A12,302,Plná,Dlouhodobý úspěch,4.0,0,,0,0,0,0,0,449,449,455,389
exp2707,A12,303,Plná,Neúspěch,4.0,0,,0,0,0,0,0,445,417,515,171
exp2706,A12,304,Plná,Krátkodobý úspěch,3.0,0,,0,0,0,0,0,741,480,468,195
exp2705,A12,305,Plochá,Krátkodobý úspěch,2.0,0,,0,1,0,0,0,799,433,1158,455
exp2704,A12,306,Plná,Dlouhodobý úspěch,3.0,0,,0,0,0,0,0,494,462,418,458
exp2703,A12,307,Plná,Dlouhodobý úspěch,4.0,0,,0,0,0,0,0,554,433,399,394
exp2702,A12,308,Plná,Dlouhodobý úspěch,4.0,0,,0,0,0,0,0,906,1173,737,728
exp2701,A12,309,Plná,Krátkodobý úspěch,3.0,0,,0,0,0,0,0,611,528,807,738
exp2700,A12,310,Plná,Neúspěch,4.0,0,,0,0,0,0,0,1885,1512,1881,2578
exp2699,A12,311,Plná,Dlouhodobý úspěch,4.0,0,,0,0,0,0,0,403,438,462,678
exp2698,A12,312,Plná,Neúspěch,4.0,0,,0,0,0,0,0,599,615,1183,422
exp2697,A12,313,Plná,Krátkodobý úspěch,2.0,0,,1,0,0,0,0,643,539,722,512
exp2696,A12,314,Plná,Dlouhodobý úspěch,4.0,0,,0,0,0,0,0,719,428,599,307
exp2695,A12,315,Plná,Krátkodobý úspěch,3.0,0,,0,0,0,0,0,421,435,481,84
exp2694,A12,316,Plná,Dlouhodobý úspěch,4.0,0,,0,0,1,0,0,888,421,1295,75
exp2693,A12,317,Plná,Krátkodobý úspěch,3.0,0,,0,0,0,0,0,764,412,957,451
exp2692,A12,318,Plná,Krátkodobý úspěch,3.0,0,,0,0,0,0,0,739,531,1042,1767
exp2691,A12,319,Plochá,Dlouhodobý úspěch,4.0,0,,0,1,0,0,0,687,562,505,257
exp2690,A12,320,Plná,Krátkodobý úspěch,3.0,0,,0,0,0,0,0,402,455,725,441
exp2689,A12,321,Plná,Krátkodobý úspěch,4.0,0,,0,0,0,0,0,747,622,539,479
exp2688,A12,322,Plná,Krátkodobý úspěch,3.0,0,,0,0,0,0,0,441,447,471,114
exp2687,A12,323,Plná,Krátkodobý úspěch,3.0,0,,0,0,0,0,0,975,1017,586,711
exp2686,A12,324,Plná,Dlouhodobý úspěch,4.0,0,,0,0,0,0,0,514,439,719,366
exp2685,A12,325,Plochá,,,0,,0,1,0,0,0,489,511,541,648
exp2684,A12,326,Plná,Dlouhodobý úspěch,3.0,0,,0,0,0,0,0,423,626,406,270
exp2683,A12,327,Plná,Dlouhodobý úspěch,4.0,0,,0,0,0,0,0,783,580,437,262
exp2682,A12,328,Plná,Dlouhodobý úspěch,4.0,0,,0,0,0,0,0,415,647,580,261
exp2681,A12,329,Plná,Krátkodobý úspěch,2.0,0,,0,0,0,0,0,444,547,529,466
exp2680,A12,330,Plná,Krátkodobý úspěch,3.0,0,,0,0,0,0,0,399,449,463,144
exp2679,A12,331,Plná,Neúspěch,1.0,0,,0,0,0,0,0,688,596,432,934
exp2678,A12,332,Plná,Dlouhodobý úspěch,4.0,0,,0,0,0,0,0,897,688,1047,613
exp2677,A12,333,Plná,Krátkodobý úspěch,4.0,0,,0,0,0,0,0,490,456,406,288
exp2676,A12,334,Plná,Krátkodobý úspěch,4.0,0,,0,0,0,0,0,510,1190,1019,335
exp2675,A12,335,Plná,Krátkodobý úspěch,3.0,0,,0,0,0,0,0,497,444,411,309
exp2674,A12,336,Plná,Dlouhodobý úspěch,4.0,0,,0,0,0,0,0,397,449,608,165
exp2673,A12,337,Plná,Krátkodobý úspěch,4.0,0,,0,0,0,0,0,1130,1064,1389,1237
exp2672,A12,338,Plná,Dlouhodobý úspěch,4.0,0,,0,0,0,0,0,546,666,1328,352
exp2671,A12,339,Plná,Dlouhodobý úspěch,4.0,0,,0,0,0,0,0,595,440,592,272
exp2670,A12,340,Plná,Krátkodobý úspěch,3.0,0,,0,0,0,0,0,623,430,732,215
exp2669,A12,341,Plná,Krátkodobý úspěch,4.0,0,,0,0,0,0,0,403,499,693,166
exp2668,A12,342,Plná,Krátkodobý úspěch,3.0,0,,0,0,0,0,0,499,596,472,312
exp2667,A12,343,Plná,Dlouhodobý úspěch,4.0,0,,0,0,0,0,0,588,1163,941,1788
exp2666,A12,344,Plná,Dlouhodobý úspěch,4.0,0,,0,0,0,0,0,425,470,587,635
exp2665,A12,345,Plná,Dlouhodobý úspěch,4.0,0,,0,0,0,0,0,1113,470,654,479
exp2664,A12,346,Plná,Dlouhodobý úspěch,3.0,0,,0,0,0,0,0,1046,430,796,140
exp2663,A12,347,Plná,Krátkodobý úspěch,3.0,0,,0,0,0,0,0,603,473,648,505
exp2662,A12,348,Plná,Krátkodobý úspěch,4.0,0,,0,0,1,0,0,592,520,652,472
exp2661,A12,349,Plná,Neúspěch,4.0,0,,0,0,0,0,0,2223,601,1018,575
exp2659,A12,350,Plná,Dlouhodobý úspěch,4.0,0,,0,0,0,0,0,677,412,436,195
exp2658,A12,351,Plná,Dlouhodobý úspěch,4.0,0,,0,0,0,0,0,676,617,1214,1732
exp2657,A12,352,Plná,Krátkodobý úspěch,4.0,0,,0,0,0,0,0,456,604,1011,832
exp2656,A12,353,Plná,Krátkodobý úspěch,3.0,0,,0,0,1,0,0,459,446,436,155
exp2655,A12,354,Plná,Krátkodobý úspěch,3.0,0,,0,0,0,0,0,538,474,633,188
exp2654,A12,355,Plná,Dlouhodobý úspěch,4.0,0,,0,0,0,0,0,591,540,1328,747
exp2653,A12,356,Plná,Krátkodobý úspěch,2.0,0,,0,0,0,0,0,476,412,418,172
exp2652,A12,357,Plná,Krátkodobý úspěch,2.0,0,,0,0,0,0,0,411,401,415,222
exp2651,A12,358,Plná,Dlouhodobý úspěch,4.0,0,,0,0,0,0,0,504,454,1082,299
exp2650,A12,359,Plná,Krátkodobý úspěch,4.0,0,,0,0,0,0,0,861,583,1142,487
exp2649,A12,360,Plochá,,,0,,0,1,0,0,0,144,1418,0,0
exp2648,A12,361,Plná,Krátkodobý úspěch,3.0,0,,0,0,0,0,0,430,504,781,311
exp2647,A12,362,Plná,Dlouhodobý úspěch,4.0,0,,0,0,0,0,0,581,399,475,356
exp2646,A12,363,Plná,Krátkodobý úspěch,4.0,0,,0,0,0,0,0,512,596,1212,458
exp2645,A12,364,Plná,Dlouhodobý úspěch,4.0,0,,0,0,0,0,0,761,405,860,1502
exp2644,A12,365,Plná,Dlouhodobý úspěch,4.0,0,,0,0,0,0,0,420,801,959,1109
exp2643,A12,366,Plná,Krátkodobý úspěch,4.0,0,,0,0,0,0,0,410,424,442,195
exp2642,A12,367,Plná,Krátkodobý úspěch,4.0,0,,0,0,0,0,0,511,480,1510,386
exp2641,A12,368,Plná,Krátkodobý úspěch,4.0,0,,0,0,0,0,0,598,434,588,191
exp2640,A12,369,Plná,Dlouhodobý úspěch,3.0,0,,0,0,0,0,0,750,434,784,579
exp2639,A12,370,Plná,Neúspěch,3.0,0,,0,0,0,0,0,595,509,408,789
exp2637,A12,371,Plná,Dlouhodobý úspěch,4.0,0,,0,0,0,0,0,882,446,452,752
exp2636,A12,372,Plná,Dlouhodobý úspěch,3.0,0,,0,0,0,0,0,645,451,837,447
exp2635,A12,373,Plná,Neúspěch,3.0,0,,0,0,0,0,0,1489,720,826,967
exp2634,A12,374,Plná,Krátkodobý úspěch,3.0,0,,0,0,0,0,0,515,652,581,245
exp2633,A12,375,Plná,Krátkodobý úspěch,4.0,0,,0,0,0,0,0,603,442,676,565
exp2632,A12,376,Plná,Krátkodobý úspěch,4.0,0,,0,0,0,0,0,444,871,1045,976
exp2631,A12,377,Plná,Krátkodobý úspěch,3.0,0,,0,0,0,0,0,581,483,520,292
exp2630,A12,378,Plná,Dlouhodobý úspěch,4.0,0,,0,0,0,0,0,446,443,691,506
exp2629,A12,379,Plná,Krátkodobý úspěch,3.0,0,,0,0,0,0,0,474,413,602,449
exp2628,A12,380,Plná,Dlouhodobý úspěch,3.0,0,,0,0,0,0,0,410,405,498,26
exp2627,A12,381,Plná,Krátkodobý úspěch,2.0,0,,0,0,0,0,0,423,423,406,524
exp2626,A12,382,Plná,Neúspěch,2.0,0,,0,0,0,0,0,503,491,697,73
exp2625,A12,383,Plochá,Neúspěch,2.0,0,,0,1,0,0,0,468,509,694,0
exp2624,A12,384,Plná,Dlouhodobý úspěch,4.0,0,,0,0,0,0,0,429,427,581,729
exp2623,A12,385,Plná,Neúspěch,3.0,0,,0,0,0,0,0,745,713,1218,816
exp2622,A12,386,Plná,Krátkodobý úspěch,3.0,0,,1,0,0,0,0,501,448,537,294
exp2621,A12,387,Plná,Krátkodobý úspěch,4.0,0,,0,0,0,0,0,422,511,573,1054
exp2620,A12,388,Plná,Neúspěch,2.0,0,,0,0,0,0,0,472,454,448,325
exp2619,A12,389,Plná,Dlouhodobý úspěch,4.0,0,,1,0,0,0,0,678,823,886,569
exp2618,A12,390,Plná,Krátkodobý úspěch,3.0,0,,0,0,0,0,0,921,630,857,839
exp2617,A12,391,Plochá,,,0,,0,1,0,0,0,431,764,571,290
exp2616,A12,392,Plná,Neúspěch,2.0,0,,0,0,0,0,0,446,432,517,547
exp2615,A12,393,Plná,Neúspěch,3.0,0,,0,1,0,0,0,403,433,772,0
exp2614,A12,394,Plná,Krátkodobý úspěch,3.0,0,,0,0,0,0,0,454,564,530,1232
exp2613,A12,395,Plná,Dlouhodobý úspěch,3.0,0,,0,0,0,0,0,644,1123,1094,773
exp2612,A12,396,Plná,Dlouhodobý úspěch,4.0,0,,0,0,0,0,0,818,758,1011,1074
exp2611,A12,397,Plná,Dlouhodobý úspěch,4.0,0,,0,0,0,0,0,858,661,1043,877
exp2610,A12,398,Plná,Krátkodobý úspěch,3.0,0,,0,0,0,0,0,679,579,1231,663
exp2609,A12,399,Plná,Dlouhodobý úspěch,4.0,0,,0,0,0,0,0,582,634,912,533
exp2608,A12,400,Plná,Dlouhodobý úspěch,4.0,0,,0,1,0,0,0,597,487,1599,0
exp2607,A12,401,Plná,Dlouhodobý úspěch,4.0,0,,0,0,0,0,0,664,1082,668,366
exp2606,A12,402,Plná,Krátkodobý úspěch,3.0,0,,0,0,0,0,0,1392,861,456,4323
exp2605,A12,403,Plná,Dlouhodobý úspěch,4.0,0,,0,0,0,0,0,415,434,657,510
exp2604,A12,404,Plná,Dlouhodobý úspěch,4.0,0,,0,0,0,0,0,422,449,602,250
exp2603,A12,405,Plná,Neúspěch,3.0,0,,0,0,0,0,0,434,401,686,220
exp2602,A12,406,Plná,Dlouhodobý úspěch,4.0,0,,0,0,0,0,0,416,566,446,412
exp2601,A12,407,Plná,Krátkodobý úspěch,3.0,0,,0,0,0,0,0,426,465,480,241
exp2600,A12,408,Plná,Dlouhodobý úspěch,4.0,0,,0,0,0,0,0,530,885,1197,1553
exp2599,A12,409,Plná,Krátkodobý úspěch,3.0,0,,0,0,0,0,0,1407,671,1367,781
exp2598,A12,410,Plná,Dlouhodobý úspěch,4.0,0,,0,0,0,0,0,659,440,421,434
exp2597,A12,411,Plná,Krátkodobý úspěch,3.0,0,,0,0,0,0,0,427,613,412,500
exp2596,A12,412,Plná,Dlouhodobý úspěch,4.0,0,,0,0,0,0,0,1280,473,595,824
exp2595,A12,413,Plná,Neúspěch,3.0,0,,0,0,0,0,0,431,457,535,585
exp2594,A12,414,Plná,Krátkodobý úspěch,4.0,0,,0,0,0,0,0,476,556,701,685
exp2593,A12,415,Plná,Dlouhodobý úspěch,4.0,0,,0,0,0,0,0,796,877,684,638
exp2592,A12,416,Plná,Dlouhodobý úspěch,4.0,0,,0,0,0,0,0,1385,605,797,427
exp2590,A12,417,Plná,Dlouhodobý úspěch,4.0,0,,0,0,0,0,0,1184,428,875,630
exp2589,A12,418,Plná,Dlouhodobý úspěch,4.0,0,,0,0,0,0,0,741,792,1094,913
exp2588,A12,419,Plná,Krátkodobý úspěch,3.0,0,,0,0,0,0,0,744,504,445,250
exp2587,A12,420,Plná,Dlouhodobý úspěch,4.0,0,,0,0,0,0,0,442,592,604,351
exp2586,A12,421,Plná,Krátkodobý úspěch,4.0,0,,0,0,0,0,0,823,671,415,278
exp2585,A12,422,Plná,Dlouhodobý úspěch,3.0,0,,0,0,0,0,0,598,421,726,189
exp2584,A12,423,Plná,Dlouhodobý úspěch,4.0,0,,0,0,0,0,0,1020,657,738,129
exp2583,A12,424,Plná,Dlouhodobý úspěch,4.0,0,,0,0,0,0,0,426,433,434,142
exp2582,A12,425,Plná,Dlouhodobý úspěch,4.0,0,,0,0,0,0,0,718,444,974,408
exp2581,A12,426,Plná,Krátkodobý úspěch,3.0,0,,0,0,0,0,0,921,1161,849,781
exp2580,A12,427,Plná,Dlouhodobý úspěch,4.0,0,,0,0,0,0,0,511,443,511,215
exp2579,A12,428,Plná,Krátkodobý úspěch,3.0,0,,0,0,0,0,0,431,437,671,316
exp2578,A12,429,Plná,Dlouhodobý úspěch,4.0,0,,0,0,0,0,0,408,488,780,308
exp2577,A12,430,Plná,Krátkodobý úspěch,4.0,0,,0,0,0,0,0,776,779,1292,835
exp2576,A12,431,Plná,Dlouhodobý úspěch,4.0,0,,0,0,0,0,0,518,453,608,505
exp2575,A12,432,Plná,Dlouhodobý úspěch,3.0,0,,0,0,0,0,0,568,450,733,363
exp2574,A12,433,Plná,Krátkodobý úspěch,3.0,0,,0,0,0,0,0,977,942,1050,910
exp2573,A12,434,Plná,Krátkodobý úspěch,3.0,0,,0,0,0,0,0,451,431,502,272
exp2572,A12,435,Plná,Neúspěch,3.0,0,,0,0,0,0,0,1180,1717,904,687
exp2571,A12,436,Plná,Krátkodobý úspěch,3.0,0,,0,0,0,0,0,420,487,682,395
exp2570,A12,437,Plná,Dlouhodobý úspěch,4.0,0,,0,0,0,0,0,658,516,725,583
exp2569,A12,438,Plná,Dlouhodobý úspěch,4.0,0,,0,0,0,0,0,452,513,864,470
exp2568,A12,439,Plná,Dlouhodobý úspěch,4.0,0,,0,0,0,0,0,461,523,789,1222
exp2567,A12,440,Plná,Krátkodobý úspěch,3.0,0,,0,0,0,0,0,930,759,920,895
exp2566,A12,441,Plná,Dlouhodobý úspěch,4.0,0,,0,0,0,0,0,766,689,978,1520
exp2565,A12,442,Plná,Krátkodobý úspěch,3.0,0,,0,0,0,0,0,1255,515,807,897
exp2564,A12,443,Plná,Krátkodobý úspěch,3.0,0,,0,0,0,0,0,541,986,696,1114
exp2563,A12,444,Plná,Dlouhodobý úspěch,4.0,0,,0,0,0,0,0,846,505,876,457
exp2562,A12,445,Plná,Dlouhodobý úspěch,4.0,0,,0,0,0,0,0,932,480,1150,521
exp2561,A12,446,Plná,Neúspěch,3.0,0,,0,0,0,0,0,511,415,414,977
exp2560,A12,447,Plná,Dlouhodobý úspěch,3.0,0,,0,0,0,0,0,2106,469,823,3633
exp2559,A12,448,Plná,Krátkodobý úspěch,3.0,0,,0,0,0,0,0,460,486,611,581
exp2558,A12,449,Plná,Krátkodobý úspěch,2.0,0,,0,0,0,0,0,415,402,407,118
exp2557,A12,450,Plná,Neúspěch,3.0,0,,0,0,0,0,0,500,404,552,460
exp2556,A12,451,Plná,Neúspěch,4.0,0,,0,0,0,0,0,972,764,860,573
exp2555,A12,452,Plná,Dlouhodobý úspěch,4.0,0,,0,0,0,0,0,1009,815,1381,890
exp2554,A12,453,Plná,Dlouhodobý úspěch,4.0,0,,0,0,0,0,0,945,692,1084,730
exp2553,A12,454,Plná,Krátkodobý úspěch,3.0,0,,0,0,0,0,0,551,409,786,478
exp2552,A12,455,Plná,Krátkodobý úspěch,3.0,0,,0,0,0,0,0,697,426,797,294
exp2551,A12,456,Plná,Dlouhodobý úspěch,4.0,0,,0,0,0,0,0,639,739,821,688
exp2550,A12,457,Plná,Dlouhodobý úspěch,2.0,0,,0,0,0,0,0,446,408,1057,172
exp2549,A12,458,Plná,Krátkodobý úspěch,4.0,0,,0,0,0,0,0,570,583,888,503
exp2548,A12,459,Plná,Krátkodobý úspěch,4.0,0,,0,0,0,0,0,414,401,592,257
exp2547,A12,460,Plná,Neúspěch,2.0,0,,0,1,0,0,0,407,431,529,122
exp2546,A12,461,Plná,Krátkodobý úspěch,2.0,0,,0,0,0,0,0,486,464,416,787
exp2545,A12,462,Plná,Dlouhodobý úspěch,4.0,0,,0,0,0,0,0,417,688,484,362
exp2544,A12,463,Plná,Krátkodobý úspěch,3.0,0,,0,0,0,0,0,982,357,529,911
exp2543,A12,464,Plná,Neúspěch,4.0,0,,0,0,0,0,0,414,657,413,3573
exp2542,A12,465,Plná,Krátkodobý úspěch,4.0,0,,0,0,0,0,0,789,529,1154,841
exp2541,A12,466,Plná,Dlouhodobý úspěch,2.0,0,,0,0,0,0,0,924,235,427,46
exp2540,A12,467,Plná,Krátkodobý úspěch,4.0,0,,0,0,0,0,0,476,402,459,366
exp2539,A12,468,Plná,Dlouhodobý úspěch,4.0,0,,0,0,0,0,0,477,540,689,454
exp2538,A12,469,Plná,Krátkodobý úspěch,4.0,0,,0,0,0,0,0,483,444,757,392
exp2537,A12,470,Plná,Dlouhodobý úspěch,4.0,0,,0,0,0,0,0,658,624,1379,658
exp2536,A12,471,Plná,Neúspěch,2.0,0,,0,0,0,0,0,416,440,471,131
exp2535,A12,472,Plná,Dlouhodobý úspěch,4.0,0,,0,0,0,0,0,757,738,1230,714
exp2534,A12,473,Plná,Krátkodobý úspěch,3.0,0,,0,0,0,0,0,888,423,1211,684
exp2533,A12,474,Plná,Dlouhodobý úspěch,4.0,0,,0,0,0,0,0,410,484,480,359
exp2532,A12,475,Plná,Dlouhodobý úspěch,4.0,0,,0,0,0,0,0,1455,1424,1250,3640
exp2531,A12,476,Plná,Neúspěch,3.0,0,,0,0,0,0,0,513,428,393,105
exp2530,A12,477,Plochá,,,0,,0,1,0,0,0,1141,1172,0,0
exp2529,A12,478,Plochá,,,0,,0,1,0,0,0,424,542,281,214
exp2528,A12,479,Plochá,Dlouhodobý úspěch,3.0,0,,0,1,0,0,0,482,640,294,115
exp2524,A12,480,Plochá,Neúspěch,1.0,0,,0,1,0,0,0,1510,834,0,0
exp2523,A12,481,Plná,Krátkodobý úspěch,4.0,0,,0,0,0,0,0,531,482,632,349
exp2522,A12,482,Plná,Krátkodobý úspěch,3.0,0,,0,0,0,0,0,704,539,890,384
exp2519,A12,483,Plochá,,,0,,0,1,0,0,0,536,382,0,0
exp2513,A12,484,Plná,Krátkodobý úspěch,4.0,0,,0,0,0,0,0,958,707,1274,751
exp2512,A12,485,Plná,Dlouhodobý úspěch,4.0,0,,0,0,0,0,0,506,604,402,261
exp2511,A12,486,Plochá,,,0,,0,1,0,0,0,561,226,0,0
exp2510,A12,487,Plná,Krátkodobý úspěch,4.0,0,,0,0,0,0,0,695,218,494,239
exp2501,A12,488,Plná,Dlouhodobý úspěch,4.0,0,,0,0,0,0,0,534,187,262,221
exp2500,A12,489,Plná,Krátkodobý úspěch,3.0,0,,0,0,0,0,0,627,256,414,147
exp2495,A12,490,Plochá,,,0,,0,1,0,0,0,679,1090,0,0
exp2493,A12,491,Plná,Dlouhodobý úspěch,4.0,0,,0,0,0,0,0,383,479,216,237
exp2492,A12,492,Plná,Dlouhodobý úspěch,4.0,0,,0,0,0,0,0,498,497,400,487
exp2491,A12,493,Plná,Dlouhodobý úspěch,4.0,0,,1,1,0,0,1,978,990,0,0
exp2488,A12,494,Plná,Dlouhodobý úspěch,4.0,0,,1,1,0,0,1,748,804,0,0
exp2476,A12,495,Plochá,,,0,,0,1,0,0,0,682,417,0,0
exp2475,A12,496,Plná,Dlouhodobý úspěch,4.0,0,,0,0,0,0,0,578,383,175,245
exp2472,A12,497,Plochá,,,0,,0,1,0,0,0,658,192,0,0
exp2471,A12,498,Plochá,Neúspěch,2.0,0,,0,1,0,0,0,590,179,0,0
exp2465,A12,499,Plná,Dlouhodobý úspěch,4.0,0,,0,0,0,0,0,381,359,330,261
exp2464,A12,500,Plná,Dlouhodobý úspěch,4.0,0,,1,1,0,0,1,524,460,238,409
exp2463,A12,501,Plochá,Krátkodobý úspěch,3.0,0,,0,1,0,0,0,866,479,556,414
exp2462,A12,502,Plochá,,,0,,0,1,0,0,0,593,603,588,327
,A12,503,Plochá,,,0,,0,1,0,0,0,1831,112,0,0
exp2449,A12,504,Plochá,,,0,,0,1,0,0,0,1440,1407,0,0
exp2448,A12,505,Plochá,,,0,,0,1,0,0,0,672,494,0,0
exp2435,A12,506,Plná,Krátkodobý úspěch,3.0,0,,0,0,0,0,0,686,183,333,62
exp2432,A12,507,Plná,Neúspěch,2.0,0,,0,1,0,0,0,877,774,0,0
exp2431,A12,508,Plochá,Neúspěch,,0,,0,1,0,0,0,2246,2074,0,0
exp2426,A12,509,Plochá,,,0,,0,1,0,0,0,1237,117,0,0
exp2421,A12,510,Plochá,,,0,,0,1,0,0,0,580,183,0,0
exp2380,A12,512,Plochá,,,0,,0,1,0,0,0,890,625,0,0
exp2378,A12,513,Plná,Neúspěch,3.0,0,,0,0,0,0,0,978,328,407,201
exp2375,A12,514,Plochá,,,0,,0,1,0,0,0,1018,152,0,0
exp2360,A12,515,Plochá,,,0,,0,1,0,0,0,662,173,0,0
exp2347,A12,516,Plná,Neúspěch,2.0,0,,0,0,0,0,0,774,255,94,19
exp2306,A12,517,Plochá,,,0,,0,1,0,0,0,558,347,0,0
exp2296,A12,518,Plná,Krátkodobý úspěch,4.0,0,,0,0,0,0,0,728,545,1131,343
exp1523,A12,519,Plná,Dlouhodobý úspěch,4.0,0,,0,0,0,0,0,681,245,608,307
exp1525,A12,520,Plná,Dlouhodobý úspěch,4.0,0,,0,0,0,0,0,346,507,521,171
exp1526,A12,521,Plná,Dlouhodobý úspěch,3.0,0,,0,0,0,0,0,572,176,402,264
exp1528,A12,522,Plná,Dlouhodobý úspěch,3.0,0,,0,0,0,0,0,1112,424,112,168
exp1529,A12,523,Plná,Krátkodobý úspěch,3.0,0,,0,0,0,0,0,427,425,399,189
exp1530,A12,524,Plná,Krátkodobý úspěch,2.0,0,,0,0,0,0,0,344,562,356,172
exp1531,A12,525,Plná,Neúspěch,3.0,0,,0,0,0,0,0,565,457,325,307
exp1532,A12,526,Plná,Dlouhodobý úspěch,4.0,0,,0,0,0,0,0,424,554,585,384
exp1536,A12,527,Plná,Krátkodobý úspěch,4.0,0,,0,0,0,0,0,458,516,228,237
exp1537,A12,528,Plná,Krátkodobý úspěch,3.0,0,,0,0,0,0,0,463,471,262,407
exp1541,A12,529,Plná,Dlouhodobý úspěch,4.0,0,,0,0,0,0,0,1144,414,693,393
exp1544,A12,530,Plná,Neúspěch,3.0,0,,0,0,0,0,0,476,872,353,132
exp1547,A12,531,Plná,Dlouhodobý úspěch,4.0,0,,0,0,0,0,0,571,259,359,196
exp1549,A12,532,Plná,Dlouhodobý úspěch,4.0,0,,0,0,0,0,0,295,437,887,389
exp1554,A12,533,Plná,Neúspěch,3.0,0,,0,0,0,0,0,708,240,797,435
exp1555,A12,534,Plná,Dlouhodobý úspěch,4.0,0,,0,0,0,0,0,459,352,388,376
exp1556,A12,535,Plná,Neúspěch,2.0,0,,0,0,0,0,0,257,462,235,177
exp1557,A12,536,Plná,Krátkodobý úspěch,2.0,0,,0,0,0,0,0,325,573,373,409
exp1559,A12,537,Plná,Dlouhodobý úspěch,4.0,0,,0,0,0,0,0,469,327,338,310
exp1561,A12,538,Plná,Dlouhodobý úspěch,3.0,0,,0,0,0,0,0,467,253,584,382
exp1562,A12,539,Plná,Dlouhodobý úspěch,4.0,0,,0,0,0,0,0,919,291,608,532
exp1565,A12,540,Plná,Dlouhodobý úspěch,4.0,0,,0,0,0,0,0,575,541,630,294
exp1567,A12,541,Plná,Dlouhodobý úspěch,2.0,0,,0,0,1,0,0,656,308,546,392
exp1568,A12,542,Plná,Dlouhodobý úspěch,4.0,0,,0,0,0,0,0,543,562,327,448
exp1569,A12,543,Plná,Neúspěch,3.0,0,,0,0,0,0,0,363,440,343,277
exp1570,A12,544,Plná,Dlouhodobý úspěch,4.0,0,,0,0,0,0,0,435,694,265,377
exp1571,A12,545,Plná,Krátkodobý úspěch,3.0,0,,0,0,1,0,0,1443,1176,1333,819
exp1572,A12,546,Plná,Neúspěch,3.0,0,,0,0,0,0,0,1025,187,744,297
exp1573,A12,547,Plná,Krátkodobý úspěch,4.0,0,,0,0,0,0,0,551,432,344,304
exp1574,A12,548,Plná,Krátkodobý úspěch,3.0,0,,0,0,0,0,0,486,283,534,405
exp1576,A12,549,Plná,Krátkodobý úspěch,3.0,0,,0,0,0,0,0,447,635,317,270
exp1577,A12,550,Plná,Neúspěch,4.0,0,,0,0,0,0,0,357,589,268,49
exp1583,A12,551,Plná,Krátkodobý úspěch,2.0,0,,0,0,0,0,0,657,350,211,264
exp1586,A12,552,Plná,Krátkodobý úspěch,3.0,0,,0,0,0,0,0,478,340,350,301
exp1588,A12,553,Plná,Neúspěch,3.0,0,,0,0,0,0,0,383,359,338,170
exp1589,A12,554,Plná,Dlouhodobý úspěch,4.0,0,,0,0,0,0,0,423,507,280,312
exp1591,A12,555,Plná,Krátkodobý úspěch,4.0,0,,0,0,0,0,0,343,370,464,204
exp1593,A12,556,Plná,Dlouhodobý úspěch,4.0,0,,0,0,0,0,0,396,376,587,351
exp1594,A12,557,Plná,Krátkodobý úspěch,4.0,0,,1,0,0,0,1,569,610,597,288
exp1595,A12,558,Plná,Neúspěch,3.0,0,,0,0,0,0,0,522,260,386,249
exp1596,A12,559,Plná,Neúspěch,3.0,0,,0,0,0,0,0,472,580,1063,204
exp1598,A12,560,Plná,Krátkodobý úspěch,3.0,0,,0,0,0,0,0,934,369,531,287
exp1601,A12,561,Plná,Neúspěch,2.0,0,,0,0,1,0,0,900,414,496,271
exp1602,A12,562,Plná,Krátkodobý úspěch,4.0,0,,0,0,0,0,0,540,321,430,323
exp1605,A12,563,Plná,Dlouhodobý úspěch,4.0,0,,0,0,0,0,0,515,1030,251,294
exp1606,A12,564,Plná,Dlouhodobý úspěch,4.0,0,,0,0,0,0,0,423,495,476,206
exp1607,A12,565,Plná,Krátkodobý úspěch,3.0,0,,0,0,0,0,0,527,720,679,364
exp1608,A12,566,Plná,Krátkodobý úspěch,3.0,0,,0,0,0,0,0,407,392,384,237
exp1610,A12,567,Plná,Krátkodobý úspěch,2.0,0,,0,0,1,0,0,612,239,478,422
exp1611,A12,568,Plná,Dlouhodobý úspěch,4.0,0,,0,0,0,0,0,205,738,403,277
exp1613,A12,569,Plná,Krátkodobý úspěch,3.0,0,,0,0,0,0,0,513,190,293,198
exp1614,A12,570,Plná,Krátkodobý úspěch,2.0,0,,0,0,0,0,0,701,510,467,394
exp1616,A12,571,Plná,Dlouhodobý úspěch,4.0,0,,0,0,0,0,0,564,194,293,234
exp1617,A12,572,Plná,Dlouhodobý úspěch,4.0,0,,0,0,0,0,0,449,481,444,389
exp1618,A12,573,Plná,Neúspěch,3.0,0,,0,0,0,0,0,611,103,966,91
exp1619,A12,574,Plná,Krátkodobý úspěch,2.0,0,,0,0,0,0,0,822,470,264,264
exp1622,A12,575,Plná,Neúspěch,1.0,0,,0,0,0,0,0,513,467,468,496
exp1623,A12,576,Plná,Dlouhodobý úspěch,4.0,0,,0,0,0,0,0,543,548,490,422
exp1624,A12,577,Plná,Dlouhodobý úspěch,4.0,0,,0,0,0,0,0,355,461,395,416
exp1626,A12,578,Plná,Dlouhodobý úspěch,4.0,0,,0,0,0,0,0,565,187,310,171
exp1627,A12,579,Plná,Krátkodobý úspěch,3.0,0,,0,0,0,0,0,218,515,372,299
exp1628,A12,580,Plná,Dlouhodobý úspěch,4.0,0,,0,0,0,0,0,330,396,402,142
exp1631,A12,581,Plná,Dlouhodobý úspěch,4.0,0,,1,0,0,0,1,831,1483,550,394
exp1632,A12,582,Plná,Dlouhodobý úspěch,3.0,0,,0,0,0,0,0,535,400,264,296
exp1633,A12,583,Plná,Dlouhodobý úspěch,4.0,0,,0,0,0,0,0,489,267,775,460
exp1635,A12,584,Plná,Dlouhodobý úspěch,4.0,0,,0,0,0,0,0,601,498,509,400
exp1637,A12,585,Plná,Krátkodobý úspěch,3.0,0,,0,0,1,0,0,357,480,248,232
exp1638,A12,586,Plná,Dlouhodobý úspěch,4.0,0,,0,0,0,0,0,444,518,369,395
exp1639,A12,587,Plná,Neúspěch,3.0,0,,0,0,0,0,0,1009,522,339,613
exp1641,A12,588,Plná,Dlouhodobý úspěch,4.0,0,,0,0,0,0,0,596,212,393,138
exp1642,A12,589,Plná,Dlouhodobý úspěch,4.0,0,,0,0,0,0,0,416,462,318,253
exp1643,A12,590,Plná,Krátkodobý úspěch,3.0,0,,1,0,0,0,1,369,369,536,338
exp1646,A12,591,Plná,Dlouhodobý úspěch,4.0,0,,0,0,0,0,0,400,389,367,240
exp1649,A12,592,Plná,Dlouhodobý úspěch,4.0,0,,0,0,0,0,0,482,219,360,319
exp1651,A12,593,Plná,Krátkodobý úspěch,3.0,0,,0,0,0,0,0,310,391,379,243
exp1652,A12,594,Plná,Neúspěch,2.0,0,,0,0,0,0,0,241,482,255,285
exp1653,A12,595,Plná,Dlouhodobý úspěch,4.0,0,,0,0,0,0,0,939,378,537,262
exp1654,A12,596,Plná,Dlouhodobý úspěch,4.0,0,,0,0,0,0,0,497,367,485,510
exp1656,A12,597,Plná,Dlouhodobý úspěch,4.0,0,,0,0,0,0,0,404,335,420,258
exp1658,A12,598,Plná,Neúspěch,2.0,0,,0,0,0,0,0,499,264,306,182
exp1659,A12,599,Plná,Krátkodobý úspěch,3.0,0,,0,0,0,0,0,518,289,529,425
exp1660,A12,600,Plná,Dlouhodobý úspěch,4.0,0,,0,0,0,0,0,331,370,446,94
exp1661,A12,601,Plná,Krátkodobý úspěch,2.0,0,,0,0,0,0,0,462,257,256,247
exp1663,A12,602,Plná,Dlouhodobý úspěch,4.0,0,,0,0,0,0,0,569,504,515,272
exp1665,A12,603,Plná,Dlouhodobý úspěch,4.0,0,,0,0,0,0,0,622,523,487,189
exp1667,A12,604,Plná,Krátkodobý úspěch,4.0,0,,0,0,0,0,0,486,621,406,398
exp1668,A12,605,Plná,Neúspěch,3.0,0,,0,0,0,0,0,389,388,335,153
exp1670,A12,606,Plná,Krátkodobý úspěch,4.0,0,,0,0,0,0,0,336,423,403,353
exp1671,A12,607,Plná,Dlouhodobý úspěch,4.0,0,,0,0,0,0,0,532,457,560,442
exp1672,A12,608,Plná,Dlouhodobý úspěch,4.0,0,,0,0,0,0,0,413,509,476,313
exp1673,A12,609,Plná,Krátkodobý úspěch,4.0,0,,0,0,0,0,0,410,445,465,426
exp1674,A12,610,Plná,Krátkodobý úspěch,3.0,0,,0,0,0,0,0,452,278,613,228
exp1676,A12,611,Plná,Neúspěch,3.0,0,,0,0,0,0,0,261,463,365,394
exp1681,A12,612,Plná,Dlouhodobý úspěch,4.0,0,,0,0,0,0,0,532,240,358,370
exp1683,A12,613,Plná,Dlouhodobý úspěch,4.0,0,,0,0,0,0,0,735,427,299,236
exp1685,A12,614,Plná,Dlouhodobý úspěch,3.0,0,,0,0,0,0,0,1597,687,866,324
exp1693,A12,615,Plná,Neúspěch,3.0,0,,0,0,0,0,0,519,295,350,178
exp1694,A12,616,Plná,Neúspěch,2.0,0,,0,0,0,0,0,645,454,518,194
exp1695,A12,617,Plná,Dlouhodobý úspěch,4.0,0,,0,0,0,0,0,642,784,518,299
exp1696,A12,618,Plná,Krátkodobý úspěch,3.0,0,,0,0,0,0,0,453,404,559,531
exp1697,A12,619,Plná,Neúspěch,2.0,0,,0,0,0,0,0,420,350,208,177
exp1699,A12,620,Plná,Neúspěch,4.0,0,,0,0,0,0,0,662,805,493,343
exp1700,A12,621,Plná,Neúspěch,3.0,0,,0,0,0,0,0,348,359,261,217
exp1701,A12,622,Plná,Dlouhodobý úspěch,4.0,0,,0,0,0,0,0,535,611,906,399
exp1702,A12,623,Plná,Neúspěch,3.0,0,,0,0,0,0,0,458,445,373,417
exp1704,A12,624,Plná,Dlouhodobý úspěch,4.0,0,,0,0,0,0,0,457,727,462,347
exp1705,A12,625,Plná,Dlouhodobý úspěch,4.0,0,,0,0,0,0,0,322,791,360,477
exp1706,A12,626,Plná,Dlouhodobý úspěch,3.0,0,,0,0,0,0,0,564,509,1378,308
exp1709,A12,627,Plná,Dlouhodobý úspěch,4.0,0,,0,0,0,0,0,465,972,560,100
exp1711,A12,628,Plná,Krátkodobý úspěch,3.0,0,,0,0,0,0,0,716,256,397,263
exp1713,A12,629,Plná,Dlouhodobý úspěch,4.0,0,,0,0,0,0,0,231,583,375,98
exp1718,A12,630,Plná,Neúspěch,1.0,0,,0,0,0,0,0,307,524,311,361
exp1719,A12,631,Plná,Dlouhodobý úspěch,4.0,0,,0,0,0,0,0,660,530,615,471
exp1723,A12,632,Plná,Neúspěch,2.0,0,,0,0,0,0,0,357,403,359,223
exp1724,A12,633,Plná,Dlouhodobý úspěch,2.0,0,,0,0,0,0,0,462,389,179,89
exp1725,A12,634,Plná,Neúspěch,4.0,0,,0,0,0,0,0,543,363,499,227
exp1726,A12,635,Plná,Krátkodobý úspěch,4.0,0,,0,0,0,0,0,498,486,486,300
exp1729,A12,636,Plná,Dlouhodobý úspěch,4.0,0,,0,0,0,0,0,404,395,569,716
exp1730,A12,637,Plná,Neúspěch,2.0,0,,0,0,0,0,0,349,523,187,219
exp1731,A12,638,Plná,Dlouhodobý úspěch,3.0,0,,0,0,1,0,0,419,608,690,221
exp1733,A12,639,Plná,Krátkodobý úspěch,2.0,0,,0,0,0,0,0,501,606,374,304
exp1734,A12,640,Plná,Krátkodobý úspěch,3.0,0,,0,0,0,0,0,489,444,196,192
exp1735,A12,641,Plná,Dlouhodobý úspěch,4.0,0,,0,0,0,0,0,432,603,558,318
exp1736,A12,642,Plná,Krátkodobý úspěch,3.0,0,,0,0,0,0,0,469,424,339,190
exp1737,A12,643,Plná,Neúspěch,4.0,0,,0,0,0,0,0,425,453,302,128
exp1738,A12,644,Plná,Dlouhodobý úspěch,4.0,0,,0,0,0,0,0,433,372,321,277
exp1739,A12,645,Plná,Dlouhodobý úspěch,4.0,0,,0,0,0,0,0,941,333,440,367
exp1740,A12,646,Plná,Krátkodobý úspěch,4.0,0,,0,0,0,0,0,347,444,345,120
exp1741,A12,647,Plná,Dlouhodobý úspěch,4.0,0,,0,0,0,0,0,837,678,507,384
exp1742,A12,648,Plná,Krátkodobý úspěch,3.0,0,,0,0,0,0,0,473,383,252,262
exp1745,A12,649,Plná,Dlouhodobý úspěch,4.0,0,,0,0,0,0,0,437,446,352,499
exp1746,A12,650,Plná,Krátkodobý úspěch,4.0,0,,0,0,0,0,0,402,450,601,238
exp1747,A12,651,Plná,Dlouhodobý úspěch,4.0,0,,0,0,0,0,0,472,281,191,293
exp1752,A12,652,Plná,Neúspěch,3.0,0,,0,0,0,0,0,256,548,289,324
exp1753,A12,653,Plná,Krátkodobý úspěch,4.0,0,,0,0,0,0,0,629,875,603,725
exp1754,A12,654,Plná,Krátkodobý úspěch,3.0,0,,0,0,0,0,0,662,393,1229,468
exp1756,A12,655,Plná,Neúspěch,3.0,0,,0,0,0,0,0,475,262,430,307
exp1759,A12,656,Plná,Dlouhodobý úspěch,4.0,0,,0,0,0,0,0,450,755,299,388
exp1761,A12,657,Plná,Dlouhodobý úspěch,4.0,0,,0,0,0,0,0,819,163,646,266
exp1762,A12,658,Plná,Dlouhodobý úspěch,4.0,0,,0,0,0,0,0,391,698,231,177
exp1768,A12,659,Plná,Neúspěch,3.0,0,,0,0,0,0,0,713,161,405,206
exp1769,A12,660,Plná,Dlouhodobý úspěch,4.0,0,,0,0,0,0,0,319,712,344,194
exp1770,A12,661,Plná,Dlouhodobý úspěch,4.0,0,,0,0,0,0,0,265,435,359,207
exp1772,A12,662,Plná,Dlouhodobý úspěch,4.0,0,,0,0,0,0,0,645,367,483,225
exp1774,A12,663,Plná,Dlouhodobý úspěch,4.0,0,,0,0,0,0,0,359,457,583,346
exp1776,A12,664,Plná,Neúspěch,3.0,0,,0,0,0,0,0,570,482,653,296
exp1777,A12,665,Plná,Dlouhodobý úspěch,4.0,0,,0,0,0,0,0,484,593,623,591
exp1778,A12,666,Plná,Dlouhodobý úspěch,4.0,0,,0,0,0,0,0,459,882,494,328
exp1780,A12,667,Plná,Neúspěch,3.0,0,,0,0,0,0,0,276,479,760,253
exp1782,A12,668,Plná,Dlouhodobý úspěch,4.0,0,,0,0,0,0,0,463,727,436,307
exp1784,A12,669,Plná,Dlouhodobý úspěch,4.0,0,,0,0,0,0,0,355,441,232,341
exp1785,A12,670,Plná,Dlouhodobý úspěch,4.0,0,,0,0,0,0,0,483,538,294,331
exp1787,A12,671,Plná,Neúspěch,3.0,0,,0,0,0,0,0,689,102,471,231
exp1788,A12,672,Plná,Dlouhodobý úspěch,4.0,0,,0,0,0,0,0,410,405,378,200
exp1789,A12,673,Plná,Dlouhodobý úspěch,4.0,0,,0,0,0,0,0,242,499,280,279
exp1792,A12,674,Plná,Neúspěch,3.0,0,,0,0,0,0,0,391,315,266,262
exp1794,A12,675,Plná,Krátkodobý úspěch,3.0,0,,0,0,0,0,0,549,495,352,509
exp1795,A12,676,Plná,Dlouhodobý úspěch,4.0,0,,0,0,0,0,0,387,319,451,485
exp1796,A12,677,Plná,Neúspěch,3.0,0,,0,0,0,0,0,557,164,202,198
exp1799,A12,678,Plná,Dlouhodobý úspěch,4.0,0,,0,0,0,0,0,254,480,302,265
exp1800,A12,679,Plná,Dlouhodobý úspěch,4.0,0,,0,0,0,0,0,488,526,337,386
exp1801,A12,680,Plná,Krátkodobý úspěch,3.0,0,,0,0,0,0,0,326,405,204,136
exp1802,A12,681,Plná,Dlouhodobý úspěch,4.0,0,,0,0,0,0,0,496,509,345,337
exp1803,A12,682,Plná,Dlouhodobý úspěch,4.0,0,,0,0,0,0,0,421,611,416,160
exp1805,A12,683,Plná,Dlouhodobý úspěch,4.0,0,,0,0,0,0,0,431,801,547,512
exp1808,A12,684,Plochá,Neúspěch,2.0,0,,0,1,0,0,0,308,775,256,161
exp1811,A12,685,Plná,Dlouhodobý úspěch,4.0,0,,0,0,0,0,0,255,816,438,543
exp1817,A12,686,Plná,Krátkodobý úspěch,4.0,0,,0,0,0,0,0,526,459,259,273
exp1818,A12,687,Plná,Dlouhodobý úspěch,4.0,0,,0,0,0,0,0,418,497,329,280
exp1819,A12,688,Plná,Neúspěch,3.0,0,,0,0,0,0,0,473,439,347,359
exp1822,A12,689,Plná,Dlouhodobý úspěch,4.0,0,,0,0,0,0,0,340,489,330,304
exp1824,A12,690,Plná,Dlouhodobý úspěch,4.0,0,,0,0,0,0,0,533,821,408,77
exp1826,A12,691,Plná,Dlouhodobý úspěch,4.0,0,,0,0,0,0,0,610,958,732,484
exp1827,A12,692,Plná,Neúspěch,3.0,0,,0,0,0,0,0,683,460,498,223
exp1829,A12,693,Plná,Neúspěch,3.0,0,,0,0,0,0,0,735,188,321,260
exp1835,A12,694,Plná,Dlouhodobý úspěch,4.0,0,,0,0,0,0,0,360,436,670,297
exp1836,A12,695,Plná,Dlouhodobý úspěch,4.0,0,,0,0,0,0,0,448,381,293,412
exp1837,A12,696,Plná,Krátkodobý úspěch,3.0,0,,0,0,0,0,0,604,284,216,243
exp1841,A12,697,Plná,Neúspěch,3.0,0,,0,0,0,0,0,463,383,379,213
exp1844,A12,698,Plná,Krátkodobý úspěch,3.0,0,,0,0,0,0,0,219,697,224,288
exp1845,A12,699,Plná,Neúspěch,4.0,0,,0,0,0,0,0,554,480,466,176
exp1847,A12,700,Plná,Dlouhodobý úspěch,3.0,0,,0,0,0,0,0,550,261,570,184
exp1850,A12,701,Plná,Dlouhodobý úspěch,3.0,0,,0,0,0,0,0,464,314,784,299
exp1851,A12,702,Plná,Dlouhodobý úspěch,4.0,0,,0,0,0,0,0,1622,476,2346,651
exp1852,A12,703,Plná,Krátkodobý úspěch,3.0,0,,0,0,0,0,0,615,318,427,243
exp1854,A12,704,Plná,Dlouhodobý úspěch,3.0,0,,0,0,0,0,0,333,579,417,498
exp1856,A12,705,Plná,Dlouhodobý úspěch,3.0,0,,0,0,0,0,0,715,655,488,580
exp1857,A12,706,Plná,Krátkodobý úspěch,1.0,0,,0,0,0,0,0,456,394,671,385
exp1859,A12,707,Plná,Krátkodobý úspěch,3.0,0,,0,0,0,0,0,559,888,517,338
exp1860,A12,708,Plná,Krátkodobý úspěch,2.0,0,,0,0,0,0,0,428,422,230,168
exp1861,A12,709,Plná,Dlouhodobý úspěch,4.0,0,,0,0,0,0,0,401,709,361,163
exp1863,A12,710,Plná,Krátkodobý úspěch,3.0,0,,0,0,0,0,0,905,438,1072,438
exp1864,A12,711,Plná,Krátkodobý úspěch,3.0,0,,0,0,0,0,0,808,338,198,351
exp1866,A12,712,Plná,Dlouhodobý úspěch,3.0,0,,0,0,0,0,0,319,475,338,229
exp1867,A12,713,Plná,Dlouhodobý úspěch,4.0,0,,0,0,0,0,0,265,478,513,277
exp1868,A12,714,Plná,Dlouhodobý úspěch,3.0,0,,0,0,0,0,0,450,272,398,183
exp1870,A12,715,Plná,Neúspěch,3.0,0,,0,0,0,0,0,1079,1530,605,222
exp1873,A12,716,Plná,Dlouhodobý úspěch,4.0,0,,0,0,0,0,0,700,492,809,394
exp1875,A12,717,Plná,Krátkodobý úspěch,3.0,0,,0,0,0,0,0,340,762,377,255
exp1878,A12,718,Plná,Neúspěch,3.0,0,,0,0,0,0,0,418,347,310,208
exp1879,A12,719,Plná,Krátkodobý úspěch,4.0,0,,0,0,0,0,0,585,282,476,164
exp1882,A12,720,Plná,Neúspěch,2.0,0,,0,0,0,0,0,595,791,551,311
exp1883,A12,721,Plná,Dlouhodobý úspěch,4.0,0,,0,0,0,0,0,610,764,561,449
exp1884,A12,722,Plná,Dlouhodobý úspěch,4.0,0,,0,0,0,0,0,327,529,561,394
exp1885,A12,723,Plná,Dlouhodobý úspěch,3.0,0,,0,0,0,0,0,334,455,280,257
exp1886,A12,724,Plná,Neúspěch,2.0,0,,0,0,0,0,0,807,885,685,293
exp1887,A12,725,Plná,Dlouhodobý úspěch,3.0,0,,0,0,0,0,0,349,421,497,259
exp1888,A12,726,Plná,Dlouhodobý úspěch,4.0,0,,0,0,0,0,0,764,549,514,497
exp1890,A12,727,Plná,Neúspěch,4.0,0,,0,0,0,0,0,455,477,490,379
exp1891,A12,728,Plná,Neúspěch,4.0,0,,0,0,0,0,0,367,408,516,453
exp1892,A12,729,Plná,Krátkodobý úspěch,2.0,0,,0,0,0,0,0,361,435,520,174
exp1894,A12,730,Plná,Dlouhodobý úspěch,2.0,0,,0,0,0,0,0,543,286,502,312
exp1895,A12,731,Plná,Dlouhodobý úspěch,3.0,0,,0,0,0,0,0,377,333,989,679
exp1896,A12,732,Plná,Dlouhodobý úspěch,4.0,0,,0,0,0,0,0,476,598,336,351
exp1898,A12,733,Plná,Dlouhodobý úspěch,4.0,0,,0,0,0,0,0,448,364,696,397
exp1899,A12,734,Plná,Dlouhodobý úspěch,3.0,0,,0,0,0,0,0,259,582,346,304
exp1901,A12,735,Plná,Dlouhodobý úspěch,3.0,0,,0,0,0,0,0,299,641,389,409
exp1903,A12,736,Plná,Krátkodobý úspěch,4.0,0,,1,0,0,0,0,263,763,321,368
exp1904,A12,737,Plná,Dlouhodobý úspěch,4.0,0,,0,0,0,0,0,362,454,374,351
exp1906,A12,738,Plná,Neúspěch,3.0,0,,0,0,0,0,0,470,782,363,406
exp1908,A12,739,Plná,Krátkodobý úspěch,3.0,0,,0,0,0,0,0,461,505,471,332
exp1910,A12,740,Plná,Dlouhodobý úspěch,2.0,0,,0,0,0,0,0,391,402,276,269
exp1911,A12,741,Plná,Dlouhodobý úspěch,4.0,0,,0,0,0,0,0,436,398,354,357
exp1915,A12,742,Plná,Dlouhodobý úspěch,4.0,0,,0,0,0,0,0,319,619,243,270
exp1918,A12,743,Plná,Dlouhodobý úspěch,4.0,0,,0,0,0,0,0,490,570,364,245
exp1919,A12,744,Plná,Krátkodobý úspěch,2.0,0,,0,0,0,0,0,423,353,262,325
exp1920,A12,745,Plná,Krátkodobý úspěch,3.0,0,,0,0,0,0,0,599,949,590,288
exp1921,A12,746,Plná,Dlouhodobý úspěch,3.0,0,,0,0,0,0,0,757,252,478,254
exp1922,A12,747,Plná,Neúspěch,2.0,0,,0,0,0,0,0,499,293,354,310
exp1924,A12,748,Plná,Dlouhodobý úspěch,4.0,0,,0,0,0,0,0,321,394,316,330
exp1926,A12,749,Plná,Krátkodobý úspěch,2.0,0,,0,0,0,0,0,835,462,308,369
exp1930,A12,750,Plná,Neúspěch,3.0,0,,0,0,0,0,0,220,791,186,133
exp1932,A12,751,Plná,Dlouhodobý úspěch,3.0,0,,0,0,0,0,0,236,551,325,229
exp1933,A12,752,Plná,Krátkodobý úspěch,3.0,0,,0,0,0,0,0,506,262,311,221
exp1934,A12,753,Plná,Dlouhodobý úspěch,4.0,0,,0,0,0,0,0,284,527,418,347
exp1936,A12,754,Plná,Neúspěch,3.0,0,,0,0,0,0,0,466,265,286,241
exp1939,A12,755,Plná,Krátkodobý úspěch,3.0,0,,0,0,0,0,0,321,451,421,287
exp1940,A12,756,Plná,Dlouhodobý úspěch,4.0,0,,0,0,0,0,0,343,530,280,198
exp1941,A12,757,Plná,Neúspěch,3.0,0,,1,0,0,0,1,493,437,261,218
exp1942,A12,758,Plná,Krátkodobý úspěch,2.0,0,,0,0,0,0,0,884,430,363,576
exp1945,A12,759,Plná,Krátkodobý úspěch,3.0,0,,0,0,0,0,0,1211,639,438,565
exp1946,A12,760,Plná,Krátkodobý úspěch,2.0,0,,0,0,0,0,0,459,549,392,295
exp1947,A12,761,Plná,Neúspěch,2.0,0,,0,0,0,0,0,510,608,253,261
exp1948,A12,762,Plná,Dlouhodobý úspěch,4.0,0,,0,0,0,0,0,801,1029,703,459
exp1949,A12,763,Plná,Krátkodobý úspěch,3.0,0,,0,0,0,0,0,475,443,294,187
exp1950,A12,764,Plná,Dlouhodobý úspěch,3.0,0,,0,0,0,0,0,1254,680,419,155
exp1955,A12,765,Plná,Neúspěch,3.0,0,,0,0,0,0,0,284,705,450,261
exp1956,A12,766,Plná,Krátkodobý úspěch,4.0,0,,0,0,0,0,0,416,606,536,278
exp1957,A12,767,Plná,Dlouhodobý úspěch,4.0,0,,0,0,0,0,0,420,984,263,199
exp1958,A12,768,Plná,Neúspěch,3.0,0,,0,0,0,0,0,429,670,475,272
exp1961,A12,769,Plná,Neúspěch,2.0,0,,0,0,0,0,0,232,507,214,343
exp1962,A12,770,Plná,Dlouhodobý úspěch,3.0,0,,0,0,0,0,0,426,495,489,226
exp1964,A12,771,Plná,Krátkodobý úspěch,3.0,0,,0,0,0,0,0,416,899,304,277
exp1967,A12,772,Plná,Dlouhodobý úspěch,4.0,0,,0,0,0,0,0,382,387,496,263
exp1970,A12,773,Plná,Dlouhodobý úspěch,4.0,0,,0,0,0,0,0,369,705,459,368
exp1971,A12,774,Plná,Krátkodobý úspěch,3.0,0,,0,0,0,0,0,493,887,296,309
exp1972,A12,775,Plná,Neúspěch,3.0,0,,0,0,0,0,0,728,1716,879,545
exp1973,A12,776,Plná,Krátkodobý úspěch,3.0,0,,0,0,0,0,0,545,439,399,397
exp1974,A12,777,Plochá,,3.0,0,,0,1,0,0,0,481,340,259,98
exp1975,A12,778,Plná,Krátkodobý úspěch,4.0,0,,0,0,0,0,0,207,582,360,341
exp1976,A12,779,Plná,Dlouhodobý úspěch,4.0,0,,0,0,0,0,0,452,293,481,322
exp1977,A12,780,Plná,Krátkodobý úspěch,3.0,0,,0,0,0,0,0,596,320,535,332
exp1979,A12,781,Plná,Krátkodobý úspěch,3.0,0,,0,0,0,0,0,544,1045,270,233
exp1983,A12,782,Plná,Neúspěch,3.0,0,,0,0,0,0,0,461,699,401,354
exp1984,A12,783,Plná,Neúspěch,2.0,0,,0,0,0,0,0,626,490,210,188
exp1985,A12,784,Plochá,,4.0,0,,0,1,0,0,0,426,707,487,423
exp1986,A12,785,Plná,Krátkodobý úspěch,3.0,0,,0,0,0,0,0,511,444,375,215
exp1988,A12,786,Plná,Neúspěch,3.0,0,,0,0,0,0,0,247,576,264,217
exp1990,A12,787,Plná,Krátkodobý úspěch,4.0,0,,0,0,0,0,0,1228,1066,1169,663
exp1991,A12,788,Plná,Dlouhodobý úspěch,4.0,0,,0,0,0,0,0,514,425,700,435
exp1993,A12,789,Plná,Dlouhodobý úspěch,4.0,0,,1,0,0,0,1,389,734,1364,699
exp1994,A12,790,Plná,Neúspěch,3.0,0,,0,0,0,0,0,289,840,307,239
exp1996,A12,791,Plná,Dlouhodobý úspěch,3.0,0,,0,0,0,0,0,457,877,315,303
exp1997,A12,792,Plná,Neúspěch,3.0,0,,0,0,0,0,0,327,589,420,310
exp1999,A12,793,Plná,Krátkodobý úspěch,3.0,0,,1,0,0,0,1,545,569,376,282
exp2000,A12,794,Plná,Dlouhodobý úspěch,3.0,0,,0,0,0,0,0,382,423,253,464
exp2001,A12,795,Plná,Dlouhodobý úspěch,4.0,0,,0,0,0,0,0,446,415,535,409
exp2006,A12,796,Plná,Neúspěch,2.0,0,,0,0,0,0,0,645,520,424,326
exp2008,A12,797,Plná,Krátkodobý úspěch,2.0,0,,0,0,0,0,0,451,279,312,322
exp2010,A12,798,Plná,Neúspěch,3.0,0,,0,0,0,0,0,374,395,279,254
exp2011,A12,799,Plná,Krátkodobý úspěch,3.0,0,,0,0,0,0,0,567,417,241,428
exp2012,A12,800,Plná,Krátkodobý úspěch,4.0,0,,0,0,0,0,0,805,625,352,334
exp2013,A12,801,Plná,Dlouhodobý úspěch,4.0,0,,0,0,0,0,0,333,633,386,404
exp2015,A12,802,Plná,Neúspěch,4.0,0,,0,0,0,0,0,633,601,517,468
exp2016,A12,803,Plná,Dlouhodobý úspěch,4.0,0,,0,0,0,0,0,977,277,827,360
exp2018,A12,804,Plná,Neúspěch,3.0,0,,0,0,0,0,0,352,559,478,398
exp2019,A12,805,Plná,Krátkodobý úspěch,4.0,0,,0,0,0,0,0,801,124,907,231
exp2020,A12,806,Plná,Dlouhodobý úspěch,4.0,0,,0,0,0,0,0,855,404,505,536
exp2026,A12,807,Plná,Krátkodobý úspěch,2.0,0,,0,0,0,0,0,355,432,528,348
exp2028,A12,808,Plná,Krátkodobý úspěch,3.0,0,,0,0,0,0,0,471,449,365,310
exp2030,A12,809,Plochá,,,0,,0,1,0,0,0,331,683,286,140
exp2031,A12,810,Plná,Dlouhodobý úspěch,4.0,0,,0,0,0,0,0,419,504,392,436
exp2032,A12,811,Plná,Neúspěch,3.0,0,,0,0,0,0,0,858,643,619,278
exp2036,A12,812,Plná,Dlouhodobý úspěch,3.0,0,,0,0,0,0,0,487,363,426,332
exp2037,A12,813,Plná,Dlouhodobý úspěch,4.0,0,,0,0,0,0,0,289,576,134,366
exp2038,A12,814,Plná,Dlouhodobý úspěch,3.0,0,,0,0,0,0,0,591,472,286,443
exp2042,A12,815,Plná,Krátkodobý úspěch,4.0,0,,0,0,0,0,0,516,413,547,506
exp2045,A12,816,Plná,Krátkodobý úspěch,1.0,0,,0,0,0,0,0,792,267,296,178
exp2046,A12,817,Plná,Neúspěch,2.0,0,,0,0,0,0,0,421,398,374,383
exp2047,A12,818,Plná,Dlouhodobý úspěch,4.0,0,,0,0,0,0,0,471,270,373,458
exp2049,A12,819,Plná,Krátkodobý úspěch,3.0,0,,0,0,0,0,0,482,224,393,239
exp2050,A12,820,Plná,Dlouhodobý úspěch,4.0,0,,0,0,0,0,0,502,536,514,267
exp2052,A12,821,Plná,Krátkodobý úspěch,4.0,0,,0,0,0,0,0,458,353,304,224
exp2054,A12,822,Plná,Dlouhodobý úspěch,4.0,0,,0,0,0,0,0,307,414,355,341
exp2055,A12,823,Plná,Neúspěch,3.0,0,,0,0,0,0,0,579,501,575,250
exp2056,A12,824,Plná,Neúspěch,3.0,0,,0,0,0,0,0,740,381,446,136
exp2057,A12,825,Plná,Neúspěch,3.0,0,,0,0,0,0,0,437,418,493,232
exp2059,A12,826,Plná,Neúspěch,4.0,0,,0,0,0,0,0,1866,1191,1772,556
exp2062,A12,827,Plná,Neúspěch,3.0,0,,0,0,0,0,0,414,430,337,155
exp2064,A12,828,Plná,Krátkodobý úspěch,3.0,0,,0,0,0,0,0,279,546,175,169
exp2065,A12,829,Plná,Dlouhodobý úspěch,4.0,0,,0,0,0,0,0,678,177,485,307
exp2066,A12,830,Plná,Dlouhodobý úspěch,4.0,0,,0,0,0,0,0,409,746,390,346
exp2067,A12,831,Plná,Neúspěch,3.0,0,,0,0,0,0,0,869,810,622,466
exp2069,A12,832,Plná,Krátkodobý úspěch,3.0,0,,0,0,0,0,0,716,102,471,401
exp2070,A12,833,Plná,Krátkodobý úspěch,2.0,0,,0,0,0,0,0,502,374,243,317
exp2071,A12,834,Plná,Dlouhodobý úspěch,4.0,0,,0,0,0,0,0,303,412,263,307
exp2072,A12,835,Plná,Krátkodobý úspěch,3.0,0,,0,0,0,0,0,832,833,746,124
exp2073,A12,836,Plná,Krátkodobý úspěch,3.0,0,,0,0,0,0,0,330,426,342,245
exp2074,A12,837,Plná,Neúspěch,3.0,0,,0,0,0,0,0,674,701,406,367
exp2076,A12,838,Plná,Dlouhodobý úspěch,4.0,0,,0,0,0,0,0,472,316,505,376
exp2078,A12,839,Plná,Neúspěch,4.0,0,,0,0,0,0,0,434,508,662,377
exp2080,A12,840,Plná,Neúspěch,1.0,0,,0,0,0,0,0,411,371,423,316
exp2082,A12,841,Plná,Dlouhodobý úspěch,4.0,0,,0,0,0,0,0,548,258,479,116
exp2085,A12,842,Plná,Krátkodobý úspěch,3.0,0,,0,0,0,0,0,507,242,255,212
exp2086,A12,843,Plná,Dlouhodobý úspěch,4.0,0,,0,0,0,0,0,482,631,357,244
exp2087,A12,844,Plná,Dlouhodobý úspěch,4.0,0,,0,0,0,0,0,1384,898,591,624
exp2089,A12,845,Plná,Krátkodobý úspěch,3.0,0,,0,0,0,0,0,374,693,563,416
exp2090,A12,846,Plná,Krátkodobý úspěch,4.0,0,,0,0,0,0,0,262,465,672,409
exp2091,A12,847,Plná,Neúspěch,3.0,0,,0,0,0,0,0,574,371,560,420
exp2092,A12,848,Plná,Dlouhodobý úspěch,4.0,0,,0,0,0,0,0,471,711,544,448
exp2093,A12,849,Plná,Neúspěch,3.0,0,,0,0,0,0,0,364,435,446,190
exp2094,A12,850,Plná,Neúspěch,2.0,0,,0,0,0,0,0,431,463,267,179
exp2096,A12,851,Plná,Dlouhodobý úspěch,4.0,0,,0,0,0,0,0,468,519,565,296
exp2098,A12,852,Plná,Dlouhodobý úspěch,4.0,0,,0,0,0,0,0,352,500,262,217
exp2099,A12,853,Plná,Dlouhodobý úspěch,4.0,0,,0,0,0,0,0,494,317,377,273
exp2100,A12,854,Plná,Dlouhodobý úspěch,4.0,0,,0,0,0,0,0,390,529,326,193
exp2102,A12,855,Plná,Krátkodobý úspěch,4.0,0,,0,0,0,0,0,709,438,441,369
exp2106,A12,856,Plná,Dlouhodobý úspěch,4.0,0,,0,0,0,0,0,459,274,348,274
exp2113,A12,857,Plná,Dlouhodobý úspěch,4.0,0,,0,0,0,0,0,703,182,679,1294
exp2114,A12,858,Plná,Krátkodobý úspěch,4.0,0,,0,0,0,0,0,621,404,717,269
exp2117,A12,859,Plná,Krátkodobý úspěch,3.0,0,,0,0,0,0,0,522,567,451,608
exp2118,A12,860,Plná,Dlouhodobý úspěch,4.0,0,,0,0,0,0,0,499,303,465,415
exp2119,A12,861,Plná,Krátkodobý úspěch,2.0,0,,0,0,0,0,0,277,685,205,194
exp2120,A12,862,Plná,Dlouhodobý úspěch,4.0,0,,0,0,0,0,0,837,72,452,177
exp2124,A12,863,Plná,Dlouhodobý úspěch,4.0,0,,0,0,0,0,0,599,279,1236,717
exp2125,A12,864,Plná,Dlouhodobý úspěch,4.0,0,,0,0,0,0,0,403,375,314,239
exp2127,A12,865,Plná,Dlouhodobý úspěch,4.0,0,,0,0,0,0,0,389,400,262,250
exp2130,A12,866,Plná,Krátkodobý úspěch,3.0,0,,0,1,0,0,0,666,244,343,209
exp2131,A12,867,Plná,Neúspěch,2.0,0,,0,0,0,0,0,455,272,369,247
exp2132,A12,868,Plná,Krátkodobý úspěch,3.0,0,,0,0,0,0,0,420,325,309,272
exp2133,A12,869,Plná,Dlouhodobý úspěch,4.0,0,,0,0,0,0,0,1181,279,1061,860
exp2134,A12,870,Plná,Neúspěch,4.0,0,,0,0,0,0,0,413,428,793,255
exp2137,A12,871,Plná,Dlouhodobý úspěch,4.0,0,,0,0,0,0,0,369,345,306,265
exp2138,A12,872,Plná,Krátkodobý úspěch,3.0,0,,0,0,0,0,0,1174,1878,1217,457
exp2139,A12,873,Plná,Dlouhodobý úspěch,4.0,0,,0,0,0,0,0,534,423,370,363
exp2140,A12,874,Plná,Dlouhodobý úspěch,4.0,0,,0,0,0,0,0,420,493,582,461
exp2147,A12,875,Plná,Neúspěch,2.0,0,,0,0,0,0,0,535,610,341,319
exp2150,A12,876,Plná,Dlouhodobý úspěch,3.0,0,,0,0,0,0,0,535,423,419,376
exp2151,A12,877,Plná,Dlouhodobý úspěch,4.0,0,,0,0,0,0,0,1065,521,1554,295
exp2154,A12,878,Plná,Dlouhodobý úspěch,4.0,0,,0,0,0,0,0,488,270,560,221
exp2155,A12,879,Plná,Krátkodobý úspěch,3.0,0,,0,0,0,0,0,585,349,535,185
exp2156,A12,880,Plná,Krátkodobý úspěch,4.0,0,,0,0,0,0,0,674,383,304,484
exp2157,A12,881,Plná,Krátkodobý úspěch,3.0,0,,0,0,0,0,0,863,502,706,358
exp2158,A12,882,Plná,Dlouhodobý úspěch,4.0,0,,0,0,0,0,0,371,387,478,401
exp2161,A12,883,Plná,Dlouhodobý úspěch,4.0,0,,0,0,0,0,0,348,713,316,351
exp2165,A12,884,Plná,Dlouhodobý úspěch,4.0,0,,0,0,0,0,0,592,420,929,474
exp2166,A12,885,Plná,Dlouhodobý úspěch,3.0,0,,0,0,0,0,0,416,422,223,146
exp2168,A12,886,Plná,Krátkodobý úspěch,3.0,0,,0,0,0,0,0,458,468,307,367
exp2171,A12,887,Plná,Krátkodobý úspěch,3.0,0,,0,0,0,0,0,659,416,445,415
exp2172,A12,888,Plná,Neúspěch,3.0,0,,0,0,0,0,0,524,546,340,304
exp2175,A12,889,Plná,Krátkodobý úspěch,4.0,0,,0,0,0,0,0,389,447,246,313
exp2176,A12,890,Plná,Neúspěch,2.0,0,,1,0,0,0,1,540,543,457,325
exp2177,A12,891,Plná,Dlouhodobý úspěch,4.0,0,,0,0,0,0,0,374,493,445,571
exp2178,A12,892,Plná,Dlouhodobý úspěch,4.0,0,,0,0,0,0,0,392,508,302,352
exp2179,A12,893,Plná,Neúspěch,4.0,0,,0,0,0,0,0,694,400,333,388
exp2180,A12,894,Plná,Dlouhodobý úspěch,3.0,0,,0,0,0,0,0,587,153,202,78
exp2182,A12,895,Plná,Krátkodobý úspěch,4.0,0,,0,0,0,0,0,683,686,817,415
exp2190,A12,896,Plná,Krátkodobý úspěch,3.0,0,,0,0,0,0,0,909,2125,1469,497
exp2192,A12,897,Plná,Dlouhodobý úspěch,4.0,0,,0,0,0,0,0,287,591,376,300
exp2195,A12,898,Plná,Neúspěch,2.0,0,,0,0,0,0,0,314,389,410,313
exp2196,A12,899,Plná,Neúspěch,1.0,0,,0,0,0,0,0,834,531,693,156
exp2198,A12,900,Plná,Krátkodobý úspěch,2.0,0,,0,0,0,0,0,479,379,275,228
exp2199,A12,901,Plochá,Dlouhodobý úspěch,4.0,0,,0,0,0,0,0,468,621,531,396
exp2204,A12,902,Plná,Dlouhodobý úspěch,4.0,0,,0,0,0,0,0,520,505,368,295
exp2206,A12,903,Plná,Krátkodobý úspěch,3.0,0,,0,0,0,0,0,361,368,345,197
exp2208,A12,904,Plná,Neúspěch,2.0,0,,0,0,0,0,0,370,952,393,316
exp2210,A12,905,Plná,Krátkodobý úspěch,3.0,0,,0,0,0,0,0,1117,203,608,268
exp2212,A12,906,Plná,Krátkodobý úspěch,4.0,0,,0,0,0,0,0,379,863,613,592
exp2213,A12,907,Plná,Dlouhodobý úspěch,4.0,0,,0,0,0,0,0,403,536,642,379
exp2214,A12,908,Plná,Dlouhodobý úspěch,4.0,0,,0,0,0,0,0,514,265,278,336
exp2215,A12,909,Plná,Dlouhodobý úspěch,2.0,0,,0,0,0,0,0,790,539,706,448
exp2216,A12,910,Plná,Neúspěch,3.0,0,,0,0,0,0,0,488,307,585,318
exp2217,A12,911,Plná,Krátkodobý úspěch,4.0,0,,0,0,0,0,0,776,360,489,151
exp2221,A12,912,Plná,Dlouhodobý úspěch,4.0,0,,0,0,0,0,0,385,517,367,68
exp2222,A12,913,Plná,Krátkodobý úspěch,3.0,0,,0,0,0,0,0,497,576,603,251
exp2223,A12,914,Plná,Neúspěch,3.0,0,,0,0,0,0,0,667,424,318,289
exp2226,A12,915,Plná,Neúspěch,2.0,0,,0,0,0,0,0,645,591,245,146
exp2227,A12,916,Plná,Krátkodobý úspěch,4.0,0,,0,0,0,0,0,407,424,481,310
exp2231,A12,917,Plná,Dlouhodobý úspěch,4.0,0,,0,0,0,0,0,1024,783,1651,608
exp2233,A12,918,Plná,Krátkodobý úspěch,2.0,0,,0,0,0,0,0,513,505,397,310
exp2235,A12,919,Plná,Dlouhodobý úspěch,4.0,0,,0,0,0,0,0,622,162,1022,188
exp2236,A12,920,Plná,Krátkodobý úspěch,4.0,0,,0,0,0,0,0,298,415,743,259
exp2244,A12,921,Plná,Krátkodobý úspěch,4.0,0,,0,0,0,0,0,562,505,401,407
exp2245,A12,922,Plná,Neúspěch,4.0,0,,0,0,0,0,0,860,1179,674,673
exp2246,A12,923,Plná,Dlouhodobý úspěch,4.0,0,,0,0,0,0,0,681,705,493,472
exp2250,A12,924,Plná,Dlouhodobý úspěch,4.0,0,,0,0,0,0,0,260,579,243,417
exp2253,A12,925,Plná,Dlouhodobý úspěch,3.0,0,,0,0,0,0,0,539,527,515,625
exp2254,A12,926,Plná,Dlouhodobý úspěch,4.0,0,,0,0,0,0,0,514,258,396,272
exp2255,A12,927,Plná,Krátkodobý úspěch,3.0,0,,0,0,0,0,0,341,469,344,215
exp2257,A12,928,Plná,Krátkodobý úspěch,3.0,0,,0,0,0,0,0,319,386,491,333
exp2258,A12,929,Plná,Dlouhodobý úspěch,4.0,0,,0,0,0,0,0,376,452,250,146
exp2259,A12,930,Plná,Dlouhodobý úspěch,4.0,0,,0,0,0,0,0,497,314,475,359
exp2261,A12,931,Plná,Krátkodobý úspěch,3.0,0,,0,0,0,0,0,390,707,599,700
exp2265,A12,932,Plná,Dlouhodobý úspěch,3.0,0,,0,0,0,0,0,565,810,410,231
exp2266,A12,933,Plná,Dlouhodobý úspěch,4.0,0,,0,0,0,0,0,516,600,431,444
exp2267,A12,934,Plná,Krátkodobý úspěch,4.0,0,,0,0,0,0,0,440,568,382,455
exp2268,A12,935,Plná,Krátkodobý úspěch,4.0,0,,0,0,0,0,0,695,543,645,590
exp2271,A12,936,Plná,Dlouhodobý úspěch,4.0,0,,0,0,0,0,0,205,599,673,473
exp2272,A12,937,Plná,Neúspěch,3.0,0,,0,0,0,0,0,488,259,273,155
exp2274,A12,938,Plná,Krátkodobý úspěch,4.0,0,,0,0,0,0,0,564,139,364,58
exp2277,A12,939,Plná,Dlouhodobý úspěch,4.0,0,,0,0,0,0,0,531,206,261,285
exp1518,A12,940,Plná,Krátkodobý úspěch,4.0,0,,0,0,0,0,0,481,989,627,1427
exp1501,A12,941,Plná,Neúspěch,4.0,0,,0,0,0,0,0,917,717,771,2116
exp1495,A12,942,Plná,Neúspěch,1.0,0,,0,0,0,0,0,546,321,535,333
exp1498,A12,943,Plná,Dlouhodobý úspěch,4.0,0,,0,0,0,0,0,825,691,529,688
exp1500,A12,944,Plná,Krátkodobý úspěch,3.0,0,,0,0,0,0,0,1504,508,792,571
exp1502,A12,945,Plná,Neúspěch,1.0,0,,0,0,0,0,0,1243,132,653,1030
exp1508,A12,946,Plná,Dlouhodobý úspěch,4.0,0,,0,0,0,0,0,1242,275,731,412
exp1481,A12,947,Plná,Dlouhodobý úspěch,3.0,0,,0,0,0,0,0,922,711,1388,941
exp1490,A12,948,Plná,Neúspěch,2.0,0,,0,0,0,0,0,482,377,417,2031
exp1493,A12,949,Plná,Dlouhodobý úspěch,4.0,0,,0,0,0,0,0,1318,760,921,597
exp1494,A12,950,Plná,Neúspěch,2.0,0,,0,0,0,0,0,598,652,383,235
exp1476,A12,951,Plná,Krátkodobý úspěch,2.0,0,,0,0,0,0,0,987,342,610,582
exp1478,A12,952,Plná,Dlouhodobý úspěch,4.0,0,,0,0,0,0,0,567,868,944,1389
exp1482,A12,953,Plná,Dlouhodobý úspěch,4.0,0,,0,0,0,0,0,1407,977,995,247
exp1485,A12,954,Plná,Dlouhodobý úspěch,4.0,0,,0,0,0,0,0,1415,114,704,352
exp1487,A12,955,Plná,Neúspěch,3.0,0,,0,0,0,0,0,760,206,458,494
exp1489,A12,956,Plná,Krátkodobý úspěch,4.0,0,,0,0,0,0,0,1430,781,1175,651
exp1466,A12,957,Plná,Neúspěch,4.0,0,,0,0,0,0,0,440,326,496,311
exp1469,A12,958,Plná,Dlouhodobý úspěch,4.0,0,,0,0,0,0,0,755,140,450,260
exp1473,A12,959,Plná,Dlouhodobý úspěch,4.0,0,,0,0,0,0,0,874,0,762,494
exp1475,A12,960,Plná,Dlouhodobý úspěch,4.0,0,,0,0,0,0,0,768,608,925,332
exp1479,A12,961,Plná,Dlouhodobý úspěch,4.0,0,,0,0,0,0,0,795,320,723,459
exp1480,A12,962,Plná,Dlouhodobý úspěch,4.0,0,,0,0,0,0,0,2948,541,706,1060
exp1452,A12,963,Plná,Krátkodobý úspěch,3.0,0,,0,0,0,0,0,1311,312,986,313
exp1454,A12,964,Plná,Neúspěch,3.0,0,,0,0,0,0,0,593,244,993,1081
exp1458,A12,965,Plochá,Dlouhodobý úspěch,4.0,0,,0,1,0,0,0,736,453,1147,0
exp1460,A12,966,Plná,Dlouhodobý úspěch,4.0,0,,0,0,0,0,0,748,299,755,403
exp1463,A12,967,Plná,Neúspěch,2.0,0,,0,0,0,0,0,647,220,474,493
exp1465,A12,968,Plná,Neúspěch,4.0,0,,0,0,0,0,0,1575,146,718,1535
exp1468,A12,969,Plná,Dlouhodobý úspěch,4.0,0,,0,0,0,0,0,644,194,790,469
exp1471,A12,970,Plná,Dlouhodobý úspěch,4.0,0,,0,0,0,0,0,1073,168,730,766
exp1445,A12,971,Plná,Krátkodobý úspěch,4.0,0,,0,0,0,0,0,1053,286,987,608
exp1446,A12,972,Plná,Dlouhodobý úspěch,4.0,0,,0,0,0,0,0,637,320,554,649
exp1447,A12,973,Plná,Krátkodobý úspěch,3.0,0,,0,0,0,0,0,1810,308,568,313
exp1451,A12,974,Plná,Neúspěch,2.0,0,,0,0,0,0,0,936,406,420,273
exp1453,A12,975,Plochá,Dlouhodobý úspěch,1.0,0,,0,1,0,0,0,487,306,763,575
exp1456,A12,976,Plná,Neúspěch,3.0,0,,0,0,0,0,0,527,415,417,246
exp1459,A12,977,Plná,Dlouhodobý úspěch,4.0,0,,0,0,0,0,0,330,762,283,490
exp1435,A12,978,Plná,Dlouhodobý úspěch,4.0,0,,0,0,0,0,0,459,427,807,406
exp1439,A12,979,Plná,Krátkodobý úspěch,3.0,0,,0,0,0,0,0,702,329,1300,238
exp1441,A12,980,Plná,Neúspěch,3.0,0,,0,0,0,0,0,1100,156,1543,611
exp1443,A12,981,Plná,Dlouhodobý úspěch,4.0,0,,0,0,0,0,0,1418,0,2009,1269
exp1444,A12,982,Plná,Dlouhodobý úspěch,4.0,0,,0,1,0,0,0,1662,461,762,0
exp1450,A12,983,Plná,Dlouhodobý úspěch,4.0,0,,0,0,0,0,0,2513,742,1283,446
exp1424,A12,984,Plná,Krátkodobý úspěch,3.0,0,,0,0,0,0,0,1680,282,329,1397
exp1429,A12,985,Plná,Neúspěch,1.0,0,,0,0,0,0,0,2504,1551,467,1114
exp1436,A12,986,Plná,Dlouhodobý úspěch,4.0,0,,0,0,0,0,0,569,183,857,266
exp1438,A12,987,Plná,Dlouhodobý úspěch,4.0,0,,0,0,0,0,0,3248,1039,615,389
exp1440,A12,988,Plná,Neúspěch,3.0,0,,0,0,0,0,0,668,513,1872,271
exp1419,A12,989,Plná,Dlouhodobý úspěch,3.0,0,,0,0,1,0,0,322,550,822,121
exp1420,A12,990,Plná,Dlouhodobý úspěch,4.0,0,,0,0,0,0,0,928,656,1014,296
exp1423,A12,991,Plná,Dlouhodobý úspěch,4.0,0,,0,0,0,0,0,1106,228,682,1131
exp1425,A12,992,Plná,Neúspěch,3.0,0,,0,0,0,0,0,664,316,257,555
exp1427,A12,993,Plná,Krátkodobý úspěch,2.0,0,,0,0,0,0,0,581,295,760,258
exp1430,A12,994,Plná,Dlouhodobý úspěch,4.0,0,,0,0,0,0,0,648,355,908,433
exp1433,A12,995,Plná,Neúspěch,2.0,0,,0,0,0,0,0,1189,1118,277,245
exp1407,A12,996,Plná,Krátkodobý úspěch,3.0,0,,0,0,0,0,0,595,308,1110,263
exp1414,A12,997,Plná,Neúspěch,4.0,0,,0,0,0,0,0,866,216,1311,585
exp1416,A12,998,Plná,Dlouhodobý úspěch,4.0,0,,0,0,0,0,0,2318,362,1768,871
exp1417,A12,999,Plná,Dlouhodobý úspěch,4.0,0,,0,0,0,0,0,1305,323,1194,625
exp1418,A12,1000,Plná,Krátkodobý úspěch,4.0,0,,0,0,0,0,0,1060,291,1068,383
exp1421,A12,1001,Plná,Dlouhodobý úspěch,4.0,0,,0,0,0,0,0,613,1025,1000,204
exp1422,A12,1002,Plná,Krátkodobý úspěch,4.0,0,,0,0,0,0,0,767,1031,1011,804
exp1399,A12,1003,Plochá,,,0,,0,1,0,0,0,1212,211,1472,464
exp1405,A12,1004,Plná,Neúspěch,2.0,0,,0,0,0,0,0,1054,216,553,823
exp1406,A12,1005,Plná,Dlouhodobý úspěch,4.0,0,,0,0,0,0,0,517,368,734,204
exp1408,A12,1006,Plná,Dlouhodobý úspěch,4.0,0,,0,0,0,0,0,972,399,1724,936
exp1409,A12,1007,Plná,Krátkodobý úspěch,3.0,0,,0,0,0,0,0,1035,351,748,362
exp1410,A12,1008,Plná,Dlouhodobý úspěch,4.0,0,,0,0,0,0,0,558,321,310,261
exp1411,A12,1009,Plná,Krátkodobý úspěch,3.0,0,,0,0,0,0,0,376,481,470,225
exp1413,A12,1010,Plná,Dlouhodobý úspěch,4.0,0,,0,0,0,0,0,1003,120,787,430
exp1415,A12,1011,Plná,Krátkodobý úspěch,4.0,0,,0,0,0,0,0,643,526,2800,2189
exp1387,A12,1012,Plná,Dlouhodobý úspěch,4.0,0,,0,0,0,0,0,1351,1458,3652,1027
exp1389,A12,1013,Plná,Krátkodobý úspěch,2.0,0,,0,0,0,0,0,668,174,520,136
exp1390,A12,1014,Plná,Neúspěch,3.0,0,,0,0,0,0,0,715,224,725,312
exp1382,A12,1015,Plná,Dlouhodobý úspěch,4.0,0,,0,0,0,0,0,980,1060,1039,518
exp1383,A12,1016,Plná,Dlouhodobý úspěch,4.0,0,,0,0,0,0,0,482,226,410,203
exp1395,A12,1017,Plochá,,,0,,0,1,0,0,0,1125,307,450,226
exp1398,A12,1018,Plná,Krátkodobý úspěch,3.0,0,,0,0,0,0,0,1601,376,248,292
exp1402,A12,1019,Plná,Dlouhodobý úspěch,2.0,0,,0,0,0,0,0,691,429,706,556
exp1403,A12,1020,Plná,Dlouhodobý úspěch,4.0,0,,0,0,0,0,0,2075,318,1346,776
exp1404,A12,1021,Plná,Dlouhodobý úspěch,3.0,0,,0,0,0,0,0,482,620,614,824
exp1360,A12,1022,Plná,Dlouhodobý úspěch,4.0,0,,0,0,0,0,0,1053,258,2440,390
exp1371,A12,1023,Plná,Neúspěch,2.0,0,,0,0,0,0,0,819,121,258,1123
exp1374,A12,1024,Plná,Neúspěch,1.0,0,,0,0,0,0,0,1214,194,213,125
exp1377,A12,1025,Plná,Dlouhodobý úspěch,3.0,0,,0,0,0,0,0,615,339,706,362
exp1379,A12,1026,Plochá,,,0,,0,1,0,0,0,318,731,603,181
exp1380,A12,1027,Plná,Dlouhodobý úspěch,4.0,0,,0,0,0,0,0,1737,153,484,347
exp1384,A12,1028,Plná,Dlouhodobý úspěch,4.0,0,,0,0,0,0,0,1612,0,1513,0
exp1354,A12,1029,Plná,Dlouhodobý úspěch,4.0,0,,0,0,0,0,0,582,802,418,634
exp1359,A12,1030,Plná,Dlouhodobý úspěch,3.0,0,,0,0,0,0,0,1212,604,1350,432
exp1362,A12,1031,Plná,Neúspěch,2.0,0,,0,0,0,0,0,528,540,636,482
exp1364,A12,1032,Plná,Neúspěch,2.0,0,,0,0,0,0,0,1654,320,895,172
exp1366,A12,1033,Plná,Dlouhodobý úspěch,4.0,0,,0,0,0,0,0,1068,390,1139,415
exp1367,A12,1034,Plná,Neúspěch,4.0,0,,0,0,0,0,0,741,0,908,273
exp1340,A12,1035,Plná,Dlouhodobý úspěch,4.0,0,,0,0,0,0,0,1122,679,962,406
exp1351,A12,1036,Plná,Krátkodobý úspěch,3.0,0,,0,0,0,0,0,628,1729,677,206
exp1356,A12,1037,Plná,Krátkodobý úspěch,2.0,0,,0,0,0,0,0,706,112,975,560
exp1357,A12,1038,Plná,Neúspěch,3.0,0,,0,0,0,0,0,601,571,325,219
exp1358,A12,1039,Plná,Neúspěch,2.0,0,,0,0,0,0,0,593,428,712,455
exp1368,A12,1040,Plná,Dlouhodobý úspěch,4.0,0,,0,0,0,0,0,796,190,1175,476
exp1337,A12,1041,Plná,Krátkodobý úspěch,3.0,0,,0,0,0,0,0,1054,291,488,530
exp1342,A12,1042,Plná,Krátkodobý úspěch,3.0,0,,0,0,0,0,0,719,211,367,345
exp1343,A12,1043,Plná,Krátkodobý úspěch,2.0,0,,0,0,1,0,0,402,412,249,660
exp1344,A12,1044,Plná,Krátkodobý úspěch,2.0,0,,0,0,0,0,0,1104,506,1178,991
exp1345,A12,1045,Plná,Neúspěch,1.0,0,,1,0,0,0,0,1232,242,716,619
exp1346,A12,1046,Plná,Krátkodobý úspěch,4.0,0,,0,0,0,0,0,1225,349,234,1358
exp1348,A12,1047,Plná,Krátkodobý úspěch,4.0,0,,0,0,0,0,0,946,166,891,696
exp1349,A12,1048,Plná,Neúspěch,2.0,0,,0,0,0,0,0,883,484,508,662
exp1353,A12,1049,Plná,Dlouhodobý úspěch,4.0,0,,0,0,0,0,0,949,388,700,336
exp1328,A12,1050,Plná,Krátkodobý úspěch,2.0,0,,0,0,0,0,0,1030,908,740,678
exp1339,A12,1051,Plná,Dlouhodobý úspěch,4.0,0,,0,0,0,0,0,1997,1638,2145,844
exp1341,A12,1052,Plná,Dlouhodobý úspěch,3.0,0,,0,0,0,0,0,1110,431,1516,1045
exp1322,A12,1053,Plná,Krátkodobý úspěch,3.0,0,,0,0,0,0,0,948,628,788,457
exp1326,A12,1054,Plochá,,,0,,0,1,0,0,0,630,206,575,769
exp1327,A12,1055,Plná,Neúspěch,3.0,0,,0,0,0,0,0,420,366,712,410
exp1329,A12,1056,Plná,Dlouhodobý úspěch,4.0,0,,0,0,0,0,0,777,635,1401,1332
exp1331,A12,1057,Plná,Dlouhodobý úspěch,4.0,0,,0,0,0,0,0,432,347,334,541
exp1333,A12,1058,Plná,Neúspěch,2.0,0,,0,0,0,0,0,940,602,646,1072
exp1334,A12,1059,Plná,Dlouhodobý úspěch,4.0,0,,0,0,0,0,0,759,280,1782,330
exp1310,A12,1060,Plná,Dlouhodobý úspěch,3.0,0,,0,0,0,0,0,2006,258,493,404
exp1317,A12,1061,Plná,Krátkodobý úspěch,4.0,0,,0,0,0,0,0,1542,214,311,408
exp1318,A12,1062,Plná,Neúspěch,1.0,0,,0,0,0,0,0,638,518,1387,1491
exp1323,A12,1063,Plná,Krátkodobý úspěch,4.0,0,,0,0,0,0,0,893,497,1039,186
exp1313,A12,1064,Plná,Krátkodobý úspěch,4.0,0,,0,0,0,0,0,407,2049,453,368
exp1315,A12,1065,Plná,Dlouhodobý úspěch,1.0,0,,0,0,0,0,0,537,555,1339,333
exp1316,A12,1066,Plná,Dlouhodobý úspěch,4.0,0,,0,0,0,0,0,246,668,1600,375
exp1319,A12,1067,Plná,Dlouhodobý úspěch,4.0,0,,0,0,0,0,0,969,180,1048,458
exp1325,A12,1068,Plná,Neúspěch,2.0,0,,0,0,0,0,0,655,221,934,587
exp1296,A12,1069,Plná,Dlouhodobý úspěch,4.0,0,,0,0,0,0,0,846,319,1013,439
exp1300,A12,1070,Plná,Krátkodobý úspěch,3.0,0,,0,0,0,0,0,1196,244,596,2449
exp1303,A12,1071,Plná,Dlouhodobý úspěch,4.0,0,,0,0,0,0,0,766,327,1153,356
exp1304,A12,1072,Plná,Neúspěch,2.0,0,,0,0,0,0,0,887,344,995,549
exp1305,A12,1073,Plná,Neúspěch,3.0,0,,0,0,0,0,0,933,98,1640,223
exp1288,A12,1074,Plná,Dlouhodobý úspěch,4.0,0,,0,0,0,0,0,610,336,1128,728
exp1292,A12,1075,Plná,Dlouhodobý úspěch,4.0,0,,0,0,0,0,0,865,162,562,624
exp1295,A12,1076,Plná,Dlouhodobý úspěch,4.0,0,,0,0,0,0,0,691,983,861,502
exp1301,A12,1077,Plná,Neúspěch,3.0,0,,0,0,0,0,0,1032,159,860,179
exp1280,A12,1078,Plná,Dlouhodobý úspěch,4.0,0,,0,0,0,0,0,401,309,418,539
exp1281,A12,1079,Plná,Neúspěch,2.0,0,,0,0,0,0,0,196,762,2098,440
exp1282,A12,1080,Plná,Krátkodobý úspěch,3.0,0,,0,0,0,0,0,1040,415,1022,706
exp1283,A12,1081,Plná,Dlouhodobý úspěch,3.0,0,,0,0,0,0,0,924,135,1369,571
exp1284,A12,1082,Plná,Krátkodobý úspěch,2.0,0,,0,0,0,0,0,1240,1046,2002,646
exp1286,A12,1083,Plná,Neúspěch,1.0,0,,0,0,0,0,0,591,230,445,356
exp1291,A12,1084,Plná,Dlouhodobý úspěch,4.0,0,,0,0,0,0,0,729,587,537,301
exp1268,A12,1085,Plná,Dlouhodobý úspěch,4.0,0,,0,0,0,0,0,548,221,739,460
exp1270,A12,1086,Plná,Krátkodobý úspěch,2.0,0,,0,0,0,0,0,1522,194,268,713
exp1271,A12,1087,Plná,Krátkodobý úspěch,2.0,0,,0,0,0,0,0,710,470,817,417
exp1272,A12,1088,Plná,Neúspěch,3.0,0,,0,0,0,0,0,621,324,682,547
exp1274,A12,1089,Plná,Krátkodobý úspěch,3.0,0,,0,1,0,0,0,905,169,967,0
exp1275,A12,1090,Plná,Neúspěch,3.0,0,,0,0,0,0,0,1037,252,686,523
exp1276,A12,1091,Plná,Krátkodobý úspěch,4.0,0,,0,0,0,0,0,612,546,1116,1134
exp1278,A12,1092,Plná,Dlouhodobý úspěch,4.0,0,,0,0,0,0,0,673,158,872,449
exp1279,A12,1093,Plná,Krátkodobý úspěch,4.0,0,,0,0,0,0,0,2413,289,3423,1477
exp1255,A12,1094,Plná,Krátkodobý úspěch,3.0,0,,0,0,0,0,0,709,348,254,518
exp1263,A12,1095,Plná,Dlouhodobý úspěch,4.0,0,,0,0,0,0,0,1036,276,268,179
exp1265,A12,1096,Plná,Neúspěch,3.0,0,,0,0,0,0,0,1160,276,581,313
exp1266,A12,1097,Plná,Krátkodobý úspěch,2.0,0,,0,0,0,0,0,1093,162,574,299
exp1267,A12,1098,Plná,Dlouhodobý úspěch,4.0,0,,0,0,0,0,0,537,393,829,314
exp1269,A12,1099,Plná,Dlouhodobý úspěch,4.0,0,,0,0,0,0,0,496,482,1022,827
exp1277,A12,1100,Plná,Neúspěch,3.0,0,,0,0,0,0,0,1083,634,1000,249
exp1253,A12,1101,Plná,Dlouhodobý úspěch,4.0,0,,0,0,0,0,0,799,1067,694,1600
exp1256,A12,1102,Plná,Neúspěch,1.0,0,,0,0,0,0,0,472,629,363,681
exp1258,A12,1103,Plná,Krátkodobý úspěch,1.0,0,,0,0,0,0,0,1007,391,598,212
exp1259,A12,1104,Plná,Krátkodobý úspěch,4.0,0,,0,1,0,0,0,983,0,975,1237
exp1261,A12,1105,Plná,Dlouhodobý úspěch,4.0,0,,0,0,0,0,0,849,521,1430,944
exp1262,A12,1106,Plná,Krátkodobý úspěch,4.0,0,,0,0,0,0,0,1120,877,876,1371
exp1234,A12,1107,Plná,Neúspěch,2.0,0,,0,0,0,0,0,718,1664,610,746
exp1245,A12,1108,Plná,Dlouhodobý úspěch,4.0,0,,0,0,0,0,0,628,507,1059,463
exp1250,A12,1109,Plná,Dlouhodobý úspěch,3.0,0,,0,0,0,0,0,314,422,768,241
exp1251,A12,1110,Plná,Neúspěch,1.0,0,,0,0,0,0,0,803,484,498,393
exp1232,A12,1111,Plná,Dlouhodobý úspěch,4.0,0,,0,0,0,0,0,1676,976,1356,773
exp1237,A12,1112,Plná,Krátkodobý úspěch,3.0,0,,0,0,0,0,0,413,305,1002,119
exp1244,A12,1113,Plná,Krátkodobý úspěch,4.0,0,,0,0,0,0,0,757,324,2122,513
exp1246,A12,1114,Plná,Neúspěch,1.0,0,,0,0,0,0,0,884,327,958,1598
exp1228,A12,1115,Plná,Dlouhodobý úspěch,4.0,0,,0,0,0,0,0,1380,760,1752,1469
exp1231,A12,1116,Plná,Neúspěch,2.0,0,,0,0,0,0,0,343,535,454,771
exp1236,A12,1117,Plná,Neúspěch,1.0,0,,0,0,0,0,0,648,255,1457,912
exp1238,A12,1118,Plná,Neúspěch,2.0,0,,0,0,0,0,0,2384,1035,1154,401
exp1240,A12,1119,Plná,Dlouhodobý úspěch,4.0,0,,0,0,0,0,0,727,1025,1382,359
exp1242,A12,1120,Plná,Krátkodobý úspěch,4.0,0,,0,0,0,0,0,805,330,1328,592
exp1226,A12,1121,Plná,Krátkodobý úspěch,2.0,0,,0,0,0,0,0,679,310,345,256
exp1227,A12,1122,Plná,Dlouhodobý úspěch,2.0,0,,0,0,0,0,0,387,389,350,386
exp1233,A12,1123,Plná,Krátkodobý úspěch,4.0,0,,0,0,0,0,0,228,633,1064,670
exp1208,A12,1124,Plná,Dlouhodobý úspěch,4.0,0,,0,0,0,0,0,2385,242,2228,1945
exp1216,A12,1125,Plná,Neúspěch,3.0,0,,0,0,0,0,0,660,415,565,462
exp1217,A12,1126,Plná,Neúspěch,3.0,0,,0,0,0,0,0,839,169,1054,526
exp1218,A12,1127,Plná,Krátkodobý úspěch,3.0,0,,0,0,0,0,0,343,464,776,275
exp1219,A12,1128,Plná,Krátkodobý úspěch,2.0,0,,0,0,0,0,0,1170,258,1027,690
exp1220,A12,1129,Plná,Neúspěch,4.0,0,,0,0,0,0,0,819,521,326,452
exp1222,A12,1130,Plná,Krátkodobý úspěch,4.0,0,,0,0,0,0,0,671,369,1027,220
exp1225,A12,1131,Plná,Dlouhodobý úspěch,3.0,0,,0,0,0,0,0,504,228,1127,1529
exp1230,A12,1132,Plná,Krátkodobý úspěch,2.0,0,,0,0,0,0,0,1318,215,229,731
exp1202,A12,1133,Plná,Krátkodobý úspěch,4.0,0,,0,0,0,0,0,754,567,692,150
exp1204,A12,1134,Plná,Neúspěch,2.0,0,,0,0,0,0,0,554,468,762,950
exp1206,A12,1135,Plná,Krátkodobý úspěch,4.0,0,,0,0,0,0,0,1228,150,857,631
exp1207,A12,1136,Plná,Krátkodobý úspěch,3.0,0,,0,0,0,0,0,739,229,469,810
exp1210,A12,1137,Plná,Dlouhodobý úspěch,3.0,0,,0,0,0,0,0,684,240,900,357
exp1212,A12,1138,Plochá,,,0,,0,1,0,0,0,495,332,470,395
exp1198,A12,1139,Plná,Neúspěch,3.0,0,,0,0,0,0,0,1074,1246,889,1619
exp1199,A12,1140,Plná,Dlouhodobý úspěch,4.0,0,,0,0,0,0,0,692,558,846,329
exp1200,A12,1141,Plná,Krátkodobý úspěch,2.0,0,,0,0,0,0,0,601,212,584,215
exp1211,A12,1142,Plná,Dlouhodobý úspěch,3.0,0,,0,0,0,0,0,1256,585,443,1732
exp1213,A12,1143,Plná,Krátkodobý úspěch,4.0,0,,0,0,0,0,0,407,439,477,208
exp1214,A12,1144,Plná,Krátkodobý úspěch,2.0,0,,0,0,0,0,0,460,702,522,549
exp1215,A12,1145,Plná,Neúspěch,4.0,0,,0,0,0,0,0,413,434,272,214
exp1186,A12,1146,Plná,Dlouhodobý úspěch,4.0,0,,0,0,0,0,0,518,499,710,415
exp1187,A12,1147,Plná,Neúspěch,4.0,0,,0,0,0,0,0,1637,832,517,741
exp1189,A12,1148,Plná,Krátkodobý úspěch,2.0,0,,0,0,0,0,0,831,257,625,356
exp1191,A12,1149,Plná,Neúspěch,4.0,0,,0,0,0,0,0,1107,723,1902,627
exp1192,A12,1150,Plná,Krátkodobý úspěch,4.0,0,,0,0,0,0,0,895,1446,697,118
exp1193,A12,1151,Plná,Neúspěch,3.0,0,,0,1,0,0,0,1398,0,398,428
exp1194,A12,1152,Plná,Dlouhodobý úspěch,4.0,0,,0,0,0,0,0,1568,0,544,952
exp1197,A12,1153,Plná,Dlouhodobý úspěch,4.0,0,,0,0,0,0,0,1352,472,607,1141
exp1201,A12,1154,Plná,Dlouhodobý úspěch,4.0,0,,0,0,0,0,0,881,956,874,898
exp1183,A12,1155,Plná,Dlouhodobý úspěch,4.0,0,,0,0,0,0,0,674,1502,1062,261
exp1185,A12,1156,Plochá,,,0,,0,1,0,0,0,1496,582,858,182
exp1169,A12,1157,Plná,Neúspěch,1.0,0,,0,0,0,0,0,668,452,457,263
exp1172,A12,1158,Plná,Dlouhodobý úspěch,3.0,0,,0,0,0,0,0,488,451,379,293
exp1174,A12,1159,Plná,Krátkodobý úspěch,3.0,0,,0,0,0,0,0,446,656,1203,484
exp1157,A12,1160,Plná,Dlouhodobý úspěch,4.0,0,,0,0,0,0,0,919,527,717,642
exp1159,A12,1161,Plná,Neúspěch,2.0,0,,0,0,0,0,0,690,448,1045,837
exp1161,A12,1162,Plná,Neúspěch,3.0,0,,0,0,0,0,0,958,335,2308,1628
exp1163,A12,1163,Plná,Krátkodobý úspěch,2.0,0,,0,0,0,0,0,1006,111,1589,707
exp1166,A12,1164,Plná,Dlouhodobý úspěch,4.0,0,,0,0,0,0,0,991,187,230,535
exp1168,A12,1165,Plná,Krátkodobý úspěch,3.0,0,,0,0,0,0,0,725,268,230,120
exp1147,A12,1166,Plná,Dlouhodobý úspěch,4.0,0,,0,0,0,0,0,521,200,905,527
exp1151,A12,1167,Plná,Dlouhodobý úspěch,4.0,0,,0,0,0,0,0,1123,276,1911,581
exp1156,A12,1168,Plná,Neúspěch,4.0,0,,0,0,0,0,0,791,347,504,213
exp1158,A12,1169,Plná,Dlouhodobý úspěch,4.0,0,,0,0,0,0,0,818,158,832,428
exp1160,A12,1170,Plná,Krátkodobý úspěch,2.0,0,,0,0,0,0,0,913,369,609,366
exp1167,A12,1171,Plná,Krátkodobý úspěch,4.0,0,,0,0,0,0,0,700,215,794,399
exp1170,A12,1172,Plná,Dlouhodobý úspěch,4.0,0,,0,0,0,0,0,348,736,669,641
exp1140,A12,1173,Plná,Dlouhodobý úspěch,3.0,0,,0,0,0,0,0,2203,1130,2866,385
exp1144,A12,1174,Plná,Dlouhodobý úspěch,4.0,0,,0,0,0,0,0,593,236,1125,455
exp1145,A12,1175,Plná,Krátkodobý úspěch,2.0,0,,0,0,0,0,0,624,282,816,192
exp1148,A12,1176,Plná,Dlouhodobý úspěch,4.0,0,,0,0,0,0,0,864,259,935,315
exp1149,A12,1177,Plná,Dlouhodobý úspěch,4.0,0,,0,0,0,0,0,709,0,492,255
exp1152,A12,1178,Plochá,,,0,,0,1,0,0,0,787,773,906,296
exp1153,A12,1179,Plochá,,,0,,0,1,0,0,0,654,1212,143,691
exp1154,A12,1180,Plná,Neúspěch,2.0,0,,0,0,0,0,0,916,687,790,565
exp1133,A12,1181,Plná,Neúspěch,4.0,0,,0,0,0,0,0,393,1057,591,436
exp1134,A12,1182,Plná,Neúspěch,4.0,0,,0,0,0,0,0,852,493,479,149
exp1136,A12,1183,Plná,Krátkodobý úspěch,4.0,0,,0,0,0,0,0,3074,227,1170,743
exp1137,A12,1184,Plná,Krátkodobý úspěch,3.0,0,,0,0,0,0,0,764,253,800,497
exp1138,A12,1185,Plná,Dlouhodobý úspěch,4.0,0,,0,0,0,0,0,529,569,1645,504
exp1141,A12,1186,Plná,Neúspěch,4.0,0,,0,0,0,0,0,948,387,933,178
exp1155,A12,1187,Plná,Dlouhodobý úspěch,3.0,0,,0,0,0,0,0,699,234,992,627
exp1118,A12,1188,Plná,Dlouhodobý úspěch,4.0,0,,0,0,0,0,0,1063,178,1505,517
exp1123,A12,1189,Plná,Dlouhodobý úspěch,4.0,0,,0,0,0,0,0,563,162,1090,390
exp1125,A12,1190,Plná,Neúspěch,3.0,0,,0,0,0,0,0,947,333,445,309
exp1126,A12,1191,Plná,Neúspěch,1.0,0,,0,0,0,0,0,1053,184,1314,280
exp1127,A12,1192,Plná,Neúspěch,1.0,0,,0,0,0,0,0,905,213,1287,497
exp1129,A12,1193,Plná,Dlouhodobý úspěch,3.0,0,,0,0,0,0,0,790,242,735,286
exp1130,A12,1194,Plná,Dlouhodobý úspěch,4.0,0,,0,0,0,0,0,831,298,872,672
exp1139,A12,1195,Plná,Neúspěch,3.0,0,,0,0,0,0,0,1092,252,606,324
exp1111,A12,1196,Plná,Krátkodobý úspěch,4.0,0,,0,0,0,0,0,418,416,451,302
exp1113,A12,1197,Plná,Neúspěch,2.0,0,,0,0,0,0,0,638,491,509,1074
exp1115,A12,1198,Plná,Dlouhodobý úspěch,4.0,0,,0,0,0,0,0,663,252,479,319
exp1120,A12,1199,Plná,Dlouhodobý úspěch,4.0,0,,0,0,0,0,0,418,360,331,253
exp1121,A12,1200,Plná,Krátkodobý úspěch,3.0,0,,0,0,0,0,0,837,325,1414,621
exp1128,A12,1201,Plná,Krátkodobý úspěch,2.0,0,,0,0,0,0,0,623,788,959,184
exp1095,A12,1202,Plná,Dlouhodobý úspěch,4.0,0,,0,0,0,0,0,614,540,1287,384
exp1096,A12,1203,Plná,Krátkodobý úspěch,3.0,0,,0,0,0,0,0,639,559,535,339
exp1099,A12,1204,Plná,Krátkodobý úspěch,4.0,0,,0,0,0,0,0,838,634,814,371
exp1104,A12,1205,Plná,Neúspěch,1.0,0,,0,0,0,0,0,591,308,382,206
exp1105,A12,1206,Plná,Krátkodobý úspěch,3.0,0,,0,0,0,0,0,1805,1024,1122,998
exp1107,A12,1207,Plná,Krátkodobý úspěch,4.0,0,,0,0,0,0,0,1342,964,1941,1010
exp1108,A12,1208,Plná,Krátkodobý úspěch,3.0,0,,0,0,0,0,0,1027,176,587,389
exp1109,A12,1209,Plná,Krátkodobý úspěch,3.0,0,,0,0,0,0,0,533,186,310,238
exp1119,A12,1210,Plná,Dlouhodobý úspěch,3.0,0,,0,0,0,0,0,822,355,443,906
exp1089,A12,1211,Plná,Dlouhodobý úspěch,4.0,0,,0,0,0,0,0,711,1243,1522,649
exp1092,A12,1212,Plná,Neúspěch,3.0,0,,0,0,0,0,0,542,282,558,600
exp1093,A12,1213,Plná,Krátkodobý úspěch,4.0,0,,0,0,0,0,0,946,1103,2281,749
exp1094,A12,1214,Plná,Neúspěch,2.0,0,,0,1,0,0,0,650,318,187,428
exp1100,A12,1215,Plná,Dlouhodobý úspěch,4.0,0,,0,0,0,0,0,1041,503,1018,426
exp1101,A12,1216,Plná,Neúspěch,1.0,0,,0,0,0,0,0,390,797,775,792
exp1103,A12,1217,Plná,Dlouhodobý úspěch,4.0,0,,0,0,0,0,0,875,108,420,400
exp1084,A12,1218,Plná,Dlouhodobý úspěch,4.0,0,,0,1,0,0,0,1401,0,2550,628
exp1085,A12,1219,Plná,Dlouhodobý úspěch,4.0,0,,0,1,0,0,0,748,0,207,0
exp1088,A12,1220,Plná,Krátkodobý úspěch,2.0,0,,0,0,0,0,0,662,327,992,445
exp1090,A12,1221,Plná,Krátkodobý úspěch,4.0,0,,0,0,0,0,0,1689,246,944,993
exp1091,A12,1222,Plná,Dlouhodobý úspěch,4.0,0,,0,0,0,0,0,1098,450,390,806
exp1067,A12,1223,Plná,Neúspěch,2.0,0,,0,0,0,0,0,802,175,1089,398
exp1068,A12,1224,Plná,Neúspěch,3.0,0,,0,0,0,0,0,591,360,320,212
exp1070,A12,1225,Plná,Krátkodobý úspěch,3.0,0,,0,0,0,0,0,734,236,456,247
exp1071,A12,1226,Plná,Dlouhodobý úspěch,4.0,0,,0,0,0,0,0,1088,174,959,583
exp1072,A12,1227,Plná,Neúspěch,2.0,0,,0,0,0,0,0,639,129,815,535
exp1075,A12,1228,Plochá,,,0,,0,1,0,0,0,634,220,471,177
exp1077,A12,1229,Plná,Dlouhodobý úspěch,4.0,0,,0,0,0,0,0,1414,580,554,222
exp1079,A12,1230,Plná,Dlouhodobý úspěch,4.0,0,,0,0,0,0,0,688,467,491,228
exp1056,A12,1231,Plná,Dlouhodobý úspěch,4.0,0,,0,0,0,0,0,1050,209,675,430
exp1062,A12,1232,Plná,Neúspěch,4.0,0,,0,0,0,0,0,585,521,891,878
exp1063,A12,1233,Plná,Dlouhodobý úspěch,4.0,0,,0,0,0,0,0,327,612,1108,175
exp1065,A12,1234,Plná,Neúspěch,4.0,0,,0,0,0,0,0,635,227,407,407
exp1073,A12,1235,Plná,Neúspěch,4.0,0,,0,0,0,0,0,763,150,297,770
exp1053,A12,1236,Plná,Neúspěch,4.0,0,,0,0,0,0,0,2057,425,688,485
exp1059,A12,1237,Plná,Dlouhodobý úspěch,4.0,0,,0,0,0,0,0,2010,264,2152,428
exp1060,A12,1238,Plná,Krátkodobý úspěch,3.0,0,,0,0,0,0,0,1482,233,1563,1094
exp1061,A12,1239,Plná,Krátkodobý úspěch,3.0,0,,0,0,0,0,0,1066,407,504,724
exp1035,A12,1240,Plná,Krátkodobý úspěch,3.0,0,,0,0,0,0,0,896,247,539,614
exp1043,A12,1241,Plná,Dlouhodobý úspěch,4.0,0,,0,0,0,0,0,951,304,771,272
exp1047,A12,1242,Plochá,Neúspěch,3.0,0,,0,1,0,0,0,639,374,394,0
exp1048,A12,1243,Plná,Dlouhodobý úspěch,4.0,0,,0,0,0,0,0,846,229,475,506
exp1054,A12,1244,Plná,Dlouhodobý úspěch,4.0,0,,0,0,0,0,0,1142,640,460,263
exp1058,A12,1245,Plná,Dlouhodobý úspěch,4.0,0,,0,0,0,0,0,1328,634,936,962
exp1037,A12,1246,Plná,Neúspěch,1.0,0,,0,0,0,0,0,281,543,1223,935
exp1038,A12,1247,Plná,Neúspěch,1.0,0,,0,0,0,0,0,519,685,561,748
exp1042,A12,1248,Plná,Dlouhodobý úspěch,3.0,0,,0,0,0,0,0,887,287,596,231
exp1044,A12,1249,Plná,Dlouhodobý úspěch,4.0,0,,0,0,0,0,0,1334,1085,848,980
exp1045,A12,1250,Plná,Dlouhodobý úspěch,4.0,0,,0,0,0,0,0,483,338,647,421
exp1046,A12,1251,Plná,Dlouhodobý úspěch,4.0,0,,0,0,0,0,0,698,381,2058,552
exp1023,A12,1252,Plná,Neúspěch,2.0,0,,0,0,0,0,0,1094,131,1140,217
exp1024,A12,1253,Plochá,,,0,,0,1,0,0,0,1113,240,609,1855
exp1027,A12,1254,Plná,Neúspěch,2.0,0,,0,0,0,0,0,974,133,896,327
exp1031,A12,1255,Plná,Dlouhodobý úspěch,4.0,0,,0,1,0,0,0,1136,0,261,509
exp1033,A12,1256,Plná,Dlouhodobý úspěch,4.0,0,,0,0,0,0,0,736,268,1148,450
exp1034,A12,1257,Plná,Krátkodobý úspěch,2.0,0,,0,0,0,0,0,774,131,876,693
exp1036,A12,1258,Plná,Neúspěch,3.0,0,,0,0,0,0,0,1143,419,313,586
exp1039,A12,1259,Plná,Krátkodobý úspěch,3.0,0,,0,0,0,0,0,1204,306,1940,676
exp1040,A12,1260,Plná,Dlouhodobý úspěch,4.0,0,,0,0,0,0,0,890,282,2510,307
exp1019,A12,1261,Plná,Dlouhodobý úspěch,4.0,0,,0,0,0,0,0,574,302,184,388
exp1020,A12,1262,Plná,Dlouhodobý úspěch,2.0,0,,0,0,0,0,0,982,256,1703,620
exp1021,A12,1263,Plná,Dlouhodobý úspěch,4.0,0,,0,0,0,0,0,656,398,620,301
exp1022,A12,1264,Plná,Krátkodobý úspěch,4.0,0,,0,0,0,0,0,1670,235,878,770
exp1025,A12,1265,Plná,Neúspěch,4.0,0,,0,0,0,0,0,948,686,1158,310
exp1026,A12,1266,Plná,Dlouhodobý úspěch,4.0,0,,0,0,0,0,0,841,321,704,248
exp1028,A12,1267,Plná,Krátkodobý úspěch,3.0,0,,0,0,0,0,0,617,618,1739,625
exp1029,A12,1268,Plná,Krátkodobý úspěch,3.0,0,,0,0,0,0,0,1131,138,305,188
exp1004,A12,1269,Plná,Neúspěch,2.0,0,,0,0,0,0,0,666,316,399,135
exp1006,A12,1270,Plná,Dlouhodobý úspěch,4.0,0,,0,0,0,0,0,849,0,955,210
exp1016,A12,1271,Plná,Krátkodobý úspěch,3.0,0,,0,0,0,0,0,371,837,859,539
exp1018,A12,1272,Plná,Krátkodobý úspěch,4.0,0,,0,0,0,0,0,467,254,197,242
exp995,A12,1273,Plná,Krátkodobý úspěch,4.0,0,,0,0,0,0,0,505,241,1016,113
exp998,A12,1274,Plná,Neúspěch,2.0,0,,0,0,0,0,0,1055,228,366,337
exp1002,A12,1275,Plná,Dlouhodobý úspěch,4.0,0,,0,0,0,0,0,801,437,880,887
exp1005,A12,1276,Plná,Krátkodobý úspěch,3.0,0,,0,1,0,0,0,574,833,1134,299
exp1007,A12,1277,Plná,Neúspěch,2.0,0,,0,0,0,0,0,866,232,735,507
exp1009,A12,1278,Plná,Dlouhodobý úspěch,4.0,0,,0,0,0,0,0,1621,884,356,345
exp1012,A12,1279,Plná,Krátkodobý úspěch,3.0,0,,0,0,0,0,0,404,361,238,162
exp1015,A12,1280,Plná,Krátkodobý úspěch,2.0,0,,0,0,0,0,0,574,239,335,411
exp984,A12,1281,Plná,Neúspěch,1.0,0,,0,0,0,0,0,1169,289,1381,462
exp985,A12,1282,Plná,Dlouhodobý úspěch,4.0,0,,0,0,0,0,0,660,136,392,415
exp989,A12,1283,Plná,Dlouhodobý úspěch,4.0,0,,0,0,0,0,0,470,305,529,300
exp991,A12,1284,Plná,Dlouhodobý úspěch,4.0,0,,0,0,0,0,0,585,264,532,524
exp979,A12,1285,Plná,Krátkodobý úspěch,4.0,0,,0,0,0,0,0,660,939,1367,822
exp983,A12,1286,Plná,Krátkodobý úspěch,2.0,0,,0,0,0,0,0,1343,192,339,488
exp986,A12,1287,Plná,Dlouhodobý úspěch,1.0,0,,0,0,0,0,0,498,261,1029,464
exp987,A12,1288,Plná,Krátkodobý úspěch,3.0,0,,0,0,0,0,0,891,169,415,579
exp988,A12,1289,Plná,Dlouhodobý úspěch,3.0,0,,0,0,0,0,0,765,575,1564,607
exp990,A12,1290,Plná,Neúspěch,3.0,0,,0,0,0,0,0,1706,1162,2040,302
exp993,A12,1291,Plná,Dlouhodobý úspěch,4.0,0,,0,0,0,0,0,1484,383,360,629
exp970,A12,1292,Plná,Krátkodobý úspěch,3.0,0,,0,0,0,0,0,550,280,720,360
exp973,A12,1293,Plná,Krátkodobý úspěch,3.0,0,,0,0,0,0,0,256,585,836,525
exp974,A12,1294,Plná,Neúspěch,2.0,0,,0,0,0,0,0,565,276,653,527
exp976,A12,1295,Plná,Dlouhodobý úspěch,4.0,0,,0,0,0,0,0,1140,664,742,1011
exp981,A12,1296,Plná,Krátkodobý úspěch,4.0,0,,0,0,0,0,0,403,490,1651,846
exp954,A12,1297,Plná,Dlouhodobý úspěch,4.0,0,,0,0,0,0,0,2484,913,1821,879
exp957,A12,1298,Plná,Dlouhodobý úspěch,2.0,0,,0,0,0,0,0,2795,287,2717,1164
exp959,A12,1299,Plná,Krátkodobý úspěch,3.0,0,,0,0,0,0,0,834,361,1504,491
exp962,A12,1300,Plná,Krátkodobý úspěch,4.0,0,,0,0,0,0,0,799,1275,1549,660
exp963,A12,1301,Plná,Neúspěch,3.0,0,,0,0,0,0,0,477,280,1121,105
exp977,A12,1302,Plná,Krátkodobý úspěch,3.0,0,,0,0,0,0,0,672,521,297,273
exp953,A12,1303,Plná,Neúspěch,3.0,0,,0,0,0,0,0,1181,458,609,421
exp956,A12,1304,Plná,Krátkodobý úspěch,2.0,0,,0,0,0,0,0,804,480,531,247
exp960,A12,1305,Plná,Dlouhodobý úspěch,4.0,0,,0,0,0,0,0,1344,200,394,180
exp966,A12,1306,Plná,Krátkodobý úspěch,4.0,0,,0,0,0,0,0,352,651,405,277
exp939,A12,1307,Plná,Neúspěch,1.0,0,,0,0,0,0,0,1443,481,547,466
exp940,A12,1308,Plná,Dlouhodobý úspěch,4.0,0,,0,0,0,0,0,1255,693,1770,583
exp943,A12,1309,Plochá,,,0,,0,1,0,0,0,379,344,222,299
exp946,A12,1310,Plná,Dlouhodobý úspěch,4.0,0,,0,0,0,0,0,651,458,529,332
exp947,A12,1311,Plná,Dlouhodobý úspěch,4.0,0,,0,0,0,0,0,687,367,1225,465
exp948,A12,1312,Plná,Neúspěch,3.0,0,,0,0,0,0,0,956,466,566,410
exp950,A12,1313,Plná,Neúspěch,1.0,0,,0,0,0,0,0,510,356,209,236
exp951,A12,1314,Plochá,Krátkodobý úspěch,3.0,0,,0,1,0,0,0,471,381,360,1009
exp952,A12,1315,Plná,Krátkodobý úspěch,4.0,0,,0,0,0,0,0,721,1071,957,1811
exp961,A12,1316,Plná,Dlouhodobý úspěch,4.0,0,,0,0,0,0,0,1332,689,1208,509
exp934,A12,1317,Plná,Dlouhodobý úspěch,3.0,0,,0,0,0,0,0,384,568,671,723
exp935,A12,1318,Plochá,,,0,,0,1,0,0,0,273,716,1210,182
exp937,A12,1319,Plná,Neúspěch,2.0,0,,0,0,0,0,0,721,524,770,538
exp938,A12,1320,Plná,Krátkodobý úspěch,4.0,0,,0,0,0,0,0,1236,1396,885,672
exp941,A12,1321,Plná,Dlouhodobý úspěch,3.0,0,,0,0,0,0,0,539,312,309,312
exp919,A12,1322,Plná,Krátkodobý úspěch,3.0,0,,0,0,0,0,0,616,458,644,404
exp925,A12,1323,Plná,Dlouhodobý úspěch,3.0,0,,0,0,0,0,0,716,279,1475,517
exp928,A12,1324,Plná,Krátkodobý úspěch,2.0,0,,0,0,0,0,0,476,606,903,931
exp930,A12,1325,Plochá,,,0,,0,1,0,0,0,1013,415,542,268
exp931,A12,1326,Plná,Dlouhodobý úspěch,4.0,0,,0,0,0,0,0,546,695,1033,416
exp932,A12,1327,Plná,Krátkodobý úspěch,1.0,0,,0,1,0,0,0,699,250,572,407
exp912,A12,1328,Plná,Neúspěch,1.0,0,,0,0,0,0,0,898,555,3518,634
exp913,A12,1329,Plná,Dlouhodobý úspěch,4.0,0,,0,0,0,0,0,716,586,787,340
exp915,A12,1330,Plná,Dlouhodobý úspěch,4.0,0,,0,0,0,0,0,960,213,1066,479
exp916,A12,1331,Plná,Neúspěch,4.0,0,,0,0,0,0,0,977,0,849,452
exp918,A12,1332,Plochá,,,0,,0,1,0,0,0,518,277,322,427
exp923,A12,1333,Plná,Krátkodobý úspěch,4.0,0,,0,0,0,0,0,905,0,579,691
exp897,A12,1334,Plná,Krátkodobý úspěch,1.0,0,,0,0,0,0,0,920,306,1022,192
exp899,A12,1335,Plná,Krátkodobý úspěch,4.0,0,,0,0,0,0,0,482,505,1749,451
exp904,A12,1336,Plná,Dlouhodobý úspěch,3.0,0,,0,0,0,0,0,2484,278,668,354
exp905,A12,1337,Plná,Neúspěch,3.0,0,,0,0,0,0,0,536,523,1471,873
exp910,A12,1338,Plná,Dlouhodobý úspěch,4.0,0,,0,0,0,0,0,527,374,532,328
exp911,A12,1339,Plná,Krátkodobý úspěch,4.0,0,,0,0,0,0,0,847,154,1436,490
exp914,A12,1340,Plná,Neúspěch,3.0,0,,0,0,0,0,0,927,508,442,348
exp891,A12,1341,Plná,Dlouhodobý úspěch,4.0,0,,0,0,0,0,0,622,239,1770,109
exp895,A12,1342,Plochá,Krátkodobý úspěch,3.0,0,,0,1,0,0,0,531,187,792,0
exp901,A12,1343,Plná,Dlouhodobý úspěch,4.0,0,,0,0,0,0,0,647,120,456,635
exp902,A12,1344,Plná,Dlouhodobý úspěch,2.0,0,,0,0,0,0,0,1177,299,352,262
exp883,A12,1345,Plná,Dlouhodobý úspěch,2.0,0,,0,0,0,0,0,713,91,635,544
exp884,A12,1346,Plná,Dlouhodobý úspěch,1.0,0,,0,0,0,0,0,1243,287,1370,493
exp887,A12,1347,Plná,Dlouhodobý úspěch,4.0,0,,0,0,0,0,0,1141,303,2890,433
exp888,A12,1348,Plná,Krátkodobý úspěch,3.0,0,,0,0,0,0,0,726,250,742,492
exp893,A12,1349,Plná,Krátkodobý úspěch,4.0,0,,0,0,0,0,0,958,164,799,733
exp894,A12,1350,Plná,Neúspěch,2.0,0,,0,0,0,0,0,966,242,393,488
exp869,A12,1351,Plná,Krátkodobý úspěch,2.0,0,,0,0,0,0,0,658,330,393,624
exp870,A12,1352,Plná,Neúspěch,3.0,0,,0,0,0,0,0,677,374,439,266
exp871,A12,1353,Plná,Dlouhodobý úspěch,4.0,0,,0,0,0,0,0,656,273,617,280
exp874,A12,1354,Plná,Dlouhodobý úspěch,4.0,0,,0,0,0,0,0,1139,517,1175,945
exp875,A12,1355,Plná,Neúspěch,4.0,0,,0,0,0,0,0,993,311,1806,458
exp876,A12,1356,Plná,Dlouhodobý úspěch,4.0,0,,0,0,0,0,0,380,411,730,611
exp882,A12,1357,Plná,Krátkodobý úspěch,4.0,0,,0,0,0,0,0,694,835,403,415
exp886,A12,1358,Plná,Neúspěch,3.0,0,,0,0,0,0,0,802,960,842,649
exp851,A12,1359,Plná,Dlouhodobý úspěch,4.0,0,,0,0,0,0,0,419,399,720,936
exp863,A12,1360,Plná,Neúspěch,2.0,0,,0,0,0,0,0,576,229,672,240
exp867,A12,1361,Plná,Krátkodobý úspěch,2.0,0,,0,0,0,0,0,2280,1823,944,793
exp852,A12,1362,Plná,Krátkodobý úspěch,4.0,0,,0,0,0,0,0,1230,278,997,298
exp853,A12,1363,Plná,Krátkodobý úspěch,3.0,0,,0,0,0,0,0,637,117,608,631
exp855,A12,1364,Plná,Neúspěch,2.0,0,,0,0,0,0,0,806,706,414,335
exp856,A12,1365,Plná,Dlouhodobý úspěch,3.0,0,,0,0,0,0,0,1356,251,325,197
exp857,A12,1366,Plná,Dlouhodobý úspěch,4.0,0,,0,0,0,0,0,672,743,1058,1132
exp860,A12,1367,Plná,Neúspěch,3.0,0,,0,0,0,0,0,676,1012,676,528
exp862,A12,1368,Plná,Dlouhodobý úspěch,3.0,0,,0,0,0,0,0,472,430,823,2019
exp844,A12,1369,Plná,Dlouhodobý úspěch,4.0,0,,0,0,0,0,0,947,722,1097,501
exp847,A12,1370,Plná,Krátkodobý úspěch,4.0,0,,0,0,0,0,0,957,639,1018,521
exp848,A12,1371,Plná,Dlouhodobý úspěch,4.0,0,,0,0,0,0,0,1616,632,2086,739
exp850,A12,1372,Plná,Krátkodobý úspěch,3.0,0,,0,0,0,0,0,1105,215,1110,1285
exp854,A12,1373,Plná,Dlouhodobý úspěch,4.0,0,,0,0,0,0,0,644,733,2677,568
exp859,A12,1374,Plná,Dlouhodobý úspěch,4.0,0,,0,0,0,0,0,967,726,1234,299
exp861,A12,1375,Plná,Neúspěch,3.0,0,,0,0,0,0,0,461,306,761,213
exp836,A12,1376,Plná,Krátkodobý úspěch,4.0,0,,0,0,0,0,0,1655,1657,4551,1582
exp837,A12,1377,Plná,Krátkodobý úspěch,3.0,0,,0,0,0,0,0,423,851,1841,382
exp840,A12,1378,Plná,Dlouhodobý úspěch,4.0,0,,0,0,0,0,0,897,267,665,240
exp842,A12,1379,Plná,Krátkodobý úspěch,2.0,0,,0,0,0,0,0,1115,4777,1130,285
exp843,A12,1380,Plná,Dlouhodobý úspěch,4.0,0,,0,0,0,0,0,2580,656,906,1812
exp849,A12,1381,Plochá,,,0,,0,1,0,0,0,321,716,188,190
exp832,A12,1382,Plná,Krátkodobý úspěch,4.0,0,,0,0,0,0,0,989,388,1420,770
exp838,A12,1383,Plná,Dlouhodobý úspěch,4.0,0,,0,0,0,0,0,1013,169,1531,330
exp819,A12,1384,Plná,Dlouhodobý úspěch,4.0,0,,0,0,0,0,0,266,560,1352,380
exp820,A12,1385,Plná,Dlouhodobý úspěch,3.0,0,,0,0,0,0,0,571,334,2182,725
exp821,A12,1386,Plná,Krátkodobý úspěch,4.0,0,,0,0,0,0,0,118,908,1148,306
exp826,A12,1387,Plná,Krátkodobý úspěch,3.0,0,,0,0,0,0,0,494,1054,1175,685
exp830,A12,1388,Plná,Neúspěch,3.0,0,,0,0,0,0,0,561,217,125,282
exp831,A12,1389,Plná,Krátkodobý úspěch,4.0,0,,0,0,0,0,0,1274,621,1155,308
exp834,A12,1390,Plná,Krátkodobý úspěch,2.0,0,,0,0,0,0,0,518,394,412,244
exp814,A12,1391,Plná,Dlouhodobý úspěch,3.0,0,,0,0,0,0,0,2381,594,787,682
exp824,A12,1392,Plochá,,,0,,0,1,0,0,0,1267,614,893,1560
exp825,A12,1393,Plná,Krátkodobý úspěch,2.0,0,,0,0,0,0,0,406,806,542,335
exp829,A12,1394,Plná,Dlouhodobý úspěch,4.0,0,,0,0,0,0,0,1470,506,2003,628
exp808,A12,1395,Plná,Krátkodobý úspěch,4.0,0,,0,0,0,0,0,2165,1498,880,988
exp813,A12,1396,Plná,Krátkodobý úspěch,2.0,0,,0,0,0,0,0,712,1018,1057,402
exp815,A12,1397,Plná,Krátkodobý úspěch,3.0,0,,0,0,0,0,0,955,689,319,477
exp816,A12,1398,Plná,Krátkodobý úspěch,3.0,0,,0,0,0,0,0,2073,1265,964,339
exp818,A12,1399,Plná,Dlouhodobý úspěch,4.0,0,,0,0,0,0,0,867,539,1432,435
exp797,A12,1400,Plná,Neúspěch,2.0,0,,0,0,0,0,0,1047,340,344,133
exp801,A12,1401,Plná,Dlouhodobý úspěch,4.0,0,,0,0,0,0,0,1845,224,194,260
exp803,A12,1402,Plná,Dlouhodobý úspěch,4.0,0,,0,0,0,0,0,911,288,2287,123
exp807,A12,1403,Plochá,,,0,,0,1,0,0,0,837,1374,228,596
exp809,A12,1404,Plná,Krátkodobý úspěch,3.0,0,,0,0,0,0,0,706,936,700,631
exp810,A12,1405,Plná,Krátkodobý úspěch,3.0,0,,0,0,0,0,0,637,248,2002,245
exp811,A12,1406,Plná,Neúspěch,3.0,0,,0,0,0,0,0,744,259,834,319
exp817,A12,1407,Plná,Dlouhodobý úspěch,3.0,0,,0,0,0,0,0,478,308,168,739
exp791,A12,1408,Plná,Neúspěch,3.0,0,,0,0,0,0,0,1403,542,925,1063
exp794,A12,1409,Plná,Dlouhodobý úspěch,4.0,0,,0,0,0,0,0,1664,321,2344,779
exp795,A12,1410,Plná,Krátkodobý úspěch,3.0,0,,0,0,0,0,0,350,1127,1161,1273
exp798,A12,1411,Plná,Dlouhodobý úspěch,4.0,0,,0,0,0,0,0,797,469,407,277
exp799,A12,1412,Plná,Dlouhodobý úspěch,3.0,0,,0,0,0,0,0,1245,411,439,659
exp802,A12,1413,Plná,Neúspěch,4.0,0,,0,0,0,0,0,739,294,417,607
exp806,A12,1414,Plná,Krátkodobý úspěch,4.0,0,,0,0,0,0,0,565,764,1386,953
exp781,A12,1415,Plná,Neúspěch,3.0,0,,0,0,0,0,0,454,288,317,201
exp782,A12,1416,Plná,Krátkodobý úspěch,3.0,0,,0,0,0,0,0,305,889,1346,1928
exp784,A12,1417,Plná,Neúspěch,4.0,0,,0,0,0,0,0,217,757,867,412
exp790,A12,1418,Plná,Krátkodobý úspěch,4.0,0,,0,0,0,0,0,723,156,694,524
exp804,A12,1419,Plná,Neúspěch,2.0,0,,0,0,0,0,0,179,816,639,208
exp805,A12,1420,Plná,Dlouhodobý úspěch,4.0,0,,0,0,0,0,0,566,298,865,883
exp778,A12,1421,Plná,Krátkodobý úspěch,4.0,0,,0,0,0,0,0,1024,884,450,529
exp785,A12,1422,Plná,Krátkodobý úspěch,2.0,0,,0,0,0,0,0,1170,430,649,441
exp787,A12,1423,Plná,Krátkodobý úspěch,3.0,0,,0,0,0,0,0,654,326,258,504
exp792,A12,1424,Plná,Neúspěch,1.0,0,,0,0,0,0,0,1572,222,505,421
exp768,A12,1425,Plná,Neúspěch,1.0,0,,0,0,0,0,0,940,564,779,1209
exp769,A12,1426,Plná,Neúspěch,2.0,0,,0,0,0,0,0,1596,798,1470,704
exp771,A12,1427,Plná,Dlouhodobý úspěch,4.0,0,,0,1,0,0,0,1225,0,1375,1050
exp775,A12,1428,Plná,Dlouhodobý úspěch,2.0,0,,0,0,0,0,0,638,573,657,681
exp759,A12,1429,Plná,Dlouhodobý úspěch,4.0,0,,0,0,0,0,0,497,972,684,575
exp762,A12,1430,Plná,Krátkodobý úspěch,3.0,0,,0,0,0,0,0,508,244,480,232
exp763,A12,1431,Plochá,,,0,,0,1,0,0,0,926,606,180,393
exp764,A12,1432,Plná,Krátkodobý úspěch,2.0,0,,0,0,0,0,0,284,832,479,871
exp765,A12,1433,Plná,Krátkodobý úspěch,4.0,0,,0,0,0,0,0,812,333,1099,315
exp767,A12,1434,Plná,Dlouhodobý úspěch,2.0,0,,0,0,0,0,0,410,630,1023,622
exp770,A12,1435,Plná,Krátkodobý úspěch,3.0,0,,0,0,0,0,0,1056,801,1361,564
exp772,A12,1436,Plná,Krátkodobý úspěch,3.0,0,,0,0,0,0,0,1410,694,359,186
exp754,A12,1437,Plná,Krátkodobý úspěch,4.0,0,,0,0,0,0,0,420,760,703,915
exp756,A12,1438,Plná,Krátkodobý úspěch,3.0,0,,0,0,0,0,0,886,1120,1944,1409
exp757,A12,1439,Plná,Krátkodobý úspěch,3.0,0,,0,0,0,0,0,617,636,583,699
exp760,A12,1440,Plná,Krátkodobý úspěch,3.0,0,,0,0,0,0,0,453,318,533,105
exp744,A12,1441,Plná,Neúspěch,2.0,0,,0,0,0,0,0,1169,509,350,343
exp745,A12,1442,Plochá,,,0,,0,1,0,0,0,1066,956,403,527
exp755,A12,1443,Plná,Dlouhodobý úspěch,1.0,0,,0,0,0,0,0,902,427,1201,1388
exp733,A12,1444,Plná,Dlouhodobý úspěch,3.0,0,,0,0,0,0,0,641,802,400,274
exp735,A12,1445,Plná,Krátkodobý úspěch,2.0,0,,0,0,0,0,0,640,355,550,399
exp740,A12,1446,Plná,Krátkodobý úspěch,4.0,0,,0,0,0,0,0,407,327,885,393
exp741,A12,1447,Plná,Krátkodobý úspěch,4.0,0,,0,0,0,0,0,1027,670,1359,656
exp743,A12,1448,Plná,Dlouhodobý úspěch,3.0,0,,0,0,0,0,0,353,357,1308,430
exp724,A12,1449,Plná,Dlouhodobý úspěch,4.0,0,,0,0,0,0,0,1630,612,399,629
exp726,A12,1450,Plná,Krátkodobý úspěch,3.0,0,,0,0,0,0,0,490,739,345,671
exp729,A12,1451,Plná,Neúspěch,3.0,0,,0,0,0,0,0,411,394,288,575
exp730,A12,1452,Plná,Dlouhodobý úspěch,4.0,0,,0,1,0,0,0,517,504,0,1099
exp706,A12,1453,Plná,Dlouhodobý úspěch,3.0,0,,0,0,0,0,0,627,782,558,426
exp708,A12,1454,Plná,Dlouhodobý úspěch,3.0,0,,0,0,0,0,0,1798,698,1763,574
exp716,A12,1455,Plná,Krátkodobý úspěch,2.0,0,,0,0,0,0,0,2469,1389,831,451
exp717,A12,1456,Plná,Krátkodobý úspěch,3.0,0,,0,0,0,0,0,706,361,395,250
exp718,A12,1457,Plná,Neúspěch,2.0,0,,0,0,0,0,0,3087,1454,1341,888
exp720,A12,1458,Plná,Dlouhodobý úspěch,3.0,0,,0,0,0,0,0,898,566,308,565
exp722,A12,1459,Plná,Krátkodobý úspěch,3.0,0,,0,0,0,0,0,3583,1013,1810,467
exp723,A12,1460,Plná,Dlouhodobý úspěch,4.0,0,,0,0,0,0,0,1397,696,2098,1133
exp725,A12,1461,Plná,Neúspěch,1.0,0,,0,1,0,0,0,587,547,546,0
exp728,A12,1462,Plná,Neúspěch,3.0,0,,0,0,0,0,0,1281,1408,1710,351
exp704,A12,1463,Plná,Dlouhodobý úspěch,4.0,0,,0,1,0,0,0,975,0,1391,610
exp707,A12,1464,Plná,Dlouhodobý úspěch,4.0,0,,0,0,0,0,0,1537,921,719,508
exp709,A12,1465,Plná,Krátkodobý úspěch,3.0,0,,0,0,0,0,0,754,1468,889,169
exp712,A12,1466,Plná,Neúspěch,3.0,0,,0,0,0,0,0,502,261,657,305
exp700,A12,1467,Plná,Krátkodobý úspěch,3.0,0,,0,0,0,0,0,959,788,536,1722
exp701,A12,1468,Plná,Krátkodobý úspěch,2.0,0,,0,0,0,0,0,831,485,347,390
exp702,A12,1469,Plná,Krátkodobý úspěch,4.0,0,,0,0,0,0,0,539,292,968,416
exp710,A12,1470,Plná,Dlouhodobý úspěch,4.0,0,,0,0,0,0,0,1843,887,1032,1209
exp711,A12,1471,Plná,Neúspěch,2.0,0,,0,0,0,0,0,458,330,660,615
exp713,A12,1472,Plná,Dlouhodobý úspěch,4.0,0,,0,0,0,0,0,480,1794,648,305
exp691,A12,1473,Plná,Krátkodobý úspěch,4.0,0,,0,0,0,0,0,521,212,434,258
exp692,A12,1474,Plná,Neúspěch,2.0,0,,0,0,0,0,0,300,627,918,478
exp693,A12,1475,Plná,Krátkodobý úspěch,1.0,0,,0,0,0,0,0,2463,2453,1824,1102
exp694,A12,1476,Plná,Neúspěch,3.0,0,,1,0,0,0,0,610,365,565,193
exp699,A12,1477,Plná,Neúspěch,3.0,0,,0,0,0,0,0,853,479,833,416
exp715,A12,1478,Plná,Neúspěch,1.0,0,,0,0,0,0,0,2052,1311,1196,902
exp683,A12,1479,Plná,Krátkodobý úspěch,4.0,0,,0,0,0,0,0,743,475,781,1027
exp686,A12,1480,Plochá,,,0,,0,1,0,0,0,451,460,281,0
exp690,A12,1481,Plná,Neúspěch,3.0,0,,0,0,0,0,0,733,727,770,223
exp695,A12,1482,Plná,Neúspěch,4.0,0,,0,0,0,0,0,715,478,2348,160
exp696,A12,1483,Plochá,,4.0,0,,0,1,0,0,0,776,1232,1315,0
exp698,A12,1484,Plná,Dlouhodobý úspěch,4.0,0,,0,0,0,0,0,674,719,690,539
exp675,A12,1485,Plná,Krátkodobý úspěch,4.0,0,,0,0,0,0,0,951,563,1366,957
exp677,A12,1486,Plochá,,,0,,0,1,0,0,0,434,293,185,165
exp680,A12,1487,Plná,Dlouhodobý úspěch,3.0,0,,0,0,0,0,0,1584,928,1212,571
exp681,A12,1488,Plná,Krátkodobý úspěch,4.0,0,,0,0,0,0,0,1490,554,1384,462
exp684,A12,1489,Plná,Dlouhodobý úspěch,3.0,0,,0,0,0,0,0,1064,273,204,611
exp685,A12,1490,Plná,Dlouhodobý úspěch,4.0,0,,0,0,0,0,0,615,512,1750,1040
exp662,A12,1491,Plochá,,,0,,0,0,1,0,0,1169,168,179,0
exp666,A12,1492,Plná,Krátkodobý úspěch,4.0,0,,0,0,0,0,0,2298,2422,1413,968
exp668,A12,1493,Plná,Dlouhodobý úspěch,4.0,0,,0,0,0,0,0,1303,1224,364,505
exp671,A12,1494,Plná,Dlouhodobý úspěch,4.0,0,,0,0,0,0,0,1023,1160,612,968
exp673,A12,1495,Plná,Krátkodobý úspěch,4.0,0,,0,0,0,0,0,603,623,2093,394
exp676,A12,1496,Plná,Neúspěch,2.0,0,,0,0,0,0,0,764,473,514,1382
exp678,A12,1497,Plná,Neúspěch,1.0,0,,0,0,0,0,0,539,330,662,542
exp682,A12,1498,Plochá,,4.0,0,,0,1,0,0,0,728,1431,3401,875
exp655,A12,1499,Plná,Krátkodobý úspěch,3.0,0,,0,0,0,0,0,631,3513,1023,342
exp663,A12,1500,Plná,Dlouhodobý úspěch,4.0,0,,0,0,0,0,0,931,486,833,176
exp665,A12,1501,Plná,Dlouhodobý úspěch,4.0,0,,0,0,0,0,0,455,487,721,462
exp669,A12,1502,Plná,Dlouhodobý úspěch,4.0,0,,0,0,0,0,0,816,377,339,226
exp672,A12,1503,Plná,Krátkodobý úspěch,1.0,0,,0,0,0,0,0,696,393,284,207
exp650,A12,1504,Plná,Dlouhodobý úspěch,3.0,0,,0,0,0,0,0,771,835,1087,577
exp656,A12,1505,Plná,Dlouhodobý úspěch,4.0,0,,0,0,0,0,0,832,1503,1448,563
exp657,A12,1506,Plná,Krátkodobý úspěch,2.0,0,,0,0,0,0,0,745,908,1360,267
exp659,A12,1507,Plná,Dlouhodobý úspěch,3.0,0,,0,0,0,0,0,1042,988,2198,654
exp660,A12,1508,Plná,Neúspěch,1.0,0,,0,0,0,0,0,570,284,512,1248
exp664,A12,1509,Plná,Neúspěch,3.0,0,,0,0,0,0,0,1826,529,436,718
exp670,A12,1510,Plná,Neúspěch,3.0,0,,0,0,0,0,0,1446,438,327,151
exp643,A12,1511,Plochá,,,0,,0,1,0,0,0,1316,3351,246,3569
exp646,A12,1512,Plná,Dlouhodobý úspěch,3.0,0,,0,0,0,0,0,878,639,384,496
exp648,A12,1513,Plná,Dlouhodobý úspěch,3.0,0,,0,0,0,0,0,808,287,428,430
exp651,A12,1514,Plná,Dlouhodobý úspěch,4.0,0,,0,0,0,0,0,815,424,430,472
exp652,A12,1515,Plná,Krátkodobý úspěch,4.0,0,,0,0,0,0,0,837,1120,974,674
exp653,A12,1516,Plná,Neúspěch,3.0,0,,0,0,0,0,0,1759,478,745,327
exp654,A12,1517,Plná,Krátkodobý úspěch,3.0,0,,0,0,0,0,0,829,466,839,177
exp628,A12,1518,Plná,Neúspěch,1.0,0,,0,0,0,0,0,929,339,486,500
exp639,A12,1519,Plná,Krátkodobý úspěch,4.0,0,,0,1,0,0,0,1171,1467,1852,856
exp641,A12,1520,Plná,Krátkodobý úspěch,4.0,0,,0,0,0,0,0,2708,1496,674,745
exp644,A12,1521,Plná,Dlouhodobý úspěch,4.0,0,,0,0,0,0,0,1405,977,2395,613
exp645,A12,1522,Plná,Neúspěch,1.0,0,,0,0,0,0,0,471,1277,796,832
exp647,A12,1523,Plná,Krátkodobý úspěch,2.0,0,,0,0,0,0,0,924,1073,669,842
exp617,A12,1524,Plná,Neúspěch,1.0,0,,0,0,0,0,0,967,220,250,251
exp620,A12,1525,Plná,Dlouhodobý úspěch,4.0,0,,0,0,0,0,0,1201,2777,1090,594
exp623,A12,1526,Plná,Krátkodobý úspěch,4.0,0,,0,0,0,0,0,1103,1986,766,1205
exp624,A12,1527,Plná,Dlouhodobý úspěch,4.0,0,,0,0,0,0,0,563,165,1498,250
exp627,A12,1528,Plná,Neúspěch,1.0,0,,0,0,0,0,0,1356,731,1060,724
exp631,A12,1529,Plná,Krátkodobý úspěch,2.0,0,,0,0,0,0,0,1035,590,1119,260
exp638,A12,1530,Plná,Dlouhodobý úspěch,4.0,0,,0,0,0,0,0,990,277,786,637
exp640,A12,1531,Plná,Dlouhodobý úspěch,2.0,0,,0,0,0,0,0,2213,456,645,362
exp615,A12,1532,Plochá,Krátkodobý úspěch,4.0,0,,0,1,0,0,0,1202,209,0,0
exp616,A12,1533,Plná,Dlouhodobý úspěch,4.0,0,,0,0,0,0,0,500,886,778,516
exp619,A12,1534,Plná,Dlouhodobý úspěch,1.0,0,,0,0,0,0,0,497,390,1268,338
exp626,A12,1535,Plná,Neúspěch,2.0,0,,0,0,0,0,0,456,773,649,646
exp629,A12,1536,Plná,Dlouhodobý úspěch,3.0,0,,0,0,0,0,0,1588,221,346,220
exp630,A12,1537,Plochá,,,0,,0,1,0,0,0,1165,250,302,199
exp634,A12,1538,Plná,Dlouhodobý úspěch,4.0,0,,0,0,0,0,0,365,372,1277,471
exp637,A12,1539,Plochá,Krátkodobý úspěch,2.0,0,,0,1,0,0,0,843,266,283,0
exp622,A12,1540,Plná,Dlouhodobý úspěch,4.0,0,,0,0,0,0,0,2188,313,1255,511
exp636,A12,1541,Plná,Neúspěch,1.0,0,,0,0,0,0,0,2636,270,778,599
exp595,A12,1542,Plná,Neúspěch,2.0,0,,0,0,0,0,0,1115,1507,1010,1219
exp598,A12,1543,Plná,Krátkodobý úspěch,4.0,0,,0,0,0,0,0,1149,1609,1482,938
exp612,A12,1544,Plná,Dlouhodobý úspěch,4.0,0,,0,0,0,0,0,377,450,378,325
exp613,A12,1545,Plná,Neúspěch,2.0,0,,0,0,0,0,0,888,133,545,350
exp596,A12,1546,Plná,Dlouhodobý úspěch,4.0,0,,0,0,0,0,0,1467,1273,2077,794
exp597,A12,1547,Plná,Krátkodobý úspěch,3.0,0,,0,0,0,0,0,2641,766,1622,997
exp584,A12,1548,Plná,Dlouhodobý úspěch,3.0,0,,0,0,0,0,0,1110,320,595,1254
exp599,A12,1549,Plná,Krátkodobý úspěch,3.0,0,,0,0,0,0,0,558,456,1242,819
exp574,A12,1550,Plná,Dlouhodobý úspěch,3.0,0,,0,0,0,0,0,551,1515,499,349
exp582,A12,1551,Plná,Neúspěch,2.0,0,,0,0,0,0,0,1351,458,738,363
exp558,A12,1552,Plná,Dlouhodobý úspěch,4.0,0,,0,0,0,0,0,1166,343,244,483
exp560,A12,1553,Plná,Dlouhodobý úspěch,4.0,0,,0,0,0,0,0,1111,488,348,695
exp562,A12,1554,Plná,Krátkodobý úspěch,2.0,0,,0,0,0,0,0,1373,403,902,543
exp564,A12,1555,Plná,Dlouhodobý úspěch,3.0,0,,0,0,0,0,0,451,673,409,366
exp579,A12,1556,Plná,Dlouhodobý úspěch,3.0,0,,0,0,0,0,0,1592,1357,916,415
exp556,A12,1557,Plná,Krátkodobý úspěch,4.0,0,,0,0,0,0,0,687,681,1341,325
exp561,A12,1558,Plná,Neúspěch,3.0,0,,0,0,0,0,0,711,294,412,199
exp567,A12,1559,Plná,Dlouhodobý úspěch,4.0,0,,0,0,0,0,0,1603,377,1525,425
exp545,A12,1560,Plná,Neúspěch,3.0,0,,0,0,0,0,0,950,296,376,572
exp552,A12,1561,Plná,Dlouhodobý úspěch,2.0,0,,0,0,0,0,0,416,543,632,255
exp555,A12,1562,Plochá,,,0,,0,1,0,0,0,1326,643,926,460
exp559,A12,1563,Plná,Neúspěch,3.0,0,,0,0,0,0,0,561,347,524,307
exp570,A12,1564,Plná,Neúspěch,2.0,0,,0,0,0,0,0,621,206,1716,587
exp571,A12,1565,Plná,Neúspěch,3.0,0,,0,0,0,0,0,2468,2165,461,173
exp577,A12,1566,Plná,Dlouhodobý úspěch,4.0,0,,0,0,0,0,0,1010,576,2606,522
exp520,A12,1567,Plná,Dlouhodobý úspěch,4.0,0,,0,0,0,0,0,2577,311,1500,1311
exp523,A12,1568,Plná,Dlouhodobý úspěch,4.0,0,,0,0,0,0,0,549,594,482,531
exp542,A12,1569,Plná,Krátkodobý úspěch,4.0,0,,0,0,0,0,0,1049,1640,425,620
exp543,A12,1570,Plná,Neúspěch,3.0,0,,0,0,0,0,0,786,241,942,532
exp551,A12,1571,Plná,Neúspěch,2.0,0,,0,0,0,0,0,602,899,718,249
exp553,A12,1572,Plná,Neúspěch,3.0,0,,0,0,0,0,0,1181,831,972,309
exp519,A12,1573,Plná,Neúspěch,2.0,0,,0,0,0,0,0,1111,757,788,1019
exp521,A12,1574,Plná,Dlouhodobý úspěch,4.0,0,,0,0,0,0,0,867,777,475,353
exp528,A12,1575,Plná,Krátkodobý úspěch,4.0,0,,0,0,0,0,0,1683,1145,949,799
exp532,A12,1576,Plná,Neúspěch,3.0,0,,0,0,0,0,0,1736,820,626,479
exp537,A12,1577,Plná,Neúspěch,3.0,0,,0,0,0,0,0,903,1026,1067,359
exp514,A12,1578,Plná,Krátkodobý úspěch,1.0,0,,0,0,0,0,0,2153,1492,1022,951
exp522,A12,1579,Plná,Neúspěch,3.0,0,,0,0,0,0,0,1230,2109,3219,817
exp527,A12,1580,Plná,Dlouhodobý úspěch,4.0,0,,0,0,0,0,0,485,298,761,135
exp536,A12,1581,Plná,Krátkodobý úspěch,4.0,0,,0,0,0,0,0,2169,1484,1918,354
exp549,A12,1582,Plná,Krátkodobý úspěch,4.0,0,,0,0,0,0,0,2960,1188,2174,1383
exp516,A12,1583,Plná,Dlouhodobý úspěch,4.0,0,,0,0,0,0,0,827,169,633,376
exp550,A12,1584,Plná,Krátkodobý úspěch,3.0,0,,0,0,0,0,0,504,649,290,319
exp515,A12,1585,Plná,Dlouhodobý úspěch,4.0,0,,0,0,0,0,0,735,1199,974,807
exp525,A12,1586,Plná,Krátkodobý úspěch,4.0,0,,0,0,0,0,0,951,1552,768,778
exp529,A12,1587,Plná,Neúspěch,2.0,0,,0,0,0,0,0,541,1051,460,292
exp533,A12,1588,Plná,Dlouhodobý úspěch,3.0,0,,0,0,0,0,0,366,1028,1222,595
exp534,A12,1589,Plochá,,,0,,0,1,0,0,0,2144,976,803,0
exp540,A12,1590,Plná,Neúspěch,1.0,0,,0,0,0,0,0,949,981,736,189
exp546,A12,1591,Plochá,,,0,,0,1,0,0,0,1901,950,286,0
exp548,A12,1592,Plná,Neúspěch,2.0,0,,0,0,0,0,0,801,2286,2157,695
exp508,A12,1593,Plná,Krátkodobý úspěch,4.0,0,,0,0,0,0,0,506,648,794,510
exp510,A12,1594,Plná,Neúspěch,1.0,0,,0,0,0,0,0,1248,508,516,440
exp531,A12,1595,Plná,Dlouhodobý úspěch,4.0,0,,0,0,0,0,0,378,824,319,534
exp544,A12,1596,Plná,Krátkodobý úspěch,2.0,0,,0,0,1,0,0,674,204,238,623
exp496,A12,1597,Plná,Dlouhodobý úspěch,4.0,0,,0,0,0,0,0,517,201,747,542
exp498,A12,1598,Plná,Neúspěch,3.0,0,,0,0,0,0,0,730,723,870,670
exp500,A12,1599,Plná,Dlouhodobý úspěch,4.0,0,,0,0,0,0,0,510,220,768,488
exp501,A12,1600,Plná,Neúspěch,2.0,0,,0,0,0,0,0,417,779,546,178
exp507,A12,1601,Plná,Neúspěch,3.0,0,,0,0,0,0,0,1247,229,865,288
exp509,A12,1602,Plná,Neúspěch,1.0,0,,0,0,0,0,0,436,277,1647,475
exp512,A12,1603,Plná,Dlouhodobý úspěch,4.0,0,,0,0,0,0,0,781,625,1878,463
exp494,A12,1604,Plná,Dlouhodobý úspěch,3.0,0,,0,0,0,0,0,748,358,457,135
exp495,A12,1605,Plná,Dlouhodobý úspěch,4.0,0,,0,0,0,0,0,861,2169,837,447
exp499,A12,1606,Plná,,,0,,0,0,0,0,0,619,1575,405,332
exp506,A12,1607,Plná,Neúspěch,2.0,0,,0,0,0,0,0,770,1537,1437,488
exp477,A12,1608,Plná,Krátkodobý úspěch,3.0,0,,0,0,0,0,0,459,594,649,365
exp478,A12,1609,Plná,Dlouhodobý úspěch,2.0,0,,0,0,0,0,0,1020,453,527,545
exp480,A12,1610,Plná,Dlouhodobý úspěch,3.0,0,,0,0,0,0,0,850,0,394,499
exp483,A12,1611,Plná,Dlouhodobý úspěch,4.0,0,,0,0,0,0,0,749,552,1242,580
exp484,A12,1612,Plná,Neúspěch,2.0,0,,0,0,0,0,0,893,585,413,496
exp485,A12,1613,Plná,Krátkodobý úspěch,2.0,0,,0,0,0,0,0,455,357,574,609
exp491,A12,1614,Plná,Krátkodobý úspěch,4.0,0,,0,0,0,0,0,618,514,1576,479
exp502,A12,1615,Plná,Dlouhodobý úspěch,3.0,0,,0,0,0,0,0,751,0,835,621
exp503,A12,1616,Plná,Neúspěch,1.0,0,,0,0,0,0,0,729,1142,1078,622
exp466,A12,1617,Plná,Dlouhodobý úspěch,4.0,0,,0,0,0,0,0,985,471,1116,444
exp468,A12,1618,Plná,Krátkodobý úspěch,3.0,0,,0,0,0,0,0,1147,480,630,595
exp469,A12,1619,Plná,Neúspěch,3.0,0,,0,0,0,0,0,1347,839,1987,512
exp475,A12,1620,Plná,Krátkodobý úspěch,2.0,0,,0,0,0,0,0,512,190,358,345
exp481,A12,1621,Plná,Krátkodobý úspěch,3.0,0,,0,0,0,0,0,664,553,541,255
exp482,A12,1622,Plochá,,,0,,0,1,0,0,0,1088,428,745,0
exp457,A12,1623,Plná,Dlouhodobý úspěch,4.0,0,,0,0,0,0,0,1557,1709,2191,2020
exp459,A12,1624,Plná,Dlouhodobý úspěch,2.0,0,,0,0,0,0,0,1117,395,716,477
exp462,A12,1625,Plná,Neúspěch,2.0,0,,0,0,0,0,0,1554,1432,2056,1370
exp463,A12,1626,Plná,Dlouhodobý úspěch,4.0,0,,0,0,0,0,0,978,395,607,284
exp464,A12,1627,Plná,Krátkodobý úspěch,3.0,0,,0,0,0,0,0,1844,372,986,477
exp470,A12,1628,Plná,Krátkodobý úspěch,1.0,0,,0,0,0,0,0,1423,1449,1854,1214
exp472,A12,1629,Plná,Krátkodobý úspěch,4.0,0,,0,0,0,0,0,1096,1649,1583,913
exp473,A12,1630,Plná,Dlouhodobý úspěch,1.0,0,,0,0,0,0,0,901,277,177,146
exp449,A12,1631,Plná,Krátkodobý úspěch,2.0,0,,0,0,0,0,0,785,630,605,388
exp450,A12,1632,Plná,Dlouhodobý úspěch,4.0,0,,0,0,0,0,0,393,665,355,399
exp451,A12,1633,Plná,Dlouhodobý úspěch,4.0,0,,0,0,0,0,0,1052,204,1730,719
exp452,A12,1634,Plná,Dlouhodobý úspěch,2.0,0,,0,0,0,0,0,2733,454,479,455
exp453,A12,1635,Plná,Krátkodobý úspěch,1.0,0,,0,0,0,0,0,688,513,956,785
exp455,A12,1636,Plná,Dlouhodobý úspěch,3.0,0,,0,0,0,0,0,862,646,431,215
exp456,A12,1637,Plná,Dlouhodobý úspěch,4.0,0,,0,0,0,0,0,762,325,790,848
exp458,A12,1638,Plná,Krátkodobý úspěch,4.0,0,,0,0,0,0,0,982,677,953,539
exp460,A12,1639,Plná,Dlouhodobý úspěch,4.0,0,,0,0,0,0,0,773,190,2280,799
exp461,A12,1640,Plná,Dlouhodobý úspěch,3.0,0,,0,0,0,0,0,634,321,1316,435
exp465,A12,1641,Plná,Neúspěch,3.0,0,,0,0,0,0,0,903,462,848,1042
exp435,A12,1642,Plná,Dlouhodobý úspěch,4.0,0,,0,0,0,0,0,1516,617,1101,780
exp439,A12,1643,Plná,Neúspěch,4.0,0,,0,0,0,0,0,1310,1289,779,285
exp442,A12,1644,Plná,Dlouhodobý úspěch,4.0,0,,0,0,0,0,0,571,236,811,808
exp444,A12,1645,Plná,Neúspěch,4.0,0,,0,0,0,0,0,1216,2036,561,721
exp445,A12,1646,Plná,Dlouhodobý úspěch,4.0,0,,0,0,0,0,0,1426,1104,2169,217
exp425,A12,1647,Plná,Krátkodobý úspěch,3.0,0,,0,0,0,0,0,1460,401,941,793
exp434,A12,1648,Plná,Neúspěch,1.0,0,,0,0,0,0,0,792,381,273,233
exp437,A12,1649,Plná,Dlouhodobý úspěch,4.0,0,,0,0,0,0,0,809,851,452,524
exp438,A12,1650,Plná,Dlouhodobý úspěch,2.0,0,,0,0,0,0,0,733,164,331,354
exp443,A12,1651,Plná,Neúspěch,3.0,0,,0,0,0,0,0,633,367,507,273
exp446,A12,1652,Plná,Dlouhodobý úspěch,4.0,0,,0,0,0,0,0,497,280,447,546
exp419,A12,1653,Plná,Dlouhodobý úspěch,4.0,0,,0,0,0,0,0,670,449,607,918
exp421,A12,1654,Plná,Dlouhodobý úspěch,3.0,0,,0,0,0,0,0,1689,677,807,566
exp423,A12,1655,Plná,Dlouhodobý úspěch,3.0,0,,0,0,0,0,0,1617,435,566,717
exp426,A12,1656,Plná,Neúspěch,3.0,0,,0,0,0,0,0,524,569,1308,647
exp427,A12,1657,Plná,Neúspěch,4.0,0,,0,0,0,0,0,1395,643,1301,735
exp428,A12,1658,Plná,Krátkodobý úspěch,2.0,0,,0,0,0,0,0,501,272,607,857
exp430,A12,1659,Plná,Neúspěch,2.0,0,,0,0,0,0,0,688,167,362,382
exp432,A12,1660,Plná,Dlouhodobý úspěch,3.0,0,,0,0,0,0,0,791,225,536,683
exp406,A12,1661,Plná,Neúspěch,3.0,0,,0,0,0,0,0,1377,975,1177,1406
exp407,A12,1662,Plná,Krátkodobý úspěch,4.0,0,,0,0,0,0,0,653,1529,1130,602
exp408,A12,1663,Plná,Neúspěch,4.0,0,,0,0,0,0,0,916,347,1125,487
exp409,A12,1664,Plná,Krátkodobý úspěch,4.0,0,,0,0,0,0,0,899,836,1274,633
exp411,A12,1665,Plná,Krátkodobý úspěch,2.0,0,,0,0,0,0,0,396,359,575,271
exp416,A12,1666,Plná,Krátkodobý úspěch,4.0,0,,0,0,0,0,0,719,342,451,498
exp418,A12,1667,Plná,Dlouhodobý úspěch,3.0,0,,0,0,0,0,0,701,693,883,2567
exp422,A12,1668,Plná,Dlouhodobý úspěch,4.0,0,,0,0,0,0,0,325,428,680,0
exp398,A12,1669,Plná,Dlouhodobý úspěch,3.0,0,,0,0,0,0,0,531,514,757,433
exp404,A12,1670,Plná,Neúspěch,2.0,0,,0,0,0,0,0,628,818,653,630
exp405,A12,1671,Plná,Neúspěch,3.0,0,,0,0,0,0,0,937,330,728,1452
exp410,A12,1672,Plná,Neúspěch,2.0,0,,0,0,0,0,0,960,1215,1672,1077
exp412,A12,1673,Plná,Krátkodobý úspěch,4.0,0,,0,0,0,0,0,1549,656,965,590
exp414,A12,1674,Plná,Krátkodobý úspěch,3.0,0,,0,0,0,0,0,1210,1063,912,613
exp391,A12,1675,Plná,Dlouhodobý úspěch,1.0,0,,0,0,0,0,0,891,455,335,637
exp393,A12,1676,Plná,Krátkodobý úspěch,4.0,0,,0,0,0,0,0,519,766,533,576
exp395,A12,1677,Plná,Dlouhodobý úspěch,4.0,0,,0,0,0,0,0,929,618,1650,632
exp399,A12,1678,Plná,Dlouhodobý úspěch,4.0,0,,0,0,0,0,0,446,375,406,1718
exp401,A12,1679,Plná,Neúspěch,4.0,0,,0,0,0,0,0,493,660,842,576
exp385,A12,1680,Plná,Krátkodobý úspěch,2.0,0,,0,0,0,0,0,1051,178,370,235
exp388,A12,1681,Plná,Dlouhodobý úspěch,3.0,0,,0,0,0,0,0,523,566,673,371
exp389,A12,1682,Plná,Krátkodobý úspěch,3.0,0,,0,0,0,0,0,301,1256,744,480
exp396,A12,1683,Plná,Krátkodobý úspěch,4.0,0,,0,0,0,0,0,1942,1042,1496,818
exp400,A12,1684,Plná,Krátkodobý úspěch,3.0,0,,0,0,0,0,0,903,483,672,551
exp371,A12,1685,Plná,Krátkodobý úspěch,3.0,0,,0,0,0,0,0,814,533,456,858
exp377,A12,1686,Plná,Dlouhodobý úspěch,4.0,0,,0,0,0,0,0,759,553,1258,642
exp378,A12,1687,Plná,Dlouhodobý úspěch,3.0,0,,0,0,0,0,0,1226,834,1190,782
exp379,A12,1688,Plná,Neúspěch,1.0,0,,0,0,0,0,0,820,1134,1676,1168
exp381,A12,1689,Plná,Neúspěch,4.0,0,,0,0,0,0,0,2830,129,659,871
exp382,A12,1690,Plná,Neúspěch,4.0,0,,0,0,0,0,0,760,187,560,206
exp390,A12,1691,Plná,Krátkodobý úspěch,4.0,0,,0,0,0,0,0,556,415,291,347
exp360,A12,1692,Plná,Krátkodobý úspěch,3.0,0,,0,0,0,0,0,500,399,1003,652
exp361,A12,1693,Plná,Dlouhodobý úspěch,4.0,0,,0,0,0,0,0,526,182,358,312
exp368,A12,1694,Plná,Dlouhodobý úspěch,3.0,0,,0,0,0,0,0,1980,483,1347,416
exp373,A12,1695,Plná,Neúspěch,2.0,0,,0,0,0,0,0,417,292,612,616
exp375,A12,1696,Plná,Dlouhodobý úspěch,1.0,0,,0,0,0,0,0,1038,667,570,640
exp376,A12,1697,Plná,Neúspěch,2.0,0,,0,0,0,0,0,387,433,416,331
exp383,A12,1698,Plná,Krátkodobý úspěch,2.0,0,,0,0,0,0,0,1562,879,1581,617
exp362,A12,1699,Plná,Krátkodobý úspěch,4.0,0,,0,0,0,0,0,546,285,342,357
exp363,A12,1700,Plná,Dlouhodobý úspěch,3.0,0,,0,0,0,0,0,1673,442,1045,326
exp364,A12,1701,Plná,Neúspěch,2.0,0,,0,0,0,0,0,764,289,420,326
exp365,A12,1702,Plná,Dlouhodobý úspěch,4.0,0,,0,0,0,0,0,470,295,341,175
exp366,A12,1703,Plná,Krátkodobý úspěch,3.0,0,,0,0,0,0,0,963,314,286,343
exp367,A12,1704,Plná,Neúspěch,2.0,0,,0,0,0,0,0,897,392,405,320
exp369,A12,1705,Plná,Neúspěch,1.0,0,,0,0,0,0,0,2578,1343,2058,1664
exp355,A12,1706,Plná,Dlouhodobý úspěch,4.0,0,,0,0,0,0,0,3550,1595,1782,1626
exp351,A12,1707,Plná,Krátkodobý úspěch,3.0,0,,0,0,0,0,0,2359,1118,463,361
exp358,A12,1708,Plná,Neúspěch,3.0,0,,0,0,0,0,0,1851,769,1176,1184
exp347,A12,1709,Plná,Neúspěch,2.0,0,,0,0,0,0,0,750,699,1602,984
exp353,A12,1710,Plná,Neúspěch,3.0,0,,0,0,0,0,0,1133,531,780,765
exp333,A12,1711,Plná,Neúspěch,1.0,0,,0,0,0,0,0,1210,713,453,640
exp335,A12,1712,Plná,Dlouhodobý úspěch,3.0,0,,0,0,0,0,0,536,567,375,399
exp336,A12,1713,Plná,Dlouhodobý úspěch,3.0,0,,0,0,0,0,0,689,434,548,357
exp338,A12,1714,Plná,Neúspěch,3.0,0,,0,0,0,0,0,2214,439,715,215
exp340,A12,1715,Plná,Krátkodobý úspěch,3.0,0,,0,0,0,0,0,813,402,718,415
exp341,A12,1716,Plná,Dlouhodobý úspěch,4.0,0,,0,0,0,0,0,956,389,1157,778
exp343,A12,1717,Plná,Dlouhodobý úspěch,4.0,0,,0,0,0,0,0,606,604,429,203
exp348,A12,1718,Plná,Neúspěch,2.0,0,,0,0,0,0,0,918,370,565,145
exp318,A12,1719,Plná,Dlouhodobý úspěch,4.0,0,,0,0,0,0,0,645,557,916,452
exp327,A12,1720,Plná,Neúspěch,2.0,0,,0,0,0,0,0,373,626,376,213
exp329,A12,1721,Plná,Krátkodobý úspěch,3.0,0,,0,0,0,0,0,818,271,392,184
exp334,A12,1722,Plná,Dlouhodobý úspěch,4.0,0,,0,0,0,0,0,3601,1079,666,387
exp337,A12,1723,Plná,Krátkodobý úspěch,2.0,0,,0,0,0,0,0,1065,577,528,418
exp344,A12,1724,Plná,Dlouhodobý úspěch,4.0,0,,0,0,0,0,0,282,835,1429,535
exp345,A12,1725,Plná,Krátkodobý úspěch,3.0,0,,0,0,0,0,0,1682,1570,1411,607
exp349,A12,1726,Plná,Dlouhodobý úspěch,4.0,0,,0,0,0,0,0,1295,172,292,111
exp320,A12,1727,Plná,Krátkodobý úspěch,3.0,0,,0,0,0,0,0,476,294,299,326
exp321,A12,1728,Plná,Dlouhodobý úspěch,4.0,0,,0,0,0,0,0,1928,574,979,513
exp322,A12,1729,Plná,Krátkodobý úspěch,3.0,0,,0,0,0,0,0,198,631,274,165
exp323,A12,1730,Plná,Neúspěch,2.0,0,,0,0,0,0,0,579,504,605,1170
exp325,A12,1731,Plná,Krátkodobý úspěch,2.0,0,,0,0,0,0,0,530,268,223,240
exp308,A12,1732,Plná,Neúspěch,1.0,0,,0,0,0,0,0,383,441,855,552
exp309,A12,1733,Plná,Neúspěch,3.0,0,,0,0,0,0,0,680,418,473,320
exp314,A12,1734,Plná,Dlouhodobý úspěch,4.0,0,,0,0,0,0,0,420,669,1670,486
exp317,A12,1735,Plná,Dlouhodobý úspěch,1.0,0,,0,0,0,0,0,638,1394,845,590
exp319,A12,1736,Plná,Dlouhodobý úspěch,4.0,0,,0,0,0,0,0,478,374,894,228
exp324,A12,1737,Plná,Neúspěch,3.0,0,,0,0,0,0,0,701,589,585,522
exp326,A12,1738,Plná,Dlouhodobý úspěch,3.0,0,,0,0,0,0,0,969,484,487,540
exp328,A12,1739,Plná,Krátkodobý úspěch,3.0,0,,0,0,0,0,0,379,501,120,243
exp331,A12,1740,Plná,Dlouhodobý úspěch,4.0,0,,0,0,0,0,0,442,970,642,608
exp310,A12,1741,Plná,Dlouhodobý úspěch,4.0,0,,0,0,0,0,0,414,510,645,1255
exp311,A12,1742,Plná,Neúspěch,1.0,0,,0,0,0,0,0,2862,826,306,251
exp312,A12,1743,Plná,Neúspěch,2.0,0,,0,0,0,0,0,1207,559,1947,217
exp313,A12,1744,Plná,Krátkodobý úspěch,4.0,0,,0,0,0,0,0,512,1102,693,331
exp315,A12,1745,Plná,Dlouhodobý úspěch,4.0,0,,0,0,0,0,0,882,680,2749,310
exp316,A12,1746,Plná,Dlouhodobý úspěch,4.0,0,,0,0,0,0,0,3259,579,993,244
exp293,A12,1747,Plná,Krátkodobý úspěch,2.0,0,,0,0,0,0,0,956,1336,1874,1773
exp294,A12,1748,Plná,Krátkodobý úspěch,4.0,0,,0,0,0,0,0,1726,882,1060,503
exp300,A12,1749,Plná,Dlouhodobý úspěch,4.0,0,,0,0,0,0,0,1038,1677,2493,816
exp303,A12,1750,Plná,Krátkodobý úspěch,1.0,0,,0,0,0,0,0,2161,1226,755,495
exp304,A12,1751,Plná,Neúspěch,2.0,0,,0,0,0,0,0,1252,402,823,214
exp305,A12,1752,Plná,Krátkodobý úspěch,2.0,0,,0,0,0,0,0,1282,715,883,743
exp307,A12,1753,Plná,Neúspěch,2.0,0,,0,0,0,0,0,929,372,503,333
exp289,A12,1754,Plná,Neúspěch,1.0,0,,0,0,0,0,0,1426,837,950,809
exp291,A12,1755,Plná,Krátkodobý úspěch,4.0,0,,0,0,0,0,0,596,788,2251,894
exp292,A12,1756,Plná,Krátkodobý úspěch,4.0,0,,0,0,0,0,0,974,358,1494,829
exp295,A12,1757,Plná,Krátkodobý úspěch,2.0,0,,0,0,0,0,0,1099,536,1199,570
exp297,A12,1758,Plná,Krátkodobý úspěch,4.0,0,,0,0,0,0,0,634,380,254,497
exp302,A12,1759,Plná,Neúspěch,2.0,0,,0,0,0,0,0,537,312,276,424
exp276,A12,1760,Plná,Krátkodobý úspěch,3.0,0,,0,0,0,0,0,787,322,647,504
exp281,A12,1761,Plná,Krátkodobý úspěch,3.0,0,,0,0,0,0,0,558,384,562,307
exp286,A12,1762,Plná,Dlouhodobý úspěch,2.0,0,,0,0,0,0,0,1643,597,1136,411
exp296,A12,1763,Plná,Krátkodobý úspěch,3.0,0,,0,0,0,0,0,654,554,1164,960
exp299,A12,1764,Plná,Neúspěch,2.0,0,,0,0,0,0,0,593,705,127,1383
exp275,A12,1765,Plná,Dlouhodobý úspěch,4.0,0,,0,0,0,0,0,553,533,847,693
exp277,A12,1766,Plná,Dlouhodobý úspěch,2.0,0,,0,0,0,0,0,442,614,764,673
exp278,A12,1767,Plná,Neúspěch,1.0,0,,0,0,0,0,0,681,1047,855,384
exp280,A12,1768,Plná,Dlouhodobý úspěch,4.0,0,,0,0,0,0,0,568,299,290,258
exp284,A12,1769,Plná,Neúspěch,3.0,0,,0,0,0,0,0,380,914,445,310
exp288,A12,1770,Plná,Krátkodobý úspěch,3.0,0,,0,0,0,0,0,1040,1663,441,544
exp290,A12,1771,Plná,Dlouhodobý úspěch,4.0,0,,0,0,0,0,0,795,0,437,294
exp269,A12,1772,Plná,Neúspěch,1.0,0,,0,0,0,0,0,1667,273,1794,791
exp283,A12,1773,Plochá,Krátkodobý úspěch,3.0,0,,0,1,0,0,0,1002,0,0,153
exp259,A12,1774,Plná,Krátkodobý úspěch,4.0,0,,0,0,0,0,0,400,1373,770,811
exp266,A12,1775,Plná,Dlouhodobý úspěch,4.0,0,,0,0,0,0,0,814,517,685,133
exp267,A12,1776,Plná,Dlouhodobý úspěch,3.0,0,,0,0,0,0,0,521,608,1035,254
exp245,A12,1777,Plná,Dlouhodobý úspěch,4.0,0,,0,0,0,0,0,1243,360,694,818
exp252,A12,1778,Plná,Krátkodobý úspěch,2.0,0,,0,0,0,0,0,946,1071,1182,544
exp253,A12,1779,Plná,Dlouhodobý úspěch,4.0,0,,0,0,0,0,0,1122,691,1027,1747
exp254,A12,1780,Plná,Dlouhodobý úspěch,4.0,0,,0,0,0,0,0,922,0,568,290
exp257,A12,1781,Plná,Neúspěch,3.0,0,,0,0,0,0,0,1292,2251,2147,698
exp263,A12,1782,Plná,Krátkodobý úspěch,3.0,0,,0,0,0,0,0,3412,472,665,541
exp244,A12,1783,Plná,Dlouhodobý úspěch,4.0,0,,0,0,0,0,0,1105,785,779,528
exp248,A12,1784,Plná,Krátkodobý úspěch,3.0,0,,0,0,0,0,0,270,754,620,533
exp249,A12,1785,Plná,Krátkodobý úspěch,3.0,0,,0,0,0,0,0,860,759,708,399
exp255,A12,1786,Plná,Dlouhodobý úspěch,4.0,0,,0,0,0,0,0,577,297,429,238
exp256,A12,1787,Plná,Dlouhodobý úspěch,4.0,0,,0,0,0,0,0,1829,328,453,237
exp231,A12,1788,Plná,Krátkodobý úspěch,2.0,0,,0,0,0,0,0,565,769,234,453
exp233,A12,1789,Plná,Dlouhodobý úspěch,4.0,0,,0,0,0,0,0,1021,405,1487,447
exp237,A12,1790,Plná,Krátkodobý úspěch,4.0,0,,0,0,0,0,0,1817,2097,1611,1267
exp239,A12,1791,Plná,Krátkodobý úspěch,4.0,0,,0,0,0,0,0,1432,2031,1496,842
exp241,A12,1792,Plná,Krátkodobý úspěch,3.0,0,,0,0,0,0,0,451,426,384,192
exp246,A12,1793,Plná,Krátkodobý úspěch,3.0,0,,0,0,0,0,0,1209,362,1249,629
exp229,A12,1794,Plná,Krátkodobý úspěch,3.0,0,,0,0,0,0,0,537,417,1068,484
exp234,A12,1795,Plná,Dlouhodobý úspěch,4.0,0,,0,0,0,0,0,1386,991,1266,721
exp235,A12,1796,Plná,Krátkodobý úspěch,3.0,0,,0,0,0,0,0,710,1055,672,470
exp236,A12,1797,Plná,Krátkodobý úspěch,3.0,0,,0,0,0,0,0,927,574,357,724
exp238,A12,1798,Plná,Krátkodobý úspěch,2.0,0,,0,0,0,0,0,1191,437,426,860
exp218,A12,1799,Plná,Neúspěch,4.0,0,,0,0,0,0,0,2077,645,707,280
exp223,A12,1800,Plná,Krátkodobý úspěch,3.0,0,,0,0,0,0,0,1799,90,705,628
exp226,A12,1801,Plná,Dlouhodobý úspěch,3.0,0,,0,0,0,0,0,1093,651,762,645
exp230,A12,1802,Plná,Dlouhodobý úspěch,4.0,0,,0,0,0,0,0,1065,368,1183,360
exp215,A12,1803,Plná,Krátkodobý úspěch,3.0,0,,0,0,0,0,0,3077,1626,1845,564
exp216,A12,1804,Plná,Krátkodobý úspěch,3.0,0,,0,0,0,0,0,1363,963,605,475
exp227,A12,1805,Plná,Dlouhodobý úspěch,4.0,0,,0,0,0,0,0,836,115,630,231
exp213,A12,1806,Plochá,,,0,,0,1,0,0,0,275,538,179,109
exp214,A12,1807,Plná,Neúspěch,4.0,0,,0,0,0,0,0,1202,120,471,233
exp217,A12,1808,Plná,Dlouhodobý úspěch,4.0,0,,0,0,0,0,0,454,555,133,282
exp225,A12,1809,Plná,Dlouhodobý úspěch,4.0,0,,0,0,0,0,0,1618,924,2137,564
exp201,A12,1810,Plná,Krátkodobý úspěch,4.0,0,,0,0,0,0,0,1615,1291,1291,907
exp202,A12,1811,Plná,Dlouhodobý úspěch,4.0,0,,0,0,0,0,0,1529,775,800,778
exp207,A12,1812,Plná,Dlouhodobý úspěch,4.0,0,,0,0,0,0,0,322,786,540,614
exp210,A12,1813,Plná,Dlouhodobý úspěch,4.0,0,,0,0,0,0,0,699,130,1370,536
exp211,A12,1814,Plná,Dlouhodobý úspěch,4.0,0,,0,0,0,0,0,1141,611,509,549
exp193,A12,1815,Plochá,,,0,,0,0,0,0,0,983,339,738,502
exp198,A12,1816,Plná,Krátkodobý úspěch,4.0,0,,0,0,0,0,0,637,740,630,528
exp203,A12,1817,Plná,Dlouhodobý úspěch,3.0,0,,0,0,0,0,0,840,656,762,719
exp204,A12,1818,Plná,Krátkodobý úspěch,4.0,0,,0,0,0,0,0,2074,1055,1549,860
exp205,A12,1819,Plná,Krátkodobý úspěch,3.0,0,,0,0,0,0,0,782,1019,808,569
exp209,A12,1820,Plná,Krátkodobý úspěch,3.0,0,,0,0,0,0,0,1021,1718,1448,1107
exp212,A12,1821,Plná,Neúspěch,2.0,0,,0,0,0,0,0,696,507,926,546
exp189,A12,1822,Plná,Krátkodobý úspěch,4.0,0,,0,0,0,0,0,1197,527,1943,908
exp191,A12,1823,Plná,Krátkodobý úspěch,3.0,0,,0,0,0,0,0,983,175,903,389
exp192,A12,1824,Plná,Dlouhodobý úspěch,3.0,0,,0,0,0,0,0,581,276,321,467
exp194,A12,1825,Plná,Krátkodobý úspěch,4.0,0,,0,0,0,0,0,351,399,481,273
exp199,A12,1826,Plná,Neúspěch,2.0,0,,0,0,0,0,0,808,555,584,546
exp178,A12,1827,Plná,Krátkodobý úspěch,3.0,0,,0,0,0,0,0,799,1079,3008,710
exp179,A12,1828,Plná,Dlouhodobý úspěch,4.0,0,,0,0,0,0,0,277,534,999,606
exp182,A12,1829,Plná,Krátkodobý úspěch,4.0,0,,0,0,0,0,0,1044,278,701,596
exp183,A12,1830,Plochá,,,0,,0,0,0,0,0,1137,366,271,182
exp187,A12,1831,Plná,Krátkodobý úspěch,2.0,0,,0,0,0,0,0,718,576,737,456
exp168,A12,1832,Plná,Neúspěch,4.0,0,,0,0,0,0,0,2635,232,598,289
exp181,A12,1833,Plná,Krátkodobý úspěch,4.0,0,,0,0,0,0,0,804,634,830,278
exp170,A12,1834,Plná,Krátkodobý úspěch,3.0,0,,0,0,0,0,0,1025,1139,483,551
exp175,A12,1835,Plná,Dlouhodobý úspěch,4.0,0,,0,0,0,0,0,683,1004,1104,454
exp176,A12,1836,Plná,Neúspěch,2.0,0,,0,0,0,0,0,672,193,537,307
exp172,A12,1837,Plná,Krátkodobý úspěch,3.0,0,,0,0,0,0,0,1330,772,934,614
exp173,A12,1838,Plná,Krátkodobý úspěch,4.0,0,,0,0,0,0,0,591,156,249,307
exp177,A12,1839,Plná,Dlouhodobý úspěch,4.0,0,,0,0,0,0,0,695,449,888,1537
exp164,A12,1840,Plná,Dlouhodobý úspěch,4.0,0,,1,0,0,0,0,623,454,510,155
exp154,A12,1841,Plochá,,,0,,0,0,0,0,0,483,428,687,304
exp156,A12,1842,Plná,Krátkodobý úspěch,4.0,0,,0,0,0,0,0,2113,441,870,410
exp157,A12,1843,Plochá,,,0,,0,1,0,0,0,628,442,0,359
exp158,A12,1844,Plná,Neúspěch,2.0,0,,0,0,0,0,0,2349,244,1133,419
exp160,A12,1845,Plná,Dlouhodobý úspěch,4.0,0,,0,0,0,0,0,1329,816,1477,566
exp161,A12,1846,Plná,Dlouhodobý úspěch,4.0,0,,0,0,0,0,0,546,254,2353,156
exp162,A12,1847,Plná,Krátkodobý úspěch,2.0,0,,0,0,0,0,0,1035,317,1008,713
exp165,A12,1848,Plná,Neúspěch,3.0,0,,0,0,0,0,0,607,400,608,244
exp139,A12,1849,Plná,Dlouhodobý úspěch,4.0,0,,0,0,0,0,0,850,701,961,289
exp140,A12,1850,Plná,Dlouhodobý úspěch,3.0,0,,0,0,0,0,0,414,828,794,579
exp144,A12,1851,Plná,Krátkodobý úspěch,2.0,0,,0,0,0,0,0,1556,1941,1774,912
exp148,A12,1852,Plná,Neúspěch,2.0,0,,0,0,0,0,0,503,447,496,191
exp138,A12,1853,Plná,Neúspěch,3.0,0,,0,0,0,0,0,934,616,529,223
exp146,A12,1854,Plná,Neúspěch,1.0,0,,0,0,0,0,0,1355,566,547,385
exp153,A12,1855,Plná,Dlouhodobý úspěch,4.0,0,,0,0,0,0,0,516,589,431,191
exp123,A12,1856,Plná,Krátkodobý úspěch,2.0,0,,0,0,0,0,0,792,636,661,180
exp128,A12,1857,Plná,Krátkodobý úspěch,3.0,0,,0,0,0,0,0,748,688,482,806
exp129,A12,1858,Plná,Krátkodobý úspěch,4.0,0,,0,0,0,0,0,374,1226,1803,569
exp132,A12,1859,Plná,Dlouhodobý úspěch,3.0,0,,0,0,0,0,0,1136,118,119,259
exp135,A12,1860,Plná,Dlouhodobý úspěch,4.0,0,,0,0,0,0,0,986,1762,1004,695
exp136,A12,1861,Plná,Neúspěch,4.0,0,,0,0,0,0,0,921,94,413,138
exp137,A12,1862,Plná,Dlouhodobý úspěch,4.0,0,,0,0,0,0,0,530,257,862,165
exp145,A12,1863,Plná,Neúspěch,3.0,0,,0,0,0,0,0,1563,434,294,448
exp111,A12,1864,Plná,Neúspěch,3.0,0,,0,0,0,0,0,1528,172,271,273
exp113,A12,1865,Plná,Krátkodobý úspěch,4.0,0,,0,0,0,0,0,1050,873,1320,406
exp116,A12,1866,Plná,Krátkodobý úspěch,4.0,0,,0,0,0,0,0,1501,239,1345,509
exp121,A12,1867,Plná,Krátkodobý úspěch,4.0,0,,0,0,0,0,0,918,355,1057,452
exp122,A12,1868,Plná,Krátkodobý úspěch,4.0,0,,0,0,0,0,0,762,363,427,441
exp126,A12,1869,Plná,Neúspěch,3.0,0,,0,0,0,0,0,1648,475,640,1047
exp127,A12,1870,Plná,Dlouhodobý úspěch,4.0,0,,0,0,0,0,0,1116,821,1207,264
exp134,A12,1871,Plná,Neúspěch,3.0,0,,0,0,0,0,0,490,1095,752,228
exp106,A12,1872,Plná,Dlouhodobý úspěch,4.0,0,,0,0,0,0,0,1955,624,1526,423
exp110,A12,1873,Plná,Neúspěch,2.0,0,,0,0,0,0,0,423,449,943,533
exp114,A12,1874,Plná,Krátkodobý úspěch,4.0,0,,0,0,0,0,0,368,995,458,220
exp115,A12,1875,Plná,Dlouhodobý úspěch,4.0,0,,0,0,0,0,0,1297,574,654,533
exp124,A12,1876,Plná,Krátkodobý úspěch,3.0,0,,0,0,0,0,0,474,910,487,337
exp93,A12,1877,Plná,Neúspěch,2.0,0,,0,0,0,0,0,2312,346,362,367
exp104,A12,1878,Plná,Neúspěch,2.0,0,,0,0,0,0,0,1294,615,1283,570
exp117,A12,1879,Plná,Dlouhodobý úspěch,4.0,0,,0,0,0,0,0,657,348,322,247
exp125,A12,1880,Plná,Neúspěch,3.0,0,,0,0,0,0,0,478,325,368,224
exp92,A12,1881,Plná,Krátkodobý úspěch,1.0,0,,0,0,0,0,0,456,643,610,633
exp96,A12,1882,Plná,Neúspěch,3.0,0,,0,0,0,0,0,429,505,294,188
exp97,A12,1883,Plná,Krátkodobý úspěch,4.0,0,,0,0,0,0,0,951,562,818,578
exp98,A12,1884,Plná,Dlouhodobý úspěch,4.0,0,,0,0,0,0,0,1145,497,1139,595
exp100,A12,1885,Plná,Krátkodobý úspěch,4.0,0,,0,0,0,0,0,496,448,2004,526
exp101,A12,1886,Plná,Dlouhodobý úspěch,4.0,0,,0,0,0,0,0,300,447,392,263
exp81,A12,1887,Plná,Dlouhodobý úspěch,4.0,0,,0,0,0,0,0,439,590,356,422
exp86,A12,1888,Plná,Krátkodobý úspěch,3.0,0,,0,0,0,0,0,709,565,997,771
exp90,A12,1889,Plná,Krátkodobý úspěch,4.0,0,,0,0,0,0,0,836,906,880,635
exp91,A12,1890,Plná,Dlouhodobý úspěch,4.0,0,,0,0,0,0,0,809,178,1417,583
exp95,A12,1891,Plná,Krátkodobý úspěch,3.0,0,,0,0,0,0,0,242,529,400,578
exp78,A12,1892,Plná,Krátkodobý úspěch,4.0,0,,0,0,0,0,0,2341,988,1167,388
exp83,A12,1893,Plochá,Neúspěch,3.0,0,,0,1,0,0,0,1000,223,243,0
exp88,A12,1894,Plná,Neúspěch,3.0,0,,0,0,0,0,0,1312,443,1768,712
exp89,A12,1895,Plná,Neúspěch,2.0,0,,0,0,0,0,0,2957,1427,1629,788
exp68,A12,1896,Plná,Neúspěch,2.0,0,,0,0,0,0,0,2084,615,2372,888
exp71,A12,1897,Plná,Krátkodobý úspěch,3.0,0,,0,0,0,0,0,1050,497,524,479
exp77,A12,1898,Plná,Neúspěch,1.0,0,,0,0,0,0,0,1451,439,949,558
exp63,A12,1899,Plná,Neúspěch,3.0,0,,0,0,0,0,0,1070,716,1049,466
exp64,A12,1900,Plná,Krátkodobý úspěch,2.0,0,,0,0,0,0,0,676,475,434,670
exp67,A12,1901,Plná,Dlouhodobý úspěch,4.0,0,,0,0,0,0,0,1163,672,937,579
exp69,A12,1902,Plná,Dlouhodobý úspěch,4.0,0,,0,0,0,0,0,1021,301,310,230
exp70,A12,1903,Plná,Krátkodobý úspěch,4.0,0,,0,0,0,0,0,873,389,1135,391
exp58,A12,1904,Plná,Krátkodobý úspěch,3.0,0,,0,0,0,0,0,582,420,1504,876
exp61,A12,1905,Plná,Krátkodobý úspěch,1.0,0,,0,0,0,0,0,930,239,636,290
exp62,A12,1906,Plná,Neúspěch,2.0,0,,0,0,0,0,0,596,695,827,448
exp65,A12,1907,Plná,Neúspěch,3.0,0,,0,0,0,0,0,602,391,1166,160
exp72,A12,1908,Plná,Dlouhodobý úspěch,4.0,0,,0,0,0,0,0,1116,409,315,285
exp73,A12,1909,Plná,Dlouhodobý úspěch,4.0,0,,0,0,0,0,0,785,373,409,535
exp56,A12,1910,Plná,Krátkodobý úspěch,3.0,0,,0,0,0,0,0,697,477,700,448
exp57,A12,1911,Plná,Dlouhodobý úspěch,2.0,0,,0,0,0,0,0,2081,895,1904,1156
exp59,A12,1912,Plná,Krátkodobý úspěch,3.0,0,,0,0,0,0,0,1373,628,950,396
exp46,A12,1913,Plná,Neúspěch,2.0,0,,0,0,0,0,0,805,1110,988,605
exp55,A12,1914,Plná,Dlouhodobý úspěch,2.0,0,,0,0,0,0,0,196,877,594,320
exp36,A12,1915,Plná,Krátkodobý úspěch,4.0,0,,0,0,0,0,0,218,765,404,187
exp40,A12,1916,Plná,Dlouhodobý úspěch,4.0,0,,0,0,0,0,0,686,229,454,338
exp43,A12,1917,Plná,Krátkodobý úspěch,4.0,0,,0,0,0,0,0,813,366,1841,452
exp44,A12,1918,Plná,Krátkodobý úspěch,2.0,0,,0,0,0,0,0,574,559,985,336
exp33,A12,1919,Plná,Krátkodobý úspěch,2.0,0,,0,0,0,0,0,1108,331,713,351
exp41,A12,1920,Plná,Dlouhodobý úspěch,4.0,0,,0,0,0,0,0,1704,686,1160,323
exp42,A12,1921,Plná,Krátkodobý úspěch,3.0,0,,0,0,0,0,0,536,765,331,131
exp45,A12,1922,Plochá,,,0,,0,1,0,0,0,1297,550,565,317
exp21,A12,1923,Plná,Neúspěch,3.0,0,,0,0,0,0,0,363,2288,878,566
exp31,A12,1924,Plná,Neúspěch,2.0,0,,0,0,0,0,0,1240,402,324,682
exp35,A12,1925,Plná,Krátkodobý úspěch,4.0,0,,0,0,0,0,0,627,380,700,578
exp38,A12,1926,Plná,Krátkodobý úspěch,4.0,0,,0,0,0,0,0,2583,1989,1296,1138
exp19,A12,1927,Plná,Neúspěch,2.0,0,,0,0,0,0,0,1559,1121,524,766
exp30,A12,1928,Plná,Dlouhodobý úspěch,4.0,0,,0,0,0,0,0,1466,861,1662,1305
exp13,A12,1929,Plná,Dlouhodobý úspěch,4.0,0,,0,0,0,0,0,592,360,1059,779
exp14,A12,1930,Plná,Krátkodobý úspěch,3.0,0,,0,0,0,0,0,1290,1011,659,799
exp22,A12,1931,Plná,Krátkodobý úspěch,1.0,0,,0,0,0,0,0,973,578,778,712
exp23,A12,1932,Plná,Krátkodobý úspěch,3.0,0,,0,0,0,0,0,1981,856,736,536
exp25,A12,1933,Plná,Krátkodobý úspěch,4.0,0,,0,0,0,0,0,1172,394,612,410
exp27,A12,1934,Plná,Dlouhodobý úspěch,4.0,0,,0,0,0,0,0,1530,645,554,976
exp28,A12,1935,Plná,Krátkodobý úspěch,2.0,0,,0,0,0,0,0,878,679,798,327
exp7,A12,1936,Plná,Neúspěch,3.0,0,,0,0,0,0,0,703,828,477,546
exp15,A12,1937,Plná,Neúspěch,3.0,0,,0,0,0,0,0,507,545,583,1003
exp16,A12,1938,Plná,Krátkodobý úspěch,2.0,0,,0,0,0,0,0,865,658,1015,633
exp18,A12,1939,Plná,Dlouhodobý úspěch,4.0,0,,0,0,0,0,0,1066,307,430,249
exp4,A12,1940,Plná,Neúspěch,3.0,0,,0,0,0,0,0,540,275,502,337
exp5,A12,1941,Plná,Dlouhodobý úspěch,4.0,0,,0,0,0,0,0,729,743,726,380
exp9,A12,1942,Plná,Dlouhodobý úspěch,4.0,0,,0,0,0,0,0,588,233,396,449
exp11,A12,1943,Plná,Dlouhodobý úspěch,4.0,0,,0,0,0,0,0,710,722,379,160
exp3,A12,1944,Plná,Dlouhodobý úspěch,2.0,0,,0,0,0,0,0,412,313,475,1012
exp6,A12,1945,Plná,Krátkodobý úspěch,4.0,0,,0,0,0,0,0,445,363,493,808
exp8,A12,1946,Plná,Neúspěch,1.0,0,,0,0,0,0,0,533,226,487,279
exp1,A12,1947,Plná,Neúspěch,1.0,0,,0,0,0,0,0,2183,440,625,365
exp10,A12,1948,Plochá,,,0,,0,1,0,0,0,1671,327,150,563
exp1836,A2,1,Plná,Dlouhodobý úspěch,3.0,0,,0,0,1,0,0,448,381,293,412
exp1835,A2,2,Plná,Dlouhodobý úspěch,4.0,0,,0,0,0,0,0,360,436,670,297
exp1829,A2,3,Plná,Neúspěch,2.0,0,,0,0,1,0,0,735,188,321,260
exp1827,A2,4,Plná,Neúspěch,3.0,0,,0,0,1,0,0,683,460,498,223
exp1826,A2,5,Plná,Dlouhodobý úspěch,4.0,0,,0,0,1,0,0,610,958,732,484
exp1824,A2,6,Plná,Dlouhodobý úspěch,4.0,0,,0,0,0,0,0,533,821,408,77
exp1822,A2,7,Plná,Dlouhodobý úspěch,4.0,0,,0,0,0,0,0,340,489,330,304
exp1819,A2,8,Plná,Neúspěch,3.0,0,,1,0,1,0,0,473,439,347,359
exp1818,A2,9,Plná,Dlouhodobý úspěch,4.0,0,,0,0,0,0,0,418,497,329,280
exp1817,A2,10,Plná,Krátkodobý úspěch,4.0,0,,1,0,1,0,1,526,459,259,273
exp1811,A2,11,Plná,Dlouhodobý úspěch,4.0,0,,0,0,1,0,0,255,816,438,543
exp1808,A2,12,Plochá,,,0,,0,1,0,0,0,308,775,256,161
exp1805,A2,13,Plná,Dlouhodobý úspěch,4.0,0,,0,0,1,1,0,431,801,547,512
exp1803,A2,14,Plná,Dlouhodobý úspěch,4.0,0,,0,0,0,0,0,421,611,416,160
exp1802,A2,15,Plná,Dlouhodobý úspěch,3.0,0,,0,0,0,0,0,496,509,345,337
exp1801,A2,16,Plná,Krátkodobý úspěch,3.0,0,,1,0,1,0,0,326,405,204,136
exp1800,A2,17,Plná,Krátkodobý úspěch,3.0,0,,0,0,1,1,0,488,526,337,386
exp1799,A2,18,Plná,Dlouhodobý úspěch,3.0,0,,0,0,1,1,0,254,480,302,265
exp1796,A2,19,Plná,Krátkodobý úspěch,3.0,0,,0,0,1,0,0,557,164,202,198
exp1795,A2,20,Plná,Krátkodobý úspěch,4.0,0,,0,0,1,0,0,387,319,451,485
exp1794,A2,21,Plná,Krátkodobý úspěch,3.0,0,,0,0,0,0,0,549,495,352,509
exp1792,A2,22,Plná,Neúspěch,4.0,0,,1,0,0,0,0,391,315,266,262
exp1789,A2,23,Plná,Dlouhodobý úspěch,4.0,0,,1,0,0,0,0,242,499,280,279
exp1788,A2,24,Plná,Dlouhodobý úspěch,4.0,0,,0,0,0,0,0,410,405,378,200
exp1787,A2,25,Plná,Neúspěch,4.0,0,,0,0,0,0,0,689,102,471,231
exp1785,A2,26,Plná,Dlouhodobý úspěch,2.0,0,,0,0,1,0,0,483,538,294,331
exp1784,A2,27,Plná,Dlouhodobý úspěch,3.0,0,,0,0,0,0,0,355,441,232,341
exp1782,A2,28,Plná,Dlouhodobý úspěch,3.0,0,,0,0,0,0,0,463,727,436,307
exp1780,A2,29,Plná,Neúspěch,4.0,0,,0,0,0,0,0,276,479,760,253
exp1778,A2,30,Plná,Dlouhodobý úspěch,3.0,0,,0,0,0,0,0,459,882,494,328
exp1777,A2,31,Plná,Dlouhodobý úspěch,4.0,0,,1,0,0,0,0,484,593,623,591
exp1776,A2,32,Plná,Krátkodobý úspěch,4.0,0,,0,0,1,0,0,570,482,653,296
exp1774,A2,33,Plná,Dlouhodobý úspěch,4.0,0,,0,0,0,0,0,359,457,583,346
exp1772,A2,34,Plná,Dlouhodobý úspěch,4.0,0,,0,0,0,0,0,645,367,483,225
exp1770,A2,35,Plná,Dlouhodobý úspěch,4.0,0,,0,0,0,0,0,265,435,359,207
exp1769,A2,36,Plná,Dlouhodobý úspěch,4.0,0,,0,0,0,0,0,319,712,344,194
exp1768,A2,37,Plná,Neúspěch,4.0,0,,0,0,1,1,0,713,161,405,206
exp1762,A2,38,Plná,Dlouhodobý úspěch,4.0,0,,1,0,0,0,0,391,698,231,177
exp1761,A2,39,Plná,Krátkodobý úspěch,3.0,0,,0,0,1,0,0,819,163,646,266
exp1759,A2,40,Plná,Dlouhodobý úspěch,4.0,0,,0,0,0,0,0,450,755,299,388
exp1756,A2,41,Plná,Neúspěch,2.0,0,,1,0,0,0,0,475,262,430,307
exp1754,A2,42,Plná,Krátkodobý úspěch,3.0,0,,0,0,1,1,0,662,393,1229,468
exp1753,A2,43,Plná,Krátkodobý úspěch,4.0,0,,0,0,0,0,0,629,875,603,725
exp1752,A2,44,Plná,Neúspěch,3.0,0,,0,0,1,0,0,256,548,289,324
exp1747,A2,45,Plná,Krátkodobý úspěch,3.0,0,,0,0,0,0,0,472,281,191,293
exp1746,A2,46,Plná,Dlouhodobý úspěch,4.0,0,,1,0,1,0,0,402,450,601,238
exp1745,A2,47,Plná,Dlouhodobý úspěch,4.0,0,,0,0,0,0,0,437,446,352,499
exp1742,A2,48,Plná,Krátkodobý úspěch,4.0,0,,0,0,0,0,0,473,383,252,262
exp1741,A2,49,Plná,Dlouhodobý úspěch,3.0,0,,0,0,0,0,0,837,678,507,384
exp1740,A2,50,Plná,Krátkodobý úspěch,3.0,0,,0,0,0,0,0,347,444,345,120
exp1739,A2,51,Plná,Dlouhodobý úspěch,4.0,0,,0,0,0,0,0,941,333,440,367
exp1738,A2,52,Plná,Dlouhodobý úspěch,4.0,0,,0,0,1,1,0,433,372,321,277
exp1737,A2,53,Plná,Neúspěch,3.0,0,,0,0,1,1,0,425,453,302,128
exp1736,A2,54,Plná,Dlouhodobý úspěch,3.0,0,,0,0,0,0,0,469,424,339,190
exp1735,A2,55,Plná,Krátkodobý úspěch,3.0,0,,0,0,1,0,0,432,603,558,318
exp1734,A2,56,Plná,Krátkodobý úspěch,3.0,0,,0,0,0,0,0,489,444,196,192
exp1733,A2,57,Plná,Dlouhodobý úspěch,2.0,0,,0,0,1,0,0,501,606,374,304
exp1731,A2,58,Plná,Dlouhodobý úspěch,3.0,0,,0,0,0,0,0,419,608,690,221
exp1730,A2,59,Plná,Neúspěch,2.0,0,,0,0,0,0,0,349,523,187,219
exp1729,A2,60,Plná,Dlouhodobý úspěch,2.0,0,,0,0,1,0,0,404,395,569,716
exp1726,A2,61,Plná,Krátkodobý úspěch,3.0,0,,0,0,0,0,0,498,486,486,300
exp1725,A2,62,Plná,Neúspěch,4.0,0,,0,0,0,0,0,543,363,499,227
exp1724,A2,63,Plná,Dlouhodobý úspěch,3.0,0,,1,0,0,0,0,462,389,179,89
exp1723,A2,64,Plná,Neúspěch,2.0,0,,0,0,0,0,0,357,403,359,223
exp1719,A2,65,Plná,Dlouhodobý úspěch,4.0,0,,0,0,0,0,0,660,530,615,471
exp1718,A2,66,Plná,Krátkodobý úspěch,3.0,0,,0,0,0,0,0,307,524,311,361
exp1713,A2,67,Plná,Dlouhodobý úspěch,3.0,0,,0,0,0,0,0,231,583,375,98
exp1711,A2,68,Plná,Krátkodobý úspěch,3.0,0,,1,0,1,0,0,716,256,397,263
exp1709,A2,69,Plná,Dlouhodobý úspěch,4.0,0,,0,0,0,0,0,465,972,560,100
exp1706,A2,70,Plná,Dlouhodobý úspěch,2.0,0,,0,0,1,0,0,564,509,1378,308
exp1705,A2,71,Plná,Dlouhodobý úspěch,3.0,0,,0,0,0,0,0,322,791,360,477
exp1704,A2,72,Plná,Dlouhodobý úspěch,4.0,0,,0,0,0,0,0,457,727,462,347
exp1702,A2,73,Plná,Neúspěch,4.0,0,,1,0,0,0,0,458,445,373,417
exp1701,A2,74,Plná,Dlouhodobý úspěch,3.0,0,,0,0,1,0,0,535,611,906,399
exp1700,A2,75,Plná,Neúspěch,2.0,0,,0,0,1,0,0,348,359,261,217
exp1699,A2,76,Plná,Neúspěch,4.0,0,,0,0,0,0,0,662,805,493,343
exp1697,A2,77,Plná,Neúspěch,3.0,0,,0,0,0,0,0,420,350,208,177
exp1696,A2,78,Plná,Krátkodobý úspěch,2.0,0,,0,0,1,0,0,453,404,559,531
exp1695,A2,79,Plná,Dlouhodobý úspěch,4.0,0,,0,0,0,0,0,642,784,518,299
exp1694,A2,80,Plná,Neúspěch,3.0,0,,0,0,0,0,0,645,454,518,194
exp1693,A2,81,Plná,Neúspěch,4.0,0,,0,0,0,0,0,519,295,350,178
exp1685,A2,82,Plná,Dlouhodobý úspěch,2.0,0,,0,0,1,0,0,1597,687,866,324
exp1683,A2,83,Plná,Dlouhodobý úspěch,2.0,0,,0,0,1,0,0,735,427,299,236
exp1681,A2,84,Plná,Dlouhodobý úspěch,4.0,0,,0,0,0,0,0,532,240,358,370
exp1676,A2,85,Plná,Neúspěch,4.0,0,,0,0,0,0,0,261,463,365,394
exp1674,A2,86,Plná,Dlouhodobý úspěch,4.0,0,,0,0,0,0,0,452,278,613,228
exp1673,A2,87,Plná,Dlouhodobý úspěch,4.0,0,,0,0,0,0,0,410,445,465,426
exp1672,A2,88,Plná,Dlouhodobý úspěch,4.0,0,,0,0,0,0,0,413,509,476,313
exp1671,A2,89,Plná,Dlouhodobý úspěch,4.0,0,,0,0,0,0,0,532,457,560,442
exp1670,A2,90,Plná,Krátkodobý úspěch,4.0,0,,0,0,0,0,0,336,423,403,353
exp1668,A2,91,Plná,Neúspěch,2.0,0,,0,0,1,0,0,389,388,335,153
exp1667,A2,92,Plná,Krátkodobý úspěch,4.0,0,,0,0,0,0,0,486,621,406,398
exp1665,A2,93,Plná,Dlouhodobý úspěch,3.0,0,,0,0,1,0,0,622,523,487,189
exp1663,A2,94,Plná,Dlouhodobý úspěch,4.0,0,,0,0,0,0,0,569,504,515,272
exp1661,A2,95,Plná,Krátkodobý úspěch,3.0,0,,1,0,1,0,0,462,257,256,247
exp1660,A2,96,Plná,Dlouhodobý úspěch,4.0,0,,1,0,0,0,0,331,370,446,94
exp1659,A2,97,Plná,Krátkodobý úspěch,2.0,0,,0,0,1,0,0,518,289,529,425
exp1658,A2,98,Plná,Neúspěch,2.0,0,,0,0,1,1,0,499,264,306,182
exp1656,A2,99,Plná,Dlouhodobý úspěch,4.0,0,,0,0,0,0,0,404,335,420,258
exp1654,A2,100,Plná,Dlouhodobý úspěch,4.0,0,,0,0,0,0,0,497,367,485,510
exp1653,A2,101,Plná,Dlouhodobý úspěch,3.0,0,,0,0,1,0,0,939,378,537,262
exp1652,A2,102,Plná,Neúspěch,4.0,0,,0,0,0,0,0,241,482,255,285
exp1651,A2,103,Plná,Krátkodobý úspěch,3.0,0,,0,0,1,0,0,310,391,379,243
exp1649,A2,104,Plná,Krátkodobý úspěch,4.0,0,,0,0,0,0,0,482,219,360,319
exp1646,A2,105,Plná,Dlouhodobý úspěch,4.0,0,,0,0,0,0,0,400,389,367,240
exp1643,A2,106,Plná,Krátkodobý úspěch,4.0,0,,1,0,0,0,1,369,369,536,338
exp1642,A2,107,Plná,Dlouhodobý úspěch,3.0,0,,0,0,0,0,0,416,462,318,253
exp1641,A2,108,Plná,Dlouhodobý úspěch,3.0,0,,0,0,0,0,0,596,212,393,138
exp1639,A2,109,Plná,Neúspěch,3.0,0,,0,0,0,0,0,1009,522,339,613
exp1638,A2,110,Plná,Krátkodobý úspěch,4.0,0,,0,0,0,0,0,444,518,369,395
exp1637,A2,111,Plná,Krátkodobý úspěch,3.0,0,,0,0,0,0,0,357,480,248,232
exp1635,A2,112,Plná,Dlouhodobý úspěch,4.0,0,,0,0,0,0,0,601,498,509,400
exp1633,A2,113,Plná,Dlouhodobý úspěch,4.0,0,,0,0,0,0,0,489,267,775,460
exp1632,A2,114,Plná,Dlouhodobý úspěch,3.0,0,,0,0,0,0,0,535,400,264,296
exp1631,A2,115,Plná,Dlouhodobý úspěch,4.0,0,,1,0,0,0,1,831,1483,550,394
exp1628,A2,116,Plná,Dlouhodobý úspěch,4.0,0,,1,0,0,0,0,330,396,402,142
exp1627,A2,117,Plná,Krátkodobý úspěch,3.0,0,,0,0,1,1,0,218,515,372,299
exp1626,A2,118,Plná,Dlouhodobý úspěch,3.0,0,,0,0,0,0,0,565,187,310,171
exp1624,A2,119,Plná,Krátkodobý úspěch,3.0,0,,0,0,0,0,0,355,461,395,416
exp1623,A2,120,Plná,Dlouhodobý úspěch,4.0,0,,0,0,0,0,0,543,548,490,422
exp1622,A2,121,Plná,Neúspěch,2.0,0,,0,0,0,0,0,513,467,468,496
exp1619,A2,122,Plná,Krátkodobý úspěch,2.0,0,,0,0,1,1,0,822,470,264,264
exp1618,A2,123,Plná,Neúspěch,3.0,0,,0,0,0,0,0,611,103,966,91
exp1617,A2,124,Plná,Dlouhodobý úspěch,4.0,0,,0,0,0,0,0,449,481,444,389
exp1616,A2,125,Plná,Krátkodobý úspěch,3.0,0,,0,0,1,1,0,564,194,293,234
exp1614,A2,126,Plná,Dlouhodobý úspěch,3.0,0,,0,0,1,0,0,701,510,467,394
exp1613,A2,127,Plná,Krátkodobý úspěch,3.0,0,,0,0,0,0,0,513,190,293,198
exp1611,A2,128,Plná,Dlouhodobý úspěch,4.0,0,,0,0,0,0,0,205,738,403,277
exp1610,A2,129,Plná,Krátkodobý úspěch,2.0,0,,0,0,1,0,0,612,239,478,422
exp1608,A2,130,Plná,Krátkodobý úspěch,3.0,0,,1,0,0,0,0,407,392,384,237
exp1607,A2,131,Plná,Krátkodobý úspěch,4.0,0,,1,0,0,0,0,527,720,679,364
exp1606,A2,132,Plná,Dlouhodobý úspěch,4.0,0,,0,0,0,0,0,423,495,476,206
exp1605,A2,133,Plná,Dlouhodobý úspěch,3.0,0,,0,0,0,0,0,515,1030,251,294
exp1602,A2,134,Plná,Krátkodobý úspěch,3.0,0,,0,0,0,0,0,540,321,430,323
exp1601,A2,135,Plná,Neúspěch,3.0,0,,0,0,1,0,0,900,414,496,271
exp1598,A2,136,Plná,Krátkodobý úspěch,2.0,0,,1,0,1,1,1,934,369,531,287
exp1596,A2,137,Plná,Krátkodobý úspěch,3.0,0,,0,0,1,0,0,472,580,1063,204
exp1595,A2,138,Plná,Neúspěch,2.0,0,,0,0,1,0,0,522,260,386,249
exp1594,A2,139,Plná,Krátkodobý úspěch,4.0,0,,1,0,0,0,1,569,610,597,288
exp1593,A2,140,Plná,Dlouhodobý úspěch,4.0,0,,0,0,0,0,0,396,376,587,351
exp1591,A2,141,Plná,Krátkodobý úspěch,3.0,0,,0,0,0,0,0,343,370,464,204
exp1589,A2,142,Plná,Dlouhodobý úspěch,4.0,0,,0,0,0,0,0,423,507,280,312
exp1588,A2,143,Plná,Neúspěch,3.0,0,,0,1,1,0,0,383,359,338,170
exp1586,A2,144,Plná,Krátkodobý úspěch,3.0,0,,0,0,0,0,0,478,340,350,301
exp1583,A2,145,Plná,Neúspěch,2.0,0,,0,0,1,0,0,657,350,211,264
exp1577,A2,146,Plná,Krátkodobý úspěch,3.0,0,,0,0,1,0,0,357,589,268,49
exp1576,A2,147,Plná,Krátkodobý úspěch,2.0,0,,0,0,1,1,0,447,635,317,270
exp1574,A2,148,Plná,Dlouhodobý úspěch,2.0,0,,0,0,1,0,0,486,283,534,405
exp1573,A2,149,Plná,Krátkodobý úspěch,3.0,0,,1,0,0,0,0,551,432,344,304
exp1572,A2,150,Plná,Neúspěch,3.0,0,,0,0,1,0,0,1025,187,744,297
exp1571,A2,151,Plná,Dlouhodobý úspěch,4.0,0,,0,0,0,0,0,1443,1176,1333,819
exp1570,A2,152,Plná,Dlouhodobý úspěch,4.0,0,,0,0,0,0,0,435,694,265,377
exp1569,A2,153,Plná,Krátkodobý úspěch,4.0,0,,1,0,0,0,1,363,440,343,277
exp1568,A2,154,Plná,Dlouhodobý úspěch,3.0,0,,0,0,0,0,0,543,562,327,448
exp1567,A2,155,Plná,Dlouhodobý úspěch,3.0,0,,0,0,0,0,0,656,308,546,392
exp1565,A2,156,Plná,Dlouhodobý úspěch,4.0,0,,0,0,0,0,0,575,541,630,294
exp1562,A2,157,Plná,Dlouhodobý úspěch,4.0,0,,0,0,0,0,0,919,291,608,532
exp1561,A2,158,Plná,Dlouhodobý úspěch,3.0,0,,1,0,1,0,0,467,253,584,382
exp1559,A2,159,Plná,Dlouhodobý úspěch,3.0,0,,0,0,0,0,0,469,327,338,310
exp1557,A2,160,Plná,Krátkodobý úspěch,2.0,0,,0,0,1,0,0,325,573,373,409
exp1556,A2,161,Plná,Neúspěch,2.0,0,,0,0,1,0,0,257,462,235,177
exp1555,A2,162,Plná,Dlouhodobý úspěch,3.0,0,,0,0,0,0,0,459,352,388,376
exp1554,A2,163,Plná,Neúspěch,3.0,0,,0,0,0,0,0,708,240,797,435
exp1549,A2,164,Plná,Dlouhodobý úspěch,4.0,0,,0,0,0,0,0,295,437,887,389
exp1547,A2,165,Plná,Krátkodobý úspěch,3.0,0,,0,0,0,0,0,571,259,359,196
exp1544,A2,166,Plná,Neúspěch,4.0,0,,0,0,0,0,0,476,872,353,132
exp1541,A2,167,Plná,Dlouhodobý úspěch,4.0,0,,0,0,0,0,0,1144,414,693,393
exp1537,A2,168,Plná,Krátkodobý úspěch,2.0,0,,0,0,1,0,0,463,471,262,407
exp1536,A2,169,Plná,Krátkodobý úspěch,3.0,0,,0,0,1,0,0,458,516,228,237
exp1532,A2,170,Plná,Dlouhodobý úspěch,4.0,0,,0,0,0,0,0,424,554,585,384
exp1531,A2,171,Plná,Neúspěch,3.0,0,,0,0,0,0,0,565,457,325,307
exp1530,A2,172,Plná,Dlouhodobý úspěch,3.0,0,,0,0,0,0,0,344,562,356,172
exp1529,A2,173,Plná,Krátkodobý úspěch,4.0,0,,0,0,0,0,0,427,425,399,189
exp1528,A2,174,Plná,Dlouhodobý úspěch,2.0,0,,0,0,1,0,0,1112,424,112,168
exp1526,A2,175,Plná,Dlouhodobý úspěch,3.0,0,,0,0,1,0,0,572,176,402,264
exp1525,A2,176,Plná,Dlouhodobý úspěch,4.0,0,,0,0,0,0,0,346,507,521,171
exp1523,A2,177,Plná,Dlouhodobý úspěch,4.0,0,,0,0,0,0,0,681,245,608,307
exp2296,A2,178,Plná,Krátkodobý úspěch,4.0,0,,0,0,0,0,0,728,545,1131,343
exp2306,A2,179,Plochá,,,0,,0,1,0,0,0,558,347,0,0
exp2347,A2,180,Plná,Neúspěch,2.0,0,,1,0,1,1,0,774,255,94,19
exp2360,A2,181,Plochá,,,0,,0,1,0,0,0,662,173,0,0
exp2375,A2,182,Plochá,,,0,,0,1,0,0,0,1018,152,0,0
exp2378,A2,183,Plná,Krátkodobý úspěch,3.0,0,,1,0,0,0,0,978,328,407,201
exp2380,A2,184,Plochá,,,0,,0,1,0,0,0,890,625,0,0
,A2,185,Plná,Krátkodobý úspěch,4.0,0,,0,0,0,0,0,1798,216,838,1110
exp2421,A2,186,Plochá,,,0,,0,1,0,0,0,580,183,0,0
exp2426,A2,187,Plochá,,,0,,0,1,0,0,0,1237,117,0,0
exp2431,A2,188,Plochá,,,0,,0,1,0,0,0,2246,2074,0,0
exp2432,A2,189,Plná,Neúspěch,2.0,0,,0,1,0,0,0,877,774,0,0
exp2435,A2,190,Plná,Krátkodobý úspěch,3.0,0,,0,0,0,0,0,686,183,333,62
exp2448,A2,191,Plochá,,,0,,0,1,0,0,0,672,494,0,0
exp2449,A2,192,Plochá,,,0,,0,1,0,0,0,1440,1407,0,0
exp2462,A2,194,Plná,Dlouhodobý úspěch,4.0,0,,0,0,0,0,0,593,603,588,327
exp2463,A2,195,Plná,Krátkodobý úspěch,4.0,0,,0,0,0,0,0,866,479,556,414
exp2464,A2,196,Plná,Krátkodobý úspěch,4.0,0,,0,0,0,0,0,524,460,238,409
exp2465,A2,197,Plná,Dlouhodobý úspěch,4.0,0,,0,0,1,1,0,381,359,330,261
exp2471,A2,198,Plochá,,,0,,0,1,0,0,0,590,179,0,0
exp2472,A2,199,Plná,Neúspěch,3.0,0,,0,1,0,0,0,658,192,0,0
exp2475,A2,200,Plná,Dlouhodobý úspěch,4.0,0,,0,0,0,0,0,578,383,175,245
exp2476,A2,201,Plná,Krátkodobý úspěch,3.0,0,,0,1,1,0,0,682,417,0,0
exp2488,A2,202,Plná,Krátkodobý úspěch,4.0,0,,1,1,1,0,0,748,804,0,0
exp2491,A2,203,Plná,Dlouhodobý úspěch,4.0,0,,0,1,0,0,0,978,990,0,0
exp2492,A2,204,Plná,Dlouhodobý úspěch,4.0,0,,0,0,0,0,0,498,497,400,487
exp2493,A2,205,Plná,Dlouhodobý úspěch,4.0,0,,0,0,0,0,0,383,479,216,237
exp2495,A2,206,Plochá,,,0,,0,1,0,0,0,679,1090,0,0
exp2500,A2,207,Plná,Krátkodobý úspěch,3.0,0,,0,0,0,0,0,627,256,414,147
exp2501,A2,208,Plná,Dlouhodobý úspěch,4.0,0,,1,0,0,0,0,534,187,262,221
exp2510,A2,209,Plná,Krátkodobý úspěch,4.0,0,,0,0,0,0,0,695,218,494,239
exp2511,A2,210,Plochá,,,0,,0,1,0,0,0,561,226,0,0
exp2512,A2,211,Plná,Krátkodobý úspěch,4.0,0,,0,0,1,0,0,506,604,402,261
exp2513,A2,212,Plná,Krátkodobý úspěch,3.0,0,,0,0,0,0,0,958,707,1274,751
exp2519,A2,213,Plochá,,,0,,0,1,0,0,0,536,382,0,0
exp2522,A2,214,Plná,Krátkodobý úspěch,2.0,0,,0,0,1,0,0,704,539,890,384
exp2523,A2,215,Plná,Krátkodobý úspěch,4.0,0,,1,0,0,0,0,531,482,632,349
exp2524,A2,216,Plochá,,,0,,0,1,0,0,0,1510,834,0,0
exp2528,A2,217,Plná,Dlouhodobý úspěch,4.0,0,,1,0,0,0,0,482,640,294,115
exp2529,A2,218,Plochá,,,0,,0,1,0,0,0,424,542,281,214
exp2530,A2,219,Plochá,,,0,,0,1,0,0,0,1141,1172,0,0
exp2531,A2,220,Plná,Neúspěch,3.0,0,,0,0,1,0,0,513,428,393,105
exp2532,A2,221,Plná,Dlouhodobý úspěch,4.0,0,,1,0,0,0,0,1455,1424,1250,3640
exp2533,A2,222,Plná,Dlouhodobý úspěch,4.0,0,,0,0,0,0,0,410,484,480,359
exp2534,A2,223,Plná,Dlouhodobý úspěch,3.0,0,,1,0,0,0,0,888,423,1211,684
exp2535,A2,224,Plná,Dlouhodobý úspěch,4.0,0,,0,0,0,0,0,757,738,1230,714
exp2536,A2,225,Plochá,,,0,,1,1,0,0,0,416,440,471,131
exp2537,A2,226,Plná,Dlouhodobý úspěch,4.0,0,,0,0,0,0,0,658,624,1379,658
exp2538,A2,227,Plná,Krátkodobý úspěch,4.0,0,,0,0,0,0,0,483,444,757,392
exp2539,A2,228,Plná,Dlouhodobý úspěch,4.0,0,,0,0,0,0,0,477,540,689,454
exp2540,A2,229,Plná,Krátkodobý úspěch,3.0,0,,0,0,0,0,0,476,402,459,366
exp2541,A2,230,Plná,Dlouhodobý úspěch,2.0,0,,0,0,1,0,0,924,235,427,46
exp2542,A2,231,Plná,Krátkodobý úspěch,4.0,0,,0,0,0,0,0,789,529,1154,841
exp2543,A2,232,Plná,Neúspěch,4.0,0,,0,0,1,0,0,414,657,413,3573
exp2544,A2,233,Plná,Krátkodobý úspěch,2.0,0,,1,0,1,0,0,982,357,529,911
exp2545,A2,234,Plná,Dlouhodobý úspěch,4.0,0,,0,0,0,0,0,417,688,484,362
exp2546,A2,235,Plná,Neúspěch,2.0,0,,0,0,1,0,0,486,464,416,787
exp2547,A2,236,Plná,Neúspěch,2.0,0,,0,0,1,0,0,407,431,529,122
exp2548,A2,237,Plná,Krátkodobý úspěch,4.0,0,,0,0,0,0,0,414,401,592,257
exp2549,A2,238,Plná,Dlouhodobý úspěch,4.0,0,,0,0,0,0,0,570,583,888,503
exp2550,A2,239,Plná,Dlouhodobý úspěch,2.0,0,,0,0,1,0,0,446,408,1057,172
exp2551,A2,240,Plná,Dlouhodobý úspěch,4.0,0,,0,0,0,0,0,639,739,821,688
exp2552,A2,241,Plná,Krátkodobý úspěch,3.0,0,,0,0,0,0,0,697,426,797,294
exp2553,A2,242,Plná,Dlouhodobý úspěch,4.0,0,,0,0,0,0,0,551,409,786,478
exp2554,A2,243,Plná,Dlouhodobý úspěch,4.0,0,,0,0,0,0,0,945,692,1084,730
exp2555,A2,244,Plná,Dlouhodobý úspěch,4.0,0,,0,0,0,0,0,1009,815,1381,890
exp2556,A2,245,Plná,Neúspěch,3.0,0,,0,0,1,0,0,972,764,860,573
exp2557,A2,246,Plná,Neúspěch,3.0,0,,0,0,0,0,0,500,404,552,460
exp2558,A2,247,Plná,Krátkodobý úspěch,3.0,0,,0,0,0,0,0,415,402,407,118
exp2559,A2,248,Plná,Krátkodobý úspěch,3.0,0,,0,0,0,0,0,460,486,611,581
exp2560,A2,249,Plná,Dlouhodobý úspěch,3.0,0,,0,0,1,1,0,2106,469,823,3633
exp2561,A2,250,Plná,Neúspěch,2.0,0,,0,0,1,0,0,511,415,414,977
exp2562,A2,251,Plná,Dlouhodobý úspěch,4.0,0,,0,0,0,0,0,932,480,1150,521
exp2563,A2,252,Plná,Dlouhodobý úspěch,4.0,0,,0,0,0,0,0,846,505,876,457
exp2564,A2,253,Plná,Krátkodobý úspěch,4.0,0,,1,0,0,0,0,541,986,696,1114
exp2565,A2,254,Plná,Dlouhodobý úspěch,3.0,0,,0,0,1,1,0,1255,515,807,897
exp2566,A2,255,Plná,Dlouhodobý úspěch,4.0,0,,0,0,0,0,0,766,689,978,1520
exp2567,A2,256,Plná,Krátkodobý úspěch,4.0,0,,0,1,0,0,0,930,759,920,895
exp2568,A2,257,Plná,Krátkodobý úspěch,3.0,0,,0,0,1,1,0,461,523,789,1222
exp2569,A2,258,Plná,Dlouhodobý úspěch,3.0,0,,1,0,0,0,0,452,513,864,470
exp2570,A2,259,Plná,Dlouhodobý úspěch,4.0,0,,0,0,0,0,0,658,516,725,583
exp2571,A2,260,Plná,Neúspěch,4.0,0,,0,0,1,1,0,420,487,682,395
exp2572,A2,261,Plná,Krátkodobý úspěch,4.0,0,,0,0,0,0,0,1180,1717,904,687
exp2573,A2,262,Plná,Krátkodobý úspěch,3.0,0,,0,0,1,0,0,451,431,502,272
exp2574,A2,263,Plná,Krátkodobý úspěch,3.0,0,,1,0,0,0,1,977,942,1050,910
exp2575,A2,264,Plná,Dlouhodobý úspěch,4.0,0,,0,0,0,0,0,568,450,733,363
exp2576,A2,265,Plná,Krátkodobý úspěch,3.0,0,,0,0,0,0,0,518,453,608,505
exp2577,A2,266,Plná,Krátkodobý úspěch,3.0,0,,0,0,1,0,0,776,779,1292,835
exp2578,A2,267,Plná,Dlouhodobý úspěch,4.0,0,,0,0,1,0,0,408,488,780,308
exp2579,A2,268,Plná,Neúspěch,3.0,0,,1,0,0,0,0,431,437,671,316
exp2580,A2,269,Plná,Dlouhodobý úspěch,3.0,0,,0,0,0,0,0,511,443,511,215
exp2581,A2,270,Plná,Krátkodobý úspěch,3.0,0,,0,0,1,0,0,921,1161,849,781
exp2582,A2,271,Plná,Dlouhodobý úspěch,4.0,0,,0,0,0,0,0,718,444,974,408
exp2583,A2,272,Plná,Dlouhodobý úspěch,4.0,0,,0,0,0,0,0,426,433,434,142
exp2584,A2,273,Plná,Dlouhodobý úspěch,3.0,0,,0,0,0,0,0,1020,657,738,129
exp2585,A2,274,Plná,Krátkodobý úspěch,4.0,0,,0,0,0,0,0,598,421,726,189
exp2586,A2,275,Plná,Krátkodobý úspěch,3.0,0,,1,0,1,0,0,823,671,415,278
exp2587,A2,276,Plná,Dlouhodobý úspěch,4.0,0,,0,0,0,0,0,442,592,604,351
exp2588,A2,277,Plná,Dlouhodobý úspěch,4.0,0,,1,0,0,0,0,744,504,445,250
exp2589,A2,278,Plná,Dlouhodobý úspěch,4.0,0,,0,0,0,0,0,741,792,1094,913
exp2590,A2,279,Plná,Dlouhodobý úspěch,4.0,0,,0,0,0,0,0,1184,428,875,630
exp2592,A2,280,Plná,Dlouhodobý úspěch,3.0,0,,0,0,1,1,0,1385,605,797,427
exp2593,A2,281,Plná,Dlouhodobý úspěch,4.0,0,,0,0,0,0,0,796,877,684,638
exp2594,A2,282,Plná,Krátkodobý úspěch,3.0,0,,1,0,0,0,0,476,556,701,685
exp2595,A2,283,Plná,Krátkodobý úspěch,3.0,0,,1,0,0,0,0,431,457,535,585
exp2596,A2,284,Plná,Dlouhodobý úspěch,4.0,0,,0,0,0,0,0,1280,473,595,824
exp2597,A2,285,Plná,Dlouhodobý úspěch,3.0,0,,1,0,0,0,0,427,613,412,500
exp2598,A2,286,Plná,Dlouhodobý úspěch,4.0,0,,0,0,0,0,0,659,440,421,434
exp2599,A2,287,Plná,Krátkodobý úspěch,2.0,0,,0,0,0,0,0,1407,671,1367,781
exp2600,A2,288,Plná,Dlouhodobý úspěch,4.0,0,,0,0,0,0,0,530,885,1197,1553
exp2601,A2,289,Plná,Neúspěch,4.0,0,,0,0,0,0,0,426,465,480,241
exp2602,A2,290,Plná,Dlouhodobý úspěch,4.0,0,,0,0,0,0,0,416,566,446,412
exp2603,A2,291,Plná,Krátkodobý úspěch,2.0,0,,0,0,0,0,0,434,401,686,220
exp2604,A2,292,Plná,Dlouhodobý úspěch,4.0,0,,0,0,0,0,0,422,449,602,250
exp2605,A2,293,Plná,Dlouhodobý úspěch,1.0,0,,0,0,1,0,0,415,434,657,510
exp2606,A2,294,Plná,Krátkodobý úspěch,2.0,0,,0,0,0,0,0,1392,861,456,4323
exp2607,A2,295,Plná,Krátkodobý úspěch,4.0,0,,0,0,0,0,0,664,1082,668,366
exp2608,A2,296,Plná,Dlouhodobý úspěch,4.0,0,,0,0,0,0,0,597,487,1599,0
exp2609,A2,297,Plná,Krátkodobý úspěch,3.0,0,,0,0,0,0,0,582,634,912,533
exp2610,A2,298,Plná,Krátkodobý úspěch,3.0,0,,0,0,0,0,0,679,579,1231,663
exp2611,A2,299,Plná,Dlouhodobý úspěch,4.0,0,,0,0,0,0,0,858,661,1043,877
exp2612,A2,300,Plná,Dlouhodobý úspěch,3.0,0,,0,0,0,0,0,818,758,1011,1074
exp2613,A2,301,Plná,Dlouhodobý úspěch,3.0,0,,0,0,0,0,0,644,1123,1094,773
exp2614,A2,302,Plná,Krátkodobý úspěch,3.0,0,,0,0,0,0,0,454,564,530,1232
exp2615,A2,303,Plná,Neúspěch,3.0,0,,0,0,0,0,0,403,433,772,0
exp2616,A2,304,Plná,Neúspěch,2.0,0,,0,0,0,0,0,446,432,517,547
exp2617,A2,305,Plná,Neúspěch,3.0,0,,0,0,0,0,0,431,764,571,290
exp2618,A2,306,Plná,Krátkodobý úspěch,3.0,0,,1,0,0,0,1,921,630,857,839
exp2619,A2,307,Plná,Dlouhodobý úspěch,4.0,0,,0,0,0,0,0,678,823,886,569
exp2620,A2,308,Plná,Neúspěch,2.0,0,,0,0,0,0,0,472,454,448,325
exp2621,A2,309,Plná,Krátkodobý úspěch,4.0,0,,0,0,0,0,0,422,511,573,1054
exp2622,A2,310,Plná,Krátkodobý úspěch,2.0,0,,0,0,0,0,0,501,448,537,294
exp2623,A2,311,Plná,Neúspěch,3.0,0,,0,0,0,0,0,745,713,1218,816
exp2624,A2,312,Plná,Dlouhodobý úspěch,4.0,0,,0,0,0,0,0,429,427,581,729
exp2625,A2,313,Plná,Neúspěch,2.0,0,,0,0,0,0,0,468,509,694,0
exp2626,A2,314,Plná,Neúspěch,2.0,0,,0,0,0,0,0,503,491,697,73
exp2627,A2,315,Plná,Krátkodobý úspěch,2.0,0,,0,0,0,0,0,423,423,406,524
exp2628,A2,316,Plná,Dlouhodobý úspěch,3.0,0,,0,0,0,0,0,410,405,498,26
exp2629,A2,317,Plná,Krátkodobý úspěch,3.0,0,,0,0,0,0,0,474,413,602,449
exp2630,A2,318,Plná,Dlouhodobý úspěch,4.0,0,,0,0,0,0,0,446,443,691,506
exp2631,A2,319,Plná,Krátkodobý úspěch,2.0,0,,1,0,0,0,0,581,483,520,292
exp2632,A2,320,Plná,Krátkodobý úspěch,3.0,0,,0,0,0,0,0,444,871,1045,976
exp2633,A2,321,Plná,Krátkodobý úspěch,2.0,0,,0,0,0,0,0,603,442,676,565
exp2634,A2,322,Plná,Krátkodobý úspěch,3.0,0,,0,0,0,0,0,515,652,581,245
exp2635,A2,323,Plná,Neúspěch,2.0,0,,0,0,0,0,0,1489,720,826,967
exp2636,A2,324,Plochá,Krátkodobý úspěch,2.0,0,,0,1,0,0,0,645,451,837,447
exp2637,A2,325,Plná,Dlouhodobý úspěch,4.0,0,,0,0,0,0,0,882,446,452,752
exp2639,A2,326,Plná,Krátkodobý úspěch,3.0,0,,0,0,0,0,0,595,509,408,789
exp2640,A2,327,Plná,Krátkodobý úspěch,3.0,0,,0,0,0,0,0,750,434,784,579
exp2641,A2,328,Plná,Krátkodobý úspěch,3.0,0,,0,0,0,0,0,598,434,588,191
exp2642,A2,329,Plná,Dlouhodobý úspěch,3.0,0,,0,0,0,0,0,511,480,1510,386
exp2643,A2,330,Plná,Dlouhodobý úspěch,3.0,0,,1,0,0,0,0,410,424,442,195
exp2644,A2,331,Plná,Dlouhodobý úspěch,4.0,0,,0,0,0,0,0,420,801,959,1109
exp2645,A2,332,Plná,Dlouhodobý úspěch,4.0,0,,0,0,0,0,0,761,405,860,1502
exp2646,A2,333,Plná,Krátkodobý úspěch,4.0,0,,0,0,0,0,0,512,596,1212,458
exp2647,A2,334,Plná,Krátkodobý úspěch,3.0,0,,0,0,0,0,0,581,399,475,356
exp2648,A2,335,Plná,Krátkodobý úspěch,3.0,0,,0,0,1,1,0,430,504,781,311
exp2649,A2,336,Plochá,,,0,,0,1,0,0,0,144,1418,0,0
exp2650,A2,337,Plná,Dlouhodobý úspěch,4.0,0,,0,0,1,0,0,861,583,1142,487
exp2651,A2,338,Plná,Dlouhodobý úspěch,4.0,0,,0,0,0,0,0,504,454,1082,299
exp2652,A2,339,Plná,Dlouhodobý úspěch,3.0,0,,0,0,1,1,0,411,401,415,222
exp2653,A2,340,Plná,Krátkodobý úspěch,3.0,0,,0,0,0,0,0,476,412,418,172
exp2654,A2,341,Plná,Dlouhodobý úspěch,4.0,0,,0,0,0,0,0,591,540,1328,747
exp2655,A2,342,Plná,Dlouhodobý úspěch,3.0,0,,0,0,1,0,0,538,474,633,188
exp2656,A2,343,Plná,Krátkodobý úspěch,3.0,0,,0,0,0,0,0,459,446,436,155
exp2657,A2,344,Plná,Krátkodobý úspěch,4.0,0,,0,0,0,0,0,456,604,1011,832
exp2658,A2,345,Plná,Krátkodobý úspěch,2.0,0,,0,0,1,1,0,676,617,1214,1732
exp2659,A2,346,Plná,Dlouhodobý úspěch,3.0,0,,0,0,0,0,0,677,412,436,195
exp2661,A2,347,Plná,Neúspěch,4.0,0,,1,0,0,0,0,2223,601,1018,575
exp2662,A2,348,Plná,Dlouhodobý úspěch,4.0,0,,1,0,0,0,0,592,520,652,472
exp2663,A2,349,Plná,Neúspěch,2.0,0,,0,0,0,0,0,603,473,648,505
exp2664,A2,350,Plná,Dlouhodobý úspěch,3.0,0,,0,0,0,0,0,1046,430,796,140
exp2665,A2,351,Plná,Dlouhodobý úspěch,4.0,0,,1,0,0,0,0,1113,470,654,479
exp2666,A2,352,Plná,Dlouhodobý úspěch,3.0,0,,0,0,1,0,0,425,470,587,635
exp2667,A2,353,Plná,Dlouhodobý úspěch,4.0,0,,0,0,0,0,0,588,1163,941,1788
exp2668,A2,354,Plná,Krátkodobý úspěch,3.0,0,,0,0,0,0,0,499,596,472,312
exp2669,A2,355,Plná,Krátkodobý úspěch,3.0,0,,1,0,0,0,0,403,499,693,166
exp2670,A2,356,Plná,Krátkodobý úspěch,3.0,0,,1,0,0,0,0,623,430,732,215
exp2671,A2,357,Plná,Dlouhodobý úspěch,3.0,0,,0,0,1,0,0,595,440,592,272
exp2672,A2,358,Plná,Dlouhodobý úspěch,4.0,0,,0,0,0,0,0,546,666,1328,352
exp2673,A2,359,Plná,Dlouhodobý úspěch,4.0,0,,1,0,0,0,1,1130,1064,1389,1237
exp2674,A2,360,Plná,Dlouhodobý úspěch,4.0,0,,0,0,0,0,0,397,449,608,165
exp2675,A2,361,Plná,Dlouhodobý úspěch,3.0,0,,0,0,1,1,0,497,444,411,309
exp2676,A2,362,Plná,Krátkodobý úspěch,3.0,0,,0,0,0,0,0,510,1190,1019,335
exp2677,A2,363,Plná,Krátkodobý úspěch,3.0,0,,0,0,0,0,0,490,456,406,288
exp2678,A2,364,Plná,Dlouhodobý úspěch,4.0,0,,0,0,0,0,0,897,688,1047,613
exp2679,A2,365,Plochá,Neúspěch,1.0,0,,1,1,0,0,0,688,596,432,934
exp2680,A2,366,Plná,Krátkodobý úspěch,3.0,0,,0,0,0,0,0,399,449,463,144
exp2681,A2,367,Plná,Krátkodobý úspěch,3.0,0,,0,0,0,0,0,444,547,529,466
exp2682,A2,368,Plná,Dlouhodobý úspěch,3.0,0,,0,0,1,1,0,415,647,580,261
exp2683,A2,369,Plná,Dlouhodobý úspěch,4.0,0,,0,0,1,1,0,783,580,437,262
exp2684,A2,370,Plná,Dlouhodobý úspěch,4.0,0,,0,0,0,0,0,423,626,406,270
exp2685,A2,371,Plochá,Dlouhodobý úspěch,3.0,0,,0,0,1,0,0,489,511,541,648
exp2686,A2,372,Plná,Dlouhodobý úspěch,4.0,0,,0,0,0,0,0,514,439,719,366
exp2687,A2,373,Plochá,Neúspěch,3.0,0,,0,0,1,0,0,975,1017,586,711
exp2688,A2,374,Plná,Krátkodobý úspěch,4.0,0,,0,0,0,0,0,441,447,471,114
exp2689,A2,375,Plná,Krátkodobý úspěch,4.0,0,,1,0,0,0,0,747,622,539,479
exp2690,A2,376,Plná,Krátkodobý úspěch,4.0,0,,0,0,0,0,0,402,455,725,441
exp2691,A2,377,Plná,Dlouhodobý úspěch,4.0,0,,0,0,0,0,0,687,562,505,257
exp2692,A2,378,Plná,Krátkodobý úspěch,3.0,0,,0,0,0,0,0,739,531,1042,1767
exp2693,A2,379,Plná,Krátkodobý úspěch,3.0,0,,1,0,0,0,0,764,412,957,451
exp2694,A2,380,Plná,Krátkodobý úspěch,3.0,0,,0,0,1,1,0,888,421,1295,75
exp2695,A2,381,Plná,Krátkodobý úspěch,3.0,0,,0,0,0,0,0,421,435,481,84
exp2696,A2,382,Plná,Dlouhodobý úspěch,4.0,0,,0,0,0,0,0,719,428,599,307
exp2697,A2,383,Plná,Krátkodobý úspěch,3.0,0,,1,0,0,0,0,643,539,722,512
exp2698,A2,384,Plná,Neúspěch,4.0,0,,0,0,0,0,0,599,615,1183,422
exp2699,A2,385,Plná,Dlouhodobý úspěch,4.0,0,,1,0,0,0,0,403,438,462,678
exp2700,A2,386,Plná,Neúspěch,4.0,0,,0,0,0,0,0,1885,1512,1881,2578
exp2701,A2,387,Plná,Dlouhodobý úspěch,4.0,0,,0,0,0,0,0,611,528,807,738
exp2702,A2,388,Plná,Dlouhodobý úspěch,4.0,0,,0,0,0,0,0,906,1173,0,728
exp2703,A2,389,Plná,Dlouhodobý úspěch,4.0,0,,0,0,0,0,0,554,433,399,394
exp2704,A2,390,Plná,Dlouhodobý úspěch,3.0,0,,0,0,0,0,0,494,462,418,458
exp2705,A2,391,Plochá,Neúspěch,1.0,0,,0,1,0,0,0,799,433,1158,455
exp2706,A2,392,Plná,Neúspěch,4.0,0,,0,0,0,0,0,741,480,468,195
exp2707,A2,393,Plná,Neúspěch,3.0,0,,0,0,0,0,0,445,417,515,171
exp2708,A2,394,Plná,Dlouhodobý úspěch,4.0,0,,0,0,0,0,0,449,449,455,389
exp2709,A2,395,Plná,Dlouhodobý úspěch,4.0,0,,0,0,0,0,0,636,1661,804,562
exp2710,A2,396,Plná,Dlouhodobý úspěch,4.0,0,,0,0,0,0,0,551,409,846,220
exp2711,A2,397,Plná,Dlouhodobý úspěch,3.0,0,,0,0,0,0,0,440,468,601,345
exp2712,A2,398,Plná,Neúspěch,3.0,0,,0,0,0,0,0,708,468,550,299
exp2713,A2,399,Plná,Dlouhodobý úspěch,4.0,0,,0,0,0,0,0,713,430,1903,582
exp2714,A2,400,Plná,Krátkodobý úspěch,4.0,0,,0,0,0,0,0,472,904,606,1097
exp2715,A2,401,Plná,Krátkodobý úspěch,3.0,0,,0,0,1,0,0,824,544,1083,833
exp2716,A2,402,Plná,Dlouhodobý úspěch,4.0,0,,1,0,0,0,0,471,406,588,436
exp2717,A2,403,Plná,Neúspěch,2.0,0,,0,0,1,1,0,719,459,940,431
exp2718,A2,404,Plná,Krátkodobý úspěch,3.0,0,,0,0,0,0,0,879,539,555,551
exp2719,A2,405,Plná,Neúspěch,2.0,0,,0,0,1,0,0,677,720,589,325
exp2720,A2,406,Plná,Neúspěch,3.0,0,,0,0,0,0,0,488,586,626,208
exp2721,A2,407,Plná,Krátkodobý úspěch,4.0,0,,0,0,0,0,0,1162,978,709,795
exp2722,A2,408,Plná,Dlouhodobý úspěch,3.0,0,,0,0,0,0,0,617,432,431,713
exp2723,A2,409,Plná,Dlouhodobý úspěch,3.0,0,,0,0,1,0,0,423,488,793,89
exp2724,A2,410,Plná,Dlouhodobý úspěch,4.0,0,,0,0,0,0,0,427,333,525,192
exp2725,A2,411,Plná,Dlouhodobý úspěch,4.0,0,,0,0,0,0,0,1449,600,618,241
exp2726,A2,412,Plná,Dlouhodobý úspěch,4.0,0,,0,0,0,0,0,413,411,509,284
exp2727,A2,413,Plná,Krátkodobý úspěch,3.0,0,,1,0,0,0,0,2082,451,1335,143
exp2728,A2,414,Plná,Dlouhodobý úspěch,3.0,0,,0,0,0,0,0,1747,848,687,1560
exp2729,A2,415,Plná,Krátkodobý úspěch,3.0,0,,0,0,0,0,0,431,572,459,3866
exp2730,A2,416,Plná,Dlouhodobý úspěch,3.0,0,,0,0,0,0,0,499,590,1741,374
exp2731,A2,417,Plná,Dlouhodobý úspěch,4.0,0,,0,0,0,0,0,575,469,1620,337
exp2732,A2,418,Plná,Dlouhodobý úspěch,4.0,0,,0,0,0,0,0,566,666,872,495
exp2733,A2,419,Plná,Krátkodobý úspěch,3.0,0,,0,0,0,0,0,414,518,668,588
exp2734,A2,420,Plná,Krátkodobý úspěch,3.0,0,,0,0,0,0,0,754,518,488,456
exp2735,A2,421,Plná,Dlouhodobý úspěch,4.0,0,,0,0,0,0,0,1209,1074,1039,943
exp2736,A2,422,Plná,Neúspěch,3.0,0,,0,0,0,0,0,1583,427,651,435
exp2737,A2,423,Plná,Neúspěch,4.0,0,,0,0,0,0,0,1200,1362,617,240
exp2738,A2,424,Plná,Neúspěch,2.0,0,,0,0,0,0,0,400,423,415,111
exp2739,A2,425,Plná,Neúspěch,3.0,0,,1,0,0,0,0,1045,438,808,344
exp2740,A2,426,Plná,Dlouhodobý úspěch,2.0,0,,1,0,1,1,0,666,707,491,923
exp2741,A2,427,Plná,Krátkodobý úspěch,3.0,0,,0,0,0,0,0,473,428,782,289
exp2742,A2,428,Plná,Dlouhodobý úspěch,4.0,0,,0,0,0,0,0,842,709,722,588
exp2743,A2,429,Plná,Krátkodobý úspěch,3.0,0,,0,0,0,0,0,592,649,529,243
exp2744,A2,430,Plná,Dlouhodobý úspěch,3.0,0,,0,0,0,0,0,413,470,447,184
exp2745,A2,431,Plná,Dlouhodobý úspěch,4.0,0,,0,0,0,0,0,531,470,639,850
exp2746,A2,432,Plná,Dlouhodobý úspěch,3.0,0,,0,0,0,0,0,618,426,464,316
exp2747,A2,433,Plná,Krátkodobý úspěch,3.0,0,,0,0,0,0,0,640,670,1148,610
exp2748,A2,434,Plná,Dlouhodobý úspěch,4.0,0,,0,0,0,0,0,726,581,717,598
exp2749,A2,435,Plná,Neúspěch,2.0,0,,0,0,0,0,0,790,458,995,118
exp2750,A2,436,Plná,Dlouhodobý úspěch,4.0,0,,0,0,0,0,0,422,472,465,3274
exp2751,A2,437,Plná,Dlouhodobý úspěch,4.0,0,,0,0,1,1,0,601,704,1047,312
exp2752,A2,438,Plná,Krátkodobý úspěch,3.0,0,,1,0,1,1,0,438,570,768,105
exp2753,A2,439,Plná,Neúspěch,3.0,0,,0,0,0,0,0,515,434,790,447
exp2754,A2,440,Plná,Dlouhodobý úspěch,4.0,0,,0,0,0,0,0,627,135,339,215
exp2755,A2,441,Plná,Krátkodobý úspěch,3.0,0,,0,0,0,0,0,1241,729,1730,800
exp2756,A2,442,Plná,Dlouhodobý úspěch,4.0,0,,0,0,0,0,0,827,559,861,307
exp2757,A2,443,Plná,Neúspěch,4.0,0,,0,0,0,0,0,739,739,597,597
exp2758,A2,444,Plná,Dlouhodobý úspěch,4.0,0,,0,0,0,0,0,491,457,851,428
exp2759,A2,445,Plná,Dlouhodobý úspěch,3.0,0,,0,1,1,1,0,473,425,8,200
exp2760,A2,446,Plná,Dlouhodobý úspěch,4.0,0,,0,0,0,0,0,406,525,788,269
exp2761,A2,447,Plná,Dlouhodobý úspěch,4.0,0,,0,0,0,0,0,1417,2023,3347,2712
exp2762,A2,448,Plná,Dlouhodobý úspěch,4.0,0,,0,0,0,0,0,1474,1544,1343,1323
exp2763,A2,449,Plná,Dlouhodobý úspěch,4.0,0,,0,0,0,0,0,460,471,489,168
exp2764,A2,450,Plná,Neúspěch,3.0,0,,1,0,0,0,0,1501,519,976,317
exp2765,A2,451,Plná,Dlouhodobý úspěch,3.0,0,,0,0,1,1,0,598,461,492,36
exp2766,A2,452,Plná,Dlouhodobý úspěch,4.0,0,,0,0,0,0,0,533,420,483,147
exp2767,A2,453,Plná,Krátkodobý úspěch,2.0,0,,0,0,1,1,0,883,492,1358,650
exp2768,A2,454,Plná,Dlouhodobý úspěch,4.0,0,,0,0,0,0,0,1257,821,984,1535
exp2769,A2,455,Plná,Krátkodobý úspěch,4.0,0,,0,0,1,1,0,615,434,678,328
exp2770,A2,456,Plná,Dlouhodobý úspěch,3.0,0,,0,0,0,0,0,774,610,686,477
exp2771,A2,457,Plná,Dlouhodobý úspěch,3.0,0,,1,0,0,0,0,526,409,524,213
exp2772,A2,458,Plná,Dlouhodobý úspěch,4.0,1,vhodnost,0,0,0,0,0,564,432,682,600
exp2773,A2,459,Plná,Neúspěch,3.0,0,,0,0,0,0,0,504,637,607,663
exp2774,A2,460,Plná,Dlouhodobý úspěch,4.0,1,dopad,0,0,0,0,0,546,433,610,438
exp2775,A2,461,Plná,Dlouhodobý úspěch,4.0,0,,0,0,0,0,0,551,508,435,257
exp2776,A2,462,Plná,Dlouhodobý úspěch,4.0,0,,0,0,0,0,0,772,423,439,304
exp2777,A2,463,Plná,Dlouhodobý úspěch,4.0,0,,0,0,0,0,0,409,411,717,256
exp2778,A2,464,Plná,Dlouhodobý úspěch,4.0,0,,0,0,0,0,0,797,450,971,617
exp2779,A2,465,Plná,Dlouhodobý úspěch,4.0,0,,0,0,0,0,0,675,610,721,221
exp2780,A2,466,Plná,Dlouhodobý úspěch,4.0,0,,0,0,0,0,0,2561,484,1280,514
exp2781,A2,467,Plná,Dlouhodobý úspěch,4.0,0,,0,0,0,0,0,845,1020,2516,673
exp2782,A2,468,Plná,Dlouhodobý úspěch,4.0,0,,0,0,0,0,0,447,748,429,314
exp2783,A2,469,Plná,Dlouhodobý úspěch,3.0,0,,0,0,0,0,0,649,464,1209,164
exp2784,A2,470,Plná,Neúspěch,2.0,1,kvalita;vhodnost,0,0,0,0,0,699,501,856,325
exp2785,A2,471,Plná,Neúspěch,3.0,1,dopad,0,0,0,0,0,462,719,1206,623
exp2786,A2,472,Plná,Dlouhodobý úspěch,3.0,0,,1,0,1,1,0,834,451,1128,194
exp2787,A2,473,Plná,Krátkodobý úspěch,3.0,0,,0,0,1,1,0,447,400,460,443
exp2788,A2,474,Plná,Dlouhodobý úspěch,4.0,0,,0,0,0,0,0,440,433,417,590
exp2789,A2,475,Plná,Neúspěch,4.0,1,vhodnost,0,0,0,0,0,753,428,1082,640
exp2790,A2,476,Plná,Dlouhodobý úspěch,3.0,0,,0,0,0,0,0,549,468,442,351
exp2791,A2,477,Plná,Krátkodobý úspěch,3.0,0,,0,0,0,0,0,612,578,485,302
exp2792,A2,478,Plná,Dlouhodobý úspěch,4.0,0,,0,0,0,0,0,948,480,597,518
exp2793,A2,479,Plná,Krátkodobý úspěch,2.0,1,vhodnost,0,0,1,1,0,849,558,1026,1190
exp2794,A2,480,Plná,Krátkodobý úspěch,4.0,1,vhodnost,0,0,0,0,0,765,833,906,203
exp2795,A2,481,Plná,Neúspěch,2.0,1,vhodnost,0,0,1,1,0,898,491,936,497
exp2796,A2,482,Plná,Dlouhodobý úspěch,4.0,0,,0,0,0,0,0,505,397,536,494
exp2797,A2,483,Plná,Krátkodobý úspěch,3.0,0,,0,0,0,0,0,1347,1229,1367,1014
exp2798,A2,484,Plná,Krátkodobý úspěch,3.0,0,,1,0,0,0,0,1207,890,3074,1168
exp2799,A2,485,Plná,Dlouhodobý úspěch,4.0,0,,0,0,0,0,0,479,409,504,377
exp2800,A2,486,Plná,Dlouhodobý úspěch,3.0,0,,0,0,0,0,0,561,585,658,523
exp2801,A2,487,Plochá,Dlouhodobý úspěch,3.0,0,,0,1,0,0,0,724,557,552,550
exp2802,A2,488,Plná,Krátkodobý úspěch,3.0,1,dopad,1,0,0,0,0,410,572,419,378
exp2803,A2,489,Plná,Dlouhodobý úspěch,4.0,1,dopad,0,0,0,0,0,1434,1115,986,1160
exp2804,A2,490,Plná,Dlouhodobý úspěch,4.0,0,,0,0,0,0,0,1230,473,1846,559
exp2805,A2,491,Plná,Krátkodobý úspěch,3.0,0,,0,0,0,0,0,654,461,471,255
exp2806,A2,492,Plná,Dlouhodobý úspěch,3.0,0,,0,0,0,0,0,484,420,603,124
exp2807,A2,493,Plochá,,,1,kvalita,0,1,0,0,0,596,452,489,245
exp2808,A2,494,Plná,Dlouhodobý úspěch,4.0,0,,0,0,0,0,0,1842,425,1637,1668
exp2809,A2,495,Plná,Krátkodobý úspěch,3.0,0,,1,0,1,1,0,1030,765,403,565
exp2810,A2,496,Plná,Krátkodobý úspěch,4.0,0,,1,0,0,0,0,499,517,851,1316
exp2811,A2,497,Plná,Dlouhodobý úspěch,3.0,0,,1,0,0,0,0,410,463,497,265
exp2812,A2,498,Plochá,,,1,kvalita,1,1,0,0,0,3607,411,0,0
exp2813,A2,499,Plná,Dlouhodobý úspěch,3.0,0,,1,0,0,0,0,1287,970,468,783
exp2814,A2,500,Plná,Dlouhodobý úspěch,4.0,0,,0,0,0,0,0,453,553,463,615
exp2815,A2,501,Plná,Dlouhodobý úspěch,3.0,0,,0,0,1,1,0,653,855,1308,590
exp2816,A2,502,Plná,Dlouhodobý úspěch,4.0,0,,0,0,0,0,0,593,413,543,498
exp2817,A2,503,Plná,Krátkodobý úspěch,3.0,0,,0,0,0,0,0,409,403,493,317
exp2818,A2,504,Plná,Krátkodobý úspěch,4.0,1,vhodnost,0,0,0,0,0,867,1049,1026,554
exp2820,A2,505,Plná,Dlouhodobý úspěch,4.0,0,,0,0,0,0,0,674,399,572,605
exp2821,A2,506,Plná,Dlouhodobý úspěch,3.0,0,,0,0,0,0,0,427,579,469,278
exp2822,A2,507,Plná,Neúspěch,3.0,0,,1,0,0,0,0,989,1011,799,478
exp2823,A2,508,Plná,Neúspěch,3.0,0,,1,0,0,0,0,830,697,547,1066
exp2824,A2,509,Plná,Dlouhodobý úspěch,3.0,0,,0,0,0,0,0,521,549,550,473
exp2825,A2,510,Plná,Dlouhodobý úspěch,4.0,0,,0,0,0,0,0,398,552,1022,354
exp2827,A2,511,Plná,Krátkodobý úspěch,3.0,0,,0,0,1,0,0,717,470,812,578
exp2828,A2,512,Plná,Dlouhodobý úspěch,4.0,0,,0,0,0,0,0,783,535,634,405
exp2829,A2,513,Plná,Krátkodobý úspěch,3.0,1,vhodnost,0,0,0,0,0,406,404,473,92
exp2830,A2,514,Plná,Krátkodobý úspěch,3.0,1,kvalita,0,0,0,0,0,549,442,444,495
exp2831,A2,515,Plná,Dlouhodobý úspěch,4.0,0,,0,0,0,0,0,613,501,469,567
exp2832,A2,516,Plná,Dlouhodobý úspěch,4.0,0,,0,0,0,0,0,487,234,423,368
exp2833,A2,517,Plná,Krátkodobý úspěch,3.0,1,vhodnost,1,0,0,0,0,753,438,859,588
exp2834,A2,518,Plná,Neúspěch,4.0,1,vhodnost,0,0,0,0,0,601,768,418,432
exp2835,A2,519,Plná,Dlouhodobý úspěch,4.0,0,,0,0,0,0,0,470,336,603,360
exp2836,A2,520,Plná,Dlouhodobý úspěch,4.0,0,,0,0,0,0,0,610,458,401,529
exp2837,A2,521,Plná,Dlouhodobý úspěch,4.0,0,,0,0,0,0,0,472,762,425,208
exp2838,A2,522,Plná,Dlouhodobý úspěch,4.0,0,,0,0,0,0,0,1588,515,1281,1310
exp2839,A2,523,Plná,Dlouhodobý úspěch,4.0,0,,0,0,0,0,0,562,504,1088,1511
exp2840,A2,524,Plná,Dlouhodobý úspěch,3.0,0,,1,0,1,1,0,1240,424,510,531
exp2841,A2,525,Plná,Dlouhodobý úspěch,4.0,0,,0,0,0,0,0,751,652,1165,514
exp2842,A2,526,Plná,Krátkodobý úspěch,4.0,0,,0,0,0,0,0,523,512,429,236
exp2843,A2,527,Plná,Krátkodobý úspěch,4.0,0,,0,0,0,0,0,598,552,620,756
exp2844,A2,528,Plná,Dlouhodobý úspěch,4.0,0,,1,0,0,0,0,731,702,1092,735
exp2845,A2,529,Plná,Neúspěch,4.0,0,,0,0,1,1,0,1846,769,904,497
exp2846,A2,530,Plná,Krátkodobý úspěch,4.0,0,,1,0,0,0,0,539,452,496,219
exp2847,A2,531,Plná,Dlouhodobý úspěch,4.0,0,,0,0,0,0,0,597,527,667,608
exp2848,A2,532,Plná,Dlouhodobý úspěch,4.0,1,dopad,0,0,0,0,0,1780,736,1726,401
exp2849,A2,533,Plná,Dlouhodobý úspěch,3.0,1,dopad,0,0,0,0,0,1175,781,1021,1086
exp2850,A2,534,Plná,Neúspěch,2.0,1,kvalita;vhodnost,0,0,0,0,0,3408,782,855,345
exp2851,A2,535,Plná,Neúspěch,3.0,0,,0,0,0,0,0,2231,1346,726,74
exp2852,A2,536,Plná,Dlouhodobý úspěch,4.0,0,,0,0,0,0,0,462,653,1366,321
exp2853,A2,537,Plná,Dlouhodobý úspěch,4.0,0,,1,0,0,0,0,571,459,795,584
exp2854,A2,538,Plná,Krátkodobý úspěch,3.0,0,,0,0,0,0,0,949,791,1292,688
exp2855,A2,539,Plná,Dlouhodobý úspěch,4.0,0,,0,0,0,0,0,977,938,1317,901
exp2856,A2,540,Plná,Dlouhodobý úspěch,4.0,1,kvalita,0,0,0,0,0,768,979,1710,1831
exp2857,A2,541,Plná,Krátkodobý úspěch,3.0,0,,0,0,0,0,0,405,458,471,169
exp2858,A2,542,Plná,Dlouhodobý úspěch,4.0,0,,0,0,0,0,0,888,434,1001,603
exp2859,A2,543,Plná,Dlouhodobý úspěch,4.0,1,vhodnost,0,0,0,0,0,666,412,718,441
exp2860,A2,544,Plná,Krátkodobý úspěch,3.0,0,,0,0,0,0,0,871,737,1502,1000
exp2861,A2,545,Plná,Dlouhodobý úspěch,3.0,0,,0,0,0,0,0,884,218,597,985
exp2862,A2,546,Plná,Neúspěch,4.0,1,vhodnost,0,0,0,0,0,491,485,764,339
exp2863,A2,547,Plná,Dlouhodobý úspěch,4.0,1,dopad,0,0,0,0,0,604,589,836,942
exp2864,A2,548,Plná,Neúspěch,2.0,1,kvalita,0,0,1,1,0,431,510,610,602
exp2865,A2,549,Plná,Neúspěch,3.0,0,,0,0,0,0,0,821,462,1152,103
exp2866,A2,550,Plná,Dlouhodobý úspěch,4.0,0,,0,0,0,0,0,863,450,1604,980
exp2867,A2,551,Plná,Dlouhodobý úspěch,3.0,0,,0,0,0,0,0,620,483,486,345
exp2868,A2,552,Plná,Neúspěch,3.0,1,vhodnost,1,0,0,0,0,758,1178,660,48
exp2869,A2,553,Plná,Dlouhodobý úspěch,4.0,1,kvalita,0,0,0,0,0,992,1407,846,905
exp2870,A2,554,Plná,Neúspěch,3.0,0,,1,0,0,0,0,2104,753,1212,868
exp2871,A2,555,Plná,Neúspěch,3.0,0,,0,0,0,0,0,701,587,428,413
exp2872,A2,556,Plná,Dlouhodobý úspěch,3.0,0,,0,0,0,0,0,455,459,645,384
exp2873,A2,557,Plná,Dlouhodobý úspěch,3.0,0,,0,0,0,0,0,444,478,837,205
exp2874,A2,558,Plná,Dlouhodobý úspěch,4.0,1,vhodnost,0,0,0,0,0,434,441,526,365
exp2875,A2,559,Plná,Krátkodobý úspěch,4.0,0,,0,0,0,0,0,1046,965,1761,498
exp2876,A2,560,Plná,Dlouhodobý úspěch,2.0,0,,0,0,1,1,0,469,520,508,141
exp2877,A2,561,Plná,Krátkodobý úspěch,4.0,0,,0,0,0,0,0,699,531,599,610
exp2878,A2,562,Plná,Krátkodobý úspěch,4.0,0,,0,0,0,0,0,541,644,537,353
exp2879,A2,563,Plná,Krátkodobý úspěch,4.0,0,,1,0,0,0,1,429,402,518,457
exp2880,A2,564,Plná,Dlouhodobý úspěch,4.0,0,,0,0,0,0,0,466,507,737,528
exp2881,A2,565,Plná,Krátkodobý úspěch,2.0,0,,0,0,1,1,0,523,983,1339,859
exp2882,A2,566,Plná,Neúspěch,2.0,0,,0,0,0,0,0,1310,395,1500,565
exp2883,A2,567,Plná,Krátkodobý úspěch,3.0,0,,0,0,0,0,0,441,422,494,420
exp2884,A2,568,Plná,Dlouhodobý úspěch,4.0,1,vhodnost,0,0,0,0,0,415,1234,690,633
exp2885,A2,569,Plná,Neúspěch,2.0,0,,0,0,1,1,0,2484,1771,536,2787
exp2886,A2,570,Plná,Dlouhodobý úspěch,4.0,0,,0,0,0,0,0,440,411,432,101
exp2887,A2,571,Plná,Krátkodobý úspěch,3.0,0,,0,0,0,0,0,472,717,1047,342
exp2888,A2,572,Plná,Neúspěch,2.0,0,,0,0,1,1,0,624,452,472,348
exp2889,A2,573,Plná,Neúspěch,2.0,0,,0,0,1,1,0,610,447,640,1053
exp2890,A2,574,Plná,Krátkodobý úspěch,3.0,0,,0,0,0,0,0,1007,711,471,536
exp2891,A2,575,Plná,Dlouhodobý úspěch,4.0,1,dopad,0,0,0,0,0,1517,884,2957,903
exp2892,A2,576,Plná,Krátkodobý úspěch,4.0,1,vhodnost,1,0,0,0,1,489,515,413,847
exp2893,A2,577,Plná,Krátkodobý úspěch,4.0,0,,0,0,0,0,0,487,484,460,394
exp2894,A2,578,Plná,Dlouhodobý úspěch,3.0,0,,0,0,0,0,0,591,400,669,239
exp2895,A2,579,Plná,Krátkodobý úspěch,4.0,0,,0,0,0,0,0,889,416,570,527
exp2896,A2,580,Plná,Dlouhodobý úspěch,4.0,0,,0,0,0,0,0,1173,1007,1170,1215
exp2897,A2,581,Plná,Dlouhodobý úspěch,3.0,1,dopad,0,0,0,0,0,2147,751,944,517
exp2898,A2,582,Plná,Dlouhodobý úspěch,4.0,0,,0,0,0,0,0,511,399,433,107
exp2899,A2,583,Plná,Dlouhodobý úspěch,3.0,0,,0,0,1,0,0,442,413,582,200
exp2900,A2,584,Plná,Dlouhodobý úspěch,4.0,0,,0,0,0,0,0,414,416,570,106
exp2901,A2,585,Plná,Dlouhodobý úspěch,4.0,0,,0,0,0,0,0,1133,724,1499,1504
exp2902,A2,586,Plná,Krátkodobý úspěch,3.0,0,,0,0,0,0,0,1183,472,622,173
exp2903,A2,587,Plná,Krátkodobý úspěch,4.0,0,,1,0,0,0,0,1303,517,731,438
exp2904,A2,588,Plná,Dlouhodobý úspěch,4.0,0,,0,0,0,0,0,421,420,701,235
exp2905,A2,589,Plná,Dlouhodobý úspěch,4.0,1,vhodnost,0,0,0,0,0,478,411,584,256
exp2906,A2,590,Plná,Neúspěch,3.0,0,,1,0,0,0,0,455,558,517,187
exp2907,A2,591,Plná,Neúspěch,3.0,0,,0,0,0,0,0,430,446,1254,455
exp2908,A2,592,Plná,Dlouhodobý úspěch,4.0,0,,0,0,0,0,0,430,449,445,137
exp2909,A2,593,Plná,Dlouhodobý úspěch,4.0,0,,0,0,0,0,0,962,1183,1352,1157
exp2910,A2,594,Plná,Dlouhodobý úspěch,4.0,0,,0,0,0,0,0,3060,1208,482,1235
exp2911,A2,595,Plná,Dlouhodobý úspěch,4.0,0,,1,0,0,0,0,689,403,968,497
exp2912,A2,596,Plná,Dlouhodobý úspěch,4.0,1,dopad;vhodnost,0,0,0,0,0,784,444,487,316
exp2913,A2,597,Plná,Krátkodobý úspěch,3.0,1,vhodnost,0,0,0,0,0,530,539,487,359
exp2914,A2,598,Plná,Dlouhodobý úspěch,4.0,0,,0,0,0,0,0,1382,522,450,706
exp2915,A2,599,Plná,Krátkodobý úspěch,3.0,1,vhodnost,0,0,0,0,0,786,695,686,234
exp2916,A2,600,Plná,Krátkodobý úspěch,3.0,1,vhodnost,0,0,0,0,0,696,409,450,403
exp2917,A2,601,Plná,Krátkodobý úspěch,4.0,1,kvalita,0,0,0,0,0,1014,455,599,279
exp2918,A2,602,Plná,Dlouhodobý úspěch,2.0,1,vhodnost,1,0,1,0,0,613,415,617,628
exp2919,A2,603,Plná,Dlouhodobý úspěch,3.0,0,,0,0,1,1,0,1450,657,1279,1345
exp2920,A2,604,Plná,Krátkodobý úspěch,3.0,0,,0,0,0,0,0,1380,825,1093,1134
exp2921,A2,605,Plná,Krátkodobý úspěch,3.0,0,,0,0,0,0,0,521,570,793,334
exp2922,A2,606,Plná,Dlouhodobý úspěch,4.0,0,,0,0,0,0,0,763,1083,803,378
exp2923,A2,607,Plná,Krátkodobý úspěch,4.0,0,,0,0,0,0,0,862,937,780,785
exp2924,A2,608,Plná,Dlouhodobý úspěch,4.0,0,,0,0,0,0,0,825,911,417,446
exp2925,A2,609,Plochá,Krátkodobý úspěch,3.0,0,,0,1,1,0,0,400,435,417,183
exp2926,A2,610,Plná,Krátkodobý úspěch,3.0,0,,0,0,0,0,0,537,408,429,262
exp2927,A2,611,Plná,Neúspěch,3.0,0,,0,0,1,1,0,592,515,542,569
exp2928,A2,612,Plná,Dlouhodobý úspěch,4.0,1,vhodnost,0,0,0,0,0,667,448,658,221
exp2929,A2,613,Plná,Krátkodobý úspěch,4.0,0,,0,0,0,0,0,494,410,653,546
exp2930,A2,614,Plná,Krátkodobý úspěch,4.0,1,dopad,0,0,0,0,0,1788,1493,2643,1557
exp2931,A2,615,Plná,Dlouhodobý úspěch,4.0,0,,0,0,0,0,0,427,406,662,259
exp2932,A2,616,Plná,Krátkodobý úspěch,3.0,1,vhodnost,1,0,0,0,0,942,805,586,589
exp2933,A2,617,Plná,Dlouhodobý úspěch,4.0,0,,0,0,0,0,0,1007,229,1320,171
exp2934,A2,618,Plná,Dlouhodobý úspěch,4.0,0,,0,0,0,0,0,626,500,1184,514
exp2935,A2,619,Plná,Dlouhodobý úspěch,3.0,0,,0,0,0,0,0,745,665,412,204
exp2936,A2,620,Plná,Dlouhodobý úspěch,4.0,0,,0,0,0,0,0,422,472,415,140
exp2937,A2,621,Plná,Dlouhodobý úspěch,4.0,0,,0,0,0,0,0,444,474,439,394
exp2938,A2,622,Plná,Dlouhodobý úspěch,3.0,0,,1,0,0,0,0,512,460,528,297
exp2939,A2,623,Plná,Dlouhodobý úspěch,4.0,1,vhodnost,0,0,0,0,0,453,543,400,176
exp2940,A2,624,Plná,Dlouhodobý úspěch,4.0,0,,0,0,0,0,0,423,423,440,204
exp2941,A2,625,Plná,Dlouhodobý úspěch,4.0,0,,0,0,0,0,0,2443,694,480,108
exp2942,A2,626,Plná,Dlouhodobý úspěch,4.0,0,,0,0,0,0,0,404,419,443,127
exp2943,A2,627,Plná,Neúspěch,4.0,1,vhodnost,0,0,0,0,0,635,426,834,237
exp2944,A2,628,Plná,Dlouhodobý úspěch,3.0,0,,0,0,0,0,0,604,497,524,552
exp2945,A2,629,Plná,Dlouhodobý úspěch,4.0,0,,0,0,0,0,0,1412,938,2681,2638
exp2946,A2,630,Plná,Krátkodobý úspěch,4.0,0,,0,0,0,0,0,1151,412,634,272
exp2947,A2,631,Plná,Dlouhodobý úspěch,3.0,1,dopad;vhodnost,1,0,0,0,0,693,446,1079,740
exp2948,A2,632,Plná,Dlouhodobý úspěch,4.0,0,,0,0,0,0,0,624,455,1138,217
exp2949,A2,633,Plná,Krátkodobý úspěch,3.0,0,,0,0,0,0,0,1009,923,874,487
exp2950,A2,634,Plná,Dlouhodobý úspěch,4.0,0,,0,0,0,0,0,1549,1872,2573,1085
exp2951,A2,635,Plná,Dlouhodobý úspěch,4.0,0,,0,0,0,0,0,439,658,1151,798
exp2952,A2,636,Plná,Dlouhodobý úspěch,4.0,0,,0,0,0,0,0,483,424,862,1366
exp2953,A2,637,Plná,Krátkodobý úspěch,3.0,1,kvalita,0,0,0,0,0,403,978,913,425
exp2954,A2,638,Plná,Dlouhodobý úspěch,4.0,0,,0,0,0,0,0,405,509,1433,1031
exp2955,A2,639,Plná,Dlouhodobý úspěch,4.0,0,,0,0,0,0,0,491,434,599,798
exp2956,A2,640,Plná,Neúspěch,3.0,0,,0,0,0,0,0,1721,2169,1455,328
exp2957,A2,641,Plná,Krátkodobý úspěch,3.0,0,,0,0,0,0,0,1408,488,567,557
exp2958,A2,642,Plná,Dlouhodobý úspěch,4.0,1,vhodnost,0,0,1,1,0,519,498,528,125
exp2959,A2,643,Plná,Krátkodobý úspěch,4.0,0,,0,0,0,0,0,1328,416,1159,223
exp2960,A2,644,Plná,Krátkodobý úspěch,4.0,0,,0,0,0,0,0,607,824,799,585
exp2961,A2,645,Plná,Neúspěch,2.0,0,,1,0,0,0,0,409,425,410,453
exp2962,A2,646,Plná,Krátkodobý úspěch,3.0,0,,0,0,0,0,0,541,432,495,155
exp2963,A2,647,Plná,Krátkodobý úspěch,3.0,0,,0,0,0,0,0,995,653,536,718
exp2964,A2,648,Plná,Krátkodobý úspěch,3.0,1,vhodnost,0,0,1,1,0,542,468,428,456
exp2965,A2,649,Plná,Krátkodobý úspěch,3.0,0,,1,0,0,0,0,406,763,413,380
exp2966,A2,650,Plná,Krátkodobý úspěch,3.0,0,,0,0,0,0,0,662,678,1070,506
exp2967,A2,651,Plná,Dlouhodobý úspěch,4.0,1,dopad;vhodnost,0,0,0,0,0,969,831,481,590
exp2968,A2,652,Plná,Dlouhodobý úspěch,4.0,1,dopad;vhodnost,0,0,0,0,0,1270,1263,1365,1257
exp2969,A2,653,Plná,Dlouhodobý úspěch,4.0,0,,0,0,0,0,0,506,476,515,455
exp2970,A2,654,Plná,Neúspěch,3.0,1,vhodnost,0,0,1,1,0,1111,752,807,478
exp2971,A2,655,Plná,Dlouhodobý úspěch,4.0,0,,0,0,0,0,0,444,418,572,324
exp2972,A2,656,Plná,Dlouhodobý úspěch,2.0,1,kvalita,0,1,1,1,0,547,579,1171,454
exp2973,A2,657,Plná,Krátkodobý úspěch,3.0,1,vhodnost,0,0,0,0,0,748,577,969,911
exp2974,A2,658,Plná,Dlouhodobý úspěch,3.0,1,dopad,0,0,0,0,0,735,657,588,101
exp2975,A2,659,Plná,Dlouhodobý úspěch,3.0,0,,0,0,1,0,0,1491,442,462,598
exp2976,A2,660,Plná,Dlouhodobý úspěch,4.0,0,,0,0,0,0,0,418,483,403,68
exp2977,A2,661,Plná,Dlouhodobý úspěch,4.0,0,,0,0,0,0,0,432,723,838,309
exp2978,A2,662,Plná,Neúspěch,4.0,1,vhodnost,0,0,1,1,0,459,441,630,555
exp2979,A2,663,Plná,Dlouhodobý úspěch,4.0,0,,0,0,0,0,0,1082,545,1532,334
exp2980,A2,664,Plná,Krátkodobý úspěch,3.0,1,vhodnost,0,0,0,0,0,414,445,557,547
exp2981,A2,665,Plná,Dlouhodobý úspěch,3.0,1,dopad,1,0,0,0,1,664,1342,2373,531
exp2982,A2,666,Plná,Krátkodobý úspěch,2.0,0,,0,0,0,0,0,613,1171,764,772
exp2983,A2,667,Plná,Krátkodobý úspěch,4.0,1,vhodnost,1,0,0,0,0,1458,804,1463,564
exp2984,A2,668,Plná,Dlouhodobý úspěch,4.0,0,,0,0,0,0,0,448,489,423,58
exp2985,A2,669,Plná,Neúspěch,2.0,0,,0,0,1,1,0,762,569,1591,1141
exp2986,A2,670,Plná,Dlouhodobý úspěch,4.0,0,,0,0,0,0,0,636,853,1482,338
exp2987,A2,671,Plná,Krátkodobý úspěch,3.0,0,,0,0,0,0,0,657,781,909,665
exp2988,A2,672,Plná,Dlouhodobý úspěch,4.0,0,,0,0,0,0,0,451,517,723,267
exp2989,A2,673,Plná,Neúspěch,3.0,0,,0,0,0,0,0,1191,560,1354,558
exp2990,A2,674,Plná,Dlouhodobý úspěch,4.0,1,vhodnost,0,0,0,0,0,506,491,480,521
exp2991,A2,675,Plná,Neúspěch,3.0,0,,0,0,1,1,0,509,408,984,798
exp2992,A2,676,Plná,Dlouhodobý úspěch,3.0,0,,0,0,0,0,0,498,457,683,444
exp2993,A2,677,Plná,Neúspěch,3.0,0,,0,0,0,0,0,1556,890,1134,473
exp2994,A2,678,Plná,Krátkodobý úspěch,4.0,0,,0,0,0,0,0,1032,484,1536,544
exp2995,A2,679,Plná,Dlouhodobý úspěch,4.0,0,,0,0,0,0,0,506,451,765,277
exp2996,A2,680,Plná,Dlouhodobý úspěch,4.0,0,,0,0,0,0,0,722,610,930,1149
exp2997,A2,681,Plná,Krátkodobý úspěch,3.0,1,dopad,1,0,0,0,1,659,541,483,639
exp2998,A2,682,Plná,Dlouhodobý úspěch,4.0,0,,0,0,0,0,0,431,597,580,665
exp2999,A2,683,Plná,Dlouhodobý úspěch,4.0,0,,0,0,0,0,0,1372,2200,2401,613
exp3000,A2,684,Plná,Dlouhodobý úspěch,3.0,0,,0,0,1,1,0,939,1250,815,398
exp3001,A2,685,Plochá,,,0,,1,1,0,0,0,398,400,423,147
exp3002,A2,686,Plná,Krátkodobý úspěch,3.0,0,,0,0,0,0,0,514,565,466,452
exp3003,A2,687,Plná,Dlouhodobý úspěch,3.0,0,,1,0,0,0,0,452,446,428,135
exp3004,A2,688,Plná,Krátkodobý úspěch,3.0,0,,0,0,0,0,0,439,609,433,123
exp3005,A2,689,Plná,Dlouhodobý úspěch,4.0,0,,0,0,0,0,0,1316,644,2649,829
exp3006,A2,690,Plná,Dlouhodobý úspěch,4.0,0,,0,0,0,0,0,697,409,2446,1243
exp3007,A2,691,Plná,Krátkodobý úspěch,3.0,1,dopad;vhodnost,0,0,0,0,0,905,1221,1691,566
exp3008,A2,692,Plná,Krátkodobý úspěch,4.0,0,,1,0,0,0,0,1697,519,789,231
exp3009,A2,693,Plná,Dlouhodobý úspěch,4.0,1,dopad,0,0,0,0,0,639,608,2100,545
exp3010,A2,694,Plná,Dlouhodobý úspěch,4.0,1,vhodnost,1,0,1,1,0,738,630,965,566
exp3011,A2,695,Plná,Dlouhodobý úspěch,4.0,1,dopad,0,0,0,0,0,906,824,887,716
exp3012,A2,696,Plná,Krátkodobý úspěch,4.0,0,,0,0,0,0,0,973,611,1627,184
exp3013,A2,697,Plná,Krátkodobý úspěch,3.0,0,,0,0,0,0,0,598,429,485,212
exp3014,A2,698,Plná,Dlouhodobý úspěch,4.0,0,,0,0,0,0,0,1677,1142,876,1040
exp3015,A2,699,Plná,Dlouhodobý úspěch,3.0,0,,1,0,0,0,0,577,498,767,290
exp3016,A2,700,Plná,Dlouhodobý úspěch,4.0,0,,1,0,0,0,0,822,669,3098,1088
exp3017,A2,701,Plná,Krátkodobý úspěch,3.0,0,,0,0,0,0,0,576,463,648,242
exp3018,A2,702,Plná,Dlouhodobý úspěch,2.0,0,,0,0,1,1,0,428,463,434,222
exp3019,A2,703,Plná,Dlouhodobý úspěch,4.0,0,,0,0,0,0,0,551,686,536,566
exp3020,A2,704,Plná,Dlouhodobý úspěch,4.0,0,,1,0,1,1,0,518,479,626,145
exp3021,A2,705,Plná,Neúspěch,4.0,0,,0,0,0,0,0,1180,1028,712,999
exp3022,A2,706,Plná,Krátkodobý úspěch,3.0,0,,0,0,0,0,0,485,455,479,172
exp3023,A2,707,Plná,Krátkodobý úspěch,2.0,0,,0,0,1,1,0,674,400,435,355
exp3024,A2,708,Plná,Krátkodobý úspěch,3.0,0,,1,0,0,0,0,661,681,590,466
exp3025,A2,709,Plná,Dlouhodobý úspěch,3.0,0,,0,0,0,0,0,476,470,433,251
exp3026,A2,710,Plná,Krátkodobý úspěch,2.0,0,,0,0,0,0,0,816,445,720,243
exp3027,A2,711,Plná,Dlouhodobý úspěch,4.0,0,,0,0,0,0,0,456,444,857,544
exp3028,A2,712,Plná,Neúspěch,4.0,0,,0,0,0,0,0,546,629,809,288
exp3029,A2,713,Plná,Dlouhodobý úspěch,2.0,0,,0,0,0,0,0,654,507,796,224
exp3030,A2,714,Plná,Dlouhodobý úspěch,3.0,0,,0,0,0,0,0,404,429,446,190
exp3031,A2,715,Plná,Dlouhodobý úspěch,3.0,0,,1,0,0,0,0,443,484,440,137
exp3033,A2,716,Plná,Krátkodobý úspěch,3.0,0,,0,0,0,0,0,1200,415,696,431
exp3034,A2,717,Plná,Dlouhodobý úspěch,4.0,0,,0,0,0,0,0,775,488,554,408
exp3035,A2,718,Plná,Dlouhodobý úspěch,3.0,0,,0,0,0,0,0,412,803,572,489
exp3036,A2,719,Plná,Dlouhodobý úspěch,4.0,0,,0,0,0,0,0,504,415,461,196
exp3037,A2,720,Plná,Dlouhodobý úspěch,3.0,0,,0,0,0,0,0,738,1181,496,253
exp3038,A2,721,Plná,Krátkodobý úspěch,3.0,0,,1,0,0,0,0,447,557,510,160
exp3039,A2,722,Plná,Krátkodobý úspěch,4.0,0,,0,0,0,0,0,362,431,509,168
exp3040,A2,723,Plná,Dlouhodobý úspěch,4.0,0,,0,0,1,1,0,923,806,1784,1074
exp3041,A2,724,Plná,Dlouhodobý úspěch,3.0,0,,0,0,0,0,0,629,372,533,201
exp3042,A2,725,Plná,Dlouhodobý úspěch,4.0,0,,0,0,0,0,0,403,410,450,345
exp3043,A2,726,Plná,Dlouhodobý úspěch,4.0,0,,0,0,0,0,0,881,1075,1436,1855
exp3044,A2,727,Plná,Dlouhodobý úspěch,4.0,0,,0,0,0,0,0,412,424,407,194
exp3045,A2,728,Plná,Dlouhodobý úspěch,4.0,0,,0,0,0,0,0,587,518,717,406
exp3046,A2,729,Plná,Krátkodobý úspěch,4.0,0,,1,0,0,0,0,782,674,1041,1886
exp3047,A2,730,Plná,Dlouhodobý úspěch,4.0,0,,1,0,0,0,0,653,506,1044,401
exp3048,A2,731,Plná,Krátkodobý úspěch,4.0,0,,0,0,0,0,0,430,600,551,86
exp3049,A2,732,Plná,Dlouhodobý úspěch,4.0,0,,0,0,0,0,0,423,434,443,208
exp3050,A2,733,Plná,Dlouhodobý úspěch,4.0,0,,0,0,0,0,0,1014,1079,1141,1165
exp3051,A2,734,Plná,Neúspěch,4.0,0,,0,0,0,0,0,676,1068,973,550
exp3052,A2,735,Plná,Dlouhodobý úspěch,4.0,0,,1,0,0,0,0,846,579,480,524
exp3053,A2,736,Plná,Krátkodobý úspěch,4.0,0,,0,0,0,0,0,399,436,1334,1242
exp3054,A2,737,Plná,Dlouhodobý úspěch,4.0,0,,0,0,0,0,0,596,409,1020,520
exp3055,A2,738,Plná,Dlouhodobý úspěch,4.0,0,,0,0,0,0,0,736,871,1079,1169
exp3056,A2,739,Plná,Dlouhodobý úspěch,4.0,0,,0,0,0,0,0,655,428,433,617
exp3057,A2,740,Plná,Neúspěch,3.0,0,,0,0,0,0,0,462,461,700,247
exp3058,A2,741,Plná,Krátkodobý úspěch,3.0,0,,0,0,1,1,0,453,466,764,174
exp3059,A2,742,Plná,Dlouhodobý úspěch,4.0,0,,1,0,0,0,0,558,587,668,599
exp3060,A2,743,Plná,Dlouhodobý úspěch,4.0,0,,0,0,0,0,0,734,418,661,252
exp3061,A2,744,Plná,Neúspěch,4.0,0,,0,0,0,0,0,2298,480,745,261
exp3062,A2,745,Plná,Dlouhodobý úspěch,4.0,0,,0,0,0,0,0,1303,994,1334,635
exp3063,A2,746,Plná,Neúspěch,3.0,0,,0,0,1,1,0,478,592,594,1386
exp3064,A2,747,Plná,Neúspěch,4.0,0,,1,0,0,0,0,452,275,522,168
exp3065,A2,748,Plná,Dlouhodobý úspěch,4.0,0,,0,0,0,0,0,2429,507,999,1429
exp3066,A2,749,Plná,Dlouhodobý úspěch,3.0,0,,0,0,1,1,0,735,750,1162,664
exp3067,A2,750,Plná,Dlouhodobý úspěch,4.0,0,,0,0,0,0,0,478,453,440,356
exp3068,A2,751,Plná,Krátkodobý úspěch,3.0,0,,1,0,0,0,0,1681,434,1159,117
exp3069,A2,752,Plná,Dlouhodobý úspěch,4.0,0,,1,0,0,0,0,461,428,540,384
exp3070,A2,753,Plná,Krátkodobý úspěch,3.0,0,,0,0,0,0,0,712,472,609,895
exp3071,A2,754,Plná,Neúspěch,4.0,0,,0,0,0,0,0,451,409,853,555
exp3072,A2,755,Plná,Dlouhodobý úspěch,4.0,0,,0,0,0,0,0,2237,1434,1737,1913
exp3073,A2,756,Plná,Krátkodobý úspěch,2.0,0,,0,0,0,0,0,814,651,833,266
exp3074,A2,757,Plná,Dlouhodobý úspěch,4.0,0,,0,0,0,0,0,494,460,1382,610
exp3075,A2,758,Plná,Krátkodobý úspěch,3.0,0,,0,0,0,0,0,428,773,563,360
exp3076,A2,759,Plná,Dlouhodobý úspěch,3.0,0,,0,0,0,0,0,781,485,840,263
exp3077,A2,760,Plná,Krátkodobý úspěch,4.0,0,,0,0,0,0,0,531,406,930,353
exp3078,A2,761,Plná,Dlouhodobý úspěch,4.0,0,,0,0,0,0,0,496,1128,834,173
exp3079,A2,762,Plná,Krátkodobý úspěch,3.0,0,,0,0,0,0,0,1149,463,1071,221
exp3080,A2,763,Plná,Krátkodobý úspěch,4.0,0,,0,0,0,0,0,770,515,740,313
exp3081,A2,764,Plná,Krátkodobý úspěch,3.0,0,,0,0,0,0,0,619,532,437,445
exp3082,A2,765,Plná,Dlouhodobý úspěch,4.0,0,,0,0,0,0,0,893,716,964,677
exp3083,A2,766,Plná,Dlouhodobý úspěch,3.0,0,,0,0,1,0,0,403,400,462,102
exp3084,A2,767,Plná,Neúspěch,2.0,0,,0,0,0,0,0,750,572,566,663
exp3085,A2,768,Plná,Krátkodobý úspěch,3.0,0,,1,0,1,1,0,486,417,1170,85
exp3086,A2,769,Plná,Krátkodobý úspěch,4.0,0,,0,0,0,0,0,436,565,965,256
exp3087,A2,770,Plná,Dlouhodobý úspěch,4.0,0,,0,0,0,0,0,1880,441,638,978
exp3088,A2,771,Plná,Krátkodobý úspěch,3.0,0,,0,0,0,0,0,766,452,1491,229
exp3089,A2,772,Plná,Krátkodobý úspěch,4.0,0,,0,0,0,0,0,419,457,418,107
exp3090,A2,773,Plná,Dlouhodobý úspěch,4.0,0,,0,0,0,0,0,1527,613,627,440
exp3091,A2,774,Plná,Dlouhodobý úspěch,4.0,0,,0,0,0,0,0,509,420,416,328
exp3092,A2,775,Plná,Neúspěch,2.0,0,,0,0,0,0,0,437,553,448,302
exp3093,A2,776,Plná,Neúspěch,2.0,0,,1,0,0,0,0,432,462,422,224
exp3094,A2,777,Plná,Krátkodobý úspěch,4.0,0,,0,0,0,0,0,817,876,1216,972
exp3095,A2,778,Plná,Dlouhodobý úspěch,3.0,0,,0,0,1,1,0,521,428,514,268
exp3096,A2,779,Plná,Neúspěch,3.0,0,,0,0,1,0,0,419,488,431,140
exp3097,A2,780,Plná,Neúspěch,3.0,0,,1,0,0,0,0,422,400,443,282
exp3098,A2,781,Plná,Dlouhodobý úspěch,4.0,0,,1,0,0,0,0,1121,442,1045,275
exp3100,A2,782,Plná,Dlouhodobý úspěch,3.0,0,,1,0,0,0,0,429,558,427,29
exp3101,A2,783,Plná,Dlouhodobý úspěch,4.0,0,,0,0,0,0,0,522,405,583,479
exp3102,A2,784,Plná,Dlouhodobý úspěch,3.0,0,,0,0,0,0,0,498,654,438,433
exp3103,A2,785,Plná,Neúspěch,3.0,0,,1,0,0,0,0,402,412,567,317
exp3104,A2,786,Plná,Krátkodobý úspěch,3.0,0,,0,0,0,0,0,1320,470,628,100
exp3105,A2,787,Plná,Krátkodobý úspěch,3.0,0,,0,0,0,0,0,551,854,490,676
exp3106,A2,788,Plná,Neúspěch,2.0,0,,0,0,0,0,0,534,418,413,483
exp3107,A2,789,Plochá,,,0,,0,1,0,0,0,553,770,1127,939
exp3108,A2,790,Plná,Krátkodobý úspěch,3.0,0,,0,0,0,0,0,432,415,681,508
exp3109,A2,791,Plná,Dlouhodobý úspěch,4.0,0,,0,0,0,0,0,444,446,403,338
exp3110,A2,792,Plná,Krátkodobý úspěch,3.0,0,,0,0,1,0,0,528,497,455,466
exp3111,A2,793,Plná,Krátkodobý úspěch,3.0,0,,0,0,1,1,0,509,437,536,655
exp3112,A2,794,Plná,Dlouhodobý úspěch,4.0,0,,0,0,0,0,0,429,498,424,238
exp3114,A2,795,Plná,Krátkodobý úspěch,3.0,0,,0,0,0,0,0,384,532,429,199
exp3115,A2,796,Plná,Dlouhodobý úspěch,4.0,0,,0,0,0,0,0,593,403,469,313
exp3116,A2,797,Plná,Dlouhodobý úspěch,3.0,0,,1,0,0,0,0,949,712,875,115
exp3117,A2,798,Plná,Neúspěch,4.0,0,,1,0,0,0,1,888,932,1120,601
exp3118,A2,799,Plná,Dlouhodobý úspěch,4.0,0,,0,0,0,0,0,645,511,727,766
exp3119,A2,800,Plná,Dlouhodobý úspěch,4.0,0,,0,0,0,0,0,895,566,887,470
exp3120,A2,801,Plochá,,4.0,0,,0,1,0,0,0,623,602,492,212
exp3121,A2,802,Plná,Neúspěch,4.0,0,,1,0,0,0,0,440,449,446,83
exp3122,A2,803,Plná,Krátkodobý úspěch,4.0,0,,0,0,0,0,0,573,408,523,228
exp3123,A2,804,Plná,Dlouhodobý úspěch,4.0,0,,1,0,1,1,0,399,423,433,474
exp3124,A2,805,Plná,Neúspěch,2.0,0,,1,0,0,0,0,754,469,467,314
exp3125,A2,806,Plná,Dlouhodobý úspěch,4.0,0,,1,0,0,0,0,664,419,449,237
exp3126,A2,807,Plná,Dlouhodobý úspěch,4.0,0,,0,0,0,0,0,548,711,533,720
exp3127,A2,808,Plná,Dlouhodobý úspěch,4.0,0,,0,0,0,0,0,660,474,542,250
exp3128,A2,809,Plná,Dlouhodobý úspěch,4.0,0,,1,0,0,0,0,688,445,517,486
exp3129,A2,810,Plná,Dlouhodobý úspěch,4.0,0,,0,0,0,0,0,557,422,611,621
exp3130,A2,811,Plná,Krátkodobý úspěch,2.0,0,,0,0,0,0,0,495,488,521,378
exp3131,A2,812,Plná,Krátkodobý úspěch,3.0,0,,0,0,0,0,0,598,508,946,484
exp3132,A2,813,Plná,Dlouhodobý úspěch,3.0,0,,0,0,0,0,0,1006,0,791,1565
exp3133,A2,814,Plná,Dlouhodobý úspěch,4.0,0,,0,0,0,0,0,411,892,615,745
exp3134,A2,815,Plná,Krátkodobý úspěch,4.0,0,,0,0,0,0,0,497,536,498,115
exp3135,A2,816,Plná,Krátkodobý úspěch,2.0,0,,0,0,1,1,0,506,407,433,68
exp3136,A2,817,Plná,Dlouhodobý úspěch,4.0,0,,1,0,0,0,0,472,419,517,275
exp3137,A2,818,Plná,Dlouhodobý úspěch,4.0,0,,0,0,0,0,0,548,460,625,97
exp3138,A2,819,Plná,Dlouhodobý úspěch,3.0,0,,1,0,0,0,0,427,630,842,549
exp3139,A2,820,Plná,Dlouhodobý úspěch,4.0,0,,0,0,0,0,0,740,783,999,1607
exp3140,A2,821,Plná,Dlouhodobý úspěch,4.0,0,,0,0,0,0,0,725,450,692,502
exp3141,A2,822,Plná,Dlouhodobý úspěch,3.0,0,,0,0,0,0,0,676,446,521,182
exp3142,A2,823,Plná,Dlouhodobý úspěch,4.0,0,,0,0,0,0,0,1585,406,1043,301
exp3143,A2,824,Plná,Krátkodobý úspěch,2.0,0,,0,0,0,0,0,704,543,379,689
exp3144,A2,825,Plná,Krátkodobý úspěch,3.0,0,,0,0,0,0,0,449,477,438,79
exp3145,A2,826,Plná,Neúspěch,3.0,0,,0,0,0,0,0,667,425,469,119
exp3146,A2,827,Plochá,,,0,,0,1,0,0,0,689,421,474,28
exp3147,A2,828,Plná,Dlouhodobý úspěch,4.0,0,,0,0,0,0,0,423,1043,671,358
exp3148,A2,829,Plná,Dlouhodobý úspěch,3.0,0,,0,0,1,1,0,731,485,623,328
exp3149,A2,830,Plná,Krátkodobý úspěch,2.0,0,,1,0,0,0,0,415,409,470,424
exp3151,A2,831,Plná,Neúspěch,4.0,0,,0,0,0,0,0,601,471,976,502
exp3150,A2,832,Plná,Dlouhodobý úspěch,3.0,0,,0,0,0,0,0,429,444,561,170
exp3152,A2,833,Plná,Dlouhodobý úspěch,4.0,0,,1,0,0,0,0,847,459,1271,345
exp3153,A2,834,Plná,Neúspěch,2.0,0,,0,0,0,0,0,395,738,430,389
exp3154,A2,835,Plná,Dlouhodobý úspěch,3.0,0,,0,0,0,0,0,505,474,691,633
exp3155,A2,836,Plná,Dlouhodobý úspěch,4.0,0,,1,0,0,0,0,577,416,634,305
exp3156,A2,837,Plná,Dlouhodobý úspěch,3.0,0,,0,0,1,1,0,523,423,509,147
exp3157,A2,838,Plná,Dlouhodobý úspěch,3.0,0,,0,0,0,0,0,748,473,958,424
exp3158,A2,839,Plná,Krátkodobý úspěch,2.0,0,,0,0,1,1,0,910,584,561,180
exp3159,A2,840,Plná,Dlouhodobý úspěch,3.0,0,,0,0,0,0,0,527,513,1007,586
exp3160,A2,841,Plná,Dlouhodobý úspěch,4.0,0,,0,0,0,0,0,557,492,686,412
exp3161,A2,842,Plná,Neúspěch,3.0,0,,0,0,0,0,0,767,747,1138,653
exp3162,A2,843,Plná,Krátkodobý úspěch,2.0,0,,0,0,0,0,0,863,438,462,267
exp3163,A2,844,Plná,Krátkodobý úspěch,2.0,0,,0,0,1,1,0,450,525,558,372
exp3164,A2,845,Plná,Dlouhodobý úspěch,4.0,0,,0,0,0,0,0,1692,415,527,267
exp3165,A2,846,Plná,Krátkodobý úspěch,2.0,0,,0,0,0,0,0,450,414,499,54
exp3166,A2,847,Plná,Krátkodobý úspěch,4.0,0,,0,0,0,0,0,398,459,614,219
exp3167,A2,848,Plná,Krátkodobý úspěch,3.0,0,,0,0,0,0,0,635,699,714,51
exp3168,A2,849,Plná,Krátkodobý úspěch,4.0,0,,0,0,0,0,0,576,523,500,3732
exp3169,A2,850,Plná,Dlouhodobý úspěch,4.0,0,,0,0,0,0,0,871,644,467,827
exp3170,A2,851,Plná,Krátkodobý úspěch,4.0,0,,0,0,0,0,0,824,673,901,874
exp3171,A2,852,Plochá,,,0,,0,1,0,0,0,420,479,515,422
exp3172,A2,853,Plná,Dlouhodobý úspěch,4.0,0,,0,0,0,0,0,436,615,622,281
exp3173,A2,854,Plná,Dlouhodobý úspěch,4.0,0,,1,0,0,0,0,674,466,631,1000
exp3174,A2,855,Plná,Dlouhodobý úspěch,4.0,0,,1,0,0,0,0,458,481,576,942
exp3175,A2,856,Plná,Dlouhodobý úspěch,3.0,0,,0,0,0,0,0,1074,551,478,500
exp3176,A2,857,Plná,Krátkodobý úspěch,3.0,0,,0,0,0,0,0,453,415,447,172
exp3177,A2,858,Plná,Dlouhodobý úspěch,4.0,0,,0,0,0,0,0,730,626,1032,761
exp3178,A2,859,Plná,Dlouhodobý úspěch,4.0,0,,1,0,0,0,0,452,604,587,200
exp3179,A2,860,Plná,Krátkodobý úspěch,3.0,0,,1,0,0,0,0,573,422,970,253
exp3180,A2,861,Plochá,,,0,,0,1,0,0,0,478,462,891,256
exp3181,A2,862,Plná,Dlouhodobý úspěch,4.0,0,,0,0,0,0,0,516,476,476,290
exp3182,A2,863,Plná,Neúspěch,2.0,0,,1,0,0,0,0,583,622,658,433
exp3183,A2,864,Plná,Krátkodobý úspěch,3.0,0,,0,0,1,0,0,405,405,457,58
exp3184,A2,865,Plná,Dlouhodobý úspěch,4.0,0,,0,0,0,0,0,492,561,775,472
exp3185,A2,866,Plná,Krátkodobý úspěch,3.0,0,,1,0,0,0,0,422,410,486,429
exp3186,A2,867,Plochá,,,0,,0,1,0,0,0,440,481,523,134
exp3187,A2,868,Plná,Neúspěch,3.0,0,,0,0,0,0,0,404,442,440,227
exp3188,A2,869,Plná,Dlouhodobý úspěch,4.0,0,,0,0,0,0,0,506,452,642,706
exp3189,A2,870,Plná,Krátkodobý úspěch,3.0,0,,0,0,0,0,0,415,436,454,147
exp3190,A2,871,Plná,Dlouhodobý úspěch,4.0,0,,0,0,0,0,0,429,427,442,2019
exp3192,A2,872,Plná,Dlouhodobý úspěch,3.0,0,,0,0,1,1,0,745,663,673,273
exp3193,A2,873,Plochá,Dlouhodobý úspěch,2.0,0,,0,1,1,1,0,419,644,735,691
exp3194,A2,874,Plná,Dlouhodobý úspěch,3.0,0,,0,0,0,0,0,2469,705,1671,1072
exp3195,A2,875,Plná,Dlouhodobý úspěch,4.0,0,,0,0,1,1,0,442,442,1143,1143
exp3196,A2,876,Plná,Dlouhodobý úspěch,3.0,0,,0,0,0,0,0,487,536,474,459
exp3197,A2,877,Plná,Dlouhodobý úspěch,4.0,0,,0,0,0,0,0,403,523,580,238
exp3198,A2,878,Plná,Krátkodobý úspěch,4.0,0,,0,0,0,0,0,487,566,425,241
exp3199,A2,879,Plná,Krátkodobý úspěch,3.0,0,,0,0,0,0,0,829,503,592,522
exp3200,A2,880,Plná,Dlouhodobý úspěch,4.0,0,,0,0,0,0,0,479,410,459,131
exp3201,A2,881,Plná,Dlouhodobý úspěch,4.0,0,,0,0,0,0,0,599,517,543,279
exp3202,A2,882,Plná,Dlouhodobý úspěch,4.0,0,,0,0,0,0,0,2673,2180,2583,2501
exp3203,A2,883,Plochá,,,0,,0,1,0,0,0,1302,910,1047,440
exp3204,A2,884,Plná,Neúspěch,2.0,0,,0,0,1,1,0,432,454,574,120
exp3205,A2,885,Plná,Dlouhodobý úspěch,4.0,0,,1,0,0,0,0,402,447,497,124
exp3206,A2,886,Plná,Dlouhodobý úspěch,4.0,0,,0,0,0,0,0,426,523,426,311
exp3207,A2,887,Plná,Krátkodobý úspěch,4.0,0,,0,0,0,0,0,991,874,1066,786
exp3208,A2,888,Plná,Krátkodobý úspěch,2.0,0,,1,0,1,0,0,663,309,714,280
exp3209,A2,889,Plná,Dlouhodobý úspěch,3.0,0,,0,0,0,0,0,548,461,670,177
exp3210,A2,890,Plná,Dlouhodobý úspěch,4.0,0,,0,0,0,0,0,944,643,464,500
exp3211,A2,891,Plná,Dlouhodobý úspěch,4.0,0,,0,0,0,0,0,485,480,1565,2020
exp3212,A2,892,Plná,Krátkodobý úspěch,3.0,0,,0,0,0,0,0,584,477,433,175
exp3213,A2,893,Plná,Krátkodobý úspěch,4.0,0,,1,0,0,0,0,1110,537,1002,343
exp3214,A2,894,Plná,Neúspěch,4.0,0,,0,0,0,0,0,608,404,411,291
exp3215,A2,895,Plná,Neúspěch,3.0,0,,1,0,1,1,0,627,455,639,324
exp3216,A2,896,Plochá,,,0,,0,1,0,0,0,529,478,776,465
exp3217,A2,897,Plná,Krátkodobý úspěch,3.0,0,,0,0,0,0,0,524,529,448,135
exp3218,A2,898,Plná,Krátkodobý úspěch,4.0,0,,0,0,0,0,0,530,907,749,391
exp3219,A2,899,Plná,Neúspěch,4.0,0,,0,0,0,0,0,893,582,1289,380
exp3220,A2,900,Plná,Dlouhodobý úspěch,4.0,0,,0,0,0,0,0,584,504,934,349
exp3221,A2,901,Plná,Neúspěch,2.0,0,,1,0,0,0,0,828,453,521,131
exp3222,A2,902,Plná,Neúspěch,4.0,0,,0,0,0,0,0,925,465,589,235
exp3223,A2,903,Plná,Krátkodobý úspěch,3.0,0,,0,0,1,1,0,573,477,427,358
exp3224,A2,904,Plná,Neúspěch,3.0,0,,0,0,0,0,0,610,638,425,534
exp3225,A2,905,Plná,Neúspěch,3.0,0,,0,0,0,0,0,576,481,521,300
exp3226,A2,906,Plná,Dlouhodobý úspěch,4.0,0,,1,0,0,0,0,596,467,413,315
exp3227,A2,907,Plochá,,,0,,0,1,0,0,0,419,498,457,398
exp3228,A2,908,Plná,Dlouhodobý úspěch,4.0,0,,0,0,0,0,0,537,502,756,498
exp3229,A2,909,Plná,Dlouhodobý úspěch,4.0,0,,0,0,0,0,0,556,585,502,597
exp3230,A2,910,Plná,Dlouhodobý úspěch,3.0,0,,0,0,1,1,0,1012,637,1372,1006
exp3231,A2,911,Plná,Dlouhodobý úspěch,3.0,0,,0,0,0,0,0,907,825,1413,779
exp3232,A2,912,Plochá,,,0,,0,1,0,0,0,430,454,485,196
exp3233,A2,913,Plná,Krátkodobý úspěch,4.0,0,,0,0,0,0,0,449,453,453,294
exp3234,A2,914,Plná,Dlouhodobý úspěch,4.0,0,,0,0,0,0,0,501,1159,583,173
exp3235,A2,915,Plná,Dlouhodobý úspěch,4.0,0,,0,0,0,0,0,541,514,565,654
exp3236,A2,916,Plná,Dlouhodobý úspěch,3.0,0,,0,0,0,0,0,513,529,553,104
exp3237,A2,917,Plochá,,,0,,0,1,0,0,0,1033,848,1420,1100
exp3238,A2,918,Plná,Krátkodobý úspěch,2.0,0,,0,0,0,0,0,497,432,498,318
exp3239,A2,919,Plná,Dlouhodobý úspěch,4.0,0,,0,0,0,0,0,485,408,994,485
exp3240,A2,920,Plochá,,,0,,0,1,0,0,0,414,727,592,350
exp3241,A2,921,Plná,Dlouhodobý úspěch,4.0,0,,1,0,0,0,0,427,567,428,311
exp3242,A2,922,Plná,Krátkodobý úspěch,4.0,0,,0,0,0,0,0,1079,1051,914,474
exp3243,A2,923,Plná,Krátkodobý úspěch,4.0,0,,0,0,0,0,0,2567,546,967,978
exp3244,A2,924,Plná,Dlouhodobý úspěch,4.0,0,,0,0,0,0,0,1141,743,2027,1078
exp3245,A2,925,Plná,Dlouhodobý úspěch,4.0,0,,0,0,0,0,0,536,435,464,304
exp3246,A2,926,Plná,Dlouhodobý úspěch,3.0,0,,0,0,0,0,0,486,434,1244,199
exp3247,A2,927,Plná,Krátkodobý úspěch,3.0,0,,0,0,0,0,0,837,883,1233,249
exp3248,A2,928,Plochá,,,0,,0,1,0,0,0,421,402,619,871
exp3249,A2,929,Plná,Dlouhodobý úspěch,4.0,0,,0,0,0,0,0,2033,768,2849,1775
exp3250,A2,930,Plná,Dlouhodobý úspěch,4.0,0,,0,0,0,0,0,439,431,407,176
exp3251,A2,931,Plná,Neúspěch,3.0,0,,0,0,0,0,0,948,550,694,388
exp3252,A2,932,Plochá,,,0,,0,1,0,0,0,2113,444,0,0
exp3253,A2,933,Plná,Dlouhodobý úspěch,4.0,0,,0,0,0,0,0,472,731,1254,338
exp3254,A2,934,Plochá,,,0,,0,1,0,0,0,475,742,613,532
exp3255,A2,935,Plochá,,,0,,0,1,0,0,0,405,465,429,163
exp3256,A2,936,Plná,Dlouhodobý úspěch,3.0,0,,1,0,0,0,0,684,548,407,659
exp3257,A2,937,Plná,Krátkodobý úspěch,3.0,0,,0,0,0,0,0,1845,495,1019,1648
exp3258,A2,938,Plná,Dlouhodobý úspěch,4.0,0,,0,0,0,0,0,413,408,402,349
exp3259,A2,939,Plná,Krátkodobý úspěch,2.0,0,,0,0,1,1,0,430,484,429,137
exp3260,A2,940,Plná,Dlouhodobý úspěch,3.0,0,,0,0,0,0,0,464,492,521,628
exp3261,A2,941,Plná,Krátkodobý úspěch,3.0,0,,1,0,0,0,0,588,658,865,856
exp3262,A2,942,Plná,Krátkodobý úspěch,3.0,0,,1,0,0,0,0,683,1034,975,803
exp3263,A2,943,Plná,Krátkodobý úspěch,4.0,0,,0,0,0,0,0,493,705,501,326
exp3264,A2,944,Plná,Dlouhodobý úspěch,4.0,0,,0,0,0,0,0,541,444,459,389
exp3265,A2,945,Plná,Dlouhodobý úspěch,2.0,0,,0,0,1,1,0,500,435,474,259
exp3266,A2,946,Plná,Dlouhodobý úspěch,4.0,0,,0,0,0,0,0,562,426,399,152
exp3267,A2,947,Plná,Neúspěch,4.0,0,,1,0,1,1,0,1160,0,0,0
exp3268,A2,948,Plná,Dlouhodobý úspěch,3.0,0,,0,0,0,0,0,276,425,737,439
exp3269,A2,949,Plná,Krátkodobý úspěch,4.0,0,,0,0,0,0,0,396,446,826,857
exp3270,A2,950,Plná,Krátkodobý úspěch,4.0,0,,0,0,0,0,0,406,419,650,1254
exp3271,A2,951,Plná,Dlouhodobý úspěch,3.0,0,,0,0,0,0,0,488,442,436,253
exp3272,A2,952,Plná,Dlouhodobý úspěch,4.0,0,,0,0,0,0,0,432,454,501,155
exp3273,A2,953,Plná,Krátkodobý úspěch,3.0,0,,1,0,0,0,0,878,840,567,1287
exp3274,A2,954,Plná,Neúspěch,4.0,0,,1,0,0,0,0,516,677,607,647
exp3275,A2,955,Plná,Neúspěch,2.0,0,,0,0,0,0,0,514,531,540,236
exp3276,A2,956,Plná,Krátkodobý úspěch,3.0,0,,0,0,0,0,0,429,403,429,295
exp3277,A2,957,Plná,Neúspěch,2.0,0,,1,0,0,0,0,401,432,449,420
exp3278,A2,958,Plná,Krátkodobý úspěch,4.0,0,,0,0,0,0,0,2158,405,628,1268
exp3279,A2,959,Plná,Dlouhodobý úspěch,4.0,0,,0,0,0,0,0,502,449,949,635
exp3280,A2,960,Plná,Dlouhodobý úspěch,4.0,0,,0,0,0,0,0,429,422,902,334
exp3281,A2,961,Plná,Krátkodobý úspěch,4.0,0,,0,0,0,0,0,580,533,587,718
exp3282,A2,962,Plná,Dlouhodobý úspěch,4.0,0,,0,0,0,0,0,423,550,418,115
exp3283,A2,963,Plná,Dlouhodobý úspěch,4.0,0,,0,0,0,0,0,1033,576,641,288
exp3284,A2,964,Plná,Krátkodobý úspěch,4.0,0,,0,0,0,0,0,604,673,866,896
exp3285,A2,965,Plná,Dlouhodobý úspěch,4.0,0,,1,0,0,0,0,467,501,1212,241
exp3286,A2,966,Plná,Dlouhodobý úspěch,4.0,0,,0,0,0,0,0,744,454,598,379
exp3287,A2,967,Plná,Dlouhodobý úspěch,4.0,0,,0,0,0,0,0,582,427,511,193
exp3288,A2,968,Plná,Dlouhodobý úspěch,4.0,0,,0,0,0,0,0,1784,958,449,820
exp3289,A2,969,Plná,Neúspěch,2.0,0,,0,0,1,0,0,455,431,410,244
exp3290,A2,970,Plná,Neúspěch,2.0,0,,0,0,1,1,0,413,410,1430,853
exp3291,A2,971,Plná,Dlouhodobý úspěch,4.0,0,,1,0,0,0,0,1245,498,1421,1645
exp3292,A2,972,Plná,Krátkodobý úspěch,3.0,0,,0,0,0,0,0,1506,1438,1238,131
exp3293,A2,973,Plná,Dlouhodobý úspěch,3.0,0,,0,0,0,0,0,476,506,608,362
exp3294,A2,974,Plná,Neúspěch,3.0,0,,1,0,0,0,0,1970,1527,2152,2040
exp3295,A2,975,Plná,Dlouhodobý úspěch,3.0,0,,1,0,0,0,0,1082,447,1373,577
exp3296,A2,976,Plná,Neúspěch,4.0,0,,0,0,0,0,0,706,893,1187,828
exp3297,A2,977,Plná,Neúspěch,4.0,0,,1,0,0,0,0,443,401,484,306
exp3298,A2,978,Plná,Neúspěch,4.0,0,,0,0,0,0,0,697,445,754,441
exp3299,A2,979,Plná,Dlouhodobý úspěch,4.0,0,,1,0,0,0,0,3299,2849,2849,2606
exp3300,A2,980,Plná,Krátkodobý úspěch,2.0,0,,1,0,1,1,0,748,537,558,471
exp3301,A2,981,Plná,Neúspěch,2.0,0,,1,0,0,0,0,632,473,484,737
exp3302,A2,982,Plochá,,,0,,0,1,0,0,0,357,690,431,553
exp3303,A2,983,Plná,Dlouhodobý úspěch,4.0,0,,0,0,0,0,0,553,585,468,227
exp3304,A2,984,Plná,Dlouhodobý úspěch,4.0,0,,0,0,0,0,0,605,463,951,163
exp3305,A2,985,Plná,Dlouhodobý úspěch,3.0,0,,0,0,1,1,0,1033,304,1025,428
exp3306,A2,986,Plná,Krátkodobý úspěch,4.0,0,,0,0,0,0,0,662,448,1491,675
exp3307,A2,987,Plná,Neúspěch,3.0,0,,0,0,0,0,0,1212,670,732,689
exp3308,A2,988,Plná,Neúspěch,3.0,0,,0,0,0,0,0,539,409,526,274
exp3309,A2,989,Plná,Krátkodobý úspěch,3.0,0,,0,0,0,0,0,516,523,550,254
exp3310,A2,990,Plná,Krátkodobý úspěch,3.0,0,,0,0,0,0,0,442,695,404,529
exp3311,A2,991,Plná,Dlouhodobý úspěch,4.0,0,,0,0,0,0,0,419,473,649,835
exp3312,A2,992,Plná,Dlouhodobý úspěch,4.0,0,,1,0,0,0,0,1668,936,1235,1647
exp3313,A2,993,Plná,Krátkodobý úspěch,4.0,0,,1,0,0,0,0,1007,445,598,190
exp3314,A2,994,Plná,Krátkodobý úspěch,4.0,0,,0,0,0,0,0,433,529,895,528
exp3315,A2,995,Plná,Dlouhodobý úspěch,4.0,0,,0,0,0,0,0,642,474,534,395
exp3316,A2,996,Plná,Dlouhodobý úspěch,4.0,0,,0,0,0,0,0,518,434,410,83
exp3317,A2,997,Plná,Krátkodobý úspěch,2.0,0,,1,0,0,0,0,520,424,513,965
exp3318,A2,998,Plná,Dlouhodobý úspěch,4.0,0,,0,0,0,0,0,673,528,564,159
exp3319,A2,999,Plná,Dlouhodobý úspěch,4.0,0,,0,0,0,0,0,1169,581,776,531
exp3320,A2,1000,Plochá,,,0,,0,1,0,0,0,409,570,592,233
exp3321,A2,1001,Plochá,,,0,,0,1,0,0,0,816,901,923,723
exp3322,A2,1002,Plná,Dlouhodobý úspěch,2.0,0,,0,0,0,0,0,490,414,458,74
exp3323,A2,1003,Plná,Krátkodobý úspěch,3.0,0,,1,0,0,0,1,456,425,508,456
exp3324,A2,1004,Plná,Krátkodobý úspěch,3.0,0,,0,0,0,0,0,1038,2433,2519,1061
exp3325,A2,1005,Plná,Krátkodobý úspěch,3.0,0,,0,0,1,1,0,575,511,612,605
exp3326,A2,1006,Plná,Dlouhodobý úspěch,4.0,0,,0,0,0,0,0,440,561,909,356
exp3327,A2,1007,Plná,Dlouhodobý úspěch,4.0,0,,0,0,0,0,0,417,418,866,330
exp3328,A2,1008,Plná,Krátkodobý úspěch,3.0,0,,0,0,0,0,0,436,719,558,903
exp3329,A2,1009,Plná,Dlouhodobý úspěch,3.0,0,,0,0,0,0,0,419,406,494,46
exp3330,A2,1010,Plná,Dlouhodobý úspěch,4.0,0,,0,0,0,0,0,503,407,619,335
exp3331,A2,1011,Plná,Dlouhodobý úspěch,3.0,0,,0,0,0,0,0,1471,403,722,750
exp3332,A2,1012,Plná,Krátkodobý úspěch,4.0,0,,1,0,0,0,1,470,516,525,891
exp3333,A2,1013,Plná,Neúspěch,3.0,0,,0,0,0,0,0,825,646,870,610
exp3334,A2,1014,Plná,Dlouhodobý úspěch,4.0,0,,1,0,0,0,0,1126,677,1997,1187
exp3335,A2,1015,Plná,Krátkodobý úspěch,4.0,0,,0,0,0,0,0,402,468,449,442
exp3336,A2,1016,Plná,Neúspěch,2.0,0,,0,0,1,1,0,542,401,413,255
exp3337,A2,1017,Plná,Dlouhodobý úspěch,4.0,0,,0,0,0,0,0,656,526,1127,447
exp3338,A2,1018,Plná,Dlouhodobý úspěch,4.0,0,,0,0,0,0,0,2197,1148,1294,797
exp3339,A2,1019,Plná,Krátkodobý úspěch,3.0,0,,0,0,0,0,0,463,663,554,284
exp3340,A2,1020,Plná,Krátkodobý úspěch,3.0,0,,0,0,0,0,0,434,410,461,206
exp3341,A2,1021,Plná,Neúspěch,3.0,0,,0,0,0,0,0,485,646,422,399
exp3342,A2,1022,Plná,Dlouhodobý úspěch,3.0,0,,0,0,0,0,0,403,412,464,94
exp3343,A2,1023,Plná,Dlouhodobý úspěch,4.0,0,,0,0,0,0,0,1482,1128,1139,881
exp3344,A2,1024,Plná,Krátkodobý úspěch,4.0,0,,0,0,0,0,0,574,414,417,380
exp3345,A2,1025,Plná,Dlouhodobý úspěch,3.0,0,,1,0,0,0,0,1014,443,1737,622
exp3346,A2,1026,Plná,Krátkodobý úspěch,4.0,0,,0,0,0,0,0,410,431,904,86
exp3347,A2,1027,Plná,Dlouhodobý úspěch,4.0,0,,0,0,0,0,0,707,503,465,653
exp3348,A2,1028,Plná,Krátkodobý úspěch,4.0,0,,0,0,0,0,0,1348,1351,1294,1372
exp3349,A2,1029,Plná,Dlouhodobý úspěch,4.0,0,,1,0,0,0,0,450,450,441,368
exp3350,A2,1030,Plná,Krátkodobý úspěch,2.0,0,,0,0,0,0,0,742,407,593,466
exp3351,A2,1031,Plná,Neúspěch,2.0,0,,0,0,0,0,0,813,411,457,352
exp3352,A2,1032,Plná,Krátkodobý úspěch,3.0,0,,0,0,0,0,0,542,437,908,621
exp3353,A2,1033,Plná,Krátkodobý úspěch,3.0,0,,1,0,0,0,0,457,423,426,190
exp3354,A2,1034,Plná,Dlouhodobý úspěch,4.0,0,,0,0,0,0,0,459,445,525,181
exp3355,A2,1035,Plná,Dlouhodobý úspěch,3.0,0,,0,0,1,1,0,529,524,551,364
exp3356,A2,1036,Plná,Krátkodobý úspěch,4.0,0,,0,0,0,0,0,632,418,445,145
exp3357,A2,1037,Plná,Neúspěch,2.0,0,,0,0,0,0,0,609,401,628,245
exp3358,A2,1038,Plná,Krátkodobý úspěch,4.0,0,,0,0,0,0,0,1939,788,1338,1089
exp3359,A2,1039,Plná,Dlouhodobý úspěch,4.0,0,,0,0,0,0,0,431,546,617,129
exp3360,A2,1040,Plná,Krátkodobý úspěch,3.0,0,,0,0,0,0,0,872,2107,1259,1134
exp3361,A2,1041,Plná,Dlouhodobý úspěch,4.0,0,,0,0,0,0,0,407,427,517,152
exp3362,A2,1042,Plná,Krátkodobý úspěch,3.0,0,,0,0,0,0,0,572,638,1067,418
exp3363,A2,1043,Plná,Krátkodobý úspěch,3.0,0,,0,0,1,1,0,727,769,525,131
exp3364,A2,1044,Plná,Dlouhodobý úspěch,4.0,0,,0,0,0,0,0,682,640,689,341
exp3365,A2,1045,Plná,Krátkodobý úspěch,4.0,0,,0,0,0,0,0,931,460,1524,192
exp3366,A2,1046,Plná,Krátkodobý úspěch,2.0,0,,0,0,0,0,0,576,526,655,387
exp3367,A2,1047,Plná,Dlouhodobý úspěch,4.0,0,,1,0,0,0,0,401,405,413,72
exp3368,A2,1048,Plná,Dlouhodobý úspěch,3.0,0,,1,0,0,0,0,463,446,453,173
exp3369,A2,1049,Plná,Neúspěch,2.0,0,,1,0,0,0,0,407,704,517,1013
exp3370,A2,1050,Plná,Krátkodobý úspěch,2.0,0,,0,0,0,0,0,405,425,521,282
exp3371,A2,1051,Plná,Dlouhodobý úspěch,4.0,0,,0,0,0,0,0,403,446,444,156
exp3372,A2,1052,Plná,Dlouhodobý úspěch,4.0,0,,0,0,0,0,0,423,412,477,42
exp3373,A2,1053,Plná,Dlouhodobý úspěch,4.0,0,,0,0,0,0,0,760,1112,1387,705
exp3374,A2,1054,Plná,Krátkodobý úspěch,4.0,0,,0,0,0,0,0,632,554,866,666
exp3375,A2,1055,Plná,Dlouhodobý úspěch,4.0,0,,0,0,0,0,0,629,89,612,325
exp3376,A2,1056,Plná,Krátkodobý úspěch,4.0,0,,0,0,0,0,0,675,555,652,663
exp3377,A2,1057,Plná,Neúspěch,3.0,0,,0,0,0,0,0,412,410,502,418
exp3378,A2,1058,Plná,Krátkodobý úspěch,4.0,0,,0,0,0,0,0,980,746,1719,1541
exp3379,A2,1059,Plná,Krátkodobý úspěch,3.0,0,,0,0,1,1,0,425,686,625,403
exp3380,A2,1060,Plná,Krátkodobý úspěch,4.0,0,,0,0,0,0,0,427,499,438,262
exp3381,A2,1061,Plná,Krátkodobý úspěch,4.0,0,,0,0,0,0,0,409,445,450,183
exp3382,A2,1062,Plná,Krátkodobý úspěch,3.0,0,,0,0,0,0,0,493,451,477,93
exp3383,A2,1063,Plná,Krátkodobý úspěch,3.0,0,,0,0,0,0,0,508,602,476,474
exp3384,A2,1064,Plná,Dlouhodobý úspěch,4.0,0,,0,0,0,0,0,406,440,431,408
exp3385,A2,1065,Plná,Dlouhodobý úspěch,4.0,0,,1,0,0,0,0,1662,1497,2146,2372
exp3386,A2,1066,Plná,Dlouhodobý úspěch,4.0,0,,0,0,0,0,0,401,405,465,184
exp3387,A2,1067,Plná,Dlouhodobý úspěch,4.0,0,,0,0,0,0,0,722,403,765,530
exp3388,A2,1068,Plná,Krátkodobý úspěch,3.0,0,,0,0,0,0,0,705,460,702,478
exp3389,A2,1069,Plná,Neúspěch,4.0,0,,1,0,0,0,0,573,522,887,360
exp3390,A2,1070,Plná,Krátkodobý úspěch,4.0,0,,0,0,0,0,0,477,650,511,1036
exp3391,A2,1071,Plná,Krátkodobý úspěch,2.0,0,,0,0,0,0,0,420,414,606,519
exp3392,A2,1072,Plná,Dlouhodobý úspěch,4.0,0,,0,0,0,0,0,905,1195,1607,1264
exp3393,A2,1073,Plná,Neúspěch,4.0,0,,0,0,0,0,0,668,801,725,377
exp3394,A2,1074,Plná,Krátkodobý úspěch,4.0,0,,0,0,0,0,0,1517,1961,2606,943
exp3395,A2,1075,Plná,Dlouhodobý úspěch,4.0,0,,0,0,0,0,0,1391,984,1886,1527
exp3396,A2,1076,Plochá,,,0,,0,1,0,0,0,495,445,629,471
exp3397,A2,1077,Plná,Dlouhodobý úspěch,4.0,0,,0,0,0,0,0,675,751,751,930
exp3398,A2,1078,Plná,Dlouhodobý úspěch,4.0,0,,0,0,0,0,0,408,451,495,537
exp3399,A2,1079,Plná,Dlouhodobý úspěch,4.0,0,,0,0,0,0,0,706,529,603,343
exp3400,A2,1080,Plná,Neúspěch,3.0,0,,0,0,1,1,0,765,478,482,631
exp3401,A2,1081,Plná,Krátkodobý úspěch,3.0,0,,0,0,0,0,0,455,416,524,254
exp3402,A2,1082,Plná,Krátkodobý úspěch,2.0,0,,0,0,1,1,0,880,1539,1122,456
exp3403,A2,1083,Plná,Dlouhodobý úspěch,4.0,0,,0,0,0,0,0,886,789,1374,1068
exp3404,A2,1084,Plná,Krátkodobý úspěch,3.0,0,,0,0,0,0,0,526,473,407,110
exp3405,A2,1085,Plná,Krátkodobý úspěch,2.0,0,,1,0,1,1,0,407,400,423,79
exp3406,A2,1086,Plná,Dlouhodobý úspěch,3.0,0,,0,0,0,0,0,671,500,542,338
exp3407,A2,1087,Plná,Dlouhodobý úspěch,4.0,0,,0,0,0,0,0,413,491,417,466
exp3408,A2,1088,Plná,Krátkodobý úspěch,4.0,0,,0,0,0,0,0,1020,586,558,660
exp3409,A2,1089,Plná,Neúspěch,4.0,0,,0,0,0,0,0,437,480,491,431
exp3410,A2,1090,Plná,Dlouhodobý úspěch,3.0,0,,0,0,0,0,0,1127,976,1351,1054
exp3411,A2,1091,Plná,Krátkodobý úspěch,4.0,0,,1,0,0,0,0,560,440,684,393
exp3412,A2,1092,Plná,Krátkodobý úspěch,3.0,0,,0,0,0,0,0,701,675,1090,362
exp3413,A2,1093,Plná,Krátkodobý úspěch,4.0,0,,0,0,0,0,0,558,590,693,564
exp3414,A2,1094,Plná,Krátkodobý úspěch,3.0,0,,0,0,0,0,0,718,535,725,134
exp3415,A2,1095,Plná,Krátkodobý úspěch,3.0,0,,0,0,0,0,0,417,500,433,456
exp3416,A2,1096,Plná,Dlouhodobý úspěch,4.0,0,,1,0,0,0,0,466,596,594,153
exp3417,A2,1097,Plná,Neúspěch,4.0,0,,0,0,0,0,0,475,412,478,82
exp3418,A2,1098,Plná,Krátkodobý úspěch,3.0,0,,0,0,0,0,0,533,696,498,545
exp3419,A2,1099,Plná,Neúspěch,2.0,0,,1,0,0,0,0,786,444,1258,290
exp3420,A2,1100,Plná,Dlouhodobý úspěch,4.0,0,,1,0,0,0,1,932,735,634,420
exp3421,A2,1101,Plná,Dlouhodobý úspěch,4.0,0,,0,0,0,0,0,527,588,636,598
exp3422,A2,1102,Plná,Dlouhodobý úspěch,4.0,0,,1,0,0,0,0,1185,1194,1040,688
exp3423,A2,1103,Plná,Neúspěch,4.0,0,,0,0,0,0,0,405,452,739,148
exp3424,A2,1104,Plná,Neúspěch,3.0,0,,1,0,0,0,0,400,401,432,116
exp3425,A2,1105,Plná,Dlouhodobý úspěch,4.0,0,,1,0,0,0,0,1028,521,1117,984
exp3426,A2,1106,Plná,Dlouhodobý úspěch,4.0,0,,0,0,0,0,0,565,901,719,124
exp3427,A2,1107,Plná,Dlouhodobý úspěch,4.0,0,,0,0,0,0,0,1078,715,738,828
exp3428,A2,1108,Plná,Krátkodobý úspěch,4.0,0,,0,0,0,0,0,624,408,541,250
exp3429,A2,1109,Plná,Neúspěch,4.0,0,,0,0,0,0,0,815,772,492,385
exp3430,A2,1110,Plná,Neúspěch,3.0,0,,0,0,0,0,0,664,423,605,306
exp3431,A2,1111,Plná,Krátkodobý úspěch,3.0,0,,0,0,0,0,0,408,516,556,588
exp3432,A2,1112,Plná,Krátkodobý úspěch,4.0,0,,0,0,0,0,0,531,671,662,448
exp3433,A2,1113,Plná,Dlouhodobý úspěch,2.0,0,,0,0,0,0,0,747,645,910,799
exp3434,A2,1114,Plná,Neúspěch,3.0,0,,0,0,0,0,0,1037,1077,2637,578
exp3435,A2,1115,Plná,Krátkodobý úspěch,4.0,0,,0,0,0,0,0,410,416,854,557
,A2,1116,Plná,Dlouhodobý úspěch,4.0,0,,0,0,0,0,0,425,407,521,186
,A2,1117,Plná,Dlouhodobý úspěch,4.0,0,,0,0,0,0,0,709,646,792,474
exp3455,A2,1118,Plná,Krátkodobý úspěch,3.0,0,,0,0,0,0,0,414,409,430,30
exp3456,A2,1119,Plná,Dlouhodobý úspěch,4.0,0,,1,0,0,0,0,433,396,398,100
exp3457,A2,1120,Plná,Dlouhodobý úspěch,3.0,0,,0,0,0,0,0,869,606,3124,699
exp3458,A2,1121,Plná,Dlouhodobý úspěch,4.0,0,,0,0,0,0,0,476,545,912,410
exp3459,A2,1122,Plná,Krátkodobý úspěch,4.0,0,,0,0,0,0,0,1713,559,1611,392
exp3460,A2,1123,Plná,Krátkodobý úspěch,3.0,0,,0,0,1,1,0,1382,607,543,338
exp3461,A2,1124,Plná,Krátkodobý úspěch,4.0,0,,0,0,0,0,0,777,776,583,874
exp3462,A2,1125,Plná,Dlouhodobý úspěch,4.0,0,,0,0,0,0,0,624,881,1344,835
exp3463,A2,1126,Plná,Dlouhodobý úspěch,4.0,0,,0,0,0,0,0,645,444,566,175
exp3464,A2,1127,Plná,Krátkodobý úspěch,4.0,0,,0,0,0,0,0,440,485,1759,764
exp3465,A2,1128,Plná,Krátkodobý úspěch,4.0,0,,1,0,0,0,0,2114,471,826,469
exp3466,A2,1129,Plná,Dlouhodobý úspěch,4.0,0,,0,0,0,0,0,2108,1641,1698,2510
exp3467,A2,1130,Plná,Dlouhodobý úspěch,4.0,0,,0,0,0,0,0,460,416,580,179
exp3468,A2,1131,Plná,Dlouhodobý úspěch,4.0,0,,0,0,0,0,0,733,483,1189,559
exp3469,A2,1132,Plná,Neúspěch,4.0,0,,0,0,0,0,0,414,492,425,286
exp3471,A2,1134,Plná,Neúspěch,3.0,0,,0,0,1,1,0,520,402,715,508
exp3472,A2,1135,Plná,Dlouhodobý úspěch,4.0,0,,0,0,0,0,0,520,600,573,226
exp3473,A2,1136,Plná,Krátkodobý úspěch,3.0,0,,1,0,0,0,0,1192,480,446,702
exp3474,A2,1137,Plná,Dlouhodobý úspěch,3.0,0,,0,0,0,0,0,525,404,700,268
exp3475,A2,1138,Plná,Dlouhodobý úspěch,4.0,0,,1,0,0,0,0,441,589,1403,348
exp3476,A2,1139,Plná,Krátkodobý úspěch,3.0,0,,0,0,0,0,0,419,405,736,205
exp3477,A2,1140,Plná,Dlouhodobý úspěch,3.0,0,,0,0,0,0,0,469,414,431,265
exp3478,A2,1141,Plná,Dlouhodobý úspěch,4.0,0,,0,0,0,0,0,472,559,798,561
exp3479,A2,1142,Plná,Krátkodobý úspěch,4.0,0,,0,0,0,0,0,607,447,1492,489
exp3480,A2,1143,Plná,Krátkodobý úspěch,3.0,0,,0,0,0,0,0,593,784,606,551
exp3481,A2,1144,Plná,Dlouhodobý úspěch,4.0,0,,0,0,0,0,0,981,487,1485,928
exp3482,A2,1145,Plná,Krátkodobý úspěch,4.0,0,,0,0,0,0,0,531,1176,1172,561
exp3483,A2,1146,Plná,Krátkodobý úspěch,3.0,0,,1,0,0,0,0,400,477,419,193
exp3484,A2,1147,Plná,Krátkodobý úspěch,3.0,0,,0,0,0,0,0,897,407,1448,366
exp3485,A2,1148,Plná,Dlouhodobý úspěch,4.0,0,,1,0,0,0,0,407,429,413,81
exp3486,A2,1149,Plná,Dlouhodobý úspěch,4.0,0,,0,0,0,0,0,530,415,484,198
exp3487,A2,1150,Plná,Dlouhodobý úspěch,3.0,0,,0,0,0,0,0,1001,551,1079,272
exp3488,A2,1151,Plná,Dlouhodobý úspěch,3.0,0,,0,0,1,1,0,545,516,1363,467
exp3489,A2,1152,Plná,Dlouhodobý úspěch,4.0,0,,0,0,0,0,0,615,938,624,251
exp3490,A2,1153,Plochá,Neúspěch,3.0,0,,0,1,1,1,0,456,522,814,772
exp3491,A2,1154,Plná,Krátkodobý úspěch,3.0,0,,0,0,0,0,0,1153,950,409,643
exp3492,A2,1155,Plochá,,,0,,0,1,0,0,0,643,837,413,226
exp3493,A2,1156,Plná,Krátkodobý úspěch,4.0,0,,1,0,0,0,0,477,456,473,248
exp3494,A2,1157,Plná,Dlouhodobý úspěch,3.0,0,,0,0,0,0,0,433,451,405,445
exp3495,A2,1158,Plná,Neúspěch,3.0,0,,0,0,0,0,0,930,670,837,788
exp3496,A2,1159,Plná,Dlouhodobý úspěch,2.0,0,,0,0,1,1,0,424,669,579,235
exp3497,A2,1160,Plná,Neúspěch,3.0,0,,0,0,0,0,0,433,402,405,63
exp3498,A2,1161,Plná,Krátkodobý úspěch,4.0,0,,0,0,0,0,0,411,753,975,1141
exp3499,A2,1162,Plná,Dlouhodobý úspěch,3.0,0,,0,0,0,0,0,571,470,1117,502
exp3500,A2,1163,Plná,Krátkodobý úspěch,4.0,0,,0,0,0,0,0,408,544,831,853
exp3501,A2,1164,Plná,Dlouhodobý úspěch,4.0,0,,1,0,0,0,0,586,517,526,346
exp3502,A2,1165,Plná,Krátkodobý úspěch,4.0,0,,0,0,1,1,0,638,444,583,282
exp3503,A2,1166,Plná,Neúspěch,3.0,0,,0,0,0,0,0,458,404,419,314
exp3504,A2,1167,Plná,Neúspěch,4.0,0,,1,0,0,0,0,478,514,484,273
exp3505,A2,1168,Plná,Krátkodobý úspěch,4.0,0,,0,0,0,0,0,1154,472,704,1043
exp3506,A2,1169,Plná,Krátkodobý úspěch,4.0,0,,1,0,0,0,0,807,670,612,631
exp3507,A2,1170,Plná,Dlouhodobý úspěch,4.0,0,,1,0,0,0,0,749,610,638,730
exp3508,A2,1171,Plná,Krátkodobý úspěch,4.0,0,,0,0,0,0,0,656,475,563,541
exp3509,A2,1172,Plná,Krátkodobý úspěch,2.0,0,,0,0,0,0,0,1026,490,672,855
exp3510,A2,1173,Plná,Neúspěch,3.0,0,,0,0,0,0,0,1373,237,436,456
exp3511,A2,1174,Plná,Dlouhodobý úspěch,4.0,0,,0,0,0,0,0,420,427,404,115
exp3512,A2,1175,Plná,Krátkodobý úspěch,4.0,0,,1,0,0,0,0,1077,426,1016,707
exp3513,A2,1176,Plná,Dlouhodobý úspěch,3.0,0,,0,0,0,0,0,475,411,715,291
exp3514,A2,1177,Plná,Dlouhodobý úspěch,4.0,0,,0,0,0,0,0,606,544,492,554
exp3515,A2,1178,Plná,Dlouhodobý úspěch,4.0,0,,0,0,0,0,0,866,977,1494,296
exp3516,A2,1179,Plná,Dlouhodobý úspěch,3.0,0,,0,0,0,0,0,1434,767,1013,1051
exp3517,A2,1180,Plná,Krátkodobý úspěch,4.0,0,,1,0,0,0,0,3519,2492,1588,1833
exp3518,A2,1181,Plná,Krátkodobý úspěch,4.0,0,,0,0,0,0,0,402,439,508,313
exp3519,A2,1182,Plná,Neúspěch,2.0,0,,1,0,1,0,0,473,417,429,127
exp3520,A2,1183,Plná,Neúspěch,3.0,0,,0,0,0,0,0,438,432,546,77
exp3521,A2,1184,Plochá,Dlouhodobý úspěch,3.0,0,,1,1,0,0,0,441,410,406,490
exp3522,A2,1185,Plná,Krátkodobý úspěch,3.0,0,,0,0,0,0,0,914,851,1764,953
exp3523,A2,1186,Plná,Dlouhodobý úspěch,4.0,0,,0,0,0,0,0,1552,1078,1446,2035
exp3524,A2,1187,Plná,Krátkodobý úspěch,2.0,0,,0,0,1,0,0,822,491,1241,544
exp3525,A2,1188,Plná,Dlouhodobý úspěch,4.0,0,,0,0,0,0,0,628,590,1256,937
exp3526,A2,1189,Plná,Dlouhodobý úspěch,4.0,0,,0,0,0,0,0,720,572,1284,143
exp3527,A2,1190,Plná,Krátkodobý úspěch,2.0,0,,0,0,1,0,0,418,434,686,167
exp3528,A2,1191,Plná,Dlouhodobý úspěch,4.0,0,,1,0,0,0,0,561,743,837,585
exp3529,A2,1192,Plná,Krátkodobý úspěch,3.0,0,,0,0,0,0,0,547,449,627,304
exp3530,A2,1193,Plná,Dlouhodobý úspěch,2.0,0,,0,0,1,1,0,635,419,803,261
exp3531,A2,1194,Plná,Krátkodobý úspěch,4.0,0,,0,0,0,0,0,584,500,711,589
exp3532,A2,1195,Plná,Dlouhodobý úspěch,3.0,0,,0,0,0,0,0,479,471,614,119
exp3533,A2,1196,Plochá,,,0,,0,1,0,0,0,652,602,881,500
exp3534,A2,1197,Plná,Dlouhodobý úspěch,2.0,0,,0,0,1,1,0,583,467,500,256
exp3535,A2,1198,Plná,Dlouhodobý úspěch,3.0,0,,0,0,1,1,0,549,446,827,283
exp3536,A2,1199,Plná,Dlouhodobý úspěch,3.0,0,,1,0,0,0,0,458,453,606,250
exp3537,A2,1200,Plochá,Krátkodobý úspěch,2.0,0,,1,1,0,0,0,801,440,656,203
exp3538,A2,1201,Plná,Dlouhodobý úspěch,2.0,0,,0,0,0,0,0,511,489,480,462
exp3539,A2,1202,Plochá,,,0,,0,1,0,0,0,716,565,965,256
exp3540,A2,1203,Plná,Dlouhodobý úspěch,4.0,0,,0,0,0,0,0,884,707,1016,699
exp3541,A2,1204,Plná,Krátkodobý úspěch,3.0,0,,0,0,0,0,0,987,414,415,406
exp3542,A2,1205,Plná,Dlouhodobý úspěch,3.0,0,,0,0,0,0,0,2125,484,1788,1938
exp3543,A2,1206,Plná,Neúspěch,2.0,0,,1,0,0,0,1,1919,755,490,675
exp3544,A2,1207,Plná,Dlouhodobý úspěch,4.0,0,,0,0,0,0,0,416,438,878,394
exp3545,A2,1208,Plná,Krátkodobý úspěch,3.0,0,,1,0,1,1,1,639,488,658,228
exp3546,A2,1209,Plná,Krátkodobý úspěch,3.0,0,,0,0,0,0,0,414,414,432,500
exp3547,A2,1210,Plná,Dlouhodobý úspěch,4.0,0,,0,0,0,0,0,944,730,1223,800
exp3548,A2,1211,Plná,Krátkodobý úspěch,3.0,0,,1,0,0,0,0,404,486,418,337
exp3549,A2,1212,Plná,Neúspěch,3.0,0,,0,0,0,0,0,1989,510,2353,319
exp3550,A2,1213,Plná,Dlouhodobý úspěch,4.0,0,,0,0,0,0,0,646,628,846,268
exp3551,A2,1214,Plná,Krátkodobý úspěch,4.0,0,,1,0,0,0,0,443,400,416,225
exp3552,A2,1215,Plná,Dlouhodobý úspěch,4.0,0,,0,0,0,0,0,699,1612,860,803
exp3553,A2,1216,Plná,Dlouhodobý úspěch,4.0,0,,0,0,0,0,0,830,535,503,726
exp3554,A2,1217,Plná,Dlouhodobý úspěch,4.0,0,,1,0,0,0,0,468,475,1042,513
exp3555,A2,1218,Plná,Dlouhodobý úspěch,3.0,0,,1,0,1,0,0,1079,519,1096,913
exp3556,A2,1219,Plná,Dlouhodobý úspěch,3.0,0,,0,0,1,1,0,510,614,662,568
exp3557,A2,1220,Plná,Krátkodobý úspěch,3.0,0,,0,0,0,0,0,447,672,603,347
exp3558,A2,1221,Plná,Dlouhodobý úspěch,3.0,0,,1,0,0,0,0,507,420,556,272
exp3559,A2,1222,Plná,Krátkodobý úspěch,3.0,0,,0,0,0,0,0,447,666,770,377
exp3560,A2,1223,Plná,Krátkodobý úspěch,3.0,0,,1,0,1,1,0,958,580,666,424
exp3561,A2,1224,Plná,Dlouhodobý úspěch,4.0,0,,0,0,0,0,0,543,440,432,281
exp3562,A2,1225,Plná,Dlouhodobý úspěch,4.0,0,,0,0,0,0,0,460,442,421,282
exp3563,A2,1226,Plná,Krátkodobý úspěch,4.0,0,,0,0,0,0,0,831,561,951,600
exp3564,A2,1227,Plná,Krátkodobý úspěch,3.0,0,,0,0,0,0,0,1163,432,1619,953
exp3565,A2,1228,Plná,Krátkodobý úspěch,3.0,0,,0,0,1,1,0,617,500,1874,403
exp3566,A2,1229,Plná,Dlouhodobý úspěch,2.0,0,,1,0,0,0,0,452,528,600,361
exp3567,A2,1230,Plná,Krátkodobý úspěch,2.0,0,,1,0,0,0,0,500,581,505,382
exp3568,A2,1231,Plná,Krátkodobý úspěch,2.0,0,,0,0,0,0,0,469,1267,405,394
exp3569,A2,1232,Plná,Krátkodobý úspěch,1.0,0,,0,0,0,0,0,445,433,668,565
exp3570,A2,1233,Plná,Dlouhodobý úspěch,3.0,0,,1,0,1,1,0,1114,555,992,496
exp3571,A2,1234,Plná,Neúspěch,2.0,0,,0,0,0,0,0,1630,551,680,760
exp3573,A2,1235,Plná,Dlouhodobý úspěch,4.0,0,,0,0,0,0,0,2908,1496,1668,1524
exp3574,A2,1236,Plná,Krátkodobý úspěch,3.0,0,,0,0,0,0,0,820,725,524,611
exp3575,A2,1237,Plná,Krátkodobý úspěch,4.0,0,,1,0,1,0,0,526,743,3286,697
exp3576,A2,1238,Plná,Dlouhodobý úspěch,4.0,0,,0,0,0,0,0,407,426,532,356
exp3577,A2,1239,Plná,Dlouhodobý úspěch,4.0,0,,0,0,0,0,0,1025,494,429,271
exp3578,A2,1240,Plná,Krátkodobý úspěch,2.0,0,,1,0,0,0,0,762,960,1351,569
exp3579,A2,1241,Plná,Krátkodobý úspěch,3.0,0,,0,0,0,0,0,524,589,543,244
exp3580,A2,1242,Plná,Krátkodobý úspěch,4.0,0,,0,0,0,0,0,414,449,470,425
exp3581,A2,1243,Plná,Krátkodobý úspěch,3.0,0,,0,0,0,0,0,967,457,857,729
exp3582,A2,1244,Plochá,,,0,,0,1,0,0,0,1416,509,460,375
exp3583,A2,1245,Plná,Neúspěch,2.0,0,,0,0,0,0,0,540,669,515,191
exp3584,A2,1246,Plná,Krátkodobý úspěch,3.0,0,,1,0,0,0,1,488,493,641,194
exp3585,A2,1247,Plná,Krátkodobý úspěch,4.0,0,,1,0,0,0,0,1068,1196,825,1247
exp3586,A2,1248,Plná,Krátkodobý úspěch,3.0,0,,0,0,0,0,0,755,1019,712,591
exp3587,A2,1249,Plochá,,,0,,0,1,0,0,0,497,754,597,785
exp3588,A2,1250,Plná,Krátkodobý úspěch,3.0,0,,0,0,0,0,0,1242,2330,723,411
exp3589,A2,1251,Plná,Dlouhodobý úspěch,4.0,0,,1,0,0,0,0,691,647,886,727
exp3590,A2,1252,Plná,Dlouhodobý úspěch,4.0,0,,0,0,0,0,0,1479,1304,1457,685
exp3591,A2,1253,Plná,Krátkodobý úspěch,2.0,0,,1,0,1,1,0,563,1181,1257,591
exp3592,A2,1254,Plná,Krátkodobý úspěch,2.0,0,,0,0,0,0,0,419,512,412,223
exp3593,A2,1255,Plná,Krátkodobý úspěch,3.0,0,,0,0,1,0,0,640,566,784,489
exp3594,A2,1256,Plná,Krátkodobý úspěch,4.0,0,,0,0,0,0,0,584,432,588,631
exp3595,A2,1257,Plná,Krátkodobý úspěch,2.0,0,,0,0,0,0,0,449,713,440,133
exp3596,A2,1258,Plná,Krátkodobý úspěch,3.0,0,,0,0,0,0,0,1418,441,933,488
exp3597,A2,1259,Plná,Dlouhodobý úspěch,3.0,0,,0,0,0,0,0,590,550,508,180
exp3598,A2,1260,Plná,Krátkodobý úspěch,4.0,0,,0,0,0,0,0,924,713,976,649
exp3599,A2,1261,Plná,Dlouhodobý úspěch,2.0,0,,0,0,0,0,0,557,455,271,226
exp3600,A2,1262,Plná,Dlouhodobý úspěch,3.0,0,,0,0,1,1,0,680,493,777,258
exp3601,A2,1263,Plná,Dlouhodobý úspěch,3.0,0,,0,0,0,0,0,436,438,429,263
exp3602,A2,1264,Plná,Dlouhodobý úspěch,3.0,0,,1,0,0,0,1,545,444,448,119
exp3603,A2,1265,Plná,Krátkodobý úspěch,3.0,0,,0,0,0,0,0,690,711,518,600
exp3604,A2,1266,Plná,Neúspěch,2.0,0,,0,0,1,1,0,796,1020,403,247
exp3605,A2,1267,Plná,Krátkodobý úspěch,3.0,0,,0,0,0,0,0,1050,758,995,1609
exp3606,A2,1268,Plná,Krátkodobý úspěch,4.0,0,,1,0,0,0,0,1005,934,824,505
exp3607,A2,1269,Plná,Krátkodobý úspěch,3.0,0,,0,0,0,0,0,1096,694,841,565
exp3608,A2,1270,Plná,Dlouhodobý úspěch,3.0,0,,1,0,1,1,0,446,593,431,243
exp3609,A2,1271,Plochá,Neúspěch,2.0,0,,0,1,1,1,0,955,467,995,547
exp3611,A2,1272,Plná,Krátkodobý úspěch,2.0,0,,0,0,0,0,0,795,484,668,411
exp3613,A2,1273,Plná,Krátkodobý úspěch,2.0,0,,1,0,0,0,0,951,1345,1370,499
exp3614,A2,1274,Plná,Krátkodobý úspěch,2.0,0,,0,0,0,0,0,462,439,415,94
exp3615,A2,1275,Plná,Krátkodobý úspěch,4.0,0,,1,0,0,0,0,485,575,466,238
exp3616,A2,1276,Plná,Krátkodobý úspěch,3.0,0,,0,0,0,0,0,1122,969,1333,909
exp3617,A2,1277,Plná,Krátkodobý úspěch,3.0,0,,0,0,0,0,0,876,675,818,816
exp3618,A2,1278,Plná,Dlouhodobý úspěch,2.0,0,,1,0,1,0,0,472,501,573,275
exp3619,A2,1279,Plná,Krátkodobý úspěch,3.0,0,,0,0,0,0,0,408,655,671,732
exp3620,A2,1280,Plná,Krátkodobý úspěch,3.0,0,,0,0,0,0,0,607,858,980,834
exp3621,A2,1281,Plná,Dlouhodobý úspěch,4.0,0,,0,0,0,0,0,677,418,1317,582
exp3622,A2,1282,Plná,Krátkodobý úspěch,4.0,0,,1,0,0,0,1,701,835,543,285
exp3623,A2,1283,Plná,Krátkodobý úspěch,3.0,0,,0,0,0,0,0,1514,1299,1249,2062
exp3624,A2,1284,Plná,Krátkodobý úspěch,4.0,0,,0,0,0,0,0,477,528,558,610
exp3625,A2,1285,Plná,Neúspěch,3.0,0,,0,0,0,0,0,739,451,482,578
exp3626,A2,1286,Plná,Krátkodobý úspěch,3.0,0,,0,0,0,0,0,409,403,702,630
exp3627,A2,1287,Plná,Krátkodobý úspěch,3.0,0,,1,0,0,0,0,455,463,466,88
exp3628,A2,1288,Plná,Neúspěch,1.0,0,,1,0,1,1,0,647,405,401,99
exp3629,A2,1289,Plná,Dlouhodobý úspěch,3.0,0,,0,0,0,0,0,906,489,905,164
exp3630,A2,1290,Plná,Krátkodobý úspěch,2.0,0,,0,0,0,0,0,939,448,805,657
exp3631,A2,1291,Plná,Krátkodobý úspěch,2.0,0,,0,0,1,1,0,1362,686,399,620
exp3632,A2,1292,Plná,Krátkodobý úspěch,3.0,0,,0,0,0,0,0,1209,1139,447,683
exp3633,A2,1293,Plná,Krátkodobý úspěch,3.0,0,,0,0,0,0,0,415,430,438,429
exp3634,A2,1294,Plná,Krátkodobý úspěch,2.0,0,,0,0,0,0,0,534,757,674,708
exp3635,A2,1295,Plná,Krátkodobý úspěch,3.0,0,,0,0,0,0,0,475,663,534,570
exp3636,A2,1296,Plná,Krátkodobý úspěch,3.0,0,,0,0,0,0,0,514,676,859,720
exp3637,A2,1297,Plná,Neúspěch,2.0,0,,0,0,0,0,0,1623,429,430,317
exp3638,A2,1298,Plná,Dlouhodobý úspěch,3.0,0,,1,0,0,0,0,691,426,882,648
exp3639,A2,1299,Plná,Dlouhodobý úspěch,4.0,0,,1,0,0,0,0,731,862,897,785
exp3640,A2,1300,Plná,Dlouhodobý úspěch,4.0,0,,0,0,0,0,0,462,448,536,472
exp3641,A2,1301,Plná,Krátkodobý úspěch,2.0,0,,0,0,1,0,0,410,432,404,310
exp3642,A2,1302,Plochá,Krátkodobý úspěch,2.0,0,,0,1,1,0,0,1046,447,671,2096
exp3643,A2,1303,Plná,Krátkodobý úspěch,4.0,0,,0,0,0,0,0,1538,1334,1586,1690
exp3644,A2,1304,Plná,Krátkodobý úspěch,2.0,0,,1,0,1,0,1,438,657,823,1016
exp3645,A2,1305,Plná,Krátkodobý úspěch,4.0,0,,1,0,0,0,0,967,511,794,177
exp3646,A2,1306,Plná,Krátkodobý úspěch,4.0,0,,0,0,0,0,0,546,579,540,399
exp3647,A2,1307,Plná,Dlouhodobý úspěch,3.0,0,,0,0,0,0,0,2536,401,1140,697
exp3648,A2,1308,Plná,Krátkodobý úspěch,3.0,0,,0,0,0,0,0,469,507,436,524
exp3649,A2,1309,Plná,Dlouhodobý úspěch,3.0,0,,0,0,0,0,0,1082,431,513,346
exp3650,A2,1310,Plná,Dlouhodobý úspěch,3.0,0,,0,0,0,0,0,698,682,1004,970
exp3651,A2,1311,Plochá,,,0,,0,1,0,0,0,1068,689,1453,1231
exp3652,A2,1312,Plná,Krátkodobý úspěch,2.0,0,,1,0,1,1,0,1433,416,509,148
exp3653,A2,1313,Plná,Krátkodobý úspěch,2.0,0,,0,0,1,0,0,738,700,559,628
exp3654,A2,1314,Plná,Dlouhodobý úspěch,4.0,0,,0,0,0,0,0,645,413,745,705
exp3655,A2,1315,Plná,Neúspěch,2.0,0,,1,0,1,1,0,1734,438,480,138
exp3656,A2,1316,Plná,Dlouhodobý úspěch,4.0,0,,1,0,0,0,0,415,421,597,273
exp3657,A2,1317,Plná,Krátkodobý úspěch,4.0,0,,0,0,0,0,0,444,580,515,296
exp3658,A2,1318,Plná,Krátkodobý úspěch,3.0,0,,0,0,0,0,0,555,482,428,421
exp3659,A2,1319,Plná,Krátkodobý úspěch,2.0,0,,0,0,1,0,0,416,679,883,605
exp3660,A2,1320,Plná,Krátkodobý úspěch,3.0,0,,0,0,0,0,0,636,490,525,385
exp3661,A2,1321,Plná,Neúspěch,3.0,0,,0,0,1,0,0,444,956,971,476
exp3662,A2,1322,Plná,Dlouhodobý úspěch,4.0,0,,0,0,0,0,0,1094,437,532,472
exp3663,A2,1323,Plná,Krátkodobý úspěch,3.0,0,,0,0,0,0,0,1193,721,622,437
exp3664,A2,1324,Plná,Dlouhodobý úspěch,4.0,0,,0,0,0,0,0,680,440,729,560
exp3665,A2,1325,Plná,Neúspěch,4.0,0,,1,0,0,0,0,758,659,755,456
exp3666,A2,1326,Plná,Dlouhodobý úspěch,4.0,0,,0,0,0,0,0,478,405,482,245
exp3667,A2,1327,Plná,Krátkodobý úspěch,3.0,0,,0,0,1,1,0,443,473,1031,674
exp3668,A2,1328,Plná,Neúspěch,2.0,0,,0,0,0,0,0,429,456,589,248
exp3669,A2,1329,Plná,Dlouhodobý úspěch,4.0,0,,0,0,0,0,0,415,400,429,382
exp3670,A2,1330,Plná,Krátkodobý úspěch,3.0,0,,0,0,0,0,0,413,410,494,500
exp3671,A2,1331,Plná,Krátkodobý úspěch,3.0,0,,0,0,0,0,0,401,411,495,352
exp3672,A2,1332,Plná,Krátkodobý úspěch,3.0,0,,1,0,0,0,0,441,823,594,815
exp3673,A2,1333,Plná,Dlouhodobý úspěch,3.0,0,,0,0,1,1,0,426,447,678,119
exp3674,A2,1334,Plná,Dlouhodobý úspěch,3.0,0,,0,0,0,0,0,453,490,558,136
exp3675,A2,1335,Plná,Krátkodobý úspěch,3.0,0,,0,0,0,0,0,1305,622,578,222
exp3676,A2,1336,Plná,Dlouhodobý úspěch,4.0,0,,1,0,0,0,0,478,404,493,569
exp3677,A2,1337,Plná,Krátkodobý úspěch,3.0,0,,0,0,0,0,0,440,407,655,0
exp3678,A2,1338,Plochá,Dlouhodobý úspěch,2.0,0,,0,1,0,0,0,405,428,804,474
exp3679,A2,1339,Plná,Krátkodobý úspěch,2.0,0,,0,0,0,0,0,716,620,662,796
exp3680,A2,1340,Plná,Krátkodobý úspěch,2.0,0,,1,0,0,0,1,502,1063,881,333
exp3681,A2,1341,Plná,Krátkodobý úspěch,3.0,0,,0,0,0,0,0,414,444,418,115
exp3682,A2,1342,Plná,Krátkodobý úspěch,4.0,0,,0,0,0,0,0,420,452,421,537
exp3683,A2,1343,Plná,Dlouhodobý úspěch,4.0,0,,0,0,0,0,0,585,441,1279,437
exp3684,A2,1344,Plná,Dlouhodobý úspěch,3.0,0,,0,0,0,0,0,511,422,596,347
exp3685,A2,1345,Plná,Dlouhodobý úspěch,3.0,0,,1,0,0,0,0,631,523,982,539
exp3686,A2,1346,Plná,Krátkodobý úspěch,4.0,0,,1,0,0,0,0,1075,932,785,1084
exp3687,A2,1347,Plná,Krátkodobý úspěch,4.0,0,,1,0,0,0,0,607,547,687,555
exp3688,A2,1348,Plná,Dlouhodobý úspěch,4.0,0,,0,0,0,0,0,739,697,741,1027
exp3689,A2,1349,Plochá,,,0,,0,1,0,0,0,424,405,525,489
exp3690,A2,1350,Plná,Dlouhodobý úspěch,2.0,0,,0,0,1,1,0,667,701,674,673
exp3691,A2,1351,Plná,Krátkodobý úspěch,4.0,0,,0,0,0,0,0,997,673,905,902
exp3692,A2,1352,Plná,Dlouhodobý úspěch,3.0,0,,0,0,1,0,0,535,432,471,258
exp3693,A2,1353,Plná,Krátkodobý úspěch,3.0,0,,0,0,0,0,0,515,766,674,498
,A2,1354,Plná,Krátkodobý úspěch,3.0,0,,0,0,1,0,0,481,655,582,570
exp3728,A2,1355,Plná,Dlouhodobý úspěch,3.0,0,,0,0,0,0,0,452,479,508,434
exp3729,A2,1356,Plná,Dlouhodobý úspěch,3.0,0,,0,0,0,0,0,634,496,1277,366
exp3730,A2,1357,Plná,Krátkodobý úspěch,3.0,0,,0,0,0,0,0,415,712,452,240
exp3731,A2,1358,Plná,Krátkodobý úspěch,3.0,0,,0,0,1,0,0,1026,467,1292,164
exp3732,A2,1359,Plná,Krátkodobý úspěch,2.0,0,,0,0,1,0,0,1013,949,1172,860
exp3733,A2,1360,Plná,Dlouhodobý úspěch,2.0,0,,0,0,0,0,0,443,415,543,230
exp3734,A2,1361,Plná,Krátkodobý úspěch,3.0,0,,0,0,0,0,0,433,510,631,425
exp3735,A2,1362,Plná,Krátkodobý úspěch,3.0,0,,1,0,0,0,0,795,491,885,1217
exp3736,A2,1363,Plná,Neúspěch,2.0,0,,1,0,0,0,1,399,437,729,343
exp3737,A2,1364,Plná,Krátkodobý úspěch,3.0,0,,0,0,0,0,0,2151,864,1578,1153
exp3738,A2,1365,Plná,Dlouhodobý úspěch,4.0,0,,0,0,0,0,0,669,400,643,268
exp3739,A2,1366,Plná,Krátkodobý úspěch,4.0,0,,0,0,0,0,0,426,535,793,399
exp3740,A2,1367,Plná,Krátkodobý úspěch,3.0,0,,0,0,0,0,0,983,1086,1121,886
exp3741,A2,1368,Plná,Krátkodobý úspěch,4.0,0,,0,0,0,0,0,522,403,438,494
exp3742,A2,1369,Plná,Neúspěch,2.0,0,,1,0,1,0,0,576,551,891,313
exp3743,A2,1370,Plná,Krátkodobý úspěch,2.0,0,,0,0,0,0,0,673,701,768,353
exp3744,A2,1371,Plná,Dlouhodobý úspěch,4.0,0,,0,0,0,0,0,538,565,620,475
exp3745,A2,1372,Plná,Krátkodobý úspěch,3.0,0,,0,0,0,0,0,1593,892,882,643
exp3746,A2,1373,Plná,Dlouhodobý úspěch,3.0,0,,0,0,0,0,0,690,404,547,410
exp3747,A2,1374,Plná,Krátkodobý úspěch,3.0,0,,0,0,0,0,0,508,322,712,790
exp3748,A2,1375,Plná,Dlouhodobý úspěch,4.0,0,,0,0,0,0,0,978,711,2175,309
exp3749,A2,1376,Plná,Neúspěch,4.0,0,,0,0,0,0,0,1845,672,679,585
exp3750,A2,1377,Plná,Neúspěch,4.0,0,,1,0,0,0,0,1481,540,846,606
exp3751,A2,1378,Plná,Dlouhodobý úspěch,4.0,0,,0,0,0,0,0,605,770,1001,708
exp3752,A2,1379,Plná,Dlouhodobý úspěch,4.0,0,,0,0,0,0,0,502,412,855,404
exp3753,A2,1380,Plná,Dlouhodobý úspěch,4.0,0,,0,0,0,0,0,728,786,800,561
exp3754,A2,1381,Plná,Krátkodobý úspěch,4.0,0,,0,0,0,0,0,451,466,629,724
exp3755,A2,1382,Plná,Krátkodobý úspěch,4.0,0,,0,0,0,0,0,677,732,792,604
exp3756,A2,1383,Plná,Krátkodobý úspěch,1.0,0,,0,0,1,1,0,1112,743,481,635
exp3757,A2,1384,Plná,Neúspěch,2.0,0,,1,0,0,0,0,413,406,506,132
exp3758,A2,1385,Plná,Dlouhodobý úspěch,4.0,0,,0,0,0,0,0,1137,903,776,638
exp3759,A2,1386,Plná,Dlouhodobý úspěch,4.0,0,,0,0,0,0,0,600,716,1001,730
exp3760,A2,1387,Plná,Krátkodobý úspěch,3.0,0,,0,0,0,0,0,448,447,464,442
exp3761,A2,1388,Plná,Dlouhodobý úspěch,4.0,0,,1,0,0,0,1,840,458,873,130
exp3762,A2,1389,Plná,Krátkodobý úspěch,4.0,0,,0,0,0,0,0,659,525,518,315
exp3763,A2,1390,Plná,Neúspěch,3.0,0,,0,0,0,0,0,1088,612,1220,521
exp3764,A2,1391,Plná,Krátkodobý úspěch,3.0,0,,0,0,0,0,0,1538,963,1168,1095
exp3765,A2,1392,Plná,Krátkodobý úspěch,4.0,0,,0,0,0,0,0,574,465,1047,749
exp3766,A2,1393,Plná,Krátkodobý úspěch,2.0,0,,0,0,1,1,0,449,461,818,490
exp3767,A2,1394,Plná,Neúspěch,3.0,0,,0,0,0,0,0,845,805,800,899
exp3768,A2,1395,Plná,Dlouhodobý úspěch,3.0,0,,0,0,0,0,0,873,452,584,338
exp3769,A2,1396,Plná,Krátkodobý úspěch,3.0,0,,0,0,0,0,0,828,440,404,808
exp3770,A2,1397,Plná,Dlouhodobý úspěch,2.0,0,,0,0,1,0,0,636,417,469,284
exp3771,A2,1398,Plná,Dlouhodobý úspěch,4.0,0,,1,0,0,0,0,1631,739,754,755
exp3772,A2,1399,Plná,Dlouhodobý úspěch,4.0,0,,0,0,0,0,0,478,472,506,624
exp3773,A2,1400,Plná,Dlouhodobý úspěch,3.0,0,,0,0,0,0,0,786,520,700,411
exp3774,A2,1401,Plná,Krátkodobý úspěch,2.0,0,,0,0,0,0,0,921,512,733,378
exp3775,A2,1402,Plná,Krátkodobý úspěch,3.0,0,,0,0,0,0,0,837,1006,1067,786
exp3776,A2,1403,Plná,Krátkodobý úspěch,2.0,0,,0,0,0,0,0,805,826,896,802
exp3777,A2,1404,Plná,Krátkodobý úspěch,4.0,0,,0,0,0,0,0,786,819,794,663
exp3778,A2,1405,Plná,Dlouhodobý úspěch,4.0,0,,0,0,0,0,0,626,487,610,939
exp3779,A2,1406,Plná,Krátkodobý úspěch,3.0,0,,1,0,0,0,0,820,679,958,1046
exp3780,A2,1407,Plná,Krátkodobý úspěch,3.0,0,,1,0,0,0,0,603,408,491,372
exp3781,A2,1408,Plná,Krátkodobý úspěch,4.0,0,,0,0,0,0,0,421,437,968,799
exp3782,A2,1409,Plochá,,,0,,0,1,0,0,0,2350,667,574,793
exp3783,A2,1410,Plná,Dlouhodobý úspěch,2.0,0,,0,0,0,0,0,435,453,436,76
exp3784,A2,1411,Plná,Krátkodobý úspěch,3.0,0,,1,0,0,0,0,411,464,402,322
exp3785,A2,1412,Plná,Krátkodobý úspěch,3.0,0,,0,0,0,0,0,579,668,470,506
exp3786,A2,1413,Plochá,,,0,,0,1,0,0,0,462,414,476,0
exp3787,A2,1414,Plná,Neúspěch,2.0,0,,0,0,0,0,0,582,522,414,319
exp3788,A2,1415,Plná,Neúspěch,2.0,0,,0,0,0,0,0,491,883,473,830
exp3789,A2,1416,Plná,Neúspěch,3.0,0,,0,0,0,0,0,663,458,508,152
exp3790,A2,1417,Plná,Krátkodobý úspěch,3.0,0,,0,0,0,0,0,530,443,465,427
exp3791,A2,1418,Plná,Krátkodobý úspěch,3.0,0,,0,0,0,0,0,599,1265,798,1403
exp3792,A2,1419,Plná,Dlouhodobý úspěch,3.0,0,,0,0,0,0,0,855,1274,864,745
exp3793,A2,1420,Plná,Krátkodobý úspěch,4.0,0,,0,0,0,0,0,532,406,725,295
exp3794,A2,1421,Plná,Dlouhodobý úspěch,3.0,0,,0,0,0,0,0,438,432,437,374
exp3795,A2,1422,Plná,Dlouhodobý úspěch,3.0,0,,1,0,0,0,0,412,433,477,112
exp3796,A2,1423,Plná,Krátkodobý úspěch,2.0,0,,0,0,0,0,0,1121,640,967,438
exp3797,A2,1424,Plochá,,,0,,0,1,1,0,0,820,457,616,489
exp3798,A2,1425,Plná,Krátkodobý úspěch,2.0,0,,1,0,1,1,0,467,436,1136,404
exp3799,A2,1426,Plná,Dlouhodobý úspěch,4.0,0,,0,0,0,0,0,996,1419,1366,504
exp3800,A2,1427,Plná,Dlouhodobý úspěch,4.0,0,,0,0,0,0,0,509,797,869,574
exp3801,A2,1428,Plná,Krátkodobý úspěch,3.0,0,,0,0,0,0,0,776,413,1879,573
exp3802,A2,1429,Plná,Neúspěch,2.0,0,,0,0,0,0,0,443,609,662,445
exp3803,A2,1430,Plná,Krátkodobý úspěch,2.0,0,,0,0,0,0,0,435,405,428,221
exp3804,A2,1431,Plná,Dlouhodobý úspěch,4.0,0,,0,0,0,0,0,566,504,415,17
exp3805,A2,1432,Plná,Krátkodobý úspěch,4.0,0,,0,0,0,0,0,1684,2092,2303,2024
exp3806,A2,1433,Plná,Krátkodobý úspěch,3.0,0,,0,0,0,0,0,1467,461,676,390
exp3807,A2,1434,Plná,Krátkodobý úspěch,4.0,0,,0,0,0,0,0,1466,1141,797,1022
exp3808,A2,1435,Plná,Krátkodobý úspěch,3.0,0,,0,0,0,0,0,415,484,530,710
exp3809,A2,1436,Plná,Krátkodobý úspěch,3.0,0,,0,0,0,0,0,526,630,456,227
exp3810,A2,1437,Plná,Krátkodobý úspěch,3.0,0,,0,0,0,0,0,824,418,576,722
exp3811,A2,1438,Plná,Krátkodobý úspěch,2.0,0,,0,0,0,0,0,409,479,492,199
exp3812,A2,1439,Plná,Krátkodobý úspěch,2.0,0,,0,0,0,0,0,476,400,505,244
exp3813,A2,1440,Plná,Neúspěch,2.0,0,,0,0,1,1,0,687,534,1052,667
exp3814,A2,1441,Plná,Krátkodobý úspěch,3.0,0,,0,0,0,0,0,1972,947,1770,660
exp3815,A2,1442,Plná,Dlouhodobý úspěch,3.0,0,,0,0,0,0,0,544,514,551,255
exp3816,A2,1443,Plná,Dlouhodobý úspěch,3.0,0,,0,0,0,0,0,412,465,955,98
exp3817,A2,1444,Plná,Krátkodobý úspěch,3.0,0,,0,0,0,0,0,709,1092,1641,682
exp3818,A2,1445,Plná,Krátkodobý úspěch,4.0,0,,0,0,0,0,0,977,579,1780,1004
exp3819,A2,1446,Plná,Dlouhodobý úspěch,3.0,0,,0,0,0,0,0,678,654,591,819
exp3820,A2,1447,Plná,Krátkodobý úspěch,2.0,0,,0,0,0,0,0,444,417,737,318
exp3821,A2,1448,Plná,Dlouhodobý úspěch,3.0,0,,1,0,0,0,0,964,432,1070,174
exp3822,A2,1449,Plná,Krátkodobý úspěch,3.0,0,,0,0,0,0,0,533,495,504,539
exp3823,A2,1450,Plná,Krátkodobý úspěch,4.0,0,,0,0,0,0,0,814,401,677,617
exp3824,A2,1451,Plná,Krátkodobý úspěch,3.0,0,,1,0,0,0,1,450,604,1014,293
exp3825,A2,1452,Plná,Krátkodobý úspěch,3.0,0,,0,0,0,0,0,522,417,413,423
exp3826,A2,1453,Plná,Dlouhodobý úspěch,3.0,0,,1,0,0,0,0,416,488,519,343
exp3827,A2,1454,Plná,Krátkodobý úspěch,2.0,0,,0,0,1,1,0,1777,897,866,784
exp3828,A2,1455,Plná,Dlouhodobý úspěch,3.0,0,,0,0,0,0,0,1662,843,1011,914
exp3829,A2,1456,Plná,Dlouhodobý úspěch,4.0,0,,0,0,0,0,0,465,533,1119,297
exp3830,A2,1457,Plná,Krátkodobý úspěch,3.0,0,,0,0,0,0,0,765,822,1108,693
exp3831,A2,1458,Plná,Dlouhodobý úspěch,2.0,0,,1,0,1,1,0,411,483,458,228
exp3832,A2,1459,Plná,Krátkodobý úspěch,4.0,0,,0,0,0,0,0,853,861,792,1638
exp3833,A2,1460,Plná,Krátkodobý úspěch,3.0,0,,0,0,0,0,0,764,580,1255,595
exp3834,A2,1461,Plná,Krátkodobý úspěch,3.0,0,,0,0,0,0,0,3603,486,863,505
exp3835,A2,1462,Plná,Krátkodobý úspěch,3.0,0,,0,0,1,0,0,2192,2207,724,1700
exp3836,A2,1463,Plná,Krátkodobý úspěch,2.0,0,,0,0,0,0,0,544,401,702,576
exp3837,A2,1464,Plná,Dlouhodobý úspěch,3.0,0,,0,0,0,0,0,442,400,684,489
exp3838,A2,1465,Plná,Dlouhodobý úspěch,3.0,0,,0,0,0,0,0,534,466,451,387
exp3839,A2,1466,Plná,Dlouhodobý úspěch,3.0,0,,1,0,0,0,0,537,502,679,599
exp3840,A2,1467,Plná,Krátkodobý úspěch,3.0,0,,0,0,0,0,0,488,444,643,740
exp3841,A2,1468,Plná,Dlouhodobý úspěch,3.0,0,,0,0,0,0,0,490,470,548,292
exp3842,A2,1469,Plná,Krátkodobý úspěch,4.0,0,,0,0,0,0,0,893,998,1030,212
exp3843,A2,1470,Plná,Dlouhodobý úspěch,4.0,0,,0,0,0,0,0,725,449,612,856
exp3844,A2,1471,Plochá,,,0,,1,1,0,0,1,415,431,423,635
exp3845,A2,1472,Plná,Krátkodobý úspěch,3.0,0,,0,0,0,0,0,802,883,1560,267
exp3846,A2,1473,Plná,Krátkodobý úspěch,2.0,0,,0,0,0,0,0,427,440,427,165
exp3847,A2,1474,Plná,Dlouhodobý úspěch,3.0,0,,0,0,0,0,0,475,402,418,255
exp3848,A2,1475,Plná,Neúspěch,2.0,0,,0,0,0,0,0,1567,1122,570,588
exp3849,A2,1476,Plná,Krátkodobý úspěch,3.0,0,,0,0,0,0,0,476,494,1105,779
exp3850,A2,1477,Plná,Krátkodobý úspěch,3.0,0,,0,0,0,0,0,901,506,794,618
exp3851,A2,1478,Plná,Dlouhodobý úspěch,3.0,0,,0,0,0,0,0,592,628,527,281
exp3852,A2,1479,Plná,Krátkodobý úspěch,3.0,0,,0,0,0,0,0,649,539,1042,658
exp3853,A2,1480,Plná,Krátkodobý úspěch,2.0,0,,0,0,1,1,0,1089,851,822,446
exp3854,A2,1481,Plná,Dlouhodobý úspěch,3.0,0,,0,0,0,0,0,573,779,596,518
exp3855,A2,1482,Plná,Krátkodobý úspěch,3.0,0,,1,0,0,0,0,936,500,596,416
exp3856,A2,1483,Plná,Dlouhodobý úspěch,3.0,0,,0,0,0,0,0,638,628,1002,300
exp3857,A2,1484,Plná,Krátkodobý úspěch,2.0,0,,0,0,0,0,0,465,497,413,444
exp3858,A2,1485,Plná,Krátkodobý úspěch,3.0,0,,0,0,0,0,0,628,436,734,399
exp3859,A2,1486,Plná,Krátkodobý úspěch,3.0,0,,0,0,0,0,0,474,449,408,222
exp3860,A2,1487,Plná,Dlouhodobý úspěch,3.0,0,,0,0,0,0,0,411,440,464,922
exp3861,A2,1488,Plná,Krátkodobý úspěch,2.0,0,,0,0,0,0,0,456,510,528,235
exp3862,A2,1489,Plná,Krátkodobý úspěch,3.0,0,,0,0,0,0,0,877,522,731,370
exp3863,A2,1490,Plná,Krátkodobý úspěch,2.0,0,,0,0,0,0,0,693,523,423,910
exp3864,A2,1491,Plná,Dlouhodobý úspěch,4.0,0,,0,0,0,0,0,690,1744,1745,1634
exp3865,A2,1492,Plná,Krátkodobý úspěch,3.0,0,,1,0,0,0,1,567,831,451,223
exp3866,A2,1493,Plná,Dlouhodobý úspěch,2.0,0,,0,0,1,1,0,425,823,549,740
exp3867,A2,1494,Plochá,,,0,,0,1,0,0,0,525,515,475,286
exp3868,A2,1495,Plná,Krátkodobý úspěch,3.0,0,,0,0,0,0,0,398,467,439,352
exp3869,A2,1496,Plná,Krátkodobý úspěch,2.0,0,,0,0,0,0,0,803,678,946,430
exp3870,A2,1497,Plochá,,,0,,0,1,0,0,0,650,527,450,415
exp3871,A2,1498,Plná,Neúspěch,2.0,0,,0,0,1,0,0,584,441,542,454
exp3872,A2,1499,Plná,Dlouhodobý úspěch,4.0,0,,1,0,0,0,1,400,501,639,113
exp3873,A2,1500,Plná,Dlouhodobý úspěch,3.0,0,,0,0,0,0,0,1317,1206,1430,1924
exp3874,A2,1501,Plná,Krátkodobý úspěch,4.0,0,,1,0,0,0,0,435,602,794,782
exp3875,A2,1502,Plná,Dlouhodobý úspěch,4.0,0,,0,0,0,0,0,546,499,845,447
exp3876,A2,1503,Plná,Krátkodobý úspěch,2.0,0,,0,0,0,0,0,415,723,437,1083
exp3877,A2,1504,Plná,Neúspěch,3.0,0,,0,0,0,0,0,506,456,538,208
exp3878,A2,1505,Plná,Neúspěch,2.0,0,,0,0,0,0,0,429,469,443,354
exp3879,A2,1506,Plná,Dlouhodobý úspěch,4.0,0,,0,0,0,0,0,727,460,850,478
exp3880,A2,1507,Plná,Krátkodobý úspěch,4.0,0,,0,0,0,0,0,465,418,551,240
exp3881,A2,1508,Plná,Dlouhodobý úspěch,3.0,0,,0,0,0,0,0,624,475,555,790
exp3882,A2,1509,Plná,Dlouhodobý úspěch,3.0,0,,0,0,0,0,0,692,571,707,422
exp3883,A2,1510,Plná,Dlouhodobý úspěch,3.0,0,,0,0,1,1,0,426,437,975,158
exp3884,A2,1511,Plná,Krátkodobý úspěch,3.0,0,,0,0,0,0,0,442,578,641,395
exp3885,A2,1512,Plná,Dlouhodobý úspěch,4.0,0,,0,0,0,0,0,612,594,784,446
exp3886,A2,1513,Plná,Krátkodobý úspěch,3.0,0,,0,0,0,0,0,867,706,918,1058
exp3887,A2,1514,Plná,Krátkodobý úspěch,3.0,0,,0,0,0,0,0,1241,707,690,987
exp3888,A2,1515,Plná,Krátkodobý úspěch,3.0,0,,0,0,0,0,0,557,495,976,498
exp3889,A2,1516,Plná,Dlouhodobý úspěch,2.0,0,,0,0,1,1,0,542,556,830,202
exp3890,A2,1517,Plná,Neúspěch,2.0,0,,0,0,0,0,0,732,0,694,382
exp3891,A2,1518,Plná,Dlouhodobý úspěch,3.0,0,,0,0,0,0,0,672,531,606,358
exp3893,A2,1519,Plná,Dlouhodobý úspěch,2.0,0,,0,0,0,0,0,680,407,456,399
exp3894,A2,1520,Plná,Dlouhodobý úspěch,3.0,0,,0,0,0,0,0,432,522,583,214
exp3895,A2,1521,Plná,Krátkodobý úspěch,3.0,0,,0,0,0,0,0,572,707,1052,557
exp3896,A2,1522,Plná,Krátkodobý úspěch,2.0,0,,0,0,0,0,0,1233,937,1334,962
exp3897,A2,1523,Plná,Dlouhodobý úspěch,3.0,0,,1,0,1,1,0,1330,601,1357,885
exp3898,A2,1524,Plná,Dlouhodobý úspěch,4.0,0,,0,0,0,0,0,607,802,1777,425
exp3899,A2,1525,Plná,Krátkodobý úspěch,3.0,0,,0,0,1,1,0,599,487,625,1270
exp3900,A2,1526,Plná,Krátkodobý úspěch,3.0,0,,0,0,0,0,0,410,678,730,197
exp3901,A2,1527,Plná,Dlouhodobý úspěch,3.0,0,,0,0,1,1,0,466,508,575,340
exp3902,A2,1528,Plná,Krátkodobý úspěch,2.0,0,,0,0,0,0,0,649,493,679,387
exp3903,A2,1529,Plná,Krátkodobý úspěch,2.0,0,,0,0,0,0,0,1174,769,1008,187
exp3904,A2,1530,Plná,Krátkodobý úspěch,3.0,0,,0,0,0,0,0,713,688,478,482
exp3905,A2,1531,Plná,Dlouhodobý úspěch,4.0,0,,0,0,0,0,0,440,818,1008,539
exp3906,A2,1532,Plná,Krátkodobý úspěch,4.0,0,,1,0,0,0,0,452,438,500,342
exp3907,A2,1533,Plná,Krátkodobý úspěch,4.0,0,,0,0,0,0,0,597,763,1193,490
exp3908,A2,1534,Plná,Dlouhodobý úspěch,3.0,0,,1,0,0,0,0,443,484,661,118
exp3909,A2,1535,Plná,Dlouhodobý úspěch,3.0,0,,0,0,0,0,0,493,547,531,182
exp3910,A2,1536,Plná,Krátkodobý úspěch,3.0,0,,0,0,0,0,0,2530,1058,1139,866
exp3911,A2,1537,Plná,Dlouhodobý úspěch,3.0,0,,0,0,0,0,0,580,594,683,631
exp3912,A2,1538,Plná,Neúspěch,2.0,0,,0,0,0,0,0,740,752,541,647
exp3913,A2,1539,Plná,Neúspěch,3.0,0,,0,0,1,1,0,626,524,645,634
exp3914,A2,1540,Plná,Krátkodobý úspěch,3.0,0,,1,0,0,0,0,1170,513,1059,530
exp3915,A2,1541,Plná,Krátkodobý úspěch,3.0,0,,1,0,0,0,0,410,432,1103,375
exp3916,A2,1542,Plná,Dlouhodobý úspěch,3.0,0,,0,0,0,0,0,793,1139,756,546
exp3917,A2,1543,Plná,Dlouhodobý úspěch,3.0,0,,0,0,0,0,0,601,485,877,319
exp3918,A2,1544,Plná,Dlouhodobý úspěch,2.0,0,,1,0,0,0,0,526,545,855,126
exp3919,A2,1545,Plná,Dlouhodobý úspěch,4.0,0,,0,0,0,0,0,661,665,1001,708
exp3920,A2,1546,Plná,Dlouhodobý úspěch,3.0,0,,0,0,0,0,0,1065,685,984,701
exp3921,A2,1547,Plná,Dlouhodobý úspěch,4.0,0,,1,0,0,0,0,761,668,823,1292
exp3922,A2,1548,Plná,Dlouhodobý úspěch,4.0,0,,0,0,0,0,0,950,1126,1064,415
exp3923,A2,1549,Plná,Krátkodobý úspěch,3.0,0,,0,0,0,0,0,1010,768,1364,597
exp3924,A2,1550,Plná,Dlouhodobý úspěch,4.0,0,,1,0,0,0,0,1152,808,479,279
exp3925,A2,1551,Plná,Krátkodobý úspěch,2.0,0,,0,0,0,0,0,918,863,755,696
exp3926,A2,1552,Plná,Krátkodobý úspěch,3.0,0,,0,0,0,0,0,450,405,435,493
exp3927,A2,1553,Plná,Dlouhodobý úspěch,3.0,0,,0,0,0,0,0,1770,1059,1063,657
exp3928,A2,1554,Plná,Krátkodobý úspěch,2.0,0,,0,0,0,0,0,647,815,602,828
exp3929,A2,1555,Plná,Krátkodobý úspěch,4.0,0,,1,0,0,0,1,912,796,1092,926
exp3930,A2,1556,Plná,Krátkodobý úspěch,2.0,0,,0,0,0,0,0,412,499,433,683
exp3931,A2,1557,Plná,Krátkodobý úspěch,3.0,0,,1,0,0,0,0,659,513,1083,377
exp3932,A2,1558,Plná,Krátkodobý úspěch,3.0,0,,0,0,0,0,0,441,843,406,137
exp3933,A2,1559,Plná,Krátkodobý úspěch,3.0,0,,0,0,0,0,0,3598,1894,1652,557
exp3934,A2,1560,Plná,Dlouhodobý úspěch,4.0,0,,0,0,0,0,0,930,1087,996,669
exp3935,A2,1561,Plná,Krátkodobý úspěch,3.0,0,,0,0,0,0,0,538,634,408,194
exp3936,A2,1562,Plná,Krátkodobý úspěch,2.0,0,,0,0,0,0,0,478,423,509,237
exp3937,A2,1563,Plná,Krátkodobý úspěch,2.0,0,,1,0,1,0,0,707,924,1600,642
exp3938,A2,1564,Plná,Krátkodobý úspěch,4.0,0,,0,0,0,0,0,1040,950,1030,765
exp3939,A2,1565,Plná,Krátkodobý úspěch,4.0,0,,0,0,0,0,0,670,703,751,745
exp3940,A2,1566,Plná,Krátkodobý úspěch,3.0,0,,1,0,0,0,1,502,460,497,426
exp3941,A2,1567,Plná,Krátkodobý úspěch,4.0,0,,1,0,0,0,0,554,409,511,424
exp3942,A2,1568,Plná,Neúspěch,2.0,0,,1,0,0,0,1,704,655,491,306
exp3943,A2,1569,Plná,Krátkodobý úspěch,3.0,0,,0,0,0,0,0,481,488,448,222
exp3944,A2,1570,Plná,Krátkodobý úspěch,3.0,0,,0,0,0,0,0,648,553,826,613
exp3945,A2,1571,Plná,Dlouhodobý úspěch,4.0,0,,0,0,0,0,0,442,627,1101,863
exp3946,A2,1572,Plná,Dlouhodobý úspěch,4.0,0,,0,0,0,0,0,700,1256,1154,951
exp3947,A2,1573,Plná,Dlouhodobý úspěch,4.0,0,,0,0,0,0,0,885,415,1123,528
exp3948,A2,1574,Plná,Krátkodobý úspěch,3.0,0,,0,0,0,0,0,440,487,981,288
exp3949,A2,1575,Plná,Krátkodobý úspěch,2.0,0,,0,0,0,0,0,1559,650,488,489
exp3950,A2,1576,Plná,Krátkodobý úspěch,2.0,0,,0,0,0,0,0,498,415,534,734
exp3951,A2,1577,Plná,Krátkodobý úspěch,2.0,0,,0,0,0,0,0,746,409,503,524
exp3952,A2,1578,Plná,Krátkodobý úspěch,3.0,0,,0,0,0,0,0,693,618,721,414
exp3953,A2,1579,Plná,Krátkodobý úspěch,4.0,0,,0,0,0,0,0,617,504,808,857
exp3954,A2,1580,Plná,Krátkodobý úspěch,4.0,0,,1,0,0,0,0,411,719,448,46
exp3955,A2,1581,Plná,Krátkodobý úspěch,2.0,0,,0,0,0,0,0,434,431,421,255
exp3956,A2,1582,Plná,Neúspěch,2.0,0,,1,0,0,0,0,1215,628,442,205
exp3957,A2,1583,Plná,Krátkodobý úspěch,4.0,0,,1,0,0,0,0,613,514,574,168
exp3958,A2,1584,Plná,Krátkodobý úspěch,3.0,0,,0,0,0,0,0,436,420,507,445
exp3959,A2,1585,Plná,Krátkodobý úspěch,3.0,0,,1,0,0,0,0,400,471,576,559
exp3960,A2,1586,Plná,Krátkodobý úspěch,4.0,0,,0,0,0,0,0,1059,265,677,228
exp3961,A2,1587,Plná,Dlouhodobý úspěch,4.0,0,,0,0,0,0,0,801,728,1114,711
exp3962,A2,1588,Plná,Dlouhodobý úspěch,4.0,0,,1,0,0,0,0,520,427,601,437
exp3963,A2,1589,Plná,Krátkodobý úspěch,3.0,0,,1,0,0,0,0,1858,697,1099,889
exp3964,A2,1590,Plochá,,,0,,0,1,0,0,0,563,461,0,0
exp3965,A2,1591,Plná,Krátkodobý úspěch,3.0,0,,1,0,0,0,0,684,757,601,330
exp3966,A2,1592,Plná,Krátkodobý úspěch,2.0,0,,0,0,0,0,0,510,549,439,363
exp3967,A2,1593,Plná,Neúspěch,2.0,0,,1,0,0,0,0,772,492,1196,473
exp3968,A2,1594,Plná,Krátkodobý úspěch,2.0,0,,1,0,0,0,0,401,1559,567,318
exp3969,A2,1595,Plochá,,,0,,0,1,0,0,0,1341,534,549,154
exp3970,A2,1596,Plná,Krátkodobý úspěch,3.0,0,,0,0,0,0,0,598,512,535,653
exp3971,A2,1597,Plochá,,,0,,0,1,0,0,0,718,679,726,631
exp3972,A2,1598,Plná,Dlouhodobý úspěch,4.0,0,,0,0,0,0,0,498,425,2273,653
exp3973,A2,1599,Plná,Neúspěch,2.0,0,,0,0,0,0,0,539,433,524,367
exp3974,A2,1600,Plná,Krátkodobý úspěch,3.0,0,,0,0,0,0,0,766,882,686,922
exp3975,A2,1601,Plná,Krátkodobý úspěch,3.0,0,,0,0,0,0,0,625,507,535,545
exp3976,A2,1602,Plná,Krátkodobý úspěch,3.0,0,,0,0,0,0,0,415,577,1350,156
exp3977,A2,1603,Plná,Krátkodobý úspěch,4.0,0,,1,0,0,0,0,442,477,788,496
exp3978,A2,1604,Plochá,,,0,,0,1,0,0,0,406,422,527,933
exp3979,A2,1605,Plná,Dlouhodobý úspěch,4.0,0,,0,0,0,0,0,824,707,580,683
exp3980,A2,1606,Plná,Dlouhodobý úspěch,4.0,0,,0,0,0,0,0,436,443,414,419
exp3981,A2,1607,Plná,Krátkodobý úspěch,3.0,0,,1,0,0,0,1,658,433,610,342
exp3982,A2,1608,Plná,Krátkodobý úspěch,4.0,0,,0,0,0,0,0,824,623,1156,441
exp3983,A2,1609,Plná,Krátkodobý úspěch,2.0,0,,0,0,1,1,0,632,1382,897,590
exp3984,A2,1610,Plná,Krátkodobý úspěch,2.0,0,,0,0,0,0,0,621,655,2944,452
exp3985,A2,1611,Plná,Neúspěch,2.0,0,,0,0,0,0,0,610,632,611,798
exp3986,A2,1612,Plná,Dlouhodobý úspěch,4.0,0,,0,0,0,0,0,426,414,435,156
exp3987,A2,1613,Plná,Krátkodobý úspěch,4.0,0,,0,0,0,0,0,596,989,822,1744
exp3988,A2,1614,Plochá,,,0,,0,1,0,0,0,552,530,561,565
exp3989,A2,1615,Plná,Dlouhodobý úspěch,3.0,0,,0,0,0,0,0,536,490,638,421
exp3990,A2,1616,Plná,Dlouhodobý úspěch,4.0,0,,0,0,0,0,0,370,401,524,305
exp3991,A2,1617,Plochá,,,0,,0,1,0,0,0,463,411,412,111
exp3992,A2,1618,Plná,Dlouhodobý úspěch,3.0,0,,1,0,0,0,0,404,484,403,540
exp3993,A2,1619,Plná,Dlouhodobý úspěch,3.0,0,,0,0,0,0,0,621,425,1093,480
exp3994,A2,1620,Plná,Dlouhodobý úspěch,4.0,0,,0,0,0,0,0,423,470,789,515
exp3995,A2,1621,Plná,Krátkodobý úspěch,3.0,0,,0,0,0,0,0,609,421,293,307
exp3996,A2,1622,Plná,Krátkodobý úspěch,3.0,0,,0,0,0,0,0,667,318,592,483
exp3997,A2,1623,Plná,Krátkodobý úspěch,2.0,0,,0,0,0,0,0,540,683,884,277
exp3998,A2,1624,Plná,Krátkodobý úspěch,3.0,0,,0,0,0,0,0,414,421,435,169
exp3999,A2,1625,Plná,Neúspěch,3.0,0,,0,0,1,1,0,852,637,800,218
exp4000,A2,1626,Plná,Dlouhodobý úspěch,4.0,0,,1,0,0,0,1,589,691,603,476
exp4001,A2,1627,Plná,Dlouhodobý úspěch,4.0,0,,1,0,0,0,0,508,414,505,172
exp4002,A2,1628,Plná,Krátkodobý úspěch,4.0,0,,0,0,0,0,0,559,674,1670,1286
exp4003,A2,1629,Plná,Dlouhodobý úspěch,4.0,0,,0,0,0,0,0,456,694,430,541
exp4004,A2,1630,Plná,Krátkodobý úspěch,3.0,0,,0,0,0,0,0,542,510,650,356
exp4005,A2,1631,Plná,Krátkodobý úspěch,3.0,0,,0,0,0,0,0,463,721,641,177
exp4006,A2,1632,Plná,Krátkodobý úspěch,3.0,0,,0,0,0,0,0,401,588,465,313
exp4007,A2,1633,Plná,Krátkodobý úspěch,4.0,0,,0,0,0,0,0,846,1043,1132,803
exp4008,A2,1634,Plná,Neúspěch,3.0,0,,0,0,0,0,0,760,403,760,608
exp4009,A2,1635,Plná,Dlouhodobý úspěch,3.0,0,,0,0,0,0,0,417,474,506,92
exp4010,A2,1636,Plná,Krátkodobý úspěch,3.0,0,,0,0,0,0,0,484,525,427,343
exp4011,A2,1637,Plná,Krátkodobý úspěch,3.0,0,,1,0,0,0,0,444,413,415,289
exp4012,A2,1638,Plná,Dlouhodobý úspěch,4.0,0,,0,0,0,0,0,704,794,738,535
exp4013,A2,1639,Plná,Krátkodobý úspěch,2.0,0,,1,0,1,1,0,1186,1269,1437,358
exp4014,A2,1640,Plná,Neúspěch,3.0,0,,0,0,0,0,0,636,553,562,929
exp4015,A2,1641,Plná,Neúspěch,2.0,0,,0,0,0,0,0,613,425,505,160
exp4016,A2,1642,Plná,Neúspěch,2.0,0,,0,0,0,0,0,582,700,721,730
exp4017,A2,1643,Plná,Krátkodobý úspěch,2.0,0,,0,0,0,0,0,611,434,899,358
exp4018,A2,1644,Plná,Dlouhodobý úspěch,4.0,0,,0,0,0,0,0,830,580,911,424
exp4019,A2,1645,Plná,Krátkodobý úspěch,4.0,0,,0,0,0,0,0,691,628,632,1894
exp4020,A2,1646,Plná,Dlouhodobý úspěch,3.0,0,,1,0,0,0,1,708,827,1085,680
exp4021,A2,1647,Plná,Krátkodobý úspěch,3.0,0,,0,0,0,0,0,434,494,562,537
exp4022,A2,1648,Plná,Krátkodobý úspěch,3.0,0,,1,0,0,0,0,749,864,1342,957
exp4023,A2,1649,Plná,Dlouhodobý úspěch,4.0,0,,1,0,0,0,0,519,537,656,544
exp4024,A2,1650,Plná,Krátkodobý úspěch,3.0,0,,0,0,0,0,0,477,445,512,210
exp4025,A2,1651,Plná,Krátkodobý úspěch,3.0,0,,0,0,0,0,0,597,518,563,410
exp4026,A2,1652,Plná,Dlouhodobý úspěch,3.0,0,,0,0,0,0,0,763,401,459,142
exp4027,A2,1653,Plochá,,,0,,0,1,0,0,0,1015,413,421,366
exp4028,A2,1654,Plná,Krátkodobý úspěch,3.0,0,,0,0,0,0,0,653,845,618,606
exp4029,A2,1655,Plná,Krátkodobý úspěch,3.0,0,,0,0,0,0,0,417,416,449,391
exp4030,A2,1656,Plná,Dlouhodobý úspěch,4.0,0,,0,0,0,0,0,1148,419,880,403
exp4031,A2,1657,Plná,Dlouhodobý úspěch,3.0,0,,1,0,0,0,0,879,644,1036,110
exp4032,A2,1658,Plná,Dlouhodobý úspěch,4.0,0,,0,0,0,0,0,507,568,708,693
exp4033,A2,1659,Plná,Dlouhodobý úspěch,4.0,0,,0,0,0,0,0,416,441,523,298
exp4034,A2,1660,Plná,Dlouhodobý úspěch,4.0,0,,1,0,0,0,0,651,615,674,997
exp4035,A2,1661,Plná,Krátkodobý úspěch,3.0,0,,1,0,0,0,0,685,490,615,594
exp4036,A2,1662,Plná,Krátkodobý úspěch,4.0,0,,0,0,0,0,0,836,471,519,246
exp4037,A2,1663,Plná,Krátkodobý úspěch,4.0,0,,1,0,0,0,0,1153,562,1335,851
exp4038,A2,1664,Plná,Krátkodobý úspěch,3.0,0,,0,0,0,0,0,468,522,512,453
exp4039,A2,1665,Plná,Dlouhodobý úspěch,4.0,0,,0,0,0,0,0,906,1112,1746,1587
exp4040,A2,1666,Plná,Dlouhodobý úspěch,3.0,0,,0,0,0,0,0,765,843,696,639
exp4041,A2,1667,Plná,Krátkodobý úspěch,4.0,0,,1,0,0,0,1,463,918,1727,1076
exp4042,A2,1668,Plná,Krátkodobý úspěch,4.0,0,,0,0,0,0,0,1061,474,2899,425
exp4043,A2,1669,Plná,Krátkodobý úspěch,4.0,0,,0,0,0,0,0,417,466,578,856
exp4044,A2,1670,Plná,Dlouhodobý úspěch,3.0,0,,0,0,0,0,0,400,529,445,465
exp4045,A2,1671,Plná,Krátkodobý úspěch,4.0,0,,0,0,0,0,0,2987,782,964,407
exp4046,A2,1672,Plná,Neúspěch,4.0,0,,0,0,0,0,0,736,875,816,832
exp4047,A2,1673,Plná,Krátkodobý úspěch,4.0,0,,0,0,0,0,0,755,702,434,563
exp4048,A2,1674,Plná,Krátkodobý úspěch,3.0,0,,0,0,0,0,0,472,474,462,295
exp4049,A2,1675,Plná,Krátkodobý úspěch,3.0,0,,0,0,0,0,0,760,656,837,684
exp4050,A2,1676,Plná,Krátkodobý úspěch,2.0,0,,0,0,0,0,0,446,499,421,401
exp4051,A2,1677,Plná,Dlouhodobý úspěch,3.0,0,,0,0,0,0,0,421,408,438,156
exp4052,A2,1678,Plná,Dlouhodobý úspěch,4.0,0,,0,0,0,0,0,420,403,585,298
exp4053,A2,1679,Plná,Krátkodobý úspěch,3.0,0,,1,0,0,0,0,397,549,1413,171
exp4054,A2,1680,Plná,Krátkodobý úspěch,3.0,0,,1,0,0,0,0,550,480,615,593
exp4055,A2,1681,Plná,Krátkodobý úspěch,2.0,0,,0,0,0,0,0,419,413,474,343
exp4056,A2,1682,Plná,Dlouhodobý úspěch,4.0,0,,0,0,0,0,0,634,403,435,390
exp4057,A2,1683,Plná,Dlouhodobý úspěch,4.0,0,,0,0,0,0,0,400,516,745,546
exp4058,A2,1684,Plná,Krátkodobý úspěch,3.0,0,,1,0,0,0,0,428,840,558,505
exp4059,A2,1685,Plná,Krátkodobý úspěch,4.0,0,,0,0,0,0,0,594,475,422,448
exp4060,A2,1686,Plná,Neúspěch,3.0,0,,0,0,0,0,0,1367,467,891,490
exp4061,A2,1687,Plná,Krátkodobý úspěch,4.0,0,,0,0,0,0,0,918,723,879,877
exp4062,A2,1688,Plná,Krátkodobý úspěch,3.0,0,,0,0,0,0,0,676,568,692,439
exp4063,A2,1689,Plná,Dlouhodobý úspěch,4.0,0,,0,0,0,0,0,431,642,507,249
exp4064,A2,1690,Plná,Krátkodobý úspěch,3.0,0,,0,0,0,0,0,458,439,598,329
exp4065,A2,1691,Plná,Krátkodobý úspěch,4.0,0,,0,0,0,0,0,712,454,409,246
exp4066,A2,1692,Plná,Dlouhodobý úspěch,4.0,0,,0,0,0,0,0,2136,474,1157,634
exp4067,A2,1693,Plná,Dlouhodobý úspěch,3.0,0,,0,0,0,0,0,454,419,1368,176
exp4068,A2,1694,Plná,Krátkodobý úspěch,2.0,0,,0,0,0,0,0,473,471,519,114
exp4069,A2,1695,Plná,Krátkodobý úspěch,3.0,0,,0,0,0,0,0,521,513,533,367
exp4070,A2,1696,Plná,Krátkodobý úspěch,3.0,0,,1,0,1,1,0,420,606,508,241
exp4071,A2,1697,Plná,Dlouhodobý úspěch,4.0,0,,1,0,0,0,0,642,474,477,122
exp4073,A2,1699,Plná,Dlouhodobý úspěch,3.0,0,,0,0,0,0,0,406,460,472,223
exp4074,A2,1700,Plná,Dlouhodobý úspěch,4.0,0,,1,0,0,0,0,572,510,456,537
exp4075,A2,1701,Plná,Krátkodobý úspěch,4.0,0,,0,0,0,0,0,503,434,791,312
exp4076,A2,1702,Plná,Krátkodobý úspěch,3.0,0,,1,0,0,0,1,411,773,623,515
exp4077,A2,1703,Plná,Dlouhodobý úspěch,3.0,0,,0,0,0,0,0,412,416,400,36
exp4078,A2,1704,Plochá,,,0,,0,1,0,0,0,883,507,0,0
exp4079,A2,1705,Plná,Dlouhodobý úspěch,4.0,0,,0,0,0,0,0,656,1083,702,539
exp4080,A2,1706,Plná,Krátkodobý úspěch,3.0,0,,0,0,0,0,0,448,770,481,571
exp4081,A2,1707,Plná,Neúspěch,2.0,0,,0,0,0,0,0,795,456,564,178
exp4082,A2,1708,Plná,Krátkodobý úspěch,3.0,0,,0,0,0,0,0,694,578,704,437
exp4083,A2,1709,Plná,Krátkodobý úspěch,3.0,0,,0,0,0,0,0,838,689,909,686
exp4084,A2,1710,Plná,Krátkodobý úspěch,3.0,0,,0,0,0,0,0,467,422,525,587
exp4085,A2,1711,Plná,Krátkodobý úspěch,4.0,0,,0,0,0,0,0,647,602,636,615
exp4086,A2,1712,Plná,Dlouhodobý úspěch,4.0,0,,0,0,0,0,0,683,522,690,621
exp4087,A2,1713,Plná,Neúspěch,2.0,0,,0,0,0,0,0,517,670,751,764
exp4088,A2,1714,Plná,Krátkodobý úspěch,2.0,0,,0,0,0,0,0,939,999,1265,864
exp4089,A2,1715,Plochá,,,0,,0,1,0,0,0,472,485,555,159
exp4090,A2,1716,Plná,Krátkodobý úspěch,2.0,0,,0,0,0,0,0,592,862,550,233
exp4091,A2,1717,Plná,Krátkodobý úspěch,4.0,0,,0,0,0,0,0,446,418,475,213
exp4092,A2,1718,Plná,Krátkodobý úspěch,3.0,0,,0,0,0,0,0,458,412,432,93
exp4093,A2,1719,Plná,Krátkodobý úspěch,2.0,0,,1,0,0,0,0,630,449,471,256
exp4094,A2,1720,Plná,Dlouhodobý úspěch,2.0,0,,0,0,0,0,0,443,403,481,175
exp4095,A2,1721,Plná,Krátkodobý úspěch,2.0,0,,0,0,0,0,0,772,849,1100,784
exp4096,A2,1722,Plná,Dlouhodobý úspěch,3.0,0,,0,0,0,0,0,410,419,421,210
exp4097,A2,1723,Plná,Krátkodobý úspěch,3.0,0,,0,0,0,0,0,579,464,629,279
exp4098,A2,1724,Plná,Krátkodobý úspěch,3.0,0,,0,0,0,0,0,431,567,438,122
exp4099,A2,1725,Plná,Krátkodobý úspěch,4.0,0,,0,0,0,0,0,647,435,485,604
exp4100,A2,1726,Plná,Krátkodobý úspěch,3.0,0,,0,0,0,0,0,1379,1023,735,1099
exp4102,A2,1727,Plná,Krátkodobý úspěch,4.0,0,,1,0,0,0,1,528,576,681,288
exp4103,A2,1728,Plná,Dlouhodobý úspěch,3.0,0,,0,0,0,0,0,593,407,463,170
exp4104,A2,1729,Plná,Dlouhodobý úspěch,3.0,0,,0,0,0,0,0,1671,1514,1793,1013
exp4105,A2,1730,Plná,Krátkodobý úspěch,3.0,0,,1,0,0,0,0,705,529,633,541
exp4106,A2,1731,Plná,Dlouhodobý úspěch,3.0,0,,0,0,0,0,0,888,753,995,843
exp4107,A2,1732,Plná,Krátkodobý úspěch,2.0,0,,0,0,0,0,0,468,529,567,382
exp4108,A2,1733,Plochá,,,0,,0,1,0,0,0,438,433,432,195
exp4109,A2,1734,Plná,Dlouhodobý úspěch,3.0,0,,0,0,0,0,0,500,440,456,514
exp4110,A2,1735,Plná,Krátkodobý úspěch,4.0,0,,0,0,0,0,0,400,506,406,423
exp4111,A2,1736,Plná,Dlouhodobý úspěch,3.0,0,,0,0,0,0,0,888,412,1290,380
exp4112,A2,1737,Plná,Krátkodobý úspěch,3.0,0,,0,0,0,0,0,510,488,455,328
exp4113,A2,1738,Plná,Dlouhodobý úspěch,4.0,0,,0,0,0,0,0,477,504,490,155
exp4114,A2,1739,Plná,Krátkodobý úspěch,4.0,0,,0,0,0,0,0,591,669,590,591
exp4115,A2,1740,Plná,Krátkodobý úspěch,2.0,0,,0,0,0,0,0,458,409,413,333
exp4116,A2,1741,Plná,Krátkodobý úspěch,3.0,0,,0,0,0,0,0,494,900,702,845
exp4117,A2,1742,Plná,Dlouhodobý úspěch,4.0,0,,0,0,0,0,0,473,460,1173,267
exp4118,A2,1743,Plná,Dlouhodobý úspěch,4.0,0,,1,0,0,0,0,453,641,662,777
exp4119,A2,1744,Plná,Dlouhodobý úspěch,4.0,0,,0,0,0,0,0,522,491,693,589
exp4120,A2,1745,Plná,Krátkodobý úspěch,3.0,0,,0,0,0,0,0,1010,874,1403,787
exp4121,A2,1746,Plná,Krátkodobý úspěch,3.0,0,,1,0,0,0,0,414,447,525,375
exp4122,A2,1747,Plná,Krátkodobý úspěch,3.0,0,,0,0,0,0,0,769,957,767,550
exp4123,A2,1748,Plná,Dlouhodobý úspěch,2.0,0,,0,0,0,0,0,419,430,509,45
exp4124,A2,1749,Plná,Krátkodobý úspěch,2.0,0,,1,0,1,1,0,452,647,751,656
exp4125,A2,1750,Plná,Dlouhodobý úspěch,3.0,0,,0,0,0,0,0,975,704,510,690
exp4126,A2,1751,Plná,Neúspěch,1.0,0,,0,0,0,0,0,984,770,796,427
exp4127,A2,1752,Plná,Dlouhodobý úspěch,4.0,0,,1,0,0,0,1,592,507,835,435
,A2,1753,Plná,Neúspěch,3.0,0,,0,0,0,0,0,671,783,854,790
,A2,1754,Plná,Krátkodobý úspěch,3.0,0,,0,0,0,0,0,436,426,464,434
exp4157,A2,1755,Plná,Krátkodobý úspěch,4.0,0,,0,0,0,0,0,775,813,621,706
exp4158,A2,1756,Plná,Krátkodobý úspěch,2.0,0,,0,0,0,0,0,468,579,777,457
exp4159,A2,1757,Plná,Neúspěch,2.0,0,,0,0,0,0,0,665,442,822,460
exp4160,A2,1758,Plná,Krátkodobý úspěch,3.0,0,,0,0,0,0,0,825,899,909,1014
exp4161,A2,1759,Plná,Dlouhodobý úspěch,3.0,0,,0,0,0,0,0,841,478,432,271
exp4162,A2,1760,Plná,Dlouhodobý úspěch,4.0,0,,0,0,0,0,0,998,489,656,348
exp4163,A2,1761,Plná,Krátkodobý úspěch,3.0,0,,0,0,0,0,0,694,411,461,278
exp4164,A2,1762,Plná,Krátkodobý úspěch,4.0,0,,0,0,0,0,0,495,389,542,575
exp4165,A2,1763,Plná,Dlouhodobý úspěch,4.0,0,,1,0,0,0,0,778,425,866,658
exp4166,A2,1764,Plná,Krátkodobý úspěch,3.0,0,,0,0,0,0,0,891,893,1106,840
exp4167,A2,1765,Plná,Krátkodobý úspěch,2.0,0,,1,0,0,0,0,513,464,427,189
exp4168,A2,1766,Plná,Dlouhodobý úspěch,2.0,0,,0,0,0,0,0,877,711,1122,425
exp4169,A2,1767,Plná,Krátkodobý úspěch,3.0,0,,0,0,0,0,0,670,723,721,631
exp4170,A2,1768,Plná,Dlouhodobý úspěch,4.0,0,,0,0,0,0,0,560,516,1054,488
exp4171,A2,1769,Plná,Krátkodobý úspěch,3.0,0,,0,0,0,0,0,520,487,471,122
exp4172,A2,1770,Plná,Dlouhodobý úspěch,3.0,0,,0,0,0,0,0,948,412,871,424
exp4173,A2,1771,Plochá,,,0,,0,1,0,0,0,506,1463,459,374
exp4174,A2,1772,Plná,Krátkodobý úspěch,2.0,0,,1,0,0,0,0,430,428,414,181
exp4175,A2,1773,Plná,Dlouhodobý úspěch,4.0,0,,0,0,0,0,0,587,987,861,621
exp4176,A2,1774,Plná,Krátkodobý úspěch,3.0,0,,1,0,0,0,0,1880,438,766,496
exp4177,A2,1775,Plná,Dlouhodobý úspěch,4.0,0,,0,0,0,0,0,424,402,529,291
exp4178,A2,1776,Plná,Dlouhodobý úspěch,3.0,0,,1,0,0,0,0,432,438,464,142
exp4179,A2,1777,Plná,Dlouhodobý úspěch,4.0,0,,0,0,0,0,0,544,512,558,887
exp4180,A2,1778,Plná,Krátkodobý úspěch,2.0,0,,1,0,0,0,0,404,486,449,338
exp4181,A2,1779,Plná,Dlouhodobý úspěch,3.0,0,,0,0,0,0,0,440,616,762,582
exp4182,A2,1780,Plná,Krátkodobý úspěch,2.0,0,,1,0,0,0,0,500,448,627,347
exp4183,A2,1781,Plná,Krátkodobý úspěch,3.0,0,,1,0,0,0,0,639,785,1083,253
exp4184,A2,1782,Plná,Dlouhodobý úspěch,3.0,0,,0,0,0,0,0,553,446,515,235
exp4185,A2,1783,Plná,Dlouhodobý úspěch,3.0,0,,0,0,0,0,0,1445,765,658,941
exp4186,A2,1784,Plná,Krátkodobý úspěch,4.0,0,,0,0,1,0,0,419,439,418,232
exp4187,A2,1785,Plná,Dlouhodobý úspěch,4.0,0,,0,0,0,0,0,556,457,770,812
exp4188,A2,1786,Plná,Krátkodobý úspěch,2.0,0,,0,0,0,0,0,512,641,993,558
exp4189,A2,1787,Plná,Krátkodobý úspěch,3.0,0,,0,0,0,0,0,514,615,545,410
exp4190,A2,1788,Plná,Krátkodobý úspěch,4.0,0,,0,0,0,0,0,574,620,556,305
exp4191,A2,1789,Plná,Krátkodobý úspěch,2.0,0,,0,0,1,0,0,767,1379,1017,845
exp4192,A2,1790,Plná,Krátkodobý úspěch,4.0,0,,0,0,0,0,0,563,407,508,599
exp4193,A2,1791,Plná,Krátkodobý úspěch,2.0,0,,0,0,0,0,0,417,467,629,96
exp4194,A2,1792,Plochá,,,0,,1,1,0,0,0,469,515,424,0
exp4195,A2,1793,Plná,Krátkodobý úspěch,2.0,0,,0,0,0,0,0,412,413,402,74
exp4196,A2,1794,Plná,Dlouhodobý úspěch,4.0,0,,0,0,0,0,0,1959,2335,2439,1575
exp4197,A2,1795,Plná,Krátkodobý úspěch,3.0,0,,0,0,0,0,0,412,464,895,456
exp4198,A2,1796,Plná,Krátkodobý úspěch,2.0,0,,0,0,0,0,0,865,403,1007,342
exp4199,A2,1797,Plná,Krátkodobý úspěch,3.0,0,,0,0,0,0,0,1144,881,867,1281
exp4200,A2,1798,Plná,Krátkodobý úspěch,3.0,0,,0,0,0,0,0,548,511,642,568
exp4201,A2,1799,Plná,Neúspěch,3.0,0,,0,0,0,0,0,424,438,630,453
exp4202,A2,1800,Plná,Krátkodobý úspěch,3.0,0,,0,0,0,0,0,805,443,1001,394
exp4203,A2,1801,Plná,Krátkodobý úspěch,2.0,0,,0,0,0,0,0,413,461,433,187
exp4204,A2,1802,Plná,Dlouhodobý úspěch,2.0,0,,0,0,0,0,0,560,415,444,395
exp4205,A2,1803,Plná,Dlouhodobý úspěch,3.0,0,,0,0,0,0,0,630,608,424,429
exp4206,A2,1804,Plná,Krátkodobý úspěch,4.0,0,,0,0,0,0,0,503,568,441,498
exp4207,A2,1805,Plná,Dlouhodobý úspěch,3.0,0,,0,0,0,0,0,441,495,865,203
exp4208,A2,1806,Plná,Krátkodobý úspěch,3.0,0,,0,0,0,0,0,1386,451,1908,1304
exp4209,A2,1807,Plná,Krátkodobý úspěch,4.0,0,,0,0,0,0,0,1116,894,918,534
exp4210,A2,1808,Plná,Krátkodobý úspěch,2.0,0,,0,0,0,0,0,527,478,591,176
exp4211,A2,1809,Plná,Dlouhodobý úspěch,4.0,0,,0,0,0,0,0,799,823,1230,1152
exp4212,A2,1810,Plná,Neúspěch,1.0,0,,0,0,1,0,0,690,670,599,937
exp4213,A2,1811,Plná,Krátkodobý úspěch,2.0,0,,0,0,0,0,0,738,712,893,551
exp4214,A2,1812,Plná,Krátkodobý úspěch,2.0,0,,0,0,0,0,0,518,690,404,374
exp4215,A2,1813,Plná,Krátkodobý úspěch,3.0,0,,1,0,0,0,0,464,569,631,362
exp4216,A2,1814,Plná,Dlouhodobý úspěch,4.0,0,,1,0,0,0,1,685,550,1300,761
exp4217,A2,1815,Plná,Krátkodobý úspěch,4.0,0,,0,0,0,0,0,876,625,820,574
exp4218,A2,1816,Plná,Krátkodobý úspěch,3.0,0,,0,0,0,0,0,773,953,635,568
exp4219,A2,1817,Plná,Krátkodobý úspěch,2.0,0,,1,0,0,0,0,529,439,450,483
exp4221,A2,1819,Plná,Dlouhodobý úspěch,3.0,0,,0,0,0,0,0,697,427,684,277
exp4222,A2,1820,Plná,Neúspěch,3.0,0,,0,0,0,0,0,721,1024,829,658
exp4223,A2,1821,Plná,Krátkodobý úspěch,3.0,0,,0,0,0,0,0,779,869,1102,858
exp4224,A2,1822,Plná,Dlouhodobý úspěch,4.0,0,,0,0,0,0,0,435,537,859,890
exp4225,A2,1823,Plná,Krátkodobý úspěch,3.0,0,,0,0,0,0,0,921,814,797,1051
exp4226,A2,1824,Plná,Krátkodobý úspěch,3.0,0,,0,0,0,0,0,568,559,1082,315
exp4227,A2,1825,Plná,Dlouhodobý úspěch,4.0,0,,0,0,0,0,0,1845,2064,1974,1984
exp4228,A2,1826,Plná,Dlouhodobý úspěch,4.0,0,,0,0,0,0,0,409,438,612,529
exp4229,A2,1827,Plná,Neúspěch,2.0,0,,0,0,0,0,0,1140,459,612,102
exp4230,A2,1828,Plná,Krátkodobý úspěch,4.0,0,,0,0,0,0,0,2390,469,1754,703
exp4231,A2,1829,Plná,Krátkodobý úspěch,2.0,0,,0,0,0,0,0,962,470,986,444
exp4232,A2,1830,Plná,Dlouhodobý úspěch,3.0,0,,0,0,0,0,0,753,643,698,325
exp4233,A2,1831,Plná,Dlouhodobý úspěch,4.0,0,,0,0,0,0,0,585,773,507,640
exp4234,A2,1832,Plná,Krátkodobý úspěch,3.0,0,,0,0,0,0,0,466,418,445,458
exp4235,A2,1833,Plná,Krátkodobý úspěch,3.0,0,,0,0,0,0,0,658,533,519,540
exp4236,A2,1834,Plná,Dlouhodobý úspěch,4.0,0,,1,0,0,0,0,563,439,623,365
exp4237,A2,1835,Plná,Krátkodobý úspěch,3.0,0,,0,0,0,0,0,536,436,409,98
exp4238,A2,1836,Plná,Krátkodobý úspěch,4.0,0,,1,0,0,0,1,737,442,537,497
exp4239,A2,1837,Plná,Krátkodobý úspěch,3.0,0,,0,0,0,0,0,1207,1018,1089,581
exp4240,A2,1838,Plná,Dlouhodobý úspěch,4.0,0,,0,0,0,0,0,814,1659,531,618
exp4241,A2,1839,Plná,Krátkodobý úspěch,3.0,0,,0,0,0,0,0,433,473,412,113
exp4242,A2,1840,Plná,Krátkodobý úspěch,3.0,0,,1,0,0,0,0,535,544,1437,580
exp4243,A2,1841,Plná,Dlouhodobý úspěch,4.0,0,,0,0,0,0,0,488,437,524,484
exp4244,A2,1842,Plná,Krátkodobý úspěch,3.0,0,,0,0,0,0,0,725,470,896,489
exp4245,A2,1843,Plná,Krátkodobý úspěch,2.0,0,,0,0,0,0,0,1192,473,631,350
exp4246,A2,1844,Plná,Neúspěch,3.0,0,,0,0,1,1,0,593,412,407,105
exp4247,A2,1845,Plná,Neúspěch,3.0,0,,0,0,0,0,0,548,504,504,535
exp4248,A2,1846,Plná,Neúspěch,2.0,0,,0,0,0,0,0,563,528,867,409
exp4249,A2,1847,Plná,Dlouhodobý úspěch,3.0,0,,0,0,0,0,0,406,513,504,311
exp4250,A2,1848,Plná,Krátkodobý úspěch,3.0,0,,0,0,0,0,0,863,461,449,397
exp4251,A2,1849,Plná,Neúspěch,2.0,0,,0,0,0,0,0,647,438,477,202
exp4252,A2,1850,Plná,Neúspěch,2.0,0,,1,0,0,0,0,1288,878,761,573
exp4253,A2,1851,Plná,Dlouhodobý úspěch,4.0,0,,0,0,0,0,0,501,467,428,743
exp4254,A2,1852,Plná,Krátkodobý úspěch,2.0,0,,0,0,0,0,0,508,429,481,395
exp4255,A2,1853,Plná,Krátkodobý úspěch,3.0,0,,0,0,0,0,0,636,527,409,160
exp4256,A2,1854,Plná,Dlouhodobý úspěch,4.0,0,,0,0,0,0,0,794,1574,2368,1462
exp4257,A2,1855,Plná,Dlouhodobý úspěch,4.0,0,,0,0,0,0,0,865,1203,1033,1241
exp4258,A2,1856,Plná,Krátkodobý úspěch,3.0,0,,1,0,0,0,1,437,662,579,463
exp4259,A2,1857,Plná,Krátkodobý úspěch,3.0,0,,0,0,0,0,0,428,615,1067,1122
exp4260,A2,1858,Plná,Krátkodobý úspěch,3.0,0,,0,0,0,0,0,776,555,589,469
exp4261,A2,1859,Plná,Dlouhodobý úspěch,4.0,0,,0,0,0,0,0,407,451,457,333
exp4262,A2,1860,Plná,Krátkodobý úspěch,4.0,0,,0,0,0,0,0,578,487,705,356
exp4263,A2,1861,Plná,Dlouhodobý úspěch,4.0,0,,0,0,0,0,0,414,450,406,167
exp4264,A2,1862,Plná,Dlouhodobý úspěch,3.0,0,,0,0,0,0,0,1070,1332,1185,1289
exp4265,A2,1863,Plná,Dlouhodobý úspěch,3.0,0,,0,0,0,0,0,409,450,767,298
exp4266,A2,1864,Plochá,Krátkodobý úspěch,2.0,0,,0,1,0,0,0,1336,475,464,1030
exp4267,A2,1865,Plná,Krátkodobý úspěch,3.0,0,,1,0,0,0,1,740,410,3547,1384
exp4268,A2,1866,Plná,Dlouhodobý úspěch,3.0,0,,0,0,0,0,0,522,664,575,247
exp4269,A2,1867,Plná,Krátkodobý úspěch,2.0,0,,0,0,0,0,0,424,456,627,139
exp4270,A2,1868,Plná,Krátkodobý úspěch,4.0,0,,1,0,0,0,0,753,745,972,377
exp4271,A2,1869,Plná,Neúspěch,2.0,0,,1,0,0,0,0,1211,889,1220,890
exp4272,A2,1870,Plná,Neúspěch,2.0,0,,0,0,0,0,0,419,458,432,273
exp4273,A2,1871,Plná,Krátkodobý úspěch,3.0,0,,0,0,0,0,0,415,410,413,456
exp4274,A2,1872,Plná,Krátkodobý úspěch,4.0,0,,1,0,0,0,0,1593,631,570,229
exp4275,A2,1873,Plochá,,,0,,0,1,0,0,0,406,803,429,446
exp4276,A2,1874,Plná,Neúspěch,2.0,0,,0,0,0,0,0,879,598,471,200
exp4277,A2,1875,Plná,Krátkodobý úspěch,2.0,0,,0,0,0,0,0,829,694,795,855
exp4278,A2,1876,Plná,Dlouhodobý úspěch,4.0,0,,0,0,0,0,0,445,553,537,152
exp4279,A2,1877,Plná,Dlouhodobý úspěch,4.0,0,,1,0,0,0,0,770,725,699,423
exp4280,A2,1878,Plná,Neúspěch,3.0,0,,0,0,0,0,0,707,686,515,380
exp4281,A2,1879,Plná,Dlouhodobý úspěch,4.0,0,,0,0,0,0,0,439,407,863,402
exp4283,A2,1880,Plná,Krátkodobý úspěch,4.0,0,,0,0,0,0,0,1747,1442,2112,1911
exp4284,A2,1881,Plná,Krátkodobý úspěch,2.0,0,,1,0,0,0,0,602,1181,1052,415
exp4285,A2,1882,Plná,Krátkodobý úspěch,2.0,0,,0,0,0,0,0,462,606,465,283
exp4286,A2,1883,Plná,Krátkodobý úspěch,3.0,0,,0,0,0,0,0,1292,1179,811,404
exp4287,A2,1884,Plná,Krátkodobý úspěch,2.0,0,,0,0,0,0,0,602,655,816,611
exp4288,A2,1885,Plochá,Neúspěch,1.0,0,,1,0,1,1,0,1001,1635,1065,683
exp4289,A2,1886,Plná,Krátkodobý úspěch,3.0,0,,0,0,0,0,0,811,747,769,721
exp4290,A2,1887,Plná,Krátkodobý úspěch,3.0,0,,0,0,0,0,0,1499,461,776,692
exp4291,A2,1888,Plná,Krátkodobý úspěch,2.0,0,,0,0,0,0,0,440,510,528,292
exp4292,A2,1889,Plná,Krátkodobý úspěch,3.0,0,,0,0,0,0,0,615,513,574,97
exp4293,A2,1890,Plná,Dlouhodobý úspěch,4.0,0,,0,0,0,0,0,405,416,472,130
exp4294,A2,1891,Plná,Krátkodobý úspěch,3.0,0,,0,0,0,0,0,417,641,809,595
exp4295,A2,1892,Plná,Dlouhodobý úspěch,4.0,0,,0,0,0,0,0,523,436,558,235
exp4296,A2,1893,Plná,Krátkodobý úspěch,4.0,0,,0,0,0,0,0,522,531,482,651
exp4297,A2,1894,Plná,Krátkodobý úspěch,3.0,0,,0,0,0,0,0,579,550,615,365
exp4298,A2,1895,Plná,Krátkodobý úspěch,2.0,0,,1,0,0,0,0,444,422,568,57
exp4299,A2,1896,Plná,Dlouhodobý úspěch,4.0,0,,0,0,0,0,0,421,403,710,302
exp4300,A2,1897,Plná,Neúspěch,4.0,0,,0,0,0,0,0,960,660,832,482
exp4301,A2,1898,Plná,Dlouhodobý úspěch,4.0,0,,0,0,0,0,0,492,607,546,503
exp4302,A2,1899,Plná,Krátkodobý úspěch,2.0,0,,0,0,0,0,0,447,419,475,187
exp4303,A2,1900,Plná,Krátkodobý úspěch,3.0,0,,0,0,0,0,0,579,643,493,456
exp4304,A2,1901,Plná,Dlouhodobý úspěch,4.0,0,,0,0,0,0,0,609,600,674,591
exp4305,A2,1902,Plná,Dlouhodobý úspěch,4.0,0,,0,0,0,0,0,429,505,752,154
exp4306,A2,1903,Plná,Krátkodobý úspěch,3.0,0,,0,0,0,0,0,405,599,607,488
exp4307,A2,1904,Plná,Neúspěch,4.0,0,,0,0,0,0,0,402,431,611,234
exp4308,A2,1905,Plná,Neúspěch,4.0,0,,0,0,0,0,0,701,1645,1379,906
exp4309,A2,1906,Plná,Krátkodobý úspěch,2.0,0,,0,0,0,0,0,467,420,755,246
exp4310,A2,1907,Plná,Dlouhodobý úspěch,4.0,0,,0,0,0,0,0,1505,813,1903,962
exp4311,A2,1908,Plná,Krátkodobý úspěch,1.0,0,,1,0,0,0,0,477,443,438,86
exp4312,A2,1909,Plná,Dlouhodobý úspěch,4.0,0,,0,0,0,0,0,547,527,621,587
exp4313,A2,1910,Plná,Krátkodobý úspěch,2.0,0,,1,0,0,0,0,512,701,584,162
exp4314,A2,1911,Plná,Krátkodobý úspěch,3.0,0,,1,0,0,0,0,779,748,1011,620
exp4315,A2,1912,Plná,Krátkodobý úspěch,3.0,0,,0,0,0,0,0,1265,557,940,1030
exp4316,A2,1913,Plná,Dlouhodobý úspěch,4.0,0,,0,0,0,0,0,758,521,691,483
exp4317,A2,1914,Plná,Krátkodobý úspěch,4.0,0,,0,0,0,0,0,517,550,904,695
exp4318,A2,1915,Plná,Dlouhodobý úspěch,3.0,0,,0,0,0,0,0,1322,589,644,541
exp4319,A2,1916,Plná,Krátkodobý úspěch,3.0,0,,0,0,0,0,0,418,481,806,173
exp4320,A2,1917,Plná,Dlouhodobý úspěch,4.0,0,,1,0,0,0,0,727,803,681,652
exp4321,A2,1918,Plná,Dlouhodobý úspěch,4.0,0,,0,0,0,0,0,425,570,866,316
exp4322,A2,1919,Plná,Dlouhodobý úspěch,4.0,0,,1,0,0,0,1,1006,767,1071,987
exp4323,A2,1920,Plná,Krátkodobý úspěch,3.0,0,,0,0,0,0,0,497,411,627,575
exp4324,A2,1921,Plná,Krátkodobý úspěch,3.0,0,,1,0,0,0,0,693,573,823,594
exp4325,A2,1922,Plná,Dlouhodobý úspěch,2.0,0,,0,0,0,0,0,1319,1103,563,390
exp4326,A2,1923,Plná,Krátkodobý úspěch,2.0,0,,0,0,0,0,0,1157,1013,605,189
exp4327,A2,1924,Plná,Dlouhodobý úspěch,4.0,0,,0,0,0,0,0,794,838,961,789
exp4328,A2,1925,Plná,Neúspěch,2.0,0,,0,0,0,0,0,608,682,859,1205
exp4329,A2,1926,Plná,Krátkodobý úspěch,3.0,0,,0,0,0,0,0,524,409,439,196
exp4330,A2,1927,Plná,Dlouhodobý úspěch,3.0,0,,1,0,0,0,0,410,714,593,555
exp4331,A2,1928,Plná,Krátkodobý úspěch,2.0,0,,1,0,0,0,0,829,619,747,648
exp4332,A2,1929,Plná,Krátkodobý úspěch,2.0,0,,0,0,0,0,0,619,808,412,164
exp4334,A2,1931,Plná,Krátkodobý úspěch,3.0,0,,0,0,0,0,0,529,640,433,386
exp4335,A2,1932,Plná,Krátkodobý úspěch,4.0,0,,0,0,0,0,0,441,1250,614,613
exp4337,A2,1934,Plná,Krátkodobý úspěch,4.0,0,,1,0,0,0,1,648,520,437,534
exp4338,A2,1935,Plná,Krátkodobý úspěch,2.0,0,,0,0,0,0,0,430,385,444,0
exp4339,A2,1936,Plná,Krátkodobý úspěch,3.0,0,,0,0,0,0,0,611,512,400,125
exp4340,A2,1937,Plná,Krátkodobý úspěch,2.0,0,,1,0,0,0,0,411,500,447,477
exp4341,A2,1938,Plná,Krátkodobý úspěch,3.0,0,,0,0,1,1,0,530,425,421,124
exp4343,A2,1940,Plná,Dlouhodobý úspěch,3.0,0,,1,0,0,0,0,806,487,722,302
exp4344,A2,1941,Plná,Krátkodobý úspěch,4.0,0,,0,0,0,0,0,1230,724,1148,1025
exp4347,A2,1944,Plochá,,,0,,0,1,0,0,0,5128,5128,0,0
exp4348,A2,1945,Plochá,,,0,,0,1,0,0,0,5191,5191,0,0
exp4349,A2,1946,Plná,Krátkodobý úspěch,4.0,0,,0,0,0,0,0,1131,972,1197,822
exp4350,A2,1947,Plná,Krátkodobý úspěch,1.0,0,,0,0,0,0,0,1286,666,0,0
